,rainfall_mm,temperature_c,humidity_pct,wind_speed_ms
2019-01-01 00:00:00,0.0,26.86,72.06,2.47
2019-01-01 01:00:00,0.0,26.29,73.66,2.99
2019-01-01 02:00:00,0.0,25.78,74.23,3.11
2019-01-01 03:00:00,0.0,25.37,73.9,3.17
2019-01-01 04:00:00,0.0,24.98,73.65,3.33
2019-01-01 05:00:00,0.0,24.64,73.62,3.62
2019-01-01 06:00:00,0.0,24.52,73.24,3.86
2019-01-01 07:00:00,0.0,25.2,68.53,4.41
2019-01-01 08:00:00,0.0,25.95,63.85,4.3
2019-01-01 09:00:00,0.0,26.96,58.14,3.52
2019-01-01 10:00:00,0.0,28.12,51.62,2.23
2019-01-01 11:00:00,0.0,28.81,48.61,1.25
2019-01-01 12:00:00,0.0,29.29,46.7,0.84
2019-01-01 13:00:00,0.0,29.63,45.16,0.81
2019-01-01 14:00:00,0.0,29.84,44.18,0.8
2019-01-01 15:00:00,0.0,29.96,43.76,0.72
2019-01-01 16:00:00,0.0,29.94,44.29,0.8
2019-01-01 17:00:00,0.0,29.6,47.47,1.05
2019-01-01 18:00:00,0.0,29.02,54.43,1.28
2019-01-01 19:00:00,0.0,28.77,54.65,1.37
2019-01-01 20:00:00,0.0,28.5,55.52,1.27
2019-01-01 21:00:00,0.0,27.93,59.39,1.39
2019-01-01 22:00:00,0.0,27.25,63.87,2.0
2019-01-01 23:00:00,0.0,26.61,67.04,2.8
2019-01-02 00:00:00,0.0,25.85,70.1,3.34
2019-01-02 01:00:00,0.0,25.1,72.3,3.32
2019-01-02 02:00:00,0.0,24.51,72.86,3.08
2019-01-02 03:00:00,0.0,24.1,72.82,2.96
2019-01-02 04:00:00,0.0,23.81,72.94,2.98
2019-01-02 05:00:00,0.0,23.61,72.68,2.98
2019-01-02 06:00:00,0.0,23.63,72.06,2.98
2019-01-02 07:00:00,0.0,24.55,66.58,3.4
2019-01-02 08:00:00,0.0,25.33,61.3,3.72
2019-01-02 09:00:00,0.0,26.33,55.6,3.38
2019-01-02 10:00:00,0.0,27.62,48.15,2.6
2019-01-02 11:00:00,0.0,28.41,44.31,2.07
2019-01-02 12:00:00,0.0,29.01,41.01,1.65
2019-01-02 13:00:00,0.0,29.49,37.89,1.12
2019-01-02 14:00:00,0.0,29.84,35.83,0.49
2019-01-02 15:00:00,0.0,29.97,35.42,0.42
2019-01-02 16:00:00,0.0,29.86,36.42,0.58
2019-01-02 17:00:00,0.0,29.43,39.63,0.76
2019-01-02 18:00:00,0.0,28.84,45.37,0.98
2019-01-02 19:00:00,0.0,28.45,46.91,1.33
2019-01-02 20:00:00,0.0,28.02,49.4,1.59
2019-01-02 21:00:00,0.0,27.4,53.51,1.91
2019-01-02 22:00:00,0.0,26.65,58.29,2.35
2019-01-02 23:00:00,0.0,25.93,62.63,2.86
2019-01-03 00:00:00,0.0,25.29,66.67,3.38
2019-01-03 01:00:00,0.0,24.67,70.58,3.83
2019-01-03 02:00:00,0.0,24.09,73.8,3.97
2019-01-03 03:00:00,0.0,23.6,75.91,3.92
2019-01-03 04:00:00,0.0,23.19,77.29,3.86
2019-01-03 05:00:00,0.0,22.84,78.09,3.84
2019-01-03 06:00:00,0.0,22.74,78.25,3.88
2019-01-03 07:00:00,0.0,23.58,74.01,4.47
2019-01-03 08:00:00,0.0,24.56,67.17,4.71
2019-01-03 09:00:00,0.0,25.68,59.84,4.08
2019-01-03 10:00:00,0.0,26.78,52.51,3.02
2019-01-03 11:00:00,0.0,27.83,44.73,1.85
2019-01-03 12:00:00,0.0,28.91,36.57,1.06
2019-01-03 13:00:00,0.0,29.4,34.05,1.13
2019-01-03 14:00:00,0.0,29.61,33.39,1.1
2019-01-03 15:00:00,0.0,29.65,33.5,0.86
2019-01-03 16:00:00,0.0,29.51,34.48,0.76
2019-01-03 17:00:00,0.0,29.1,37.24,0.73
2019-01-03 18:00:00,0.0,28.79,38.1,0.57
2019-01-03 19:00:00,0.0,28.58,39.67,0.45
2019-01-03 20:00:00,0.0,28.14,43.8,0.85
2019-01-03 21:00:00,0.0,27.45,48.97,1.47
2019-01-03 22:00:00,0.0,26.67,54.59,2.13
2019-01-03 23:00:00,0.0,25.91,60.53,2.79
2019-01-04 00:00:00,0.0,25.06,67.01,3.48
2019-01-04 01:00:00,0.0,24.36,70.99,4.05
2019-01-04 02:00:00,0.0,23.71,73.64,4.15
2019-01-04 03:00:00,0.0,23.21,75.08,4.06
2019-01-04 04:00:00,0.0,22.8,75.69,3.96
2019-01-04 05:00:00,0.0,22.47,75.92,3.88
2019-01-04 06:00:00,0.0,22.43,75.46,3.82
2019-01-04 07:00:00,0.0,23.51,70.41,4.11
2019-01-04 08:00:00,0.0,24.52,64.89,4.32
2019-01-04 09:00:00,0.0,25.8,57.59,4.12
2019-01-04 10:00:00,0.0,27.05,51.03,3.52
2019-01-04 11:00:00,0.0,28.21,45.21,2.79
2019-01-04 12:00:00,0.0,29.1,41.01,2.09
2019-01-04 13:00:00,0.0,29.74,38.75,1.56
2019-01-04 14:00:00,0.0,30.14,38.49,1.04
2019-01-04 15:00:00,0.0,30.23,42.01,0.59
2019-01-04 16:00:00,0.0,30.16,44.73,0.34
2019-01-04 17:00:00,0.0,29.8,47.83,0.2
2019-01-04 18:00:00,0.0,29.54,45.36,0.31
2019-01-04 19:00:00,0.0,29.09,46.47,0.33
2019-01-04 20:00:00,0.0,28.14,53.97,0.83
2019-01-04 21:00:00,0.0,27.22,59.4,1.63
2019-01-04 22:00:00,0.0,26.44,63.75,2.38
2019-01-04 23:00:00,0.0,25.67,68.85,3.03
2019-01-05 00:00:00,0.0,24.92,73.23,3.58
2019-01-05 01:00:00,0.0,24.41,73.78,4.22
2019-01-05 02:00:00,0.0,23.79,74.98,4.29
2019-01-05 03:00:00,0.0,23.28,75.7,4.0
2019-01-05 04:00:00,0.0,22.9,75.83,3.65
2019-01-05 05:00:00,0.0,22.61,75.7,3.34
2019-01-05 06:00:00,0.0,22.63,75.33,3.13
2019-01-05 07:00:00,0.0,23.81,70.05,3.37
2019-01-05 08:00:00,0.0,24.95,63.52,3.41
2019-01-05 09:00:00,0.0,25.95,57.97,2.71
2019-01-05 10:00:00,0.0,26.93,50.88,1.6
2019-01-05 11:00:00,0.0,27.65,46.3,0.57
2019-01-05 12:00:00,0.0,28.14,44.18,0.61
2019-01-05 13:00:00,0.0,28.45,43.84,1.1
2019-01-05 14:00:00,0.0,28.64,43.7,1.22
2019-01-05 15:00:00,0.0,28.73,43.55,1.17
2019-01-05 16:00:00,0.0,28.67,44.28,1.11
2019-01-05 17:00:00,0.0,28.27,48.34,1.32
2019-01-05 18:00:00,0.0,27.57,56.25,1.68
2019-01-05 19:00:00,0.0,27.23,57.87,1.84
2019-01-05 20:00:00,0.0,27.23,55.93,1.55
2019-01-05 21:00:00,0.0,27.34,52.97,0.74
2019-01-05 22:00:00,0.0,26.99,54.5,0.41
2019-01-05 23:00:00,0.0,26.36,59.76,1.27
2019-01-06 00:00:00,0.0,25.9,63.19,1.9
2019-01-06 01:00:00,0.0,25.49,66.22,2.28
2019-01-06 02:00:00,0.0,25.07,68.63,2.37
2019-01-06 03:00:00,0.0,24.7,70.06,2.25
2019-01-06 04:00:00,0.0,24.35,70.94,2.12
2019-01-06 05:00:00,0.0,24.05,71.43,2.07
2019-01-06 06:00:00,0.0,24.0,71.49,2.0
2019-01-06 07:00:00,0.0,24.76,68.07,2.12
2019-01-06 08:00:00,0.0,25.58,62.08,1.86
2019-01-06 09:00:00,0.0,26.49,58.16,1.05
2019-01-06 10:00:00,0.0,27.28,56.24,0.6
2019-01-06 11:00:00,0.0,27.88,54.56,0.66
2019-01-06 12:00:00,0.0,28.37,52.79,0.89
2019-01-06 13:00:00,0.0,28.76,51.19,1.14
2019-01-06 14:00:00,0.0,29.0,50.26,1.47
2019-01-06 15:00:00,0.0,29.06,50.32,1.79
2019-01-06 16:00:00,0.0,28.87,51.84,2.05
2019-01-06 17:00:00,0.0,28.27,57.2,2.28
2019-01-06 18:00:00,0.0,27.59,63.91,2.3
2019-01-06 19:00:00,0.0,27.2,67.34,2.31
2019-01-06 20:00:00,0.0,27.0,68.47,2.0
2019-01-06 21:00:00,0.0,27.07,66.27,1.38
2019-01-06 22:00:00,0.0,27.15,63.19,0.43
2019-01-06 23:00:00,0.0,26.81,64.44,0.63
2019-01-07 00:00:00,0.0,26.28,67.65,1.49
2019-01-07 01:00:00,0.0,25.78,69.86,2.22
2019-01-07 02:00:00,0.0,25.33,71.13,2.52
2019-01-07 03:00:00,0.0,24.93,71.99,2.61
2019-01-07 04:00:00,0.0,24.56,72.66,2.71
2019-01-07 05:00:00,0.0,24.27,72.83,2.72
2019-01-07 06:00:00,0.0,24.23,72.5,2.64
2019-01-07 07:00:00,0.0,25.05,68.04,2.76
2019-01-07 08:00:00,0.0,25.77,62.52,2.64
2019-01-07 09:00:00,0.0,26.53,58.06,2.01
2019-01-07 10:00:00,0.0,27.29,54.08,1.31
2019-01-07 11:00:00,0.0,27.93,51.79,1.13
2019-01-07 12:00:00,0.0,28.41,50.11,1.28
2019-01-07 13:00:00,0.0,28.74,48.91,1.47
2019-01-07 14:00:00,0.0,28.96,48.11,1.67
2019-01-07 15:00:00,0.0,29.06,47.98,1.82
2019-01-07 16:00:00,0.0,28.98,48.85,1.93
2019-01-07 17:00:00,0.0,28.47,53.8,2.22
2019-01-07 18:00:00,0.0,27.71,61.47,2.34
2019-01-07 19:00:00,0.0,27.33,64.25,2.34
2019-01-07 20:00:00,0.0,27.18,64.41,2.09
2019-01-07 21:00:00,0.0,27.23,62.52,1.7
2019-01-07 22:00:00,0.0,27.32,59.96,1.13
2019-01-07 23:00:00,0.0,27.2,59.35,0.62
2019-01-08 00:00:00,0.0,26.92,60.31,0.68
2019-01-08 01:00:00,0.0,26.54,62.88,1.1
2019-01-08 02:00:00,0.0,26.16,65.98,1.52
2019-01-08 03:00:00,0.0,25.85,68.79,1.93
2019-01-08 04:00:00,0.0,25.61,71.02,2.25
2019-01-08 05:00:00,0.0,25.41,72.6,2.47
2019-01-08 06:00:00,0.0,25.41,73.64,2.57
2019-01-08 07:00:00,0.0,26.26,70.19,2.79
2019-01-08 08:00:00,0.0,27.0,65.44,2.62
2019-01-08 09:00:00,0.0,27.62,62.74,2.2
2019-01-08 10:00:00,0.0,28.23,59.63,1.65
2019-01-08 11:00:00,0.0,28.78,56.28,1.0
2019-01-08 12:00:00,0.0,29.28,53.51,0.48
2019-01-08 13:00:00,0.0,29.62,52.83,0.88
2019-01-08 14:00:00,0.0,29.73,54.86,1.49
2019-01-08 15:00:00,0.0,29.73,55.73,1.92
2019-01-08 16:00:00,0.0,29.56,57.21,2.11
2019-01-08 17:00:00,0.0,29.02,61.24,2.38
2019-01-08 18:00:00,0.0,28.26,66.9,2.63
2019-01-08 19:00:00,0.0,27.71,71.43,2.45
2019-01-08 20:00:00,0.0,27.43,72.63,1.92
2019-01-08 21:00:00,0.0,27.35,70.53,1.19
2019-01-08 22:00:00,0.0,27.01,70.03,0.96
2019-01-08 23:00:00,0.0,26.55,70.33,1.38
2019-01-09 00:00:00,0.0,26.02,70.69,1.88
2019-01-09 01:00:00,0.0,25.4,71.61,2.34
2019-01-09 02:00:00,0.0,24.86,72.21,2.43
2019-01-09 03:00:00,0.0,24.5,71.87,2.24
2019-01-09 04:00:00,0.0,24.26,70.89,2.03
2019-01-09 05:00:00,0.0,24.08,69.59,1.85
2019-01-09 06:00:00,0.0,24.09,68.67,1.71
2019-01-09 07:00:00,0.0,25.0,64.15,1.81
2019-01-09 08:00:00,0.0,26.11,57.06,1.81
2019-01-09 09:00:00,0.0,27.57,49.95,1.6
2019-01-09 10:00:00,0.0,28.67,46.16,1.54
2019-01-09 11:00:00,0.0,29.46,43.62,1.41
2019-01-09 12:00:00,0.0,30.0,42.83,1.15
2019-01-09 13:00:00,0.0,30.35,42.88,0.92
2019-01-09 14:00:00,0.0,30.61,42.84,1.06
2019-01-09 15:00:00,0.0,30.56,45.66,1.35
2019-01-09 16:00:00,0.0,30.35,47.92,1.55
2019-01-09 17:00:00,0.0,29.6,54.37,1.88
2019-01-09 18:00:00,0.0,28.59,61.88,2.31
2019-01-09 19:00:00,0.0,27.93,66.47,2.36
2019-01-09 20:00:00,0.0,27.66,67.61,1.92
2019-01-09 21:00:00,0.0,27.61,65.57,1.12
2019-01-09 22:00:00,0.0,27.27,65.3,0.68
2019-01-09 23:00:00,0.0,26.66,66.85,1.31
2019-01-10 00:00:00,0.0,26.11,67.65,1.9
2019-01-10 01:00:00,0.0,25.58,67.91,2.17
2019-01-10 02:00:00,0.0,25.15,68.0,2.16
2019-01-10 03:00:00,0.0,24.92,67.43,2.02
2019-01-10 04:00:00,0.0,24.82,66.27,1.87
2019-01-10 05:00:00,0.0,24.77,65.23,1.83
2019-01-10 06:00:00,0.0,24.84,64.91,1.85
2019-01-10 07:00:00,0.0,25.73,61.53,2.0
2019-01-10 08:00:00,0.0,26.78,54.54,2.0
2019-01-10 09:00:00,0.0,27.94,50.98,1.72
2019-01-10 10:00:00,0.0,28.82,48.57,1.51
2019-01-10 11:00:00,0.0,29.55,46.05,1.34
2019-01-10 12:00:00,0.0,30.01,45.7,1.11
2019-01-10 13:00:00,0.0,30.38,44.69,1.02
2019-01-10 14:00:00,0.0,30.56,45.19,1.3
2019-01-10 15:00:00,0.0,30.48,47.41,1.71
2019-01-10 16:00:00,0.0,30.18,50.26,2.02
2019-01-10 17:00:00,0.0,29.36,57.09,2.31
2019-01-10 18:00:00,0.0,28.36,64.38,2.65
2019-01-10 19:00:00,0.0,27.69,69.45,2.65
2019-01-10 20:00:00,0.0,27.28,72.44,2.47
2019-01-10 21:00:00,0.0,27.03,73.65,2.21
2019-01-10 22:00:00,0.0,27.03,71.37,1.82
2019-01-10 23:00:00,0.0,26.96,69.14,1.38
2019-01-11 00:00:00,0.0,26.74,68.2,1.05
2019-01-11 01:00:00,0.0,26.45,68.01,0.93
2019-01-11 02:00:00,0.0,26.15,68.33,1.04
2019-01-11 03:00:00,0.0,25.89,68.97,1.3
2019-01-11 04:00:00,0.0,25.65,69.69,1.5
2019-01-11 05:00:00,0.0,25.47,69.94,1.53
2019-01-11 06:00:00,0.0,25.46,69.9,1.44
2019-01-11 07:00:00,0.0,26.05,67.6,1.28
2019-01-11 08:00:00,0.0,26.72,64.5,0.97
2019-01-11 09:00:00,0.0,27.5,63.35,1.79
2019-01-11 10:00:00,0.0,28.23,61.55,2.32
2019-01-11 11:00:00,0.0,28.92,58.69,2.4
2019-01-11 12:00:00,0.0,29.5,55.89,2.25
2019-01-11 13:00:00,0.0,29.79,56.57,2.06
2019-01-11 14:00:00,0.0,29.95,56.69,2.19
2019-01-11 15:00:00,0.0,29.95,56.8,2.47
2019-01-11 16:00:00,0.0,29.71,58.26,2.65
2019-01-11 17:00:00,0.0,29.1,62.28,2.81
2019-01-11 18:00:00,0.0,28.27,67.52,3.09
2019-01-11 19:00:00,0.0,27.66,72.16,3.05
2019-01-11 20:00:00,0.0,27.28,74.57,2.62
2019-01-11 21:00:00,0.0,27.14,74.26,2.14
2019-01-11 22:00:00,0.0,27.08,73.09,1.79
2019-01-11 23:00:00,0.0,27.0,72.34,1.68
2019-01-12 00:00:00,0.0,26.76,73.01,1.87
2019-01-12 01:00:00,0.0,26.46,73.84,2.16
2019-01-12 02:00:00,0.0,26.23,74.02,2.38
2019-01-12 03:00:00,0.0,26.09,73.21,2.44
2019-01-12 04:00:00,0.0,26.01,71.96,2.38
2019-01-12 05:00:00,0.0,26.01,70.21,2.2
2019-01-12 06:00:00,0.0,26.07,68.8,1.98
2019-01-12 07:00:00,0.0,26.68,65.42,1.88
2019-01-12 08:00:00,0.0,27.42,59.74,1.73
2019-01-12 09:00:00,0.0,28.07,56.78,1.27
2019-01-12 10:00:00,0.0,28.89,52.86,1.02
2019-01-12 11:00:00,0.0,29.74,49.97,1.0
2019-01-12 12:00:00,0.0,30.36,47.88,0.81
2019-01-12 13:00:00,0.0,30.86,45.01,0.78
2019-01-12 14:00:00,0.0,31.02,45.17,1.14
2019-01-12 15:00:00,0.0,30.82,47.14,1.62
2019-01-12 16:00:00,0.0,30.37,50.89,1.97
2019-01-12 17:00:00,0.0,29.5,59.12,2.31
2019-01-12 18:00:00,0.0,28.69,64.92,2.59
2019-01-12 19:00:00,0.0,28.06,69.09,2.5
2019-01-12 20:00:00,0.0,27.66,71.84,2.18
2019-01-12 21:00:00,0.0,27.51,71.58,1.77
2019-01-12 22:00:00,0.0,27.45,69.95,1.28
2019-01-12 23:00:00,0.0,27.3,68.66,0.85
2019-01-13 00:00:00,0.0,26.95,69.02,1.32
2019-01-13 01:00:00,0.0,26.53,69.7,2.05
2019-01-13 02:00:00,0.0,26.16,69.66,2.39
2019-01-13 03:00:00,0.0,25.84,69.32,2.43
2019-01-13 04:00:00,0.0,25.55,68.65,2.27
2019-01-13 05:00:00,0.0,25.44,67.09,2.08
2019-01-13 06:00:00,0.0,25.53,65.48,1.94
2019-01-13 07:00:00,0.0,26.36,60.45,1.94
2019-01-13 08:00:00,0.0,27.33,52.45,1.63
2019-01-13 09:00:00,0.0,28.28,47.94,0.88
2019-01-13 10:00:00,0.0,29.15,45.52,0.18
2019-01-13 11:00:00,0.0,29.8,44.12,0.72
2019-01-13 12:00:00,0.0,30.27,43.35,1.42
2019-01-13 13:00:00,0.0,30.48,43.66,1.96
2019-01-13 14:00:00,0.0,30.44,45.56,2.15
2019-01-13 15:00:00,0.0,30.31,46.77,2.17
2019-01-13 16:00:00,0.0,30.04,47.99,2.33
2019-01-13 17:00:00,0.0,29.28,53.68,2.7
2019-01-13 18:00:00,0.0,28.32,62.46,2.91
2019-01-13 19:00:00,0.0,27.76,68.08,3.03
2019-01-13 20:00:00,0.0,27.42,71.89,2.87
2019-01-13 21:00:00,0.0,27.21,73.85,2.47
2019-01-13 22:00:00,0.0,27.17,73.43,1.95
2019-01-13 23:00:00,0.0,27.3,70.89,1.41
2019-01-14 00:00:00,0.0,27.2,70.08,1.26
2019-01-14 01:00:00,0.0,26.93,70.74,1.52
2019-01-14 02:00:00,0.0,26.68,71.17,1.74
2019-01-14 03:00:00,0.0,26.47,71.13,1.86
2019-01-14 04:00:00,0.0,26.26,71.15,1.89
2019-01-14 05:00:00,0.0,26.06,71.18,1.91
2019-01-14 06:00:00,0.0,26.0,71.55,1.94
2019-01-14 07:00:00,0.0,26.58,68.98,2.12
2019-01-14 08:00:00,0.0,27.21,63.9,2.05
2019-01-14 09:00:00,0.0,27.88,60.8,1.36
2019-01-14 10:00:00,0.0,28.56,58.61,0.87
2019-01-14 11:00:00,0.0,29.24,56.77,0.94
2019-01-14 12:00:00,0.0,29.74,55.86,1.39
2019-01-14 13:00:00,0.0,29.89,59.32,1.79
2019-01-14 14:00:00,0.0,29.96,60.32,2.12
2019-01-14 15:00:00,0.0,29.92,60.52,2.22
2019-01-14 16:00:00,0.0,29.74,61.17,2.26
2019-01-14 17:00:00,0.01,29.28,63.28,2.46
2019-01-14 18:00:00,0.0,28.64,66.77,2.73
2019-01-14 19:00:00,0.0,28.09,71.17,2.71
2019-01-14 20:00:00,0.0,27.77,73.53,2.37
2019-01-14 21:00:00,0.0,27.63,73.76,1.83
2019-01-14 22:00:00,0.0,27.74,70.76,1.16
2019-01-14 23:00:00,0.0,27.72,68.9,0.45
2019-01-15 00:00:00,0.0,27.46,69.1,0.52
2019-01-15 01:00:00,0.0,27.17,69.44,1.0
2019-01-15 02:00:00,0.0,26.96,68.93,1.22
2019-01-15 03:00:00,0.0,26.78,68.31,1.24
2019-01-15 04:00:00,0.0,26.54,68.52,1.29
2019-01-15 05:00:00,0.0,26.23,69.51,1.49
2019-01-15 06:00:00,0.0,26.16,70.06,1.67
2019-01-15 07:00:00,0.0,26.86,65.71,1.92
2019-01-15 08:00:00,0.0,27.66,60.98,1.77
2019-01-15 09:00:00,0.0,28.39,59.01,1.27
2019-01-15 10:00:00,0.0,29.03,57.19,0.92
2019-01-15 11:00:00,0.0,29.59,55.36,0.7
2019-01-15 12:00:00,0.0,29.94,56.2,0.85
2019-01-15 13:00:00,0.0,30.09,58.76,1.23
2019-01-15 14:00:00,0.0,30.2,59.08,1.7
2019-01-15 15:00:00,0.0,30.17,59.35,1.96
2019-01-15 16:00:00,0.0,29.95,60.3,2.02
2019-01-15 17:00:00,0.0,29.47,63.05,2.05
2019-01-15 18:00:00,0.0,28.88,66.83,2.17
2019-01-15 19:00:00,0.0,28.4,70.77,2.22
2019-01-15 20:00:00,0.0,28.11,72.95,1.97
2019-01-15 21:00:00,0.0,28.08,71.85,1.43
2019-01-15 22:00:00,0.0,28.17,67.89,0.56
2019-01-15 23:00:00,0.0,27.84,68.24,0.82
2019-01-16 00:00:00,0.0,27.37,68.63,1.69
2019-01-16 01:00:00,0.0,26.93,67.74,2.29
2019-01-16 02:00:00,0.0,26.33,66.94,2.49
2019-01-16 03:00:00,0.0,25.81,66.26,2.44
2019-01-16 04:00:00,0.0,25.38,65.98,2.39
2019-01-16 05:00:00,0.0,25.0,66.46,2.3
2019-01-16 06:00:00,0.0,24.92,66.62,2.3
2019-01-16 07:00:00,0.0,25.81,60.87,2.61
2019-01-16 08:00:00,0.0,26.72,56.29,2.72
2019-01-16 09:00:00,0.0,28.09,49.75,1.97
2019-01-16 10:00:00,0.0,29.37,44.72,0.92
2019-01-16 11:00:00,0.0,30.05,44.36,0.83
2019-01-16 12:00:00,0.0,30.33,47.71,0.78
2019-01-16 13:00:00,0.0,30.55,49.65,0.92
2019-01-16 14:00:00,0.0,30.69,50.59,1.34
2019-01-16 15:00:00,0.0,30.67,51.71,1.73
2019-01-16 16:00:00,0.0,30.43,53.82,2.05
2019-01-16 17:00:00,0.0,29.77,58.36,2.43
2019-01-16 18:00:00,0.0,28.84,65.54,2.8
2019-01-16 19:00:00,0.0,28.17,71.91,2.82
2019-01-16 20:00:00,0.0,27.78,75.83,2.53
2019-01-16 21:00:00,0.0,27.63,76.21,2.05
2019-01-16 22:00:00,0.0,27.58,74.7,1.51
2019-01-16 23:00:00,0.0,27.41,73.41,1.16
2019-01-17 00:00:00,0.0,27.22,71.29,0.92
2019-01-17 01:00:00,0.0,27.1,68.21,0.67
2019-01-17 02:00:00,0.0,26.84,67.2,0.99
2019-01-17 03:00:00,0.0,26.56,67.08,1.32
2019-01-17 04:00:00,0.0,26.32,66.85,1.48
2019-01-17 05:00:00,0.0,26.19,65.76,1.5
2019-01-17 06:00:00,0.0,26.22,65.18,1.49
2019-01-17 07:00:00,0.0,26.9,61.87,1.67
2019-01-17 08:00:00,0.0,27.64,56.95,1.75
2019-01-17 09:00:00,0.0,28.3,55.25,1.52
2019-01-17 10:00:00,0.0,28.95,53.52,1.36
2019-01-17 11:00:00,0.0,29.52,51.58,1.22
2019-01-17 12:00:00,0.0,29.97,50.06,1.28
2019-01-17 13:00:00,0.0,30.26,50.23,1.76
2019-01-17 14:00:00,0.0,30.29,52.54,2.06
2019-01-17 15:00:00,0.0,30.24,54.04,2.19
2019-01-17 16:00:00,0.0,30.04,55.46,2.33
2019-01-17 17:00:00,0.0,29.5,59.2,2.55
2019-01-17 18:00:00,0.0,28.73,64.96,2.76
2019-01-17 19:00:00,0.0,28.2,69.71,2.66
2019-01-17 20:00:00,0.0,27.87,72.0,2.44
2019-01-17 21:00:00,0.0,27.6,72.78,2.45
2019-01-17 22:00:00,0.0,27.31,72.13,2.88
2019-01-17 23:00:00,0.0,26.99,70.61,3.03
2019-01-18 00:00:00,0.0,26.62,69.21,2.51
2019-01-18 01:00:00,0.0,26.33,67.4,1.95
2019-01-18 02:00:00,0.0,26.09,66.11,1.82
2019-01-18 03:00:00,0.0,25.9,65.05,1.75
2019-01-18 04:00:00,0.0,25.78,63.81,1.58
2019-01-18 05:00:00,0.0,25.79,62.18,1.4
2019-01-18 06:00:00,0.0,25.92,61.43,1.31
2019-01-18 07:00:00,0.0,26.55,59.25,1.37
2019-01-18 08:00:00,0.0,27.29,54.65,1.36
2019-01-18 09:00:00,0.0,27.93,52.9,1.02
2019-01-18 10:00:00,0.0,28.6,51.05,0.59
2019-01-18 11:00:00,0.0,29.22,48.93,0.17
2019-01-18 12:00:00,0.0,29.79,46.69,0.47
2019-01-18 13:00:00,0.0,30.17,46.52,1.0
2019-01-18 14:00:00,0.0,30.21,49.6,1.51
2019-01-18 15:00:00,0.0,30.13,51.72,1.96
2019-01-18 16:00:00,0.0,29.94,52.16,2.29
2019-01-18 17:00:00,0.0,29.33,54.91,2.72
2019-01-18 18:00:00,0.0,28.45,61.19,2.96
2019-01-18 19:00:00,0.0,27.89,65.64,2.9
2019-01-18 20:00:00,0.0,27.54,68.05,2.61
2019-01-18 21:00:00,0.0,27.34,68.39,2.26
2019-01-18 22:00:00,0.0,27.19,67.39,1.94
2019-01-18 23:00:00,0.0,26.94,66.76,1.77
2019-01-19 00:00:00,0.0,26.6,66.84,1.8
2019-01-19 01:00:00,0.0,26.24,67.31,1.9
2019-01-19 02:00:00,0.0,25.93,67.63,1.96
2019-01-19 03:00:00,0.0,25.68,67.78,1.95
2019-01-19 04:00:00,0.0,25.46,67.77,1.89
2019-01-19 05:00:00,0.0,25.31,67.23,1.74
2019-01-19 06:00:00,0.0,25.35,66.28,1.5
2019-01-19 07:00:00,0.0,25.95,63.16,1.26
2019-01-19 08:00:00,0.0,26.64,58.8,0.8
2019-01-19 09:00:00,0.0,27.39,56.39,0.45
2019-01-19 10:00:00,0.0,28.12,53.72,0.73
2019-01-19 11:00:00,0.0,28.75,51.54,1.25
2019-01-19 12:00:00,0.0,29.25,50.45,1.93
2019-01-19 13:00:00,0.0,29.53,50.6,2.63
2019-01-19 14:00:00,0.0,29.56,52.06,3.32
2019-01-19 15:00:00,0.0,29.36,54.44,3.77
2019-01-19 16:00:00,0.0,28.9,58.08,4.06
2019-01-19 17:00:00,0.0,28.08,64.59,4.23
2019-01-19 18:00:00,0.0,27.4,70.27,4.08
2019-01-19 19:00:00,0.0,27.08,73.13,3.48
2019-01-19 20:00:00,0.0,26.87,74.55,2.81
2019-01-19 21:00:00,0.0,26.75,74.38,2.12
2019-01-19 22:00:00,0.0,26.71,72.86,1.53
2019-01-19 23:00:00,0.0,26.56,71.89,1.38
2019-01-20 00:00:00,0.0,26.32,70.79,1.52
2019-01-20 01:00:00,0.0,26.11,68.99,1.59
2019-01-20 02:00:00,0.0,25.92,67.37,1.62
2019-01-20 03:00:00,0.0,25.82,65.85,1.61
2019-01-20 04:00:00,0.0,25.76,64.48,1.53
2019-01-20 05:00:00,0.0,25.72,63.06,1.34
2019-01-20 06:00:00,0.0,25.78,62.35,1.21
2019-01-20 07:00:00,0.0,26.35,59.95,1.2
2019-01-20 08:00:00,0.0,27.05,56.0,1.23
2019-01-20 09:00:00,0.0,27.77,53.69,1.16
2019-01-20 10:00:00,0.0,28.54,50.85,1.32
2019-01-20 11:00:00,0.0,29.26,47.38,1.43
2019-01-20 12:00:00,0.0,29.9,43.99,1.18
2019-01-20 13:00:00,0.0,30.23,44.91,0.92
2019-01-20 14:00:00,0.0,30.42,46.05,1.51
2019-01-20 15:00:00,0.0,30.43,47.25,2.22
2019-01-20 16:00:00,0.0,30.15,49.36,2.65
2019-01-20 17:00:00,0.0,29.43,53.8,3.02
2019-01-20 18:00:00,0.0,28.43,61.16,3.13
2019-01-20 19:00:00,0.0,27.83,66.27,2.91
2019-01-20 20:00:00,0.0,27.52,68.27,2.43
2019-01-20 21:00:00,0.0,27.28,68.37,2.24
2019-01-20 22:00:00,0.0,26.97,68.55,2.5
2019-01-20 23:00:00,0.0,26.64,67.4,2.77
2019-01-21 00:00:00,0.0,26.19,66.42,2.82
2019-01-21 01:00:00,0.0,25.59,66.46,2.76
2019-01-21 02:00:00,0.0,25.03,66.63,2.66
2019-01-21 03:00:00,0.0,24.57,66.57,2.62
2019-01-21 04:00:00,0.0,24.24,66.38,2.7
2019-01-21 05:00:00,0.0,24.03,66.13,2.81
2019-01-21 06:00:00,0.0,24.09,65.52,2.86
2019-01-21 07:00:00,0.0,25.15,59.6,3.09
2019-01-21 08:00:00,0.0,26.21,52.18,2.97
2019-01-21 09:00:00,0.0,27.55,44.17,2.02
2019-01-21 10:00:00,0.0,28.72,38.01,0.73
2019-01-21 11:00:00,0.0,29.58,35.4,0.39
2019-01-21 12:00:00,0.0,30.07,35.21,1.43
2019-01-21 13:00:00,0.0,30.25,36.79,2.33
2019-01-21 14:00:00,0.0,30.21,39.31,3.09
2019-01-21 15:00:00,0.0,29.92,42.76,3.64
2019-01-21 16:00:00,0.0,29.37,47.39,4.03
2019-01-21 17:00:00,0.0,28.38,55.04,4.11
2019-01-21 18:00:00,0.0,27.53,62.68,3.8
2019-01-21 19:00:00,0.0,27.11,66.91,3.42
2019-01-21 20:00:00,0.0,26.85,68.39,2.8
2019-01-21 21:00:00,0.0,26.73,67.75,2.14
2019-01-21 22:00:00,0.0,26.73,65.55,1.62
2019-01-21 23:00:00,0.0,26.75,62.99,1.13
2019-01-22 00:00:00,0.0,26.59,61.72,0.79
2019-01-22 01:00:00,0.0,26.22,62.4,1.03
2019-01-22 02:00:00,0.0,25.91,62.9,1.3
2019-01-22 03:00:00,0.0,25.69,62.81,1.43
2019-01-22 04:00:00,0.0,25.53,62.49,1.5
2019-01-22 05:00:00,0.0,25.42,62.11,1.52
2019-01-22 06:00:00,0.0,25.45,61.76,1.45
2019-01-22 07:00:00,0.0,26.01,59.57,1.37
2019-01-22 08:00:00,0.0,26.67,55.84,0.84
2019-01-22 09:00:00,0.0,27.34,53.79,0.4
2019-01-22 10:00:00,0.0,28.0,51.35,0.13
2019-01-22 11:00:00,0.0,28.58,49.43,0.83
2019-01-22 12:00:00,0.0,29.01,48.88,1.63
2019-01-22 13:00:00,0.0,29.25,49.37,2.33
2019-01-22 14:00:00,0.0,29.31,50.45,2.84
2019-01-22 15:00:00,0.0,29.17,51.84,3.07
2019-01-22 16:00:00,0.0,28.85,53.86,3.21
2019-01-22 17:00:00,0.0,28.15,58.75,3.32
2019-01-22 18:00:00,0.0,27.4,64.57,3.18
2019-01-22 19:00:00,0.0,26.93,68.98,2.82
2019-01-22 20:00:00,0.0,26.68,70.77,2.43
2019-01-22 21:00:00,0.0,26.54,70.69,2.02
2019-01-22 22:00:00,0.0,26.56,68.52,1.52
2019-01-22 23:00:00,0.0,26.68,65.18,0.9
2019-01-23 00:00:00,0.0,26.67,62.73,0.29
2019-01-23 01:00:00,0.0,26.55,61.71,0.13
2019-01-23 02:00:00,0.0,26.4,61.39,0.18
2019-01-23 03:00:00,0.0,26.25,61.84,0.33
2019-01-23 04:00:00,0.0,26.13,62.45,0.64
2019-01-23 05:00:00,0.0,26.03,63.24,0.9
2019-01-23 06:00:00,0.0,25.95,64.74,1.16
2019-01-23 07:00:00,0.0,26.38,65.03,1.49
2019-01-23 08:00:00,0.0,26.97,62.63,1.72
2019-01-23 09:00:00,0.0,27.56,61.5,2.05
2019-01-23 10:00:00,0.0,28.15,59.96,2.23
2019-01-23 11:00:00,0.0,28.69,57.88,2.24
2019-01-23 12:00:00,0.0,29.19,55.76,2.19
2019-01-23 13:00:00,0.0,29.58,54.54,2.29
2019-01-23 14:00:00,0.0,29.75,55.71,2.63
2019-01-23 15:00:00,0.0,29.69,57.01,3.11
2019-01-23 16:00:00,0.0,29.37,58.48,3.71
2019-01-23 17:00:00,0.0,28.54,63.84,4.26
2019-01-23 18:00:00,0.0,27.65,70.81,4.41
2019-01-23 19:00:00,0.0,27.21,75.01,4.08
2019-01-23 20:00:00,0.0,27.0,76.9,3.26
2019-01-23 21:00:00,0.0,26.88,77.57,2.25
2019-01-23 22:00:00,0.0,26.9,76.04,1.27
2019-01-23 23:00:00,0.0,26.91,74.27,0.59
2019-01-24 00:00:00,0.0,26.66,75.16,1.08
2019-01-24 01:00:00,0.0,26.4,75.74,1.57
2019-01-24 02:00:00,0.0,26.18,75.53,1.51
2019-01-24 03:00:00,0.0,26.1,74.16,1.05
2019-01-24 04:00:00,0.0,26.13,72.32,0.58
2019-01-24 05:00:00,0.0,26.11,71.79,0.63
2019-01-24 06:00:00,0.0,26.1,72.64,1.07
2019-01-24 07:00:00,0.0,26.59,70.8,1.53
2019-01-24 08:00:00,0.0,27.13,68.36,1.69
2019-01-24 09:00:00,0.0,27.69,66.54,1.79
2019-01-24 10:00:00,0.0,28.34,64.07,1.93
2019-01-24 11:00:00,0.0,28.88,62.23,2.11
2019-01-24 12:00:00,0.0,29.28,61.32,2.31
2019-01-24 13:00:00,0.0,29.5,61.9,2.65
2019-01-24 14:00:00,0.0,29.53,63.16,3.08
2019-01-24 15:00:00,0.0,29.38,64.4,3.56
2019-01-24 16:00:00,0.0,28.99,66.49,4.01
2019-01-24 17:00:00,0.0,28.3,70.82,4.2
2019-01-24 18:00:00,0.0,27.68,75.58,4.01
2019-01-24 19:00:00,0.0,27.41,77.97,3.26
2019-01-24 20:00:00,0.0,27.27,79.37,2.15
2019-01-24 21:00:00,0.0,27.2,79.85,1.15
2019-01-24 22:00:00,0.0,27.17,78.9,0.54
2019-01-24 23:00:00,0.0,27.04,78.62,0.82
2019-01-25 00:00:00,0.0,26.84,78.73,1.12
2019-01-25 01:00:00,0.0,26.66,78.76,1.2
2019-01-25 02:00:00,0.0,26.54,78.52,1.06
2019-01-25 03:00:00,0.0,26.45,77.93,0.88
2019-01-25 04:00:00,0.0,26.4,76.98,0.67
2019-01-25 05:00:00,0.0,26.4,75.78,0.46
2019-01-25 06:00:00,0.0,26.47,74.97,0.38
2019-01-25 07:00:00,0.0,26.87,72.43,0.47
2019-01-25 08:00:00,0.0,27.38,69.64,0.37
2019-01-25 09:00:00,0.0,28.06,66.35,0.32
2019-01-25 10:00:00,0.0,28.69,63.19,0.83
2019-01-25 11:00:00,0.0,29.18,60.82,1.45
2019-01-25 12:00:00,0.0,29.5,59.61,1.99
2019-01-25 13:00:00,0.0,29.6,59.75,2.45
2019-01-25 14:00:00,0.0,29.54,60.53,2.74
2019-01-25 15:00:00,0.0,29.36,61.54,2.93
2019-01-25 16:00:00,0.0,29.03,63.45,3.07
2019-01-25 17:00:00,0.0,28.47,67.1,3.12
2019-01-25 18:00:00,0.0,27.91,71.41,3.07
2019-01-25 19:00:00,0.0,27.51,74.93,2.74
2019-01-25 20:00:00,0.0,27.24,77.62,2.25
2019-01-25 21:00:00,0.0,27.04,79.27,1.8
2019-01-25 22:00:00,0.0,26.9,79.78,1.4
2019-01-25 23:00:00,0.0,26.8,79.53,1.08
2019-01-26 00:00:00,0.0,26.73,78.76,0.92
2019-01-26 01:00:00,0.0,26.65,78.12,0.84
2019-01-26 02:00:00,0.0,26.58,77.62,0.75
2019-01-26 03:00:00,0.0,26.51,77.39,0.71
2019-01-26 04:00:00,0.0,26.45,77.51,0.8
2019-01-26 05:00:00,0.0,26.36,77.88,1.0
2019-01-26 06:00:00,0.0,26.39,78.5,1.22
2019-01-26 07:00:00,0.0,26.97,74.98,1.58
2019-01-26 08:00:00,0.0,27.56,71.44,1.66
2019-01-26 09:00:00,0.0,28.15,68.28,1.49
2019-01-26 10:00:00,0.0,28.76,65.27,1.46
2019-01-26 11:00:00,0.0,29.32,63.21,2.07
2019-01-26 12:00:00,0.0,29.61,63.14,2.92
2019-01-26 13:00:00,0.0,29.66,63.58,3.7
2019-01-26 14:00:00,0.0,29.54,64.79,4.29
2019-01-26 15:00:00,0.0,29.31,66.35,4.66
2019-01-26 16:00:00,0.0,28.95,68.39,4.96
2019-01-26 17:00:00,0.0,28.31,72.16,5.2
2019-01-26 18:00:00,0.0,27.69,76.48,5.28
2019-01-26 19:00:00,0.0,27.38,78.77,5.03
2019-01-26 20:00:00,0.0,27.24,79.65,4.42
2019-01-26 21:00:00,0.0,27.1,80.35,3.68
2019-01-26 22:00:00,0.0,26.96,81.07,3.04
2019-01-26 23:00:00,0.0,26.88,81.26,2.65
2019-01-27 00:00:00,0.0,26.79,81.39,2.53
2019-01-27 01:00:00,0.0,26.69,81.65,2.51
2019-01-27 02:00:00,0.0,26.53,82.25,2.51
2019-01-27 03:00:00,0.0,26.37,82.83,2.49
2019-01-27 04:00:00,0.0,26.24,83.26,2.41
2019-01-27 05:00:00,0.0,26.16,83.43,2.29
2019-01-27 06:00:00,0.0,26.23,82.91,2.21
2019-01-27 07:00:00,0.0,26.71,78.62,2.36
2019-01-27 08:00:00,0.0,27.19,75.37,2.08
2019-01-27 09:00:00,0.0,27.77,71.49,1.59
2019-01-27 10:00:00,0.0,28.31,67.92,1.15
2019-01-27 11:00:00,0.0,29.03,64.48,1.39
2019-01-27 12:00:00,0.0,29.51,63.37,2.11
2019-01-27 13:00:00,0.0,29.68,63.45,2.7
2019-01-27 14:00:00,0.0,29.7,63.55,3.17
2019-01-27 15:00:00,0.0,29.55,64.2,3.6
2019-01-27 16:00:00,0.0,29.21,65.75,4.04
2019-01-27 17:00:00,0.0,28.58,69.37,4.39
2019-01-27 18:00:00,0.0,27.94,73.74,4.64
2019-01-27 19:00:00,0.0,27.59,76.44,4.49
2019-01-27 20:00:00,0.0,27.42,77.61,4.04
2019-01-27 21:00:00,0.0,27.28,78.27,3.52
2019-01-27 22:00:00,0.0,27.15,78.74,3.12
2019-01-27 23:00:00,0.0,27.06,78.92,2.88
2019-01-28 00:00:00,0.0,26.94,79.13,2.76
2019-01-28 01:00:00,0.0,26.81,79.52,2.75
2019-01-28 02:00:00,0.0,26.67,80.06,2.76
2019-01-28 03:00:00,0.0,26.54,80.62,2.69
2019-01-28 04:00:00,0.0,26.45,81.04,2.58
2019-01-28 05:00:00,0.0,26.38,81.29,2.49
2019-01-28 06:00:00,0.0,26.47,80.68,2.53
2019-01-28 07:00:00,0.0,26.99,76.35,2.98
2019-01-28 08:00:00,0.0,27.46,73.81,3.04
2019-01-28 09:00:00,0.0,28.01,70.99,3.02
2019-01-28 10:00:00,0.0,28.67,67.64,3.05
2019-01-28 11:00:00,0.0,29.17,65.13,3.14
2019-01-28 12:00:00,0.0,29.51,63.56,3.21
2019-01-28 13:00:00,0.0,29.66,62.93,3.25
2019-01-28 14:00:00,0.0,29.65,62.96,3.46
2019-01-28 15:00:00,0.0,29.48,63.67,3.8
2019-01-28 16:00:00,0.0,29.09,65.6,4.28
2019-01-28 17:00:00,0.0,28.42,69.3,4.71
2019-01-28 18:00:00,0.0,27.76,73.57,5.04
2019-01-28 19:00:00,0.0,27.43,75.89,5.02
2019-01-28 20:00:00,0.0,27.24,77.23,4.52
2019-01-28 21:00:00,0.0,27.09,78.07,3.82
2019-01-28 22:00:00,0.0,26.94,78.66,3.14
2019-01-28 23:00:00,0.0,26.84,79.05,2.61
2019-01-29 00:00:00,0.0,26.77,79.23,2.35
2019-01-29 01:00:00,0.0,26.67,79.41,2.28
2019-01-29 02:00:00,0.0,26.57,79.57,2.2
2019-01-29 03:00:00,0.0,26.48,79.73,2.1
2019-01-29 04:00:00,0.0,26.4,79.73,2.07
2019-01-29 05:00:00,0.0,26.36,79.33,2.12
2019-01-29 06:00:00,0.0,26.47,78.05,2.16
2019-01-29 07:00:00,0.0,27.11,71.53,2.55
2019-01-29 08:00:00,0.0,27.79,66.56,2.51
2019-01-29 09:00:00,0.0,28.57,61.64,1.99
2019-01-29 10:00:00,0.0,29.29,57.75,1.12
2019-01-29 11:00:00,0.0,29.89,55.29,0.73
2019-01-29 12:00:00,0.0,30.2,56.71,1.57
2019-01-29 13:00:00,0.0,30.33,57.75,2.38
2019-01-29 14:00:00,0.0,30.35,57.68,3.07
2019-01-29 15:00:00,0.0,30.22,58.13,3.55
2019-01-29 16:00:00,0.0,29.85,59.5,3.8
2019-01-29 17:00:00,0.0,29.2,63.1,3.91
2019-01-29 18:00:00,0.0,28.52,68.02,3.92
2019-01-29 19:00:00,0.0,28.12,71.52,3.51
2019-01-29 20:00:00,0.0,27.9,73.84,2.7
2019-01-29 21:00:00,0.0,27.71,75.5,1.87
2019-01-29 22:00:00,0.0,27.58,76.2,1.29
2019-01-29 23:00:00,0.0,27.47,76.12,0.86
2019-01-30 00:00:00,0.0,27.42,74.35,0.47
2019-01-30 01:00:00,0.0,27.29,72.96,0.22
2019-01-30 02:00:00,0.0,27.04,74.09,0.59
2019-01-30 03:00:00,0.0,26.83,75.63,1.01
2019-01-30 04:00:00,0.0,26.67,75.73,1.42
2019-01-30 05:00:00,0.0,26.5,75.45,1.85
2019-01-30 06:00:00,0.0,26.5,74.34,2.12
2019-01-30 07:00:00,0.0,27.12,67.77,2.66
2019-01-30 08:00:00,0.0,27.86,62.55,2.56
2019-01-30 09:00:00,0.0,28.76,57.26,1.9
2019-01-30 10:00:00,0.0,29.59,52.84,0.97
2019-01-30 11:00:00,0.0,30.23,52.97,0.26
2019-01-30 12:00:00,0.0,30.69,53.67,1.37
2019-01-30 13:00:00,0.0,30.92,53.91,2.41
2019-01-30 14:00:00,0.0,30.91,54.77,3.39
2019-01-30 15:00:00,0.0,30.67,55.95,4.1
2019-01-30 16:00:00,0.0,30.14,57.66,4.74
2019-01-30 17:00:00,0.0,29.19,62.32,5.17
2019-01-30 18:00:00,0.0,28.3,68.27,5.02
2019-01-30 19:00:00,0.0,27.91,71.04,4.27
2019-01-30 20:00:00,0.0,27.73,72.09,3.1
2019-01-30 21:00:00,0.0,27.58,73.22,2.09
2019-01-30 22:00:00,0.0,27.48,73.6,1.81
2019-01-30 23:00:00,0.0,27.42,73.02,2.0
2019-01-31 00:00:00,0.0,27.32,72.14,2.35
2019-01-31 01:00:00,0.0,27.16,70.95,2.89
2019-01-31 02:00:00,0.0,26.9,70.27,3.05
2019-01-31 03:00:00,0.0,26.57,70.45,3.12
2019-01-31 04:00:00,0.0,26.23,70.73,3.28
2019-01-31 05:00:00,0.0,25.9,71.26,3.52
2019-01-31 06:00:00,0.0,25.81,70.98,3.98
2019-01-31 07:00:00,0.0,26.45,66.92,4.83
2019-01-31 08:00:00,0.0,27.42,61.57,4.77
2019-01-31 09:00:00,0.0,28.75,53.28,3.85
2019-01-31 10:00:00,0.0,30.0,46.06,2.56
2019-01-31 11:00:00,0.0,30.69,44.91,0.82
2019-01-31 12:00:00,0.0,31.15,45.53,0.95
2019-01-31 13:00:00,0.0,31.39,46.02,2.22
2019-01-31 14:00:00,0.0,31.29,48.34,3.1
2019-01-31 15:00:00,0.0,31.09,49.73,3.57
2019-01-31 16:00:00,0.0,30.68,51.28,3.76
2019-01-31 17:00:00,0.0,29.98,53.52,4.09
2019-01-31 18:00:00,0.0,29.11,58.71,4.12
2019-01-31 19:00:00,0.0,28.65,62.74,3.69
2019-01-31 20:00:00,0.0,28.41,65.11,3.15
2019-01-31 21:00:00,0.0,28.23,66.86,2.53
2019-01-31 22:00:00,0.0,27.96,68.71,2.02
2019-01-31 23:00:00,0.0,27.71,69.53,1.76
2019-02-01 00:00:00,0.0,27.52,69.31,1.61
2019-02-01 01:00:00,0.0,27.31,69.22,1.52
2019-02-01 02:00:00,0.0,27.12,69.33,1.38
2019-02-01 03:00:00,0.0,26.96,69.81,1.35
2019-02-01 04:00:00,0.0,26.74,70.63,1.47
2019-02-01 05:00:00,0.0,26.52,71.25,1.64
2019-02-01 06:00:00,0.0,26.49,71.21,1.9
2019-02-01 07:00:00,0.0,26.98,66.28,2.64
2019-02-01 08:00:00,0.0,27.65,62.11,2.66
2019-02-01 09:00:00,0.0,28.47,57.1,2.05
2019-02-01 10:00:00,0.0,29.22,52.51,1.1
2019-02-01 11:00:00,0.0,29.97,49.11,0.18
2019-02-01 12:00:00,0.0,30.51,49.42,1.59
2019-02-01 13:00:00,0.0,30.73,50.89,2.81
2019-02-01 14:00:00,0.0,30.74,51.22,3.72
2019-02-01 15:00:00,0.0,30.48,52.41,4.18
2019-02-01 16:00:00,0.0,30.01,54.63,4.29
2019-02-01 17:00:00,0.0,29.27,58.74,4.26
2019-02-01 18:00:00,0.0,28.57,63.41,4.14
2019-02-01 19:00:00,0.0,28.16,66.56,3.75
2019-02-01 20:00:00,0.0,27.96,67.97,3.12
2019-02-01 21:00:00,0.0,27.83,68.37,2.29
2019-02-01 22:00:00,0.0,27.67,68.91,1.49
2019-02-01 23:00:00,0.0,27.55,69.41,1.11
2019-02-02 00:00:00,0.0,27.4,69.47,1.1
2019-02-02 01:00:00,0.0,27.28,69.09,1.08
2019-02-02 02:00:00,0.0,27.13,68.94,1.02
2019-02-02 03:00:00,0.0,27.04,68.99,1.02
2019-02-02 04:00:00,0.0,26.94,69.34,1.16
2019-02-02 05:00:00,0.0,26.8,69.83,1.46
2019-02-02 06:00:00,0.0,26.82,69.84,1.79
2019-02-02 07:00:00,0.0,27.45,65.21,2.33
2019-02-02 08:00:00,0.0,28.14,61.42,2.18
2019-02-02 09:00:00,0.0,28.96,57.08,1.75
2019-02-02 10:00:00,0.0,29.78,52.42,0.95
2019-02-02 11:00:00,0.0,30.36,51.71,0.38
2019-02-02 12:00:00,0.0,30.85,51.66,1.64
2019-02-02 13:00:00,0.0,31.09,52.07,2.78
2019-02-02 14:00:00,0.0,31.01,52.94,3.53
2019-02-02 15:00:00,0.0,30.69,54.58,3.88
2019-02-02 16:00:00,0.0,30.17,56.77,4.04
2019-02-02 17:00:00,0.0,29.41,60.3,4.13
2019-02-02 18:00:00,0.0,28.66,65.0,3.95
2019-02-02 19:00:00,0.0,28.2,68.32,3.49
2019-02-02 20:00:00,0.0,27.97,69.67,2.89
2019-02-02 21:00:00,0.0,27.82,70.1,2.35
2019-02-02 22:00:00,0.0,27.72,70.0,1.86
2019-02-02 23:00:00,0.0,27.61,70.05,1.53
2019-02-03 00:00:00,0.0,27.48,69.99,1.36
2019-02-03 01:00:00,0.0,27.31,69.91,1.24
2019-02-03 02:00:00,0.0,27.13,70.15,1.09
2019-02-03 03:00:00,0.0,26.94,70.54,0.97
2019-02-03 04:00:00,0.0,26.79,70.7,0.98
2019-02-03 05:00:00,0.0,26.68,70.66,1.24
2019-02-03 06:00:00,0.0,26.77,70.21,1.63
2019-02-03 07:00:00,0.0,27.45,65.68,2.15
2019-02-03 08:00:00,0.0,28.31,61.13,2.18
2019-02-03 09:00:00,0.0,29.33,55.93,1.97
2019-02-03 10:00:00,0.0,30.23,53.12,1.41
2019-02-03 11:00:00,0.0,31.0,50.49,0.72
2019-02-03 12:00:00,0.0,31.73,47.7,1.05
2019-02-03 13:00:00,0.0,32.09,48.52,1.91
2019-02-03 14:00:00,0.0,32.07,50.69,2.71
2019-02-03 15:00:00,0.0,31.86,52.33,3.31
2019-02-03 16:00:00,0.0,31.4,54.46,3.81
2019-02-03 17:00:00,0.0,30.53,58.46,4.32
2019-02-03 18:00:00,0.0,29.62,63.06,4.54
2019-02-03 19:00:00,0.0,29.01,66.56,4.07
2019-02-03 20:00:00,0.0,28.73,67.86,3.15
2019-02-03 21:00:00,0.0,28.62,67.76,2.4
2019-02-03 22:00:00,0.0,28.59,67.1,2.15
2019-02-03 23:00:00,0.0,28.53,66.38,1.99
2019-02-04 00:00:00,0.0,28.39,65.94,1.63
2019-02-04 01:00:00,0.0,28.22,65.44,1.18
2019-02-04 02:00:00,0.0,28.04,64.81,0.92
2019-02-04 03:00:00,0.0,27.84,64.18,0.86
2019-02-04 04:00:00,0.0,27.58,63.9,0.99
2019-02-04 05:00:00,0.0,27.26,64.11,1.29
2019-02-04 06:00:00,0.0,27.19,63.73,1.74
2019-02-04 07:00:00,0.0,27.76,59.73,2.57
2019-02-04 08:00:00,0.0,28.79,54.27,2.56
2019-02-04 09:00:00,0.0,29.96,49.1,1.99
2019-02-04 10:00:00,0.0,30.87,47.44,1.28
2019-02-04 11:00:00,0.0,31.59,46.07,0.39
2019-02-04 12:00:00,0.0,32.34,43.41,0.46
2019-02-04 13:00:00,0.0,32.98,41.57,1.18
2019-02-04 14:00:00,0.0,33.23,41.86,1.67
2019-02-04 15:00:00,0.0,33.28,42.38,1.8
2019-02-04 16:00:00,0.0,33.14,43.13,1.72
2019-02-04 17:00:00,0.0,32.76,45.14,1.62
2019-02-04 18:00:00,0.0,32.28,47.72,1.43
2019-02-04 19:00:00,0.0,31.83,50.27,1.21
2019-02-04 20:00:00,0.0,31.29,53.16,1.27
2019-02-04 21:00:00,0.0,30.75,56.25,1.35
2019-02-04 22:00:00,0.0,30.18,60.58,1.36
2019-02-04 23:00:00,0.0,29.83,61.65,1.28
2019-02-05 00:00:00,0.0,29.54,62.01,1.09
2019-02-05 01:00:00,0.0,29.23,63.57,0.95
2019-02-05 02:00:00,0.0,28.95,65.07,1.04
2019-02-05 03:00:00,0.0,28.76,65.95,0.97
2019-02-05 04:00:00,0.0,28.62,66.43,0.69
2019-02-05 05:00:00,0.02,28.49,66.86,0.25
2019-02-05 06:00:00,0.02,28.43,66.95,0.45
2019-02-05 07:00:00,0.02,28.65,65.91,1.12
2019-02-05 08:00:00,0.01,29.1,63.99,1.49
2019-02-05 09:00:00,0.01,29.65,61.69,1.5
2019-02-05 10:00:00,0.01,30.19,59.4,1.26
2019-02-05 11:00:00,0.01,30.51,60.83,1.11
2019-02-05 12:00:00,0.01,30.79,61.19,1.56
2019-02-05 13:00:00,0.02,31.05,60.57,2.17
2019-02-05 14:00:00,0.02,31.11,60.77,2.71
2019-02-05 15:00:00,0.02,30.97,61.7,2.92
2019-02-05 16:00:00,0.02,30.68,63.17,2.85
2019-02-05 17:00:00,0.01,30.3,65.01,2.66
2019-02-05 18:00:00,0.01,29.96,66.21,2.53
2019-02-05 19:00:00,0.01,29.73,67.51,2.4
2019-02-05 20:00:00,0.01,29.54,68.24,2.3
2019-02-05 21:00:00,0.01,29.38,68.21,2.26
2019-02-05 22:00:00,0.02,29.16,68.89,2.19
2019-02-05 23:00:00,0.02,28.93,69.85,1.94
2019-02-06 00:00:00,0.03,28.67,70.61,1.57
2019-02-06 01:00:00,0.04,28.43,70.94,1.15
2019-02-06 02:00:00,0.04,28.2,71.46,1.11
2019-02-06 03:00:00,0.03,27.98,72.3,1.53
2019-02-06 04:00:00,0.03,27.76,73.32,2.17
2019-02-06 05:00:00,0.02,27.55,74.24,2.68
2019-02-06 06:00:00,0.03,27.48,73.99,2.99
2019-02-06 07:00:00,0.03,27.77,71.22,3.01
2019-02-06 08:00:00,0.06,28.39,67.21,2.58
2019-02-06 09:00:00,0.04,29.17,62.67,2.02
2019-02-06 10:00:00,0.03,29.98,59.07,1.59
2019-02-06 11:00:00,0.02,30.58,59.19,1.52
2019-02-06 12:00:00,0.02,31.2,56.5,2.04
2019-02-06 13:00:00,0.01,31.57,55.6,2.66
2019-02-06 14:00:00,0.01,31.67,55.88,3.4
2019-02-06 15:00:00,0.01,31.44,57.39,4.11
2019-02-06 16:00:00,0.01,30.88,59.87,4.73
2019-02-06 17:00:00,0.01,30.02,64.02,5.16
2019-02-06 18:00:00,0.01,29.21,69.18,5.06
2019-02-06 19:00:00,0.03,28.74,72.73,4.55
2019-02-06 20:00:00,0.14,28.51,74.35,3.76
2019-02-06 21:00:00,0.3,28.33,75.28,3.04
2019-02-06 22:00:00,0.41,28.15,76.02,2.57
2019-02-06 23:00:00,0.52,27.99,76.45,2.33
2019-02-07 00:00:00,0.51,27.84,76.51,2.19
2019-02-07 01:00:00,0.41,27.7,76.26,2.17
2019-02-07 02:00:00,0.22,27.61,75.64,2.26
2019-02-07 03:00:00,0.14,27.54,74.68,2.29
2019-02-07 04:00:00,0.1,27.49,73.54,2.16
2019-02-07 05:00:00,0.07,27.42,72.88,1.98
2019-02-07 06:00:00,0.04,27.53,70.74,1.93
2019-02-07 07:00:00,0.03,27.99,65.81,1.91
2019-02-07 08:00:00,0.01,28.74,60.66,1.44
2019-02-07 09:00:00,0.01,29.61,55.85,0.96
2019-02-07 10:00:00,0.01,30.42,53.81,1.22
2019-02-07 11:00:00,0.01,30.93,54.47,2.09
2019-02-07 12:00:00,0.01,31.28,54.38,3.14
2019-02-07 13:00:00,0.0,31.31,55.04,4.15
2019-02-07 14:00:00,0.0,31.05,56.46,4.86
2019-02-07 15:00:00,0.0,30.54,59.22,5.28
2019-02-07 16:00:00,0.0,29.85,63.1,5.45
2019-02-07 17:00:00,0.0,29.12,67.66,5.25
2019-02-07 18:00:00,0.0,28.64,71.61,4.76
2019-02-07 19:00:00,0.0,28.42,74.03,4.1
2019-02-07 20:00:00,0.01,28.3,75.28,3.35
2019-02-07 21:00:00,0.01,28.19,76.21,2.74
2019-02-07 22:00:00,0.01,28.07,76.95,2.4
2019-02-07 23:00:00,0.02,27.94,77.47,2.18
2019-02-08 00:00:00,0.03,27.81,77.96,1.98
2019-02-08 01:00:00,0.03,27.67,78.29,1.71
2019-02-08 02:00:00,0.03,27.57,77.84,1.28
2019-02-08 03:00:00,0.03,27.56,77.0,0.89
2019-02-08 04:00:00,0.02,27.52,76.94,0.87
2019-02-08 05:00:00,0.02,27.45,77.17,0.96
2019-02-08 06:00:00,0.02,27.58,75.79,1.19
2019-02-08 07:00:00,0.03,28.02,72.67,1.45
2019-02-08 08:00:00,0.02,28.57,69.55,1.33
2019-02-08 09:00:00,0.02,29.2,66.05,1.04
2019-02-08 10:00:00,0.01,29.87,62.58,1.18
2019-02-08 11:00:00,0.01,30.41,61.65,1.74
2019-02-08 12:00:00,0.01,30.69,62.33,2.31
2019-02-08 13:00:00,0.0,30.87,61.91,2.92
2019-02-08 14:00:00,0.0,30.82,62.28,3.47
2019-02-08 15:00:00,0.0,30.58,63.41,3.82
2019-02-08 16:00:00,0.0,30.14,65.23,4.13
2019-02-08 17:00:00,0.0,29.51,68.21,4.27
2019-02-08 18:00:00,0.0,28.98,71.5,4.05
2019-02-08 19:00:00,0.0,28.66,73.7,3.5
2019-02-08 20:00:00,0.0,28.46,74.94,2.81
2019-02-08 21:00:00,0.0,28.3,75.74,2.18
2019-02-08 22:00:00,0.01,28.15,76.34,1.71
2019-02-08 23:00:00,0.01,27.98,77.13,1.46
2019-02-09 00:00:00,0.01,27.81,78.27,1.36
2019-02-09 01:00:00,0.03,27.64,79.51,1.47
2019-02-09 02:00:00,0.05,27.48,80.7,1.75
2019-02-09 03:00:00,0.06,27.34,81.79,2.09
2019-02-09 04:00:00,0.06,27.25,82.6,2.37
2019-02-09 05:00:00,0.06,27.22,82.92,2.51
2019-02-09 06:00:00,0.06,27.28,82.56,2.49
2019-02-09 07:00:00,0.06,27.51,81.1,2.36
2019-02-09 08:00:00,0.09,28.02,77.74,2.1
2019-02-09 09:00:00,0.08,28.61,73.73,1.9
2019-02-09 10:00:00,0.09,29.2,69.94,1.75
2019-02-09 11:00:00,0.1,29.77,67.38,1.67
2019-02-09 12:00:00,0.11,30.27,65.47,1.7
2019-02-09 13:00:00,0.1,30.58,63.45,2.08
2019-02-09 14:00:00,0.1,30.53,63.4,2.54
2019-02-09 15:00:00,0.07,30.27,64.61,2.87
2019-02-09 16:00:00,0.07,29.89,66.22,2.99
2019-02-09 17:00:00,0.06,29.38,67.91,2.98
2019-02-09 18:00:00,0.07,28.89,70.48,2.8
2019-02-09 19:00:00,0.08,28.52,72.81,2.52
2019-02-09 20:00:00,0.08,28.2,74.85,2.22
2019-02-09 21:00:00,0.09,27.85,77.0,1.97
2019-02-09 22:00:00,0.1,27.51,79.13,1.85
2019-02-09 23:00:00,0.11,27.24,80.84,1.88
2019-02-10 00:00:00,0.12,27.02,82.15,1.87
2019-02-10 01:00:00,0.12,26.79,83.35,1.79
2019-02-10 02:00:00,0.11,26.63,84.03,1.71
2019-02-10 03:00:00,0.12,26.53,84.35,1.65
2019-02-10 04:00:00,0.14,26.47,84.31,1.47
2019-02-10 05:00:00,0.23,26.46,83.83,1.08
2019-02-10 06:00:00,0.22,26.52,82.91,0.63
2019-02-10 07:00:00,0.28,26.83,80.66,0.21
2019-02-10 08:00:00,0.77,27.45,76.87,0.29
2019-02-10 09:00:00,0.71,28.14,72.71,0.49
2019-02-10 10:00:00,0.47,28.83,69.1,0.76
2019-02-10 11:00:00,0.33,29.35,65.79,0.93
2019-02-10 12:00:00,0.32,29.75,63.19,1.12
2019-02-10 13:00:00,0.3,29.97,62.25,1.49
2019-02-10 14:00:00,0.37,30.05,63.14,1.88
2019-02-10 15:00:00,0.36,30.02,63.65,2.22
2019-02-10 16:00:00,0.33,29.86,64.6,2.35
2019-02-10 17:00:00,0.33,29.6,65.68,2.28
2019-02-10 18:00:00,0.27,29.31,67.25,2.14
2019-02-10 19:00:00,0.29,29.05,69.5,1.99
2019-02-10 20:00:00,0.23,28.86,71.99,1.85
2019-02-10 21:00:00,0.26,28.68,73.93,1.56
2019-02-10 22:00:00,0.3,28.57,74.18,1.19
2019-02-10 23:00:00,0.36,28.54,72.15,0.76
2019-02-11 00:00:00,0.3,28.42,71.66,0.68
2019-02-11 01:00:00,0.24,28.13,75.26,1.02
2019-02-11 02:00:00,0.2,27.84,76.98,1.36
2019-02-11 03:00:00,0.13,27.62,77.6,1.58
2019-02-11 04:00:00,0.18,27.45,77.8,1.76
2019-02-11 05:00:00,0.2,27.29,77.53,2.09
2019-02-11 06:00:00,0.18,27.34,76.06,2.73
2019-02-11 07:00:00,0.1,27.89,71.21,3.76
2019-02-11 08:00:00,0.05,28.63,66.71,3.99
2019-02-11 09:00:00,0.03,29.68,59.89,3.44
2019-02-11 10:00:00,0.01,30.69,54.06,2.55
2019-02-11 11:00:00,0.0,31.36,53.12,1.6
2019-02-11 12:00:00,0.0,32.01,50.25,1.14
2019-02-11 13:00:00,0.0,32.62,46.93,1.24
2019-02-11 14:00:00,0.0,32.97,45.65,1.73
2019-02-11 15:00:00,0.0,32.9,47.05,2.26
2019-02-11 16:00:00,0.0,32.52,49.73,2.58
2019-02-11 17:00:00,0.0,31.62,55.8,2.98
2019-02-11 18:00:00,0.0,30.64,61.38,3.27
2019-02-11 19:00:00,0.0,29.99,64.15,3.16
2019-02-11 20:00:00,0.0,29.44,67.9,2.84
2019-02-11 21:00:00,0.0,29.04,71.11,2.27
2019-02-11 22:00:00,0.0,28.8,72.19,1.72
2019-02-11 23:00:00,0.0,28.68,71.46,1.14
2019-02-12 00:00:00,0.0,28.54,69.84,0.56
2019-02-12 01:00:00,0.02,28.41,66.21,0.16
2019-02-12 02:00:00,0.02,28.04,67.88,0.51
2019-02-12 03:00:00,0.03,27.65,69.69,0.83
2019-02-12 04:00:00,0.02,27.28,70.98,1.25
2019-02-12 05:00:00,0.01,26.93,71.65,1.63
2019-02-12 06:00:00,0.0,26.89,71.02,2.08
2019-02-12 07:00:00,0.0,27.57,65.02,2.83
2019-02-12 08:00:00,0.0,28.49,60.03,2.83
2019-02-12 09:00:00,0.0,29.62,54.31,2.23
2019-02-12 10:00:00,0.0,30.65,49.75,1.36
2019-02-12 11:00:00,0.0,31.23,51.94,0.89
2019-02-12 12:00:00,0.0,31.85,49.99,1.37
2019-02-12 13:00:00,0.0,32.32,48.13,2.0
2019-02-12 14:00:00,0.0,32.46,49.11,2.55
2019-02-12 15:00:00,0.0,32.35,50.88,2.92
2019-02-12 16:00:00,0.0,32.03,52.92,3.22
2019-02-12 17:00:00,0.0,31.36,56.33,3.78
2019-02-12 18:00:00,0.0,30.53,60.44,4.3
2019-02-12 19:00:00,0.0,29.94,63.96,4.26
2019-02-12 20:00:00,0.0,29.55,66.57,3.5
2019-02-12 21:00:00,0.0,29.33,67.7,2.67
2019-02-12 22:00:00,0.0,29.12,67.97,1.89
2019-02-12 23:00:00,0.0,28.95,67.33,1.04
2019-02-13 00:00:00,0.0,28.75,66.42,0.96
2019-02-13 01:00:00,0.0,28.41,65.84,1.26
2019-02-13 02:00:00,0.0,27.97,66.17,1.36
2019-02-13 03:00:00,0.0,27.51,66.8,1.37
2019-02-13 04:00:00,0.0,27.09,67.29,1.48
2019-02-13 05:00:00,0.0,26.72,67.6,1.67
2019-02-13 06:00:00,0.0,26.68,66.94,2.0
2019-02-13 07:00:00,0.0,27.4,61.46,2.72
2019-02-13 08:00:00,0.0,28.45,55.64,2.91
2019-02-13 09:00:00,0.0,29.86,48.46,2.61
2019-02-13 10:00:00,0.0,31.17,42.52,1.74
2019-02-13 11:00:00,0.0,31.93,42.83,0.66
2019-02-13 12:00:00,0.0,32.71,40.48,1.14
2019-02-13 13:00:00,0.0,33.13,40.92,1.97
2019-02-13 14:00:00,0.0,33.09,43.91,2.75
2019-02-13 15:00:00,0.0,32.81,46.86,3.32
2019-02-13 16:00:00,0.0,32.32,50.05,3.71
2019-02-13 17:00:00,0.0,31.52,54.28,4.08
2019-02-13 18:00:00,0.0,30.63,59.04,4.34
2019-02-13 19:00:00,0.0,29.98,63.48,4.18
2019-02-13 20:00:00,0.0,29.61,66.06,3.14
2019-02-13 21:00:00,0.0,29.44,66.42,1.9
2019-02-13 22:00:00,0.0,29.32,65.77,1.12
2019-02-13 23:00:00,0.0,29.15,65.51,0.67
2019-02-14 00:00:00,0.0,28.94,65.05,0.76
2019-02-14 01:00:00,0.0,28.71,64.17,1.13
2019-02-14 02:00:00,0.0,28.34,64.12,1.28
2019-02-14 03:00:00,0.0,27.89,64.88,1.5
2019-02-14 04:00:00,0.0,27.41,66.28,1.84
2019-02-14 05:00:00,0.0,26.97,67.93,2.14
2019-02-14 06:00:00,0.0,26.92,67.73,2.45
2019-02-14 07:00:00,0.0,27.55,63.99,2.92
2019-02-14 08:00:00,0.0,28.74,57.39,2.94
2019-02-14 09:00:00,0.0,30.27,49.35,2.7
2019-02-14 10:00:00,0.0,31.35,46.75,1.81
2019-02-14 11:00:00,0.0,32.19,43.17,0.85
2019-02-14 12:00:00,0.0,32.92,40.04,0.9
2019-02-14 13:00:00,0.0,33.38,39.06,1.78
2019-02-14 14:00:00,0.0,33.25,42.28,2.72
2019-02-14 15:00:00,0.0,32.84,45.67,3.44
2019-02-14 16:00:00,0.0,32.27,48.48,4.1
2019-02-14 17:00:00,0.0,31.32,52.45,4.75
2019-02-14 18:00:00,0.0,30.28,57.15,5.0
2019-02-14 19:00:00,0.0,29.55,61.05,4.74
2019-02-14 20:00:00,0.0,29.14,63.8,3.99
2019-02-14 21:00:00,0.01,28.93,65.09,3.11
2019-02-14 22:00:00,0.03,28.81,65.39,2.44
2019-02-14 23:00:00,0.03,28.63,65.95,2.01
2019-02-15 00:00:00,0.04,28.45,66.44,1.63
2019-02-15 01:00:00,0.03,28.33,66.66,1.32
2019-02-15 02:00:00,0.03,28.22,67.52,1.38
2019-02-15 03:00:00,0.04,28.13,68.87,1.49
2019-02-15 04:00:00,0.04,28.0,70.52,1.63
2019-02-15 05:00:00,0.0,27.91,71.91,1.79
2019-02-15 06:00:00,0.01,28.03,72.18,2.04
2019-02-15 07:00:00,0.01,28.38,70.94,2.2
2019-02-15 08:00:00,0.0,28.79,68.75,2.05
2019-02-15 09:00:00,0.0,29.53,64.72,1.88
2019-02-15 10:00:00,0.0,30.3,61.28,1.67
2019-02-15 11:00:00,0.0,30.92,61.47,1.7
2019-02-15 12:00:00,0.0,31.48,59.95,2.32
2019-02-15 13:00:00,0.0,31.77,58.84,3.21
2019-02-15 14:00:00,0.0,31.73,59.04,4.11
2019-02-15 15:00:00,0.0,31.37,60.15,4.89
2019-02-15 16:00:00,0.0,30.72,62.19,5.38
2019-02-15 17:00:00,0.0,29.97,65.09,5.37
2019-02-15 18:00:00,0.0,29.4,67.67,4.92
2019-02-15 19:00:00,0.0,29.14,68.95,4.16
2019-02-15 20:00:00,0.0,29.02,69.25,3.3
2019-02-15 21:00:00,0.0,28.95,69.2,2.6
2019-02-15 22:00:00,0.01,28.89,69.24,2.21
2019-02-15 23:00:00,0.01,28.78,69.69,2.03
2019-02-16 00:00:00,0.01,28.62,70.45,1.96
2019-02-16 01:00:00,0.01,28.42,71.63,1.97
2019-02-16 02:00:00,0.02,28.23,72.93,2.04
2019-02-16 03:00:00,0.01,28.08,74.15,2.08
2019-02-16 04:00:00,0.01,28.0,74.9,2.02
2019-02-16 05:00:00,0.0,27.98,75.03,1.78
2019-02-16 06:00:00,0.0,28.07,74.49,1.61
2019-02-16 07:00:00,0.0,28.37,72.98,1.53
2019-02-16 08:00:00,0.01,28.86,70.42,1.52
2019-02-16 09:00:00,0.01,29.55,66.86,1.43
2019-02-16 10:00:00,0.01,30.25,63.67,1.27
2019-02-16 11:00:00,0.01,30.83,64.02,1.36
2019-02-16 12:00:00,0.01,31.32,62.88,1.89
2019-02-16 13:00:00,0.01,31.59,61.88,2.64
2019-02-16 14:00:00,0.01,31.57,61.9,3.31
2019-02-16 15:00:00,0.01,31.31,62.78,3.77
2019-02-16 16:00:00,0.01,30.82,64.71,3.97
2019-02-16 17:00:00,0.01,30.27,66.93,3.92
2019-02-16 18:00:00,0.01,29.84,68.54,3.75
2019-02-16 19:00:00,0.01,29.59,69.64,3.43
2019-02-16 20:00:00,0.02,29.38,70.82,3.19
2019-02-16 21:00:00,0.03,29.15,72.4,3.19
2019-02-16 22:00:00,0.05,28.89,74.15,3.33
2019-02-16 23:00:00,0.06,28.64,75.61,3.43
2019-02-17 00:00:00,0.07,28.39,76.7,3.49
2019-02-17 01:00:00,0.07,28.2,77.27,3.45
2019-02-17 02:00:00,0.07,28.03,77.74,3.4
2019-02-17 03:00:00,0.06,27.92,78.09,3.41
2019-02-17 04:00:00,0.05,27.83,78.35,3.52
2019-02-17 05:00:00,0.03,27.76,78.8,3.67
2019-02-17 06:00:00,0.02,27.82,78.68,3.99
2019-02-17 07:00:00,0.02,28.21,76.48,4.32
2019-02-17 08:00:00,0.01,28.89,72.6,4.51
2019-02-17 09:00:00,0.0,29.75,68.03,4.63
2019-02-17 10:00:00,0.0,30.49,64.29,4.7
2019-02-17 11:00:00,0.0,31.04,62.09,4.82
2019-02-17 12:00:00,0.0,31.38,60.9,5.11
2019-02-17 13:00:00,0.0,31.52,60.28,5.49
2019-02-17 14:00:00,0.0,31.44,60.29,5.73
2019-02-17 15:00:00,0.0,31.21,60.72,5.7
2019-02-17 16:00:00,0.0,30.84,61.7,5.54
2019-02-17 17:00:00,0.0,30.26,63.7,5.27
2019-02-17 18:00:00,0.0,29.57,67.09,5.01
2019-02-17 19:00:00,0.0,29.06,70.14,4.77
2019-02-17 20:00:00,0.0,28.71,72.39,4.52
2019-02-17 21:00:00,0.0,28.45,74.19,4.31
2019-02-17 22:00:00,0.0,28.24,75.65,4.13
2019-02-17 23:00:00,0.0,28.06,76.65,4.02
2019-02-18 00:00:00,0.0,27.9,77.34,3.95
2019-02-18 01:00:00,0.0,27.75,77.97,3.8
2019-02-18 02:00:00,0.0,27.63,78.49,3.66
2019-02-18 03:00:00,0.0,27.53,79.04,3.58
2019-02-18 04:00:00,0.0,27.49,79.19,3.6
2019-02-18 05:00:00,0.0,27.47,79.18,3.62
2019-02-18 06:00:00,0.0,27.63,78.39,3.92
2019-02-18 07:00:00,0.0,28.16,75.94,4.42
2019-02-18 08:00:00,0.0,28.88,72.0,4.43
2019-02-18 09:00:00,0.0,29.76,66.27,4.27
2019-02-18 10:00:00,0.0,30.65,60.66,4.13
2019-02-18 11:00:00,0.0,31.26,58.27,4.09
2019-02-18 12:00:00,0.0,31.65,56.92,4.44
2019-02-18 13:00:00,0.0,31.76,56.64,5.02
2019-02-18 14:00:00,0.0,31.61,57.31,5.54
2019-02-18 15:00:00,0.0,31.27,58.38,5.85
2019-02-18 16:00:00,0.0,30.7,60.49,6.0
2019-02-18 17:00:00,0.0,29.86,64.29,5.96
2019-02-18 18:00:00,0.0,29.0,69.54,5.74
2019-02-18 19:00:00,0.0,28.51,72.99,5.3
2019-02-18 20:00:00,0.0,28.28,74.49,4.63
2019-02-18 21:00:00,0.0,28.12,75.13,3.94
2019-02-18 22:00:00,0.0,27.96,75.67,3.39
2019-02-18 23:00:00,0.0,27.81,76.18,2.98
2019-02-19 00:00:00,0.0,27.69,76.4,2.69
2019-02-19 01:00:00,0.0,27.58,76.54,2.44
2019-02-19 02:00:00,0.0,27.51,76.43,2.19
2019-02-19 03:00:00,0.0,27.44,76.43,1.98
2019-02-19 04:00:00,0.0,27.37,76.63,1.92
2019-02-19 05:00:00,0.0,27.34,76.78,1.95
2019-02-19 06:00:00,0.0,27.57,75.83,2.17
2019-02-19 07:00:00,0.0,28.16,73.0,2.42
2019-02-19 08:00:00,0.0,28.85,69.27,2.03
2019-02-19 09:00:00,0.0,29.75,64.04,1.57
2019-02-19 10:00:00,0.0,30.58,61.76,1.45
2019-02-19 11:00:00,0.0,31.2,60.15,1.85
2019-02-19 12:00:00,0.0,31.56,59.38,2.45
2019-02-19 13:00:00,0.0,31.74,58.72,3.1
2019-02-19 14:00:00,0.0,31.7,58.85,3.61
2019-02-19 15:00:00,0.0,31.46,59.78,3.86
2019-02-19 16:00:00,0.0,31.06,61.35,3.93
2019-02-19 17:00:00,0.0,30.52,63.54,3.83
2019-02-19 18:00:00,0.0,30.04,65.3,3.6
2019-02-19 19:00:00,0.01,29.74,66.09,3.13
2019-02-19 20:00:00,0.01,29.58,66.46,2.38
2019-02-19 21:00:00,0.01,29.48,66.58,1.7
2019-02-19 22:00:00,0.01,29.37,66.82,1.16
2019-02-19 23:00:00,0.01,29.24,67.05,0.78
2019-02-20 00:00:00,0.01,29.1,67.23,0.46
2019-02-20 01:00:00,0.01,28.99,67.22,0.17
2019-02-20 02:00:00,0.01,28.88,67.23,0.05
2019-02-20 03:00:00,0.01,28.74,67.65,0.29
2019-02-20 04:00:00,0.0,28.55,68.3,0.71
2019-02-20 05:00:00,0.0,28.32,69.48,1.22
2019-02-20 06:00:00,0.0,28.39,69.42,1.89
2019-02-20 07:00:00,0.0,28.85,67.01,2.57
2019-02-20 08:00:00,0.0,29.62,62.44,2.67
2019-02-20 09:00:00,0.0,30.65,56.83,2.4
2019-02-20 10:00:00,0.0,31.54,54.67,1.58
2019-02-20 11:00:00,0.0,32.45,50.42,0.74
2019-02-20 12:00:00,0.0,33.25,46.93,0.85
2019-02-20 13:00:00,0.0,33.79,45.37,1.78
2019-02-20 14:00:00,0.0,33.91,46.02,2.62
2019-02-20 15:00:00,0.0,33.65,48.23,3.14
2019-02-20 16:00:00,0.0,33.11,51.7,3.56
2019-02-20 17:00:00,0.0,32.33,56.3,4.14
2019-02-20 18:00:00,0.0,31.49,61.28,4.55
2019-02-20 19:00:00,0.0,30.9,64.8,4.46
2019-02-20 20:00:00,0.0,30.49,67.18,4.36
2019-02-20 21:00:00,0.0,30.14,69.22,4.07
2019-02-20 22:00:00,0.0,29.88,70.54,3.55
2019-02-20 23:00:00,0.0,29.63,71.39,2.95
2019-02-21 00:00:00,0.0,29.38,71.92,2.45
2019-02-21 01:00:00,0.0,29.13,72.45,2.18
2019-02-21 02:00:00,0.0,28.85,73.57,2.12
2019-02-21 03:00:00,0.0,28.6,74.48,2.28
2019-02-21 04:00:00,0.0,28.41,75.87,2.67
2019-02-21 05:00:00,0.0,28.24,77.26,3.12
2019-02-21 06:00:00,0.0,28.28,76.82,3.49
2019-02-21 07:00:00,0.0,28.57,74.79,3.52
2019-02-21 08:00:00,0.0,29.05,71.82,3.24
2019-02-21 09:00:00,0.0,29.84,66.87,2.55
2019-02-21 10:00:00,0.0,30.68,61.88,1.89
2019-02-21 11:00:00,0.0,31.37,59.7,1.77
2019-02-21 12:00:00,0.0,31.94,56.58,2.39
2019-02-21 13:00:00,0.0,32.2,55.4,3.33
2019-02-21 14:00:00,0.0,32.12,55.97,4.19
2019-02-21 15:00:00,0.0,31.8,57.64,4.65
2019-02-21 16:00:00,0.0,31.29,60.0,4.72
2019-02-21 17:00:00,0.0,30.63,63.02,4.63
2019-02-21 18:00:00,0.0,30.01,66.32,4.43
2019-02-21 19:00:00,0.0,29.68,68.38,3.95
2019-02-21 20:00:00,0.0,29.51,69.46,3.36
2019-02-21 21:00:00,0.0,29.38,69.97,2.76
2019-02-21 22:00:00,0.0,29.24,69.92,2.24
2019-02-21 23:00:00,0.0,29.05,69.24,1.73
2019-02-22 00:00:00,0.0,28.85,68.16,1.3
2019-02-22 01:00:00,0.0,28.65,67.12,1.02
2019-02-22 02:00:00,0.0,28.44,66.67,1.04
2019-02-22 03:00:00,0.0,28.2,66.73,1.23
2019-02-22 04:00:00,0.0,27.94,66.87,1.67
2019-02-22 05:00:00,0.0,27.61,67.39,2.14
2019-02-22 06:00:00,0.0,27.53,66.58,2.83
2019-02-22 07:00:00,0.0,28.01,62.46,3.49
2019-02-22 08:00:00,0.0,29.06,54.17,3.42
2019-02-22 09:00:00,0.0,30.37,44.97,2.89
2019-02-22 10:00:00,0.0,31.6,38.68,2.05
2019-02-22 11:00:00,0.0,32.49,37.18,0.94
2019-02-22 12:00:00,0.0,33.35,33.03,0.42
2019-02-22 13:00:00,0.0,34.11,30.95,1.4
2019-02-22 14:00:00,0.0,34.26,33.5,2.24
2019-02-22 15:00:00,0.0,34.01,36.74,2.68
2019-02-22 16:00:00,0.0,33.59,39.52,2.94
2019-02-22 17:00:00,0.0,32.7,44.37,3.39
2019-02-22 18:00:00,0.0,31.58,50.0,3.96
2019-02-22 19:00:00,0.0,30.74,54.42,4.31
2019-02-22 20:00:00,0.0,30.17,57.47,4.55
2019-02-22 21:00:00,0.0,29.7,60.86,4.43
2019-02-22 22:00:00,0.0,29.36,63.12,4.07
2019-02-22 23:00:00,0.0,29.09,64.02,3.51
2019-02-23 00:00:00,0.0,28.83,64.36,2.79
2019-02-23 01:00:00,0.0,28.55,64.8,2.11
2019-02-23 02:00:00,0.0,28.28,65.67,1.6
2019-02-23 03:00:00,0.0,28.03,66.91,1.44
2019-02-23 04:00:00,0.0,27.83,68.14,1.63
2019-02-23 05:00:00,0.0,27.7,68.74,1.9
2019-02-23 06:00:00,0.0,27.92,67.19,2.2
2019-02-23 07:00:00,0.0,28.59,63.65,2.37
2019-02-23 08:00:00,0.0,29.41,59.25,2.01
2019-02-23 09:00:00,0.0,30.31,53.5,1.53
2019-02-23 10:00:00,0.0,31.21,48.58,1.25
2019-02-23 11:00:00,0.0,31.85,48.26,1.61
2019-02-23 12:00:00,0.0,32.43,46.64,2.36
2019-02-23 13:00:00,0.0,32.82,45.63,3.01
2019-02-23 14:00:00,0.0,33.01,45.39,3.35
2019-02-23 15:00:00,0.0,32.97,45.85,3.39
2019-02-23 16:00:00,0.0,32.69,47.22,3.44
2019-02-23 17:00:00,0.0,31.97,50.71,3.91
2019-02-23 18:00:00,0.0,31.0,55.92,4.32
2019-02-23 19:00:00,0.0,30.35,59.72,4.22
2019-02-23 20:00:00,0.0,29.93,61.83,4.06
2019-02-23 21:00:00,0.0,29.59,63.43,3.9
2019-02-23 22:00:00,0.0,29.29,64.5,3.64
2019-02-23 23:00:00,0.0,29.01,65.05,3.31
2019-02-24 00:00:00,0.0,28.74,65.88,3.28
2019-02-24 01:00:00,0.0,28.48,67.24,3.55
2019-02-24 02:00:00,0.0,28.22,68.93,3.48
2019-02-24 03:00:00,0.0,28.0,70.18,3.02
2019-02-24 04:00:00,0.0,27.86,70.73,2.48
2019-02-24 05:00:00,0.0,27.77,70.84,1.9
2019-02-24 06:00:00,0.0,27.92,69.72,1.52
2019-02-24 07:00:00,0.0,28.36,67.38,1.25
2019-02-24 08:00:00,0.0,28.97,64.11,0.94
2019-02-24 09:00:00,0.0,29.83,58.9,0.76
2019-02-24 10:00:00,0.0,30.86,53.36,1.2
2019-02-24 11:00:00,0.0,31.57,53.09,1.83
2019-02-24 12:00:00,0.0,32.09,52.48,2.46
2019-02-24 13:00:00,0.0,32.45,51.01,3.24
2019-02-24 14:00:00,0.0,32.51,50.73,4.12
2019-02-24 15:00:00,0.0,32.18,51.85,5.04
2019-02-24 16:00:00,0.0,31.42,55.11,5.72
2019-02-24 17:00:00,0.0,30.31,60.73,5.87
2019-02-24 18:00:00,0.0,29.4,65.67,5.43
2019-02-24 19:00:00,0.0,29.02,67.29,4.6
2019-02-24 20:00:00,0.0,28.86,67.39,3.41
2019-02-24 21:00:00,0.0,28.74,67.35,2.38
2019-02-24 22:00:00,0.0,28.64,67.47,1.86
2019-02-24 23:00:00,0.0,28.55,67.61,1.66
2019-02-25 00:00:00,0.0,28.42,67.97,1.6
2019-02-25 01:00:00,0.0,28.27,68.38,1.6
2019-02-25 02:00:00,0.0,28.13,68.61,1.49
2019-02-25 03:00:00,0.0,28.02,68.66,1.17
2019-02-25 04:00:00,0.0,27.9,68.86,0.87
2019-02-25 05:00:00,0.0,27.77,69.19,0.66
2019-02-25 06:00:00,0.0,27.84,68.69,0.4
2019-02-25 07:00:00,0.0,28.31,66.85,0.57
2019-02-25 08:00:00,0.0,29.1,63.54,1.2
2019-02-25 09:00:00,0.0,30.09,58.57,1.62
2019-02-25 10:00:00,0.0,30.96,55.26,1.66
2019-02-25 11:00:00,0.0,31.62,54.02,1.82
2019-02-25 12:00:00,0.0,32.11,52.71,2.52
2019-02-25 13:00:00,0.0,32.35,51.68,3.41
2019-02-25 14:00:00,0.0,32.25,52.14,4.37
2019-02-25 15:00:00,0.0,31.78,54.17,5.26
2019-02-25 16:00:00,0.0,30.95,57.86,5.94
2019-02-25 17:00:00,0.0,29.96,62.5,6.04
2019-02-25 18:00:00,0.0,29.2,66.56,5.59
2019-02-25 19:00:00,0.0,28.88,68.19,4.75
2019-02-25 20:00:00,0.0,28.73,68.59,3.72
2019-02-25 21:00:00,0.0,28.62,68.49,2.79
2019-02-25 22:00:00,0.0,28.5,68.56,2.21
2019-02-25 23:00:00,0.0,28.35,69.13,2.07
2019-02-26 00:00:00,0.0,28.19,70.35,2.26
2019-02-26 01:00:00,0.0,28.03,71.77,2.54
2019-02-26 02:00:00,0.0,27.91,73.1,2.77
2019-02-26 03:00:00,0.0,27.78,74.47,3.06
2019-02-26 04:00:00,0.0,27.7,75.48,3.3
2019-02-26 05:00:00,0.0,27.64,76.32,3.52
2019-02-26 06:00:00,0.0,27.83,75.67,4.02
2019-02-26 07:00:00,0.0,28.25,73.86,4.4
2019-02-26 08:00:00,0.0,28.78,71.1,4.41
2019-02-26 09:00:00,0.0,29.45,67.71,4.36
2019-02-26 10:00:00,0.0,30.14,64.08,4.43
2019-02-26 11:00:00,0.0,30.73,60.95,4.66
2019-02-26 12:00:00,0.0,31.09,59.3,4.95
2019-02-26 13:00:00,0.0,31.2,58.8,5.19
2019-02-26 14:00:00,0.0,31.15,58.91,5.39
2019-02-26 15:00:00,0.0,30.88,59.96,5.56
2019-02-26 16:00:00,0.0,30.36,62.45,5.86
2019-02-26 17:00:00,0.0,29.62,66.65,6.0
2019-02-26 18:00:00,0.0,28.92,71.39,5.69
2019-02-26 19:00:00,0.0,28.63,73.85,5.04
2019-02-26 20:00:00,0.0,28.54,74.61,4.36
2019-02-26 21:00:00,0.0,28.45,75.05,3.87
2019-02-26 22:00:00,0.0,28.34,75.42,3.61
2019-02-26 23:00:00,0.0,28.24,75.52,3.46
2019-02-27 00:00:00,0.0,28.1,75.67,3.28
2019-02-27 01:00:00,0.0,27.95,75.85,3.09
2019-02-27 02:00:00,0.0,27.84,76.13,3.07
2019-02-27 03:00:00,0.0,27.8,76.21,3.2
2019-02-27 04:00:00,0.0,27.77,76.1,3.27
2019-02-27 05:00:00,0.0,27.8,75.46,3.19
2019-02-27 06:00:00,0.0,27.99,74.19,3.22
2019-02-27 07:00:00,0.0,28.48,71.63,3.36
2019-02-27 08:00:00,0.0,29.11,68.2,3.45
2019-02-27 09:00:00,0.0,29.86,63.63,3.66
2019-02-27 10:00:00,0.0,30.57,59.2,3.94
2019-02-27 11:00:00,0.0,31.14,56.26,4.24
2019-02-27 12:00:00,0.0,31.51,54.82,4.58
2019-02-27 13:00:00,0.0,31.65,54.16,4.95
2019-02-27 14:00:00,0.0,31.59,54.24,5.26
2019-02-27 15:00:00,0.0,31.33,55.14,5.51
2019-02-27 16:00:00,0.0,30.85,57.01,5.66
2019-02-27 17:00:00,0.0,30.19,59.77,5.53
2019-02-27 18:00:00,0.0,29.59,62.71,5.08
2019-02-27 19:00:00,0.0,29.19,64.77,4.48
2019-02-27 20:00:00,0.0,28.9,66.15,3.85
2019-02-27 21:00:00,0.0,28.68,67.05,3.28
2019-02-27 22:00:00,0.0,28.48,67.91,2.92
2019-02-27 23:00:00,0.0,28.3,68.81,2.92
2019-02-28 00:00:00,0.0,28.1,69.94,3.12
2019-02-28 01:00:00,0.0,27.92,70.88,3.3
2019-02-28 02:00:00,0.0,27.76,71.73,3.37
2019-02-28 03:00:00,0.0,27.65,72.27,3.35
2019-02-28 04:00:00,0.0,27.57,72.91,3.5
2019-02-28 05:00:00,0.0,27.54,73.36,3.78
2019-02-28 06:00:00,0.0,27.67,73.01,4.26
2019-02-28 07:00:00,0.0,28.09,71.01,4.79
2019-02-28 08:00:00,0.0,28.64,67.97,4.84
2019-02-28 09:00:00,0.0,29.28,63.87,4.58
2019-02-28 10:00:00,0.0,29.96,59.32,4.26
2019-02-28 11:00:00,0.0,30.69,55.2,4.13
2019-02-28 12:00:00,0.0,31.26,53.33,4.3
2019-02-28 13:00:00,0.0,31.48,53.78,4.63
2019-02-28 14:00:00,0.0,31.42,54.82,5.04
2019-02-28 15:00:00,0.0,31.13,56.27,5.34
2019-02-28 16:00:00,0.0,30.64,58.16,5.45
2019-02-28 17:00:00,0.0,29.94,61.1,5.4
2019-02-28 18:00:00,0.0,29.22,64.88,5.22
2019-02-28 19:00:00,0.0,28.73,67.66,4.76
2019-02-28 20:00:00,0.0,28.49,68.95,4.19
2019-02-28 21:00:00,0.0,28.38,69.42,3.75
2019-02-28 22:00:00,0.0,28.28,69.74,3.44
2019-02-28 23:00:00,0.0,28.18,70.05,3.27
2019-03-01 00:00:00,0.0,28.08,70.44,3.29
2019-03-01 01:00:00,0.0,28.0,70.84,3.41
2019-03-01 02:00:00,0.0,27.9,71.38,3.6
2019-03-01 03:00:00,0.0,27.84,71.75,3.82
2019-03-01 04:00:00,0.0,27.82,71.73,3.97
2019-03-01 05:00:00,0.0,27.83,71.36,4.0
2019-03-01 06:00:00,0.0,28.04,69.85,4.23
2019-03-01 07:00:00,0.0,28.62,66.44,4.48
2019-03-01 08:00:00,0.0,29.41,62.07,4.21
2019-03-01 09:00:00,0.0,30.36,57.45,3.76
2019-03-01 10:00:00,0.0,31.24,55.27,3.26
2019-03-01 11:00:00,0.0,31.9,54.27,3.13
2019-03-01 12:00:00,0.0,32.38,52.97,3.52
2019-03-01 13:00:00,0.0,32.51,52.63,4.12
2019-03-01 14:00:00,0.0,32.31,53.61,4.57
2019-03-01 15:00:00,0.0,31.84,55.75,4.77
2019-03-01 16:00:00,0.0,31.23,58.39,4.71
2019-03-01 17:00:00,0.0,30.58,61.0,4.45
2019-03-01 18:00:00,0.0,30.07,62.97,3.95
2019-03-01 19:00:00,0.0,29.77,64.08,3.19
2019-03-01 20:00:00,0.0,29.65,64.27,2.33
2019-03-01 21:00:00,0.0,29.62,64.07,1.68
2019-03-01 22:00:00,0.0,29.6,64.03,1.17
2019-03-01 23:00:00,0.0,29.53,64.04,0.62
2019-03-02 00:00:00,0.01,29.39,64.67,0.19
2019-03-02 01:00:00,0.01,29.24,65.74,0.48
2019-03-02 02:00:00,0.01,29.1,66.85,0.86
2019-03-02 03:00:00,0.01,28.98,67.76,1.13
2019-03-02 04:00:00,0.01,28.89,68.5,1.18
2019-03-02 05:00:00,0.02,28.84,69.0,1.07
2019-03-02 06:00:00,0.01,28.89,68.87,0.92
2019-03-02 07:00:00,0.01,29.24,67.04,0.84
2019-03-02 08:00:00,0.01,29.87,63.29,0.73
2019-03-02 09:00:00,0.01,30.65,60.06,0.41
2019-03-02 10:00:00,0.0,31.52,55.37,0.33
2019-03-02 11:00:00,0.0,32.37,52.22,1.38
2019-03-02 12:00:00,0.0,32.82,52.93,2.61
2019-03-02 13:00:00,0.0,32.98,53.41,3.77
2019-03-02 14:00:00,0.0,32.73,55.31,4.9
2019-03-02 15:00:00,0.0,32.03,58.9,5.96
2019-03-02 16:00:00,0.01,31.04,63.98,6.41
2019-03-02 17:00:00,0.01,30.16,68.52,5.88
2019-03-02 18:00:00,0.04,29.67,70.93,4.85
2019-03-02 19:00:00,0.14,29.52,71.34,3.73
2019-03-02 20:00:00,0.24,29.38,71.79,2.89
2019-03-02 21:00:00,0.26,29.22,72.56,2.47
2019-03-02 22:00:00,0.24,28.98,73.7,2.18
2019-03-02 23:00:00,0.24,28.72,74.74,1.82
2019-03-03 00:00:00,0.28,28.52,75.43,1.51
2019-03-03 01:00:00,0.28,28.35,75.94,1.37
2019-03-03 02:00:00,0.26,28.27,76.06,1.4
2019-03-03 03:00:00,0.24,28.21,76.03,1.42
2019-03-03 04:00:00,0.23,28.22,75.67,1.39
2019-03-03 05:00:00,0.21,28.26,75.13,1.36
2019-03-03 06:00:00,0.19,28.35,74.26,1.36
2019-03-03 07:00:00,0.19,28.61,72.67,1.35
2019-03-03 08:00:00,0.06,29.02,70.24,1.34
2019-03-03 09:00:00,0.06,29.64,66.78,1.35
2019-03-03 10:00:00,0.05,30.46,63.19,1.69
2019-03-03 11:00:00,0.04,31.05,62.69,2.39
2019-03-03 12:00:00,0.03,31.43,61.31,3.34
2019-03-03 13:00:00,0.02,31.5,60.94,4.49
2019-03-03 14:00:00,0.01,31.23,62.13,5.29
2019-03-03 15:00:00,0.01,30.76,64.22,5.63
2019-03-03 16:00:00,0.0,30.17,66.96,5.57
2019-03-03 17:00:00,0.0,29.59,69.48,5.19
2019-03-03 18:00:00,0.01,29.3,70.39,4.55
2019-03-03 19:00:00,0.01,29.22,69.9,3.49
2019-03-03 20:00:00,0.01,29.22,68.98,2.55
2019-03-03 21:00:00,0.01,29.24,68.07,1.75
2019-03-03 22:00:00,0.01,29.24,67.32,1.13
2019-03-03 23:00:00,0.01,29.24,66.77,0.98
2019-03-04 00:00:00,0.02,29.22,66.32,0.79
2019-03-04 01:00:00,0.03,29.15,66.04,0.4
2019-03-04 02:00:00,0.02,29.01,66.43,0.17
2019-03-04 03:00:00,0.02,28.84,67.2,0.34
2019-03-04 04:00:00,0.01,28.68,67.75,0.43
2019-03-04 05:00:00,0.01,28.59,68.27,0.35
2019-03-04 06:00:00,0.01,28.66,68.06,0.45
2019-03-04 07:00:00,0.01,29.04,66.6,0.64
2019-03-04 08:00:00,0.01,29.61,64.18,0.75
2019-03-04 09:00:00,0.01,30.32,60.96,0.69
2019-03-04 10:00:00,0.01,30.88,60.54,0.94
2019-03-04 11:00:00,0.01,31.39,59.41,1.9
2019-03-04 12:00:00,0.01,31.66,59.06,3.02
2019-03-04 13:00:00,0.01,31.51,59.98,4.21
2019-03-04 14:00:00,0.01,31.01,62.48,5.06
2019-03-04 15:00:00,0.01,30.42,65.55,5.33
2019-03-04 16:00:00,0.0,29.84,68.45,5.24
2019-03-04 17:00:00,0.0,29.32,70.81,4.88
2019-03-04 18:00:00,0.01,29.0,72.2,4.34
2019-03-04 19:00:00,0.0,28.83,72.86,3.82
2019-03-04 20:00:00,0.0,28.74,73.14,3.4
2019-03-04 21:00:00,0.0,28.68,73.21,3.07
2019-03-04 22:00:00,0.0,28.58,73.5,2.83
2019-03-04 23:00:00,0.0,28.47,73.76,2.57
2019-03-05 00:00:00,0.0,28.33,74.17,2.32
2019-03-05 01:00:00,0.0,28.19,74.68,2.17
2019-03-05 02:00:00,0.0,28.1,75.21,2.2
2019-03-05 03:00:00,0.0,28.04,75.81,2.37
2019-03-05 04:00:00,0.0,28.0,76.34,2.56
2019-03-05 05:00:00,0.0,28.0,76.56,2.74
2019-03-05 06:00:00,0.0,28.16,76.04,3.1
2019-03-05 07:00:00,0.0,28.61,74.02,3.39
2019-03-05 08:00:00,0.0,29.28,70.59,3.44
2019-03-05 09:00:00,0.0,30.09,65.93,3.42
2019-03-05 10:00:00,0.0,30.91,62.09,3.45
2019-03-05 11:00:00,0.0,31.46,60.69,3.56
2019-03-05 12:00:00,0.0,31.86,59.19,4.06
2019-03-05 13:00:00,0.0,32.03,58.33,4.74
2019-03-05 14:00:00,0.0,31.92,58.49,5.24
2019-03-05 15:00:00,0.0,31.63,59.31,5.58
2019-03-05 16:00:00,0.0,31.13,61.0,5.81
2019-03-05 17:00:00,0.0,30.41,63.82,5.81
2019-03-05 18:00:00,0.0,29.67,67.45,5.53
2019-03-05 19:00:00,0.0,29.22,69.84,5.08
2019-03-05 20:00:00,0.0,28.99,71.23,4.78
2019-03-05 21:00:00,0.0,28.84,72.29,4.63
2019-03-05 22:00:00,0.0,28.69,73.2,4.49
2019-03-05 23:00:00,0.0,28.55,74.08,4.38
2019-03-06 00:00:00,0.0,28.39,75.13,4.33
2019-03-06 01:00:00,0.0,28.23,76.28,4.32
2019-03-06 02:00:00,0.0,28.08,77.47,4.33
2019-03-06 03:00:00,0.0,27.97,78.38,4.31
2019-03-06 04:00:00,0.0,27.86,78.99,4.27
2019-03-06 05:00:00,0.0,27.81,79.11,4.24
2019-03-06 06:00:00,0.0,27.93,78.59,4.41
2019-03-06 07:00:00,0.0,28.41,76.29,4.6
2019-03-06 08:00:00,0.01,29.09,72.8,4.6
2019-03-06 09:00:00,0.0,29.82,68.56,4.61
2019-03-06 10:00:00,0.01,30.55,64.44,4.8
2019-03-06 11:00:00,0.01,31.09,62.28,5.16
2019-03-06 12:00:00,0.02,31.4,61.53,5.65
2019-03-06 13:00:00,0.04,31.49,61.6,6.12
2019-03-06 14:00:00,0.04,31.35,62.43,6.31
2019-03-06 15:00:00,0.03,31.09,63.51,6.25
2019-03-06 16:00:00,0.03,30.7,64.92,5.93
2019-03-06 17:00:00,0.01,30.19,66.65,5.48
2019-03-06 18:00:00,0.02,29.71,68.49,5.03
2019-03-06 19:00:00,0.01,29.42,69.82,4.6
2019-03-06 20:00:00,0.01,29.2,70.89,4.32
2019-03-06 21:00:00,0.01,29.04,71.69,4.19
2019-03-06 22:00:00,0.02,28.89,72.52,4.12
2019-03-06 23:00:00,0.03,28.7,73.5,4.13
2019-03-07 00:00:00,0.03,28.48,74.67,4.18
2019-03-07 01:00:00,0.03,28.26,75.78,4.17
2019-03-07 02:00:00,0.02,28.08,76.72,4.07
2019-03-07 03:00:00,0.02,27.95,77.32,3.82
2019-03-07 04:00:00,0.01,27.86,77.5,3.47
2019-03-07 05:00:00,0.01,27.83,77.3,3.1
2019-03-07 06:00:00,0.01,28.01,76.14,3.04
2019-03-07 07:00:00,0.0,28.5,73.4,2.91
2019-03-07 08:00:00,0.0,29.24,69.21,2.56
2019-03-07 09:00:00,0.0,30.02,65.25,2.38
2019-03-07 10:00:00,0.0,30.81,62.83,2.56
2019-03-07 11:00:00,0.0,31.58,60.82,3.14
2019-03-07 12:00:00,0.0,31.95,59.82,4.06
2019-03-07 13:00:00,0.0,31.86,60.7,4.86
2019-03-07 14:00:00,0.0,31.55,62.18,5.21
2019-03-07 15:00:00,0.0,31.15,63.8,5.09
2019-03-07 16:00:00,0.0,30.68,65.63,4.73
2019-03-07 17:00:00,0.0,30.14,67.44,4.32
2019-03-07 18:00:00,0.0,29.69,68.84,3.94
2019-03-07 19:00:00,0.0,29.38,70.19,3.5
2019-03-07 20:00:00,0.0,29.15,71.21,3.09
2019-03-07 21:00:00,0.0,28.98,71.98,2.77
2019-03-07 22:00:00,0.0,28.78,72.81,2.46
2019-03-07 23:00:00,0.0,28.59,73.67,2.24
2019-03-08 00:00:00,0.01,28.39,74.73,2.18
2019-03-08 01:00:00,0.02,28.22,75.83,2.2
2019-03-08 02:00:00,0.01,28.07,76.77,2.16
2019-03-08 03:00:00,0.02,27.98,77.23,2.02
2019-03-08 04:00:00,0.02,27.9,77.64,1.96
2019-03-08 05:00:00,0.03,27.86,77.92,1.92
2019-03-08 06:00:00,0.04,27.88,78.0,2.07
2019-03-08 07:00:00,0.03,28.12,77.16,2.34
2019-03-08 08:00:00,0.03,28.6,74.93,2.59
2019-03-08 09:00:00,0.03,29.23,72.12,2.8
2019-03-08 10:00:00,0.02,29.86,69.45,3.13
2019-03-08 11:00:00,0.02,30.35,67.58,3.66
2019-03-08 12:00:00,0.01,30.6,66.7,4.3
2019-03-08 13:00:00,0.01,30.59,66.75,4.92
2019-03-08 14:00:00,0.01,30.37,67.45,5.24
2019-03-08 15:00:00,0.01,30.01,68.68,5.27
2019-03-08 16:00:00,0.01,29.55,70.54,5.18
2019-03-08 17:00:00,0.01,29.03,72.67,4.94
2019-03-08 18:00:00,0.01,28.63,74.43,4.65
2019-03-08 19:00:00,0.01,28.43,75.21,4.38
2019-03-08 20:00:00,0.01,28.23,76.02,4.21
2019-03-08 21:00:00,0.01,27.98,77.25,4.07
2019-03-08 22:00:00,0.03,27.78,77.99,3.78
2019-03-08 23:00:00,0.06,27.75,77.9,3.75
2019-03-09 00:00:00,0.09,27.73,77.85,3.83
2019-03-09 01:00:00,0.1,27.69,77.98,3.9
2019-03-09 02:00:00,0.13,27.66,77.98,4.0
2019-03-09 03:00:00,0.16,27.64,78.02,4.06
2019-03-09 04:00:00,0.15,27.64,77.78,3.94
2019-03-09 05:00:00,0.13,27.67,77.42,3.6
2019-03-09 06:00:00,0.11,27.75,76.88,3.37
2019-03-09 07:00:00,0.07,28.03,75.45,3.33
2019-03-09 08:00:00,0.22,28.53,72.81,3.25
2019-03-09 09:00:00,0.17,29.19,69.22,3.11
2019-03-09 10:00:00,0.16,29.85,65.77,2.99
2019-03-09 11:00:00,0.19,30.37,63.85,3.34
2019-03-09 12:00:00,0.26,30.69,63.26,3.93
2019-03-09 13:00:00,0.22,30.75,63.56,4.26
2019-03-09 14:00:00,0.23,30.66,64.14,4.23
2019-03-09 15:00:00,0.26,30.45,65.11,3.96
2019-03-09 16:00:00,0.31,30.15,66.22,3.59
2019-03-09 17:00:00,0.31,29.8,67.07,3.25
2019-03-09 18:00:00,0.35,29.49,68.02,2.87
2019-03-09 19:00:00,0.37,29.28,69.07,2.52
2019-03-09 20:00:00,0.38,29.11,70.2,2.26
2019-03-09 21:00:00,0.43,28.96,71.32,2.12
2019-03-09 22:00:00,0.61,28.77,72.71,1.98
2019-03-09 23:00:00,0.78,28.55,74.17,1.8
2019-03-10 00:00:00,1.11,28.3,75.73,1.62
2019-03-10 01:00:00,1.4,28.08,77.02,1.42
2019-03-10 02:00:00,1.58,27.88,78.31,1.43
2019-03-10 03:00:00,1.44,27.71,79.56,1.53
2019-03-10 04:00:00,1.08,27.57,80.54,1.57
2019-03-10 05:00:00,0.81,27.5,81.01,1.42
2019-03-10 06:00:00,0.54,27.56,80.07,1.18
2019-03-10 07:00:00,0.42,27.78,78.56,0.75
2019-03-10 08:00:00,0.12,28.22,75.99,0.36
2019-03-10 09:00:00,0.06,29.15,70.84,0.42
2019-03-10 10:00:00,0.03,29.99,66.34,0.38
2019-03-10 11:00:00,0.01,30.68,64.6,0.74
2019-03-10 12:00:00,0.01,31.19,63.13,1.46
2019-03-10 13:00:00,0.01,31.46,62.54,2.24
2019-03-10 14:00:00,0.0,31.49,62.05,3.02
2019-03-10 15:00:00,0.0,31.3,62.53,3.62
2019-03-10 16:00:00,0.01,30.87,63.98,4.12
2019-03-10 17:00:00,0.0,30.22,66.99,4.41
2019-03-10 18:00:00,0.01,29.6,70.7,4.34
2019-03-10 19:00:00,0.01,29.24,73.11,3.93
2019-03-10 20:00:00,0.02,29.09,74.3,3.39
2019-03-10 21:00:00,0.04,29.0,74.98,2.87
2019-03-10 22:00:00,0.09,28.87,75.93,2.46
2019-03-10 23:00:00,0.12,28.68,77.19,2.23
2019-03-11 00:00:00,0.14,28.49,78.32,2.19
2019-03-11 01:00:00,0.15,28.29,79.42,2.18
2019-03-11 02:00:00,0.15,28.11,80.36,2.09
2019-03-11 03:00:00,0.13,27.96,80.97,1.96
2019-03-11 04:00:00,0.11,27.83,81.49,1.71
2019-03-11 05:00:00,0.08,27.73,81.95,1.42
2019-03-11 06:00:00,0.08,27.88,79.79,1.25
2019-03-11 07:00:00,0.06,28.15,77.14,1.03
2019-03-11 08:00:00,0.06,28.58,73.86,0.86
2019-03-11 09:00:00,0.04,29.41,68.54,0.7
2019-03-11 10:00:00,0.03,30.37,62.79,0.99
2019-03-11 11:00:00,0.03,31.07,60.29,1.82
2019-03-11 12:00:00,0.03,31.45,60.03,2.8
2019-03-11 13:00:00,0.02,31.64,59.46,3.94
2019-03-11 14:00:00,0.01,31.43,60.48,5.25
2019-03-11 15:00:00,0.01,30.91,63.52,6.16
2019-03-11 16:00:00,0.01,30.25,67.2,6.29
2019-03-11 17:00:00,0.02,29.62,70.4,5.81
2019-03-11 18:00:00,0.01,29.23,72.53,5.1
2019-03-11 19:00:00,0.02,29.07,73.32,4.19
2019-03-11 20:00:00,0.05,28.97,73.57,3.12
2019-03-11 21:00:00,0.09,28.85,73.75,2.16
2019-03-11 22:00:00,0.1,28.74,73.98,1.56
2019-03-11 23:00:00,0.09,28.6,74.58,1.31
2019-03-12 00:00:00,0.05,28.45,75.62,1.24
2019-03-12 01:00:00,0.03,28.32,75.84,1.23
2019-03-12 02:00:00,0.02,28.22,76.3,1.21
2019-03-12 03:00:00,0.01,28.18,75.48,1.16
2019-03-12 04:00:00,0.01,28.14,74.57,1.07
2019-03-12 05:00:00,0.0,27.99,75.5,1.02
2019-03-12 06:00:00,0.0,28.05,74.01,1.13
2019-03-12 07:00:00,0.0,28.56,69.45,1.28
2019-03-12 08:00:00,0.0,29.3,63.8,1.23
2019-03-12 09:00:00,0.0,30.22,56.94,1.1
2019-03-12 10:00:00,0.0,31.12,51.94,0.69
2019-03-12 11:00:00,0.0,31.81,50.39,0.54
2019-03-12 12:00:00,0.0,32.39,49.42,1.35
2019-03-12 13:00:00,0.0,32.67,51.35,2.23
2019-03-12 14:00:00,0.0,32.82,51.87,3.12
2019-03-12 15:00:00,0.0,32.67,53.12,4.08
2019-03-12 16:00:00,0.0,32.11,56.16,4.99
2019-03-12 17:00:00,0.0,31.24,60.85,5.32
2019-03-12 18:00:00,0.0,30.48,65.35,4.86
2019-03-12 19:00:00,0.0,30.04,68.2,4.05
2019-03-12 20:00:00,0.0,29.78,69.73,3.15
2019-03-12 21:00:00,0.0,29.61,70.37,2.29
2019-03-12 22:00:00,0.0,29.45,70.67,1.58
2019-03-12 23:00:00,0.0,29.26,70.7,1.14
2019-03-13 00:00:00,0.0,29.07,70.8,1.04
2019-03-13 01:00:00,0.0,28.86,71.01,1.22
2019-03-13 02:00:00,0.0,28.59,72.07,1.39
2019-03-13 03:00:00,0.0,28.31,72.17,1.47
2019-03-13 04:00:00,0.0,28.08,71.2,1.52
2019-03-13 05:00:00,0.0,27.92,69.08,1.58
2019-03-13 06:00:00,0.0,28.11,65.44,1.63
2019-03-13 07:00:00,0.0,29.09,56.72,1.77
2019-03-13 08:00:00,0.0,30.33,47.96,1.78
2019-03-13 09:00:00,0.0,31.56,41.1,1.84
2019-03-13 10:00:00,0.0,32.34,40.4,1.31
2019-03-13 11:00:00,0.0,32.92,40.63,0.85
2019-03-13 12:00:00,0.0,33.33,41.19,1.61
2019-03-13 13:00:00,0.0,33.46,43.63,2.74
2019-03-13 14:00:00,0.0,33.34,46.22,3.8
2019-03-13 15:00:00,0.0,32.96,48.92,4.85
2019-03-13 16:00:00,0.0,32.16,53.15,5.83
2019-03-13 17:00:00,0.0,31.05,59.41,6.12
2019-03-13 18:00:00,0.0,30.08,65.7,5.69
2019-03-13 19:00:00,0.0,29.62,69.34,4.88
2019-03-13 20:00:00,0.0,29.41,70.7,3.82
2019-03-13 21:00:00,0.0,29.28,71.26,2.9
2019-03-13 22:00:00,0.0,29.16,71.43,2.19
2019-03-13 23:00:00,0.0,29.03,71.65,1.69
2019-03-14 00:00:00,0.0,28.88,72.02,1.42
2019-03-14 01:00:00,0.0,28.76,72.17,1.2
2019-03-14 02:00:00,0.0,28.67,71.99,0.8
2019-03-14 03:00:00,0.0,28.6,71.51,0.3
2019-03-14 04:00:00,0.0,28.47,70.97,0.22
2019-03-14 05:00:00,0.0,28.31,70.27,0.67
2019-03-14 06:00:00,0.0,28.42,68.56,1.21
2019-03-14 07:00:00,0.0,29.16,63.17,1.97
2019-03-14 08:00:00,0.0,30.29,54.73,2.42
2019-03-14 09:00:00,0.0,31.53,45.64,2.73
2019-03-14 10:00:00,0.0,32.5,41.27,2.54
2019-03-14 11:00:00,0.0,33.19,40.09,2.18
2019-03-14 12:00:00,0.0,33.63,40.72,2.07
2019-03-14 13:00:00,0.0,33.93,41.05,2.43
2019-03-14 14:00:00,0.0,33.96,42.44,2.98
2019-03-14 15:00:00,0.0,33.74,44.41,3.55
2019-03-14 16:00:00,0.0,33.15,47.48,4.35
2019-03-14 17:00:00,0.0,32.09,53.03,4.88
2019-03-14 18:00:00,0.0,31.07,58.66,4.82
2019-03-14 19:00:00,0.0,30.43,62.38,4.39
2019-03-14 20:00:00,0.0,30.07,64.6,3.71
2019-03-14 21:00:00,0.0,29.87,65.34,2.97
2019-03-14 22:00:00,0.0,29.72,64.92,2.25
2019-03-14 23:00:00,0.0,29.54,64.18,1.67
2019-03-15 00:00:00,0.0,29.32,64.09,1.2
2019-03-15 01:00:00,0.0,29.08,64.37,0.97
2019-03-15 02:00:00,0.0,28.83,64.68,1.02
2019-03-15 03:00:00,0.0,28.63,64.53,1.1
2019-03-15 04:00:00,0.0,28.46,64.2,1.16
2019-03-15 05:00:00,0.0,28.29,63.83,1.24
2019-03-15 06:00:00,0.0,28.38,62.64,1.36
2019-03-15 07:00:00,0.0,29.14,57.78,1.5
2019-03-15 08:00:00,0.0,30.25,50.3,1.38
2019-03-15 09:00:00,0.0,31.5,43.48,1.58
2019-03-15 10:00:00,0.0,32.26,42.85,1.04
2019-03-15 11:00:00,0.0,32.89,41.57,0.11
2019-03-15 12:00:00,0.0,33.47,39.75,1.25
2019-03-15 13:00:00,0.0,33.59,43.08,2.42
2019-03-15 14:00:00,0.0,33.56,45.26,3.21
2019-03-15 15:00:00,0.0,33.34,47.29,3.9
2019-03-15 16:00:00,0.0,32.75,50.27,4.7
2019-03-15 17:00:00,0.0,31.77,54.8,5.3
2019-03-15 18:00:00,0.0,30.8,60.09,5.22
2019-03-15 19:00:00,0.0,30.21,63.78,4.74
2019-03-15 20:00:00,0.0,29.91,65.71,4.36
2019-03-15 21:00:00,0.0,29.77,66.39,3.94
2019-03-15 22:00:00,0.0,29.65,66.54,3.42
2019-03-15 23:00:00,0.0,29.51,66.24,2.82
2019-03-16 00:00:00,0.0,29.37,65.52,2.19
2019-03-16 01:00:00,0.0,29.2,65.18,1.73
2019-03-16 02:00:00,0.0,29.02,65.59,1.38
2019-03-16 03:00:00,0.0,28.85,66.2,1.01
2019-03-16 04:00:00,0.0,28.7,67.08,0.88
2019-03-16 05:00:00,0.0,28.61,67.6,0.83
2019-03-16 06:00:00,0.0,28.79,67.03,0.91
2019-03-16 07:00:00,0.0,29.33,64.52,1.06
2019-03-16 08:00:00,0.0,30.1,59.77,1.16
2019-03-16 09:00:00,0.0,31.1,52.96,1.13
2019-03-16 10:00:00,0.0,31.92,48.59,0.58
2019-03-16 11:00:00,0.0,32.73,46.04,0.73
2019-03-16 12:00:00,0.0,33.33,45.7,1.91
2019-03-16 13:00:00,0.0,33.52,47.77,3.08
2019-03-16 14:00:00,0.0,33.46,49.0,4.24
2019-03-16 15:00:00,0.0,32.96,51.48,5.62
2019-03-16 16:00:00,0.0,31.92,56.42,6.72
2019-03-16 17:00:00,0.0,30.69,62.89,6.74
2019-03-16 18:00:00,0.0,29.91,66.71,5.93
2019-03-16 19:00:00,0.0,29.65,67.45,4.91
2019-03-16 20:00:00,0.0,29.52,67.44,3.71
2019-03-16 21:00:00,0.0,29.39,67.28,2.56
2019-03-16 22:00:00,0.0,29.27,66.88,1.7
2019-03-16 23:00:00,0.0,29.11,66.79,1.1
2019-03-17 00:00:00,0.0,28.96,66.8,0.58
2019-03-17 01:00:00,0.0,28.82,66.61,0.24
2019-03-17 02:00:00,0.0,28.73,66.32,0.31
2019-03-17 03:00:00,0.0,28.66,66.23,0.47
2019-03-17 04:00:00,0.0,28.61,65.8,0.64
2019-03-17 05:00:00,0.0,28.52,65.75,0.92
2019-03-17 06:00:00,0.0,28.7,64.64,1.39
2019-03-17 07:00:00,0.0,29.28,61.62,1.71
2019-03-17 08:00:00,0.0,30.06,58.04,1.62
2019-03-17 09:00:00,0.0,30.9,54.14,1.15
2019-03-17 10:00:00,0.0,31.64,51.6,0.2
2019-03-17 11:00:00,0.0,32.25,53.13,1.04
2019-03-17 12:00:00,0.0,32.78,53.0,2.17
2019-03-17 13:00:00,0.0,33.0,52.89,3.19
2019-03-17 14:00:00,0.0,32.91,53.72,3.94
2019-03-17 15:00:00,0.0,32.54,55.48,4.53
2019-03-17 16:00:00,0.0,31.91,58.44,5.02
2019-03-17 17:00:00,0.0,31.07,62.6,5.17
2019-03-17 18:00:00,0.0,30.3,66.94,4.87
2019-03-17 19:00:00,0.0,29.87,69.59,4.08
2019-03-17 20:00:00,0.0,29.63,70.77,3.11
2019-03-17 21:00:00,0.01,29.49,71.26,2.39
2019-03-17 22:00:00,0.02,29.33,71.76,1.99
2019-03-17 23:00:00,0.02,29.16,72.34,1.82
2019-03-18 00:00:00,0.04,28.97,73.08,1.72
2019-03-18 01:00:00,0.05,28.77,73.67,1.58
2019-03-18 02:00:00,0.05,28.61,74.12,1.4
2019-03-18 03:00:00,0.05,28.49,74.24,1.22
2019-03-18 04:00:00,0.04,28.43,73.84,1.01
2019-03-18 05:00:00,0.03,28.43,73.2,0.83
2019-03-18 06:00:00,0.03,28.5,72.28,0.83
2019-03-18 07:00:00,0.03,28.78,70.3,0.91
2019-03-18 08:00:00,0.03,29.37,66.86,0.81
2019-03-18 09:00:00,0.02,30.1,62.62,0.36
2019-03-18 10:00:00,0.01,31.03,58.35,0.72
2019-03-18 11:00:00,0.02,31.78,58.23,1.83
2019-03-18 12:00:00,0.01,32.22,57.4,2.97
2019-03-18 13:00:00,0.01,32.39,57.21,3.92
2019-03-18 14:00:00,0.02,32.3,57.89,4.59
2019-03-18 15:00:00,0.04,31.97,59.35,4.94
2019-03-18 16:00:00,0.04,31.49,61.24,4.79
2019-03-18 17:00:00,0.05,30.95,63.08,4.24
2019-03-18 18:00:00,0.07,30.53,64.41,3.55
2019-03-18 19:00:00,0.09,30.29,65.1,2.79
2019-03-18 20:00:00,0.12,30.1,65.78,2.16
2019-03-18 21:00:00,0.16,29.88,66.91,1.69
2019-03-18 22:00:00,0.2,29.66,67.98,1.35
2019-03-18 23:00:00,0.25,29.43,69.12,1.18
2019-03-19 00:00:00,0.27,29.2,70.37,1.22
2019-03-19 01:00:00,0.31,28.97,71.73,1.38
2019-03-19 02:00:00,0.29,28.77,72.81,1.41
2019-03-19 03:00:00,0.31,28.56,73.66,1.23
2019-03-19 04:00:00,0.23,28.4,74.01,0.88
2019-03-19 05:00:00,0.18,28.3,74.07,0.51
2019-03-19 06:00:00,0.15,28.29,73.85,0.43
2019-03-19 07:00:00,0.13,28.47,72.71,0.48
2019-03-19 08:00:00,0.03,28.91,70.36,0.77
2019-03-19 09:00:00,0.01,29.61,66.77,0.91
2019-03-19 10:00:00,0.01,30.32,62.92,0.5
2019-03-19 11:00:00,0.0,31.06,60.88,0.55
2019-03-19 12:00:00,0.0,31.74,59.45,1.45
2019-03-19 13:00:00,0.0,32.19,57.82,2.45
2019-03-19 14:00:00,0.0,32.3,57.41,3.4
2019-03-19 15:00:00,0.01,32.11,58.38,4.19
2019-03-19 16:00:00,0.0,31.62,60.51,4.8
2019-03-19 17:00:00,0.0,30.91,63.74,5.04
2019-03-19 18:00:00,0.0,30.24,67.28,4.86
2019-03-19 19:00:00,0.01,29.86,69.48,4.29
2019-03-19 20:00:00,0.02,29.65,70.61,3.56
2019-03-19 21:00:00,0.03,29.51,71.37,2.99
2019-03-19 22:00:00,0.04,29.33,72.3,2.59
2019-03-19 23:00:00,0.04,29.17,73.09,2.38
2019-03-20 00:00:00,0.05,28.97,74.0,2.27
2019-03-20 01:00:00,0.06,28.75,74.88,2.22
2019-03-20 02:00:00,0.07,28.56,75.47,2.09
2019-03-20 03:00:00,0.08,28.43,75.83,1.92
2019-03-20 04:00:00,0.09,28.37,75.77,1.65
2019-03-20 05:00:00,0.09,28.31,75.76,1.25
2019-03-20 06:00:00,0.1,28.33,75.13,0.85
2019-03-20 07:00:00,0.1,28.49,73.57,0.5
2019-03-20 08:00:00,0.28,28.97,70.41,0.42
2019-03-20 09:00:00,0.21,29.51,67.46,0.61
2019-03-20 10:00:00,0.21,30.11,64.74,1.05
2019-03-20 11:00:00,0.21,30.7,62.32,1.72
2019-03-20 12:00:00,0.16,31.1,61.14,2.52
2019-03-20 13:00:00,0.14,31.34,60.9,3.23
2019-03-20 14:00:00,0.12,31.28,61.51,3.79
2019-03-20 15:00:00,0.1,31.02,62.55,4.17
2019-03-20 16:00:00,0.07,30.63,64.24,4.28
2019-03-20 17:00:00,0.04,30.19,66.17,4.11
2019-03-20 18:00:00,0.02,29.81,68.02,3.71
2019-03-20 19:00:00,0.02,29.63,68.84,3.08
2019-03-20 20:00:00,0.02,29.53,68.98,2.41
2019-03-20 21:00:00,0.02,29.44,68.94,1.78
2019-03-20 22:00:00,0.03,29.39,68.87,1.27
2019-03-20 23:00:00,0.03,29.3,69.11,0.88
2019-03-21 00:00:00,0.03,29.15,69.57,0.59
2019-03-21 01:00:00,0.02,29.0,69.96,0.38
2019-03-21 02:00:00,0.02,28.86,70.18,0.32
2019-03-21 03:00:00,0.02,28.74,70.46,0.54
2019-03-21 04:00:00,0.01,28.61,70.79,0.72
2019-03-21 05:00:00,0.01,28.51,71.01,0.87
2019-03-21 06:00:00,0.0,28.64,70.03,1.2
2019-03-21 07:00:00,0.0,29.13,67.31,1.43
2019-03-21 08:00:00,0.0,29.79,63.41,1.34
2019-03-21 09:00:00,0.0,30.58,58.36,0.99
2019-03-21 10:00:00,0.0,31.32,54.46,0.42
2019-03-21 11:00:00,0.0,31.99,54.28,1.09
2019-03-21 12:00:00,0.0,32.63,52.84,2.27
2019-03-21 13:00:00,0.0,32.95,52.62,3.37
2019-03-21 14:00:00,0.0,32.9,53.81,4.36
2019-03-21 15:00:00,0.0,32.46,56.43,5.27
2019-03-21 16:00:00,0.0,31.66,60.52,5.83
2019-03-21 17:00:00,0.0,30.66,65.63,5.7
2019-03-21 18:00:00,0.0,29.88,69.94,5.1
2019-03-21 19:00:00,0.0,29.56,71.55,4.16
2019-03-21 20:00:00,0.0,29.39,72.02,3.12
2019-03-21 21:00:00,0.0,29.25,72.3,2.37
2019-03-21 22:00:00,0.0,29.1,72.66,1.94
2019-03-21 23:00:00,0.01,28.92,73.26,1.69
2019-03-22 00:00:00,0.01,28.73,73.9,1.58
2019-03-22 01:00:00,0.01,28.54,74.38,1.54
2019-03-22 02:00:00,0.01,28.38,74.71,1.48
2019-03-22 03:00:00,0.01,28.26,74.9,1.37
2019-03-22 04:00:00,0.01,28.2,74.78,1.24
2019-03-22 05:00:00,0.0,28.19,74.39,1.18
2019-03-22 06:00:00,0.0,28.28,73.61,1.34
2019-03-22 07:00:00,0.0,28.64,71.58,1.58
2019-03-22 08:00:00,0.0,29.4,67.76,1.68
2019-03-22 09:00:00,0.0,30.35,62.94,1.47
2019-03-22 10:00:00,0.0,31.31,58.64,1.15
2019-03-22 11:00:00,0.0,32.18,57.08,1.37
2019-03-22 12:00:00,0.0,32.92,55.36,2.28
2019-03-22 13:00:00,0.0,33.31,54.68,3.4
2019-03-22 14:00:00,0.0,33.28,55.15,4.5
2019-03-22 15:00:00,0.0,32.82,57.18,5.46
2019-03-22 16:00:00,0.0,31.96,60.77,6.18
2019-03-22 17:00:00,0.0,30.93,65.21,6.11
2019-03-22 18:00:00,0.0,30.18,68.43,5.39
2019-03-22 19:00:00,0.0,29.89,69.31,4.42
2019-03-22 20:00:00,0.0,29.78,69.17,3.34
2019-03-22 21:00:00,0.0,29.71,68.88,2.5
2019-03-22 22:00:00,0.0,29.64,68.82,2.01
2019-03-22 23:00:00,0.0,29.55,68.99,1.81
2019-03-23 00:00:00,0.0,29.43,69.49,1.77
2019-03-23 01:00:00,0.0,29.3,70.2,1.83
2019-03-23 02:00:00,0.0,29.17,70.86,1.82
2019-03-23 03:00:00,0.0,29.06,71.36,1.75
2019-03-23 04:00:00,0.0,28.99,71.65,1.68
2019-03-23 05:00:00,0.0,28.98,71.67,1.6
2019-03-23 06:00:00,0.0,29.13,70.85,1.67
2019-03-23 07:00:00,0.0,29.31,69.47,1.54
2019-03-23 08:00:00,0.0,29.75,67.39,1.47
2019-03-23 09:00:00,0.0,30.47,64.34,1.56
2019-03-23 10:00:00,0.0,31.25,61.14,1.88
2019-03-23 11:00:00,0.0,31.87,60.47,2.44
2019-03-23 12:00:00,0.0,32.27,59.34,3.33
2019-03-23 13:00:00,0.0,32.39,59.07,4.35
2019-03-23 14:00:00,0.0,32.21,59.75,5.2
2019-03-23 15:00:00,0.0,31.78,61.41,5.71
2019-03-23 16:00:00,0.0,31.11,64.07,5.8
2019-03-23 17:00:00,0.0,30.43,66.79,5.39
2019-03-23 18:00:00,0.0,29.94,68.76,4.62
2019-03-23 19:00:00,0.0,29.71,69.4,3.72
2019-03-23 20:00:00,0.0,29.55,69.71,2.91
2019-03-23 21:00:00,0.0,29.43,69.83,2.2
2019-03-23 22:00:00,0.0,29.31,69.85,1.66
2019-03-23 23:00:00,0.0,29.18,70.05,1.33
2019-03-24 00:00:00,0.0,29.07,70.56,1.2
2019-03-24 01:00:00,0.0,28.94,71.52,1.29
2019-03-24 02:00:00,0.0,28.82,72.67,1.53
2019-03-24 03:00:00,0.0,28.72,73.97,1.92
2019-03-24 04:00:00,0.0,28.64,75.16,2.24
2019-03-24 05:00:00,0.0,28.53,76.39,2.44
2019-03-24 06:00:00,0.0,28.69,76.15,2.78
2019-03-24 07:00:00,0.0,29.1,74.34,2.85
2019-03-24 08:00:00,0.0,29.75,70.43,2.63
2019-03-24 09:00:00,0.0,30.58,64.55,2.21
2019-03-24 10:00:00,0.0,31.43,59.91,1.78
2019-03-24 11:00:00,0.0,32.27,56.49,1.86
2019-03-24 12:00:00,0.0,32.99,53.6,2.62
2019-03-24 13:00:00,0.0,33.34,52.67,3.7
2019-03-24 14:00:00,0.0,33.27,53.6,4.77
2019-03-24 15:00:00,0.0,32.78,55.9,5.78
2019-03-24 16:00:00,0.0,31.93,59.59,6.44
2019-03-24 17:00:00,0.0,30.94,64.1,6.22
2019-03-24 18:00:00,0.0,30.23,67.67,5.39
2019-03-24 19:00:00,0.0,29.93,69.03,4.24
2019-03-24 20:00:00,0.0,29.81,69.11,3.12
2019-03-24 21:00:00,0.0,29.74,68.89,2.32
2019-03-24 22:00:00,0.0,29.62,69.17,1.93
2019-03-24 23:00:00,0.0,29.48,69.77,1.66
2019-03-25 00:00:00,0.0,29.32,70.32,1.32
2019-03-25 01:00:00,0.0,29.17,70.68,0.97
2019-03-25 02:00:00,0.0,29.07,70.86,0.78
2019-03-25 03:00:00,0.0,29.01,70.71,0.58
2019-03-25 04:00:00,0.0,28.97,70.71,0.47
2019-03-25 05:00:00,0.0,28.91,70.89,0.81
2019-03-25 06:00:00,0.0,29.11,69.86,1.34
2019-03-25 07:00:00,0.0,29.8,65.75,1.68
2019-03-25 08:00:00,0.0,30.87,57.99,1.64
2019-03-25 09:00:00,0.0,31.97,52.23,1.28
2019-03-25 10:00:00,0.0,32.89,49.21,0.8
2019-03-25 11:00:00,0.0,33.71,46.95,1.28
2019-03-25 12:00:00,0.0,34.29,46.45,2.38
2019-03-25 13:00:00,0.0,34.53,46.99,3.42
2019-03-25 14:00:00,0.0,34.42,48.35,4.5
2019-03-25 15:00:00,0.0,33.83,51.84,5.6
2019-03-25 16:00:00,0.0,32.81,57.27,6.47
2019-03-25 17:00:00,0.0,31.54,64.33,6.83
2019-03-25 18:00:00,0.0,30.52,70.42,6.48
2019-03-25 19:00:00,0.0,30.12,72.7,5.73
2019-03-25 20:00:00,0.0,29.99,73.24,4.93
2019-03-25 21:00:00,0.0,29.91,73.39,4.23
2019-03-25 22:00:00,0.0,29.76,74.02,3.65
2019-03-25 23:00:00,0.0,29.53,74.95,3.25
2019-03-26 00:00:00,0.0,29.29,75.89,2.95
2019-03-26 01:00:00,0.0,29.1,76.43,2.72
2019-03-26 02:00:00,0.0,28.94,76.24,2.24
2019-03-26 03:00:00,0.0,28.88,75.32,1.6
2019-03-26 04:00:00,0.0,28.91,74.19,1.0
2019-03-26 05:00:00,0.0,28.98,72.88,0.37
2019-03-26 06:00:00,0.0,29.2,71.09,0.25
2019-03-26 07:00:00,0.0,29.74,67.75,0.82
2019-03-26 08:00:00,0.0,30.59,61.6,1.01
2019-03-26 09:00:00,0.0,31.58,54.69,0.89
2019-03-26 10:00:00,0.0,32.43,51.01,0.66
2019-03-26 11:00:00,0.0,33.11,50.9,1.32
2019-03-26 12:00:00,0.0,33.74,49.83,2.5
2019-03-26 13:00:00,0.0,34.07,49.14,3.72
2019-03-26 14:00:00,0.0,33.96,50.12,4.81
2019-03-26 15:00:00,0.0,33.41,53.1,5.83
2019-03-26 16:00:00,0.0,32.47,58.15,6.48
2019-03-26 17:00:00,0.0,31.37,64.16,6.43
2019-03-26 18:00:00,0.0,30.56,68.46,5.83
2019-03-26 19:00:00,0.0,30.22,70.11,4.93
2019-03-26 20:00:00,0.0,30.05,70.37,4.0
2019-03-26 21:00:00,0.0,29.98,69.88,3.26
2019-03-26 22:00:00,0.0,29.92,69.52,2.78
2019-03-26 23:00:00,0.0,29.89,68.92,2.37
2019-03-27 00:00:00,0.0,29.84,68.13,1.92
2019-03-27 01:00:00,0.0,29.76,67.41,1.43
2019-03-27 02:00:00,0.0,29.69,66.91,1.21
2019-03-27 03:00:00,0.0,29.62,66.61,1.06
2019-03-27 04:00:00,0.0,29.54,66.27,0.73
2019-03-27 05:00:00,0.0,29.47,65.85,0.5
2019-03-27 06:00:00,0.0,29.57,64.88,0.36
2019-03-27 07:00:00,0.0,29.91,62.89,0.4
2019-03-27 08:00:00,0.0,30.51,59.92,0.66
2019-03-27 09:00:00,0.0,31.28,56.47,1.08
2019-03-27 10:00:00,0.0,32.03,53.72,1.77
2019-03-27 11:00:00,0.0,32.62,53.13,2.66
2019-03-27 12:00:00,0.0,32.93,54.17,3.65
2019-03-27 13:00:00,0.0,32.97,55.13,4.79
2019-03-27 14:00:00,0.0,32.62,57.67,5.82
2019-03-27 15:00:00,0.0,31.98,61.99,6.58
2019-03-27 16:00:00,0.0,31.24,66.33,6.85
2019-03-27 17:00:00,0.0,30.56,69.98,6.59
2019-03-27 18:00:00,0.0,30.11,72.91,5.99
2019-03-27 19:00:00,0.0,29.92,74.49,5.25
2019-03-27 20:00:00,0.0,29.78,75.65,4.49
2019-03-27 21:00:00,0.0,29.63,76.72,3.91
2019-03-27 22:00:00,0.0,29.5,77.52,3.54
2019-03-27 23:00:00,0.0,29.33,78.2,3.41
2019-03-28 00:00:00,0.0,29.14,78.69,3.36
2019-03-28 01:00:00,0.0,28.92,79.67,3.43
2019-03-28 02:00:00,0.0,28.79,79.92,3.62
2019-03-28 03:00:00,0.0,28.76,80.01,3.78
2019-03-28 04:00:00,0.0,28.82,79.69,3.78
2019-03-28 05:00:00,0.0,28.89,79.14,3.58
2019-03-28 06:00:00,0.0,29.08,77.78,3.4
2019-03-28 07:00:00,0.0,29.52,75.01,3.21
2019-03-28 08:00:00,0.0,30.19,70.98,2.93
2019-03-28 09:00:00,0.0,31.08,65.97,2.66
2019-03-28 10:00:00,0.0,31.95,62.44,2.55
2019-03-28 11:00:00,0.0,32.64,60.14,2.8
2019-03-28 12:00:00,0.0,33.18,57.66,3.45
2019-03-28 13:00:00,0.0,33.49,56.43,4.24
2019-03-28 14:00:00,0.0,33.42,57.06,5.04
2019-03-28 15:00:00,0.0,32.95,59.55,5.79
2019-03-28 16:00:00,0.0,32.11,63.64,6.45
2019-03-28 17:00:00,0.0,31.02,69.27,6.53
2019-03-28 18:00:00,0.0,30.16,74.1,6.0
2019-03-28 19:00:00,0.0,29.71,76.43,5.05
2019-03-28 20:00:00,0.0,29.48,77.35,4.02
2019-03-28 21:00:00,0.0,29.29,77.91,3.3
2019-03-28 22:00:00,0.0,29.13,78.26,2.92
2019-03-28 23:00:00,0.01,28.96,78.38,2.59
2019-03-29 00:00:00,0.01,28.76,78.83,2.43
2019-03-29 01:00:00,0.01,28.59,79.67,2.61
2019-03-29 02:00:00,0.01,28.47,80.43,2.92
2019-03-29 03:00:00,0.0,28.44,80.73,3.23
2019-03-29 04:00:00,0.0,28.42,81.01,3.4
2019-03-29 05:00:00,0.0,28.46,80.92,3.49
2019-03-29 06:00:00,0.0,28.69,79.72,3.64
2019-03-29 07:00:00,0.0,29.24,76.74,3.64
2019-03-29 08:00:00,0.0,29.97,72.68,3.44
2019-03-29 09:00:00,0.0,30.78,67.97,3.23
2019-03-29 10:00:00,0.0,31.48,63.43,3.16
2019-03-29 11:00:00,0.0,31.98,61.0,3.48
2019-03-29 12:00:00,0.0,32.27,60.76,4.25
2019-03-29 13:00:00,0.0,32.29,61.18,5.16
2019-03-29 14:00:00,0.0,32.05,62.53,5.86
2019-03-29 15:00:00,0.0,31.58,65.07,6.41
2019-03-29 16:00:00,0.0,30.95,68.47,6.61
2019-03-29 17:00:00,0.0,30.33,71.89,6.4
2019-03-29 18:00:00,0.0,29.83,74.87,5.9
2019-03-29 19:00:00,0.0,29.58,76.38,5.28
2019-03-29 20:00:00,0.0,29.41,77.12,4.56
2019-03-29 21:00:00,0.0,29.32,77.14,3.81
2019-03-29 22:00:00,0.0,29.2,77.2,3.19
2019-03-29 23:00:00,0.0,29.06,77.26,2.82
2019-03-30 00:00:00,0.0,28.93,77.49,2.71
2019-03-30 01:00:00,0.0,28.81,77.89,2.8
2019-03-30 02:00:00,0.0,28.69,78.52,2.91
2019-03-30 03:00:00,0.0,28.63,78.63,3.0
2019-03-30 04:00:00,0.0,28.62,78.58,3.03
2019-03-30 05:00:00,0.0,28.61,78.52,3.02
2019-03-30 06:00:00,0.0,28.83,77.27,3.24
2019-03-30 07:00:00,0.0,29.35,74.5,3.26
2019-03-30 08:00:00,0.0,30.14,69.3,2.87
2019-03-30 09:00:00,0.0,31.12,61.87,2.22
2019-03-30 10:00:00,0.0,32.01,57.15,1.89
2019-03-30 11:00:00,0.0,32.73,55.63,2.41
2019-03-30 12:00:00,0.0,33.23,54.12,3.51
2019-03-30 13:00:00,0.0,33.32,54.6,4.81
2019-03-30 14:00:00,0.0,32.95,57.04,6.15
2019-03-30 15:00:00,0.0,32.17,61.35,7.08
2019-03-30 16:00:00,0.0,31.29,65.9,7.13
2019-03-30 17:00:00,0.0,30.57,69.51,6.5
2019-03-30 18:00:00,0.0,30.04,72.4,5.62
2019-03-30 19:00:00,0.0,29.78,73.95,4.74
2019-03-30 20:00:00,0.0,29.65,74.45,3.96
2019-03-30 21:00:00,0.0,29.54,74.64,3.38
2019-03-30 22:00:00,0.0,29.41,74.96,3.02
2019-03-30 23:00:00,0.0,29.28,75.37,2.83
2019-03-31 00:00:00,0.0,29.14,75.96,2.76
2019-03-31 01:00:00,0.0,29.01,76.56,2.77
2019-03-31 02:00:00,0.0,28.9,77.03,2.77
2019-03-31 03:00:00,0.0,28.82,77.3,2.77
2019-03-31 04:00:00,0.0,28.75,77.57,2.73
2019-03-31 05:00:00,0.0,28.71,77.75,2.67
2019-03-31 06:00:00,0.0,28.9,76.72,2.86
2019-03-31 07:00:00,0.0,29.33,74.42,2.92
2019-03-31 08:00:00,0.0,29.98,70.56,2.89
2019-03-31 09:00:00,0.0,30.89,64.85,2.9
2019-03-31 10:00:00,0.0,31.66,60.88,3.07
2019-03-31 11:00:00,0.0,32.19,58.64,3.48
2019-03-31 12:00:00,0.0,32.42,58.09,4.04
2019-03-31 13:00:00,0.0,32.41,58.49,4.71
2019-03-31 14:00:00,0.0,32.19,59.43,5.2
2019-03-31 15:00:00,0.0,31.87,60.77,5.4
2019-03-31 16:00:00,0.0,31.41,62.61,5.35
2019-03-31 17:00:00,0.0,30.88,64.81,5.08
2019-03-31 18:00:00,0.0,30.39,67.28,4.62
2019-03-31 19:00:00,0.0,30.1,69.04,4.1
2019-03-31 20:00:00,0.0,29.91,70.42,3.62
2019-03-31 21:00:00,0.0,29.76,71.49,3.26
2019-03-31 22:00:00,0.0,29.62,72.4,3.03
2019-03-31 23:00:00,0.0,29.47,73.37,2.9
2019-04-01 00:00:00,0.0,29.29,74.39,2.84
2019-04-01 01:00:00,0.0,29.15,74.93,2.82
2019-04-01 02:00:00,0.0,29.06,74.97,2.78
2019-04-01 03:00:00,0.0,28.99,74.88,2.65
2019-04-01 04:00:00,0.0,28.97,74.59,2.48
2019-04-01 05:00:00,0.01,28.93,74.49,2.35
2019-04-01 06:00:00,0.01,29.12,73.54,2.54
2019-04-01 07:00:00,0.01,29.6,71.37,2.69
2019-04-01 08:00:00,0.01,30.26,68.34,2.68
2019-04-01 09:00:00,0.01,30.99,64.47,2.72
2019-04-01 10:00:00,0.01,31.76,60.7,3.02
2019-04-01 11:00:00,0.01,32.34,58.95,3.66
2019-04-01 12:00:00,0.01,32.56,58.61,4.5
2019-04-01 13:00:00,0.02,32.45,59.4,5.37
2019-04-01 14:00:00,0.01,32.09,61.31,6.18
2019-04-01 15:00:00,0.01,31.5,64.13,6.73
2019-04-01 16:00:00,0.0,30.89,67.04,6.71
2019-04-01 17:00:00,0.0,30.32,69.74,6.19
2019-04-01 18:00:00,0.0,29.85,72.4,5.51
2019-04-01 19:00:00,0.01,29.64,73.74,4.94
2019-04-01 20:00:00,0.01,29.52,74.3,4.24
2019-04-01 21:00:00,0.01,29.42,74.53,3.56
2019-04-01 22:00:00,0.01,29.31,74.63,3.04
2019-04-01 23:00:00,0.02,29.18,74.84,2.69
2019-04-02 00:00:00,0.03,29.05,75.14,2.52
2019-04-02 01:00:00,0.03,28.91,75.52,2.41
2019-04-02 02:00:00,0.02,28.79,75.89,2.34
2019-04-02 03:00:00,0.03,28.72,76.03,2.26
2019-04-02 04:00:00,0.02,28.68,75.82,2.18
2019-04-02 05:00:00,0.01,28.7,75.18,2.01
2019-04-02 06:00:00,0.01,28.9,73.79,2.14
2019-04-02 07:00:00,0.01,29.34,71.5,2.12
2019-04-02 08:00:00,0.01,29.97,68.67,2.19
2019-04-02 09:00:00,0.01,30.73,65.07,2.45
2019-04-02 10:00:00,0.01,31.47,61.79,2.98
2019-04-02 11:00:00,0.01,32.01,59.9,3.73
2019-04-02 12:00:00,0.02,32.2,59.78,4.61
2019-04-02 13:00:00,0.03,32.12,60.68,5.41
2019-04-02 14:00:00,0.04,31.83,62.09,5.98
2019-04-02 15:00:00,0.04,31.46,63.49,6.28
2019-04-02 16:00:00,0.02,30.98,65.6,6.28
2019-04-02 17:00:00,0.01,30.47,68.01,5.94
2019-04-02 18:00:00,0.01,30.04,70.21,5.38
2019-04-02 19:00:00,0.01,29.83,71.31,4.66
2019-04-02 20:00:00,0.01,29.71,71.93,3.82
2019-04-02 21:00:00,0.01,29.6,72.33,3.05
2019-04-02 22:00:00,0.02,29.5,72.73,2.57
2019-04-02 23:00:00,0.01,29.37,73.42,2.35
2019-04-03 00:00:00,0.01,29.21,74.42,2.25
2019-04-03 01:00:00,0.01,29.07,75.2,2.09
2019-04-03 02:00:00,0.01,28.95,75.82,2.0
2019-04-03 03:00:00,0.02,28.86,76.31,1.85
2019-04-03 04:00:00,0.03,28.77,76.72,1.63
2019-04-03 05:00:00,0.03,28.73,76.67,1.43
2019-04-03 06:00:00,0.04,28.93,75.53,1.4
2019-04-03 07:00:00,0.04,29.29,73.66,1.33
2019-04-03 08:00:00,0.04,29.81,70.59,1.28
2019-04-03 09:00:00,0.04,30.6,65.95,1.33
2019-04-03 10:00:00,0.03,31.44,61.38,1.59
2019-04-03 11:00:00,0.03,32.16,59.39,2.14
2019-04-03 12:00:00,0.02,32.62,58.66,2.98
2019-04-03 13:00:00,0.03,32.82,58.22,3.98
2019-04-03 14:00:00,0.03,32.76,58.73,4.89
2019-04-03 15:00:00,0.04,32.42,60.24,5.56
2019-04-03 16:00:00,0.04,31.88,62.6,5.74
2019-04-03 17:00:00,0.05,31.27,65.37,5.4
2019-04-03 18:00:00,0.06,30.7,68.65,4.94
2019-04-03 19:00:00,0.07,30.37,70.98,4.39
2019-04-03 20:00:00,0.11,30.17,72.57,4.04
2019-04-03 21:00:00,0.09,29.91,74.3,3.77
2019-04-03 22:00:00,0.08,29.67,75.75,3.58
2019-04-03 23:00:00,0.07,29.4,77.25,3.5
2019-04-04 00:00:00,0.07,29.12,78.49,3.37
2019-04-04 01:00:00,0.08,28.9,79.08,3.08
2019-04-04 02:00:00,0.09,28.69,79.38,2.68
2019-04-04 03:00:00,0.1,28.5,79.62,2.37
2019-04-04 04:00:00,0.1,28.33,79.77,2.24
2019-04-04 05:00:00,0.1,28.21,79.82,2.25
2019-04-04 06:00:00,0.08,28.2,79.24,2.34
2019-04-04 07:00:00,0.07,28.35,77.48,2.33
2019-04-04 08:00:00,0.09,28.86,73.96,2.26
2019-04-04 09:00:00,0.07,29.71,68.87,2.12
2019-04-04 10:00:00,0.06,30.55,63.75,2.08
2019-04-04 11:00:00,0.05,31.28,59.73,2.37
2019-04-04 12:00:00,0.04,31.74,58.01,3.12
2019-04-04 13:00:00,0.04,31.86,58.2,4.03
2019-04-04 14:00:00,0.04,31.76,59.49,4.79
2019-04-04 15:00:00,0.06,31.45,61.45,5.2
2019-04-04 16:00:00,0.07,30.95,64.19,5.35
2019-04-04 17:00:00,0.08,30.28,67.58,5.14
2019-04-04 18:00:00,0.13,29.8,70.21,4.6
2019-04-04 19:00:00,0.18,29.62,71.08,3.93
2019-04-04 20:00:00,0.3,29.52,71.39,3.39
2019-04-04 21:00:00,0.38,29.43,71.48,2.92
2019-04-04 22:00:00,0.42,29.33,71.47,2.52
2019-04-04 23:00:00,0.35,29.25,71.4,2.26
2019-04-05 00:00:00,0.3,29.16,71.45,2.13
2019-04-05 01:00:00,0.27,29.07,71.37,2.03
2019-04-05 02:00:00,0.19,29.0,71.11,1.82
2019-04-05 03:00:00,0.12,28.98,70.39,1.5
2019-04-05 04:00:00,0.07,29.0,69.62,1.16
2019-04-05 05:00:00,0.04,29.04,69.1,0.87
2019-04-05 06:00:00,0.03,29.22,67.93,0.78
2019-04-05 07:00:00,0.05,29.58,66.21,0.7
2019-04-05 08:00:00,0.01,30.13,63.72,0.57
2019-04-05 09:00:00,0.01,30.86,60.49,0.72
2019-04-05 10:00:00,0.01,31.57,57.42,1.27
2019-04-05 11:00:00,0.01,32.19,55.5,2.08
2019-04-05 12:00:00,0.01,32.59,54.94,2.97
2019-04-05 13:00:00,0.01,32.71,55.34,3.82
2019-04-05 14:00:00,0.0,32.61,56.48,4.5
2019-04-05 15:00:00,0.01,32.26,58.44,4.86
2019-04-05 16:00:00,0.01,31.74,60.9,4.8
2019-04-05 17:00:00,0.01,31.21,63.15,4.32
2019-04-05 18:00:00,0.01,30.76,65.1,3.75
2019-04-05 19:00:00,0.01,30.54,65.99,3.19
2019-04-05 20:00:00,0.02,30.38,66.53,2.69
2019-04-05 21:00:00,0.02,30.21,67.17,2.32
2019-04-05 22:00:00,0.03,30.03,67.89,2.11
2019-04-05 23:00:00,0.04,29.84,68.75,2.0
2019-04-06 00:00:00,0.08,29.64,69.68,1.96
2019-04-06 01:00:00,0.11,29.45,70.78,2.08
2019-04-06 02:00:00,0.12,29.32,71.91,2.34
2019-04-06 03:00:00,0.13,29.19,73.16,2.61
2019-04-06 04:00:00,0.13,29.13,74.04,2.77
2019-04-06 05:00:00,0.02,29.11,74.6,2.89
2019-04-06 06:00:00,0.02,29.28,74.03,3.08
2019-04-06 07:00:00,0.01,29.6,72.76,3.31
2019-04-06 08:00:00,0.01,30.12,70.68,3.46
2019-04-06 09:00:00,0.01,30.73,68.04,3.6
2019-04-06 10:00:00,0.01,31.29,65.49,3.84
2019-04-06 11:00:00,0.01,31.79,63.17,4.21
2019-04-06 12:00:00,0.01,32.08,61.98,4.72
2019-04-06 13:00:00,0.01,32.21,61.75,5.25
2019-04-06 14:00:00,0.01,32.24,62.02,5.72
2019-04-06 15:00:00,0.0,31.88,64.24,6.25
2019-04-06 16:00:00,0.0,31.26,67.55,6.51
2019-04-06 17:00:00,0.0,30.65,70.79,6.28
2019-04-06 18:00:00,0.01,30.2,73.4,5.67
2019-04-06 19:00:00,0.01,30.0,74.65,4.95
2019-04-06 20:00:00,0.01,29.88,75.38,4.17
2019-04-06 21:00:00,0.01,29.76,75.86,3.42
2019-04-06 22:00:00,0.01,29.62,76.35,2.9
2019-04-06 23:00:00,0.01,29.45,77.13,2.71
2019-04-07 00:00:00,0.02,29.3,77.97,2.8
2019-04-07 01:00:00,0.02,29.18,78.76,3.0
2019-04-07 02:00:00,0.02,29.1,79.26,3.16
2019-04-07 03:00:00,0.01,29.06,79.38,3.25
2019-04-07 04:00:00,0.01,29.03,79.21,3.23
2019-04-07 05:00:00,0.01,29.05,78.58,3.17
2019-04-07 06:00:00,0.01,29.23,77.28,3.26
2019-04-07 07:00:00,0.01,29.63,74.82,3.23
2019-04-07 08:00:00,0.0,30.24,71.39,3.06
2019-04-07 09:00:00,0.0,30.97,67.26,2.88
2019-04-07 10:00:00,0.0,31.78,62.81,2.77
2019-04-07 11:00:00,0.0,32.46,60.21,2.93
2019-04-07 12:00:00,0.0,32.93,59.09,3.51
2019-04-07 13:00:00,0.0,33.13,58.29,4.34
2019-04-07 14:00:00,0.0,33.03,58.77,5.17
2019-04-07 15:00:00,0.0,32.64,60.47,5.81
2019-04-07 16:00:00,0.0,32.03,63.09,6.15
2019-04-07 17:00:00,0.0,31.3,66.38,6.08
2019-04-07 18:00:00,0.0,30.67,69.79,5.69
2019-04-07 19:00:00,0.0,30.34,71.69,5.06
2019-04-07 20:00:00,0.0,30.17,72.45,4.19
2019-04-07 21:00:00,0.0,30.03,72.86,3.32
2019-04-07 22:00:00,0.01,29.92,73.2,2.76
2019-04-07 23:00:00,0.01,29.78,73.81,2.49
2019-04-08 00:00:00,0.01,29.65,74.61,2.49
2019-04-08 01:00:00,0.01,29.51,75.69,2.66
2019-04-08 02:00:00,0.01,29.36,76.89,2.77
2019-04-08 03:00:00,0.01,29.22,77.92,2.72
2019-04-08 04:00:00,0.01,29.11,78.66,2.55
2019-04-08 05:00:00,0.01,29.05,78.84,2.25
2019-04-08 06:00:00,0.01,29.17,77.66,2.04
2019-04-08 07:00:00,0.01,29.51,75.07,1.63
2019-04-08 08:00:00,0.01,30.07,70.99,1.11
2019-04-08 09:00:00,0.01,30.8,65.87,0.75
2019-04-08 10:00:00,0.01,31.73,60.98,1.37
2019-04-08 11:00:00,0.0,32.35,60.06,2.26
2019-04-08 12:00:00,0.0,32.71,59.2,3.24
2019-04-08 13:00:00,0.0,32.78,59.03,4.2
2019-04-08 14:00:00,0.0,32.58,59.98,5.14
2019-04-08 15:00:00,0.0,32.06,62.55,5.91
2019-04-08 16:00:00,0.0,31.3,66.33,6.19
2019-04-08 17:00:00,0.0,30.58,70.05,5.79
2019-04-08 18:00:00,0.0,30.08,72.64,4.98
2019-04-08 19:00:00,0.01,29.83,73.69,4.14
2019-04-08 20:00:00,0.01,29.7,74.14,3.49
2019-04-08 21:00:00,0.01,29.63,74.43,3.05
2019-04-08 22:00:00,0.01,29.54,74.81,2.89
2019-04-08 23:00:00,0.01,29.42,75.49,2.88
2019-04-09 00:00:00,0.01,29.32,76.03,2.95
2019-04-09 01:00:00,0.01,29.24,76.24,3.01
2019-04-09 02:00:00,0.01,29.19,75.92,2.95
2019-04-09 03:00:00,0.01,29.14,75.67,2.78
2019-04-09 04:00:00,0.01,29.09,75.57,2.54
2019-04-09 05:00:00,0.0,29.07,75.31,2.3
2019-04-09 06:00:00,0.0,29.22,74.45,2.34
2019-04-09 07:00:00,0.0,29.59,72.4,2.36
2019-04-09 08:00:00,0.04,30.13,69.63,2.4
2019-04-09 09:00:00,0.03,30.82,66.08,2.41
2019-04-09 10:00:00,0.03,31.48,62.97,2.68
2019-04-09 11:00:00,0.05,31.99,60.96,3.16
2019-04-09 12:00:00,0.07,32.32,60.33,3.8
2019-04-09 13:00:00,0.09,32.44,60.48,4.49
2019-04-09 14:00:00,0.08,32.19,62.06,5.39
2019-04-09 15:00:00,0.06,31.65,64.85,5.91
2019-04-09 16:00:00,0.06,31.08,67.53,5.77
2019-04-09 17:00:00,0.04,30.59,69.74,5.24
2019-04-09 18:00:00,0.05,30.21,71.51,4.54
2019-04-09 19:00:00,0.06,30.01,72.47,3.94
2019-04-09 20:00:00,0.07,29.89,72.86,3.23
2019-04-09 21:00:00,0.07,29.8,72.93,2.55
2019-04-09 22:00:00,0.07,29.72,73.04,2.15
2019-04-09 23:00:00,0.08,29.63,73.42,2.01
2019-04-10 00:00:00,0.07,29.51,74.08,2.03
2019-04-10 01:00:00,0.06,29.4,74.77,2.04
2019-04-10 02:00:00,0.05,29.3,75.33,2.05
2019-04-10 03:00:00,0.04,29.22,75.56,1.93
2019-04-10 04:00:00,0.04,29.13,75.78,1.69
2019-04-10 05:00:00,0.03,29.11,75.64,1.45
2019-04-10 06:00:00,0.03,29.29,74.56,1.57
2019-04-10 07:00:00,0.03,29.73,72.33,1.53
2019-04-10 08:00:00,0.0,30.38,68.91,1.24
2019-04-10 09:00:00,0.0,31.16,64.5,0.81
2019-04-10 10:00:00,0.0,32.04,61.3,1.01
2019-04-10 11:00:00,0.0,32.77,59.89,1.87
2019-04-10 12:00:00,0.0,33.24,58.36,3.06
2019-04-10 13:00:00,0.0,33.39,58.3,4.27
2019-04-10 14:00:00,0.0,33.12,59.59,5.4
2019-04-10 15:00:00,0.0,32.5,62.41,6.26
2019-04-10 16:00:00,0.0,31.71,66.05,6.33
2019-04-10 17:00:00,0.01,31.01,69.16,5.66
2019-04-10 18:00:00,0.01,30.5,71.48,4.8
2019-04-10 19:00:00,0.01,30.26,72.61,3.98
2019-04-10 20:00:00,0.01,30.12,73.32,3.4
2019-04-10 21:00:00,0.01,30.02,73.9,3.07
2019-04-10 22:00:00,0.01,29.91,74.68,2.95
2019-04-10 23:00:00,0.01,29.76,75.75,2.95
2019-04-11 00:00:00,0.01,29.6,76.71,2.88
2019-04-11 01:00:00,0.01,29.46,77.28,2.69
2019-04-11 02:00:00,0.01,29.34,77.35,2.48
2019-04-11 03:00:00,0.01,29.27,77.42,2.36
2019-04-11 04:00:00,0.01,29.21,77.55,2.27
2019-04-11 05:00:00,0.02,29.18,77.61,2.28
2019-04-11 06:00:00,0.01,29.3,76.93,2.46
2019-04-11 07:00:00,0.01,29.64,75.15,2.64
2019-04-11 08:00:00,0.01,30.16,72.43,2.68
2019-04-11 09:00:00,0.01,30.78,69.15,2.54
2019-04-11 10:00:00,0.01,31.37,66.01,2.56
2019-04-11 11:00:00,0.01,31.89,63.71,2.98
2019-04-11 12:00:00,0.0,32.21,62.62,3.64
2019-04-11 13:00:00,0.0,32.27,62.7,4.26
2019-04-11 14:00:00,0.0,32.17,63.5,4.67
2019-04-11 15:00:00,0.01,31.94,64.83,4.98
2019-04-11 16:00:00,0.0,31.5,67.11,5.21
2019-04-11 17:00:00,0.0,30.95,69.94,5.16
2019-04-11 18:00:00,0.0,30.49,72.39,4.79
2019-04-11 19:00:00,0.0,30.26,73.82,4.27
2019-04-11 20:00:00,0.01,30.1,74.69,3.75
2019-04-11 21:00:00,0.01,29.98,75.35,3.31
2019-04-11 22:00:00,0.01,29.85,76.13,3.13
2019-04-11 23:00:00,0.01,29.75,76.83,3.23
2019-04-12 00:00:00,0.01,29.66,77.48,3.41
2019-04-12 01:00:00,0.01,29.58,77.9,3.58
2019-04-12 02:00:00,0.01,29.5,78.18,3.6
2019-04-12 03:00:00,0.01,29.46,78.06,3.45
2019-04-12 04:00:00,0.01,29.41,77.94,3.16
2019-04-12 05:00:00,0.01,29.36,77.94,2.79
2019-04-12 06:00:00,0.01,29.53,76.9,2.81
2019-04-12 07:00:00,0.01,30.01,73.98,2.68
2019-04-12 08:00:00,0.01,30.68,70.13,2.45
2019-04-12 09:00:00,0.01,31.47,65.64,2.25
2019-04-12 10:00:00,0.01,32.26,62.26,2.3
2019-04-12 11:00:00,0.0,32.86,61.1,2.79
2019-04-12 12:00:00,0.0,33.22,59.6,3.69
2019-04-12 13:00:00,0.0,33.2,59.54,4.63
2019-04-12 14:00:00,0.0,32.95,60.49,5.39
2019-04-12 15:00:00,0.0,32.49,62.53,5.91
2019-04-12 16:00:00,0.0,31.85,65.43,6.06
2019-04-12 17:00:00,0.0,31.2,68.3,5.71
2019-04-12 18:00:00,0.0,30.71,70.71,5.05
2019-04-12 19:00:00,0.0,30.46,72.01,4.26
2019-04-12 20:00:00,0.0,30.33,72.38,3.49
2019-04-12 21:00:00,0.01,30.23,72.54,2.84
2019-04-12 22:00:00,0.01,30.15,72.73,2.46
2019-04-12 23:00:00,0.01,30.03,73.27,2.27
2019-04-13 00:00:00,0.01,29.9,74.02,2.27
2019-04-13 01:00:00,0.01,29.76,75.18,2.41
2019-04-13 02:00:00,0.01,29.6,76.57,2.57
2019-04-13 03:00:00,0.01,29.46,77.8,2.65
2019-04-13 04:00:00,0.01,29.35,78.56,2.61
2019-04-13 05:00:00,0.01,29.29,78.83,2.5
2019-04-13 06:00:00,0.01,29.42,77.98,2.62
2019-04-13 07:00:00,0.0,29.85,75.16,2.55
2019-04-13 08:00:00,0.0,30.59,70.75,2.43
2019-04-13 09:00:00,0.0,31.55,64.99,2.34
2019-04-13 10:00:00,0.0,32.47,60.97,2.43
2019-04-13 11:00:00,0.0,33.2,58.69,2.76
2019-04-13 12:00:00,0.0,33.74,56.27,3.55
2019-04-13 13:00:00,0.0,33.93,55.76,4.52
2019-04-13 14:00:00,0.0,33.78,56.78,5.36
2019-04-13 15:00:00,0.0,33.31,58.88,6.14
2019-04-13 16:00:00,0.0,32.53,62.52,6.55
2019-04-13 17:00:00,0.0,31.64,66.77,6.23
2019-04-13 18:00:00,0.0,30.95,70.32,5.5
2019-04-13 19:00:00,0.0,30.62,72.13,4.68
2019-04-13 20:00:00,0.01,30.48,72.71,3.78
2019-04-13 21:00:00,0.01,30.4,72.72,2.96
2019-04-13 22:00:00,0.01,30.29,72.8,2.36
2019-04-13 23:00:00,0.01,30.16,72.97,1.99
2019-04-14 00:00:00,0.01,30.05,73.18,1.87
2019-04-14 01:00:00,0.01,29.94,73.65,1.9
2019-04-14 02:00:00,0.01,29.82,74.39,1.97
2019-04-14 03:00:00,0.01,29.7,75.25,2.03
2019-04-14 04:00:00,0.01,29.6,76.11,2.14
2019-04-14 05:00:00,0.01,29.53,76.67,2.13
2019-04-14 06:00:00,0.01,29.7,75.76,2.36
2019-04-14 07:00:00,0.01,30.1,73.11,2.27
2019-04-14 08:00:00,0.01,30.82,68.46,2.02
2019-04-14 09:00:00,0.0,31.72,62.87,1.71
2019-04-14 10:00:00,0.0,32.51,60.17,1.54
2019-04-14 11:00:00,0.0,33.29,56.85,1.97
2019-04-14 12:00:00,0.0,33.86,54.7,2.88
2019-04-14 13:00:00,0.0,34.15,53.95,3.89
2019-04-14 14:00:00,0.0,34.03,55.23,4.98
2019-04-14 15:00:00,0.0,33.49,58.24,6.01
2019-04-14 16:00:00,0.0,32.65,62.35,6.61
2019-04-14 17:00:00,0.0,31.7,66.96,6.47
2019-04-14 18:00:00,0.0,31.05,70.19,5.82
2019-04-14 19:00:00,0.0,30.78,71.56,5.01
2019-04-14 20:00:00,0.01,30.64,72.21,4.1
2019-04-14 21:00:00,0.01,30.51,72.69,3.3
2019-04-14 22:00:00,0.02,30.34,73.15,2.77
2019-04-14 23:00:00,0.02,30.16,73.73,2.45
2019-04-15 00:00:00,0.02,29.95,74.5,2.2
2019-04-15 01:00:00,0.02,29.75,75.27,2.03
2019-04-15 02:00:00,0.02,29.58,75.9,1.96
2019-04-15 03:00:00,0.02,29.43,76.61,2.01
2019-04-15 04:00:00,0.01,29.33,77.09,2.09
2019-04-15 05:00:00,0.01,29.26,77.46,2.12
2019-04-15 06:00:00,0.01,29.38,76.79,2.2
2019-04-15 07:00:00,0.01,29.69,74.53,2.21
2019-04-15 08:00:00,0.01,30.36,70.84,2.28
2019-04-15 09:00:00,0.01,31.11,66.82,2.5
2019-04-15 10:00:00,0.01,31.72,63.87,2.93
2019-04-15 11:00:00,0.01,32.19,62.18,3.55
2019-04-15 12:00:00,0.01,32.45,61.47,4.24
2019-04-15 13:00:00,0.01,32.43,61.8,4.89
2019-04-15 14:00:00,0.0,32.23,62.88,5.35
2019-04-15 15:00:00,0.0,31.94,64.49,5.62
2019-04-15 16:00:00,0.0,31.55,66.55,5.66
2019-04-15 17:00:00,0.0,31.1,68.44,5.26
2019-04-15 18:00:00,0.0,30.8,69.7,4.57
2019-04-15 19:00:00,0.0,30.68,70.22,3.88
2019-04-15 20:00:00,0.0,30.6,70.41,3.23
2019-04-15 21:00:00,0.01,30.52,70.55,2.66
2019-04-15 22:00:00,0.01,30.42,70.67,2.27
2019-04-15 23:00:00,0.01,30.28,71.06,2.12
2019-04-16 00:00:00,0.01,30.12,71.73,2.11
2019-04-16 01:00:00,0.01,29.95,72.49,2.15
2019-04-16 02:00:00,0.02,29.8,73.3,2.15
2019-04-16 03:00:00,0.01,29.66,74.07,2.16
2019-04-16 04:00:00,0.01,29.58,74.63,2.16
2019-04-16 05:00:00,0.1,29.55,75.0,2.19
2019-04-16 06:00:00,0.1,29.69,74.65,2.4
2019-04-16 07:00:00,0.09,30.03,73.08,2.51
2019-04-16 08:00:00,0.14,30.48,70.58,2.45
2019-04-16 09:00:00,0.12,31.05,67.41,2.33
2019-04-16 10:00:00,0.12,31.59,64.63,2.44
2019-04-16 11:00:00,0.11,32.04,62.89,2.94
2019-04-16 12:00:00,0.11,32.34,62.2,3.67
2019-04-16 13:00:00,0.11,32.38,62.79,4.37
2019-04-16 14:00:00,0.14,32.28,63.52,4.74
2019-04-16 15:00:00,0.15,32.03,64.69,4.88
2019-04-16 16:00:00,0.14,31.66,66.58,4.87
2019-04-16 17:00:00,0.18,31.27,68.62,4.6
2019-04-16 18:00:00,0.22,30.96,70.25,4.19
2019-04-16 19:00:00,0.29,30.85,71.03,3.76
2019-04-16 20:00:00,0.3,30.75,71.77,3.46
2019-04-16 21:00:00,0.31,30.57,73.02,3.35
2019-04-16 22:00:00,0.38,30.31,74.74,3.39
2019-04-16 23:00:00,0.48,30.01,76.7,3.68
2019-04-17 00:00:00,0.55,29.68,78.94,4.13
2019-04-17 01:00:00,0.58,29.37,80.71,4.55
2019-04-17 02:00:00,0.56,29.07,81.78,4.62
2019-04-17 03:00:00,0.56,28.83,82.31,4.27
2019-04-17 04:00:00,0.55,28.62,82.85,3.89
2019-04-17 05:00:00,0.53,28.49,82.45,3.88
2019-04-17 06:00:00,0.48,28.4,81.97,3.91
2019-04-17 07:00:00,0.4,28.39,81.23,3.64
2019-04-17 08:00:00,0.59,28.58,79.66,3.3
2019-04-17 09:00:00,0.64,28.83,78.36,3.1
2019-04-17 10:00:00,0.6,29.13,77.04,3.21
2019-04-17 11:00:00,0.57,29.39,75.87,3.6
2019-04-17 12:00:00,0.67,29.74,74.64,4.19
2019-04-17 13:00:00,0.78,30.09,73.55,4.5
2019-04-17 14:00:00,0.84,30.35,72.79,4.6
2019-04-17 15:00:00,0.78,30.34,73.02,4.49
2019-04-17 16:00:00,0.71,30.15,74.28,4.3
2019-04-17 17:00:00,0.68,29.98,75.75,3.98
2019-04-17 18:00:00,0.67,29.8,77.47,3.64
2019-04-17 19:00:00,0.64,29.7,78.62,3.44
2019-04-17 20:00:00,0.61,29.62,79.45,3.04
2019-04-17 21:00:00,0.61,29.55,80.14,2.54
2019-04-17 22:00:00,0.51,29.48,80.71,2.3
2019-04-17 23:00:00,0.53,29.42,81.14,2.28
2019-04-18 00:00:00,0.46,29.35,81.5,2.33
2019-04-18 01:00:00,0.35,29.31,81.57,2.4
2019-04-18 02:00:00,0.33,29.3,81.42,2.5
2019-04-18 03:00:00,0.3,29.29,81.28,2.55
2019-04-18 04:00:00,0.28,29.29,81.02,2.46
2019-04-18 05:00:00,0.25,29.31,80.73,2.39
2019-04-18 06:00:00,0.23,29.52,79.57,2.49
2019-04-18 07:00:00,0.24,29.89,76.35,2.84
2019-04-18 08:00:00,0.3,30.14,74.79,2.65
2019-04-18 09:00:00,0.26,30.38,73.36,2.28
2019-04-18 10:00:00,0.32,30.61,71.54,1.81
2019-04-18 11:00:00,0.26,30.84,69.59,1.38
2019-04-18 12:00:00,0.27,31.02,68.39,1.59
2019-04-18 13:00:00,0.33,31.09,68.23,2.21
2019-04-18 14:00:00,0.42,31.0,68.97,2.93
2019-04-18 15:00:00,0.45,30.78,70.69,3.57
2019-04-18 16:00:00,0.51,30.46,73.07,3.93
2019-04-18 17:00:00,0.59,30.21,74.99,3.88
2019-04-18 18:00:00,0.63,30.0,76.88,3.48
2019-04-18 19:00:00,0.67,29.88,78.51,3.09
2019-04-18 20:00:00,0.78,29.78,79.69,2.9
2019-04-18 21:00:00,0.7,29.7,80.35,2.89
2019-04-18 22:00:00,0.69,29.61,80.74,2.94
2019-04-18 23:00:00,0.6,29.51,80.99,2.96
2019-04-19 00:00:00,0.58,29.4,81.28,2.96
2019-04-19 01:00:00,0.57,29.28,81.68,2.9
2019-04-19 02:00:00,0.56,29.19,81.91,2.74
2019-04-19 03:00:00,0.49,29.17,81.76,2.61
2019-04-19 04:00:00,0.5,29.15,81.99,2.44
2019-04-19 05:00:00,0.5,29.13,82.18,2.26
2019-04-19 06:00:00,0.56,29.32,80.95,2.27
2019-04-19 07:00:00,0.59,29.57,78.25,2.62
2019-04-19 08:00:00,0.96,29.79,76.81,2.63
2019-04-19 09:00:00,0.69,30.04,74.98,2.47
2019-04-19 10:00:00,0.56,30.22,73.46,2.31
2019-04-19 11:00:00,0.39,30.35,72.21,2.21
2019-04-19 12:00:00,0.34,30.44,71.08,2.14
2019-04-19 13:00:00,0.31,30.48,70.25,2.07
2019-04-19 14:00:00,0.39,30.47,69.92,2.0
2019-04-19 15:00:00,0.35,30.47,69.65,1.88
2019-04-19 16:00:00,0.27,30.4,69.95,1.86
2019-04-19 17:00:00,0.29,30.22,71.15,1.89
2019-04-19 18:00:00,0.3,29.91,74.43,1.75
2019-04-19 19:00:00,0.33,29.75,76.52,1.66
2019-04-19 20:00:00,0.39,29.63,77.59,1.57
2019-04-19 21:00:00,0.45,29.54,78.41,1.45
2019-04-19 22:00:00,0.54,29.43,79.13,1.39
2019-04-19 23:00:00,0.61,29.3,79.94,1.42
2019-04-20 00:00:00,0.73,29.15,80.87,1.47
2019-04-20 01:00:00,0.82,29.01,81.61,1.46
2019-04-20 02:00:00,0.93,28.91,82.23,1.33
2019-04-20 03:00:00,0.92,28.86,82.25,1.13
2019-04-20 04:00:00,0.84,28.86,81.96,0.93
2019-04-20 05:00:00,0.96,28.88,81.44,0.77
2019-04-20 06:00:00,0.87,29.01,80.81,0.71
2019-04-20 07:00:00,0.97,29.31,77.36,0.73
2019-04-20 08:00:00,0.33,29.45,76.35,0.67
2019-04-20 09:00:00,0.4,29.58,75.59,0.9
2019-04-20 10:00:00,0.34,29.71,74.74,1.28
2019-04-20 11:00:00,0.38,29.84,73.91,1.69
2019-04-20 12:00:00,0.39,29.92,73.65,2.14
2019-04-20 13:00:00,0.41,29.87,74.37,2.62
2019-04-20 14:00:00,0.48,29.79,75.3,2.92
2019-04-20 15:00:00,0.51,29.72,76.16,3.08
2019-04-20 16:00:00,0.54,29.61,77.15,3.16
2019-04-20 17:00:00,0.65,29.48,78.41,3.2
2019-04-20 18:00:00,0.87,29.28,80.51,3.25
2019-04-20 19:00:00,1.15,29.16,82.01,3.41
2019-04-20 20:00:00,1.4,29.07,82.78,3.58
2019-04-20 21:00:00,1.49,28.97,83.06,3.62
2019-04-20 22:00:00,1.49,28.86,83.32,3.46
2019-04-20 23:00:00,1.23,28.74,83.36,3.22
2019-04-21 00:00:00,0.96,28.64,83.31,3.0
2019-04-21 01:00:00,0.69,28.57,83.07,2.79
2019-04-21 02:00:00,0.62,28.47,83.16,2.48
2019-04-21 03:00:00,0.48,28.32,83.76,2.16
2019-04-21 04:00:00,0.37,28.2,84.21,2.15
2019-04-21 05:00:00,0.21,28.09,84.68,2.65
2019-04-21 06:00:00,0.15,28.25,83.41,3.6
2019-04-21 07:00:00,0.13,28.49,80.98,4.19
2019-04-21 08:00:00,0.05,28.72,78.26,4.01
2019-04-21 09:00:00,0.02,29.01,74.82,3.43
2019-04-21 10:00:00,0.01,29.3,71.54,2.74
2019-04-21 11:00:00,0.01,29.6,68.43,2.16
2019-04-21 12:00:00,0.01,30.06,64.61,1.77
2019-04-21 13:00:00,0.02,30.43,61.92,1.72
2019-04-21 14:00:00,0.02,30.65,60.5,2.04
2019-04-21 15:00:00,0.02,30.73,60.02,2.53
2019-04-21 16:00:00,0.02,30.64,60.56,2.95
2019-04-21 17:00:00,0.02,30.41,62.08,3.12
2019-04-21 18:00:00,0.01,30.03,65.41,2.96
2019-04-21 19:00:00,0.01,29.75,68.25,2.94
2019-04-21 20:00:00,0.01,29.59,69.75,2.98
2019-04-21 21:00:00,0.01,29.5,70.75,2.96
2019-04-21 22:00:00,0.01,29.44,71.52,2.87
2019-04-21 23:00:00,0.01,29.37,72.24,2.79
2019-04-22 00:00:00,0.0,29.28,73.07,2.73
2019-04-22 01:00:00,0.01,29.21,73.98,2.74
2019-04-22 02:00:00,0.02,29.14,75.06,2.91
2019-04-22 03:00:00,0.02,29.11,76.01,3.16
2019-04-22 04:00:00,0.02,29.08,76.88,3.42
2019-04-22 05:00:00,0.02,29.0,77.87,3.7
2019-04-22 06:00:00,0.03,29.35,76.91,4.27
2019-04-22 07:00:00,0.03,29.98,73.57,5.23
2019-04-22 08:00:00,0.03,30.65,69.67,5.4
2019-04-22 09:00:00,0.03,31.31,65.34,5.15
2019-04-22 10:00:00,0.03,31.93,61.39,4.78
2019-04-22 11:00:00,0.03,32.42,58.87,4.6
2019-04-22 12:00:00,0.04,32.69,57.83,4.79
2019-04-22 13:00:00,0.08,32.71,57.8,5.25
2019-04-22 14:00:00,0.12,32.49,58.81,5.65
2019-04-22 15:00:00,0.14,32.08,60.81,5.8
2019-04-22 16:00:00,0.16,31.63,63.03,5.69
2019-04-22 17:00:00,0.16,31.13,65.77,5.28
2019-04-22 18:00:00,0.23,30.63,68.95,4.65
2019-04-22 19:00:00,0.24,30.38,71.23,4.07
2019-04-22 20:00:00,0.28,30.25,72.76,3.64
2019-04-22 21:00:00,0.32,30.14,74.1,3.33
2019-04-22 22:00:00,0.46,30.02,75.28,3.14
2019-04-22 23:00:00,0.81,29.89,76.4,3.08
2019-04-23 00:00:00,1.38,29.71,77.86,3.13
2019-04-23 01:00:00,2.29,29.56,79.28,3.2
2019-04-23 02:00:00,3.14,29.37,80.77,3.14
2019-04-23 03:00:00,3.45,29.07,82.55,2.98
2019-04-23 04:00:00,3.15,28.7,84.47,2.81
2019-04-23 05:00:00,2.13,28.4,86.15,2.54
2019-04-23 06:00:00,1.16,28.31,85.89,1.97
2019-04-23 07:00:00,0.47,28.41,83.82,1.81
2019-04-23 08:00:00,0.18,28.63,82.5,2.2
2019-04-23 09:00:00,0.09,28.87,80.85,2.47
2019-04-23 10:00:00,0.08,29.04,78.83,2.43
2019-04-23 11:00:00,0.06,29.18,77.35,2.75
2019-04-23 12:00:00,0.06,29.34,76.24,3.21
2019-04-23 13:00:00,0.06,29.53,75.3,3.7
2019-04-23 14:00:00,0.07,29.69,74.71,4.13
2019-04-23 15:00:00,0.05,29.73,74.77,4.39
2019-04-23 16:00:00,0.04,29.72,75.1,4.38
2019-04-23 17:00:00,0.03,29.64,75.79,4.08
2019-04-23 18:00:00,0.04,29.46,77.52,3.51
2019-04-23 19:00:00,0.04,29.35,78.94,3.09
2019-04-23 20:00:00,0.06,29.28,79.69,2.71
2019-04-23 21:00:00,0.07,29.23,79.99,2.26
2019-04-23 22:00:00,0.08,29.19,79.98,1.85
2019-04-23 23:00:00,0.11,29.15,79.65,1.53
2019-04-24 00:00:00,0.13,29.14,78.97,1.39
2019-04-24 01:00:00,0.19,29.15,78.48,1.4
2019-04-24 02:00:00,0.2,29.12,78.24,1.43
2019-04-24 03:00:00,0.19,29.07,78.36,1.5
2019-04-24 04:00:00,0.21,29.0,78.8,1.63
2019-04-24 05:00:00,0.2,28.93,79.19,1.73
2019-04-24 06:00:00,0.2,29.08,79.31,1.8
2019-04-24 07:00:00,0.18,29.57,74.98,1.87
2019-04-24 08:00:00,0.11,29.89,72.74,1.54
2019-04-24 09:00:00,0.09,30.26,70.26,1.2
2019-04-24 10:00:00,0.1,30.72,67.65,1.27
2019-04-24 11:00:00,0.08,31.18,65.64,1.75
2019-04-24 12:00:00,0.07,31.46,64.91,2.4
2019-04-24 13:00:00,0.06,31.59,64.64,3.01
2019-04-24 14:00:00,0.05,31.53,64.85,3.45
2019-04-24 15:00:00,0.05,31.34,65.49,3.71
2019-04-24 16:00:00,0.04,30.99,67.02,3.87
2019-04-24 17:00:00,0.05,30.61,69.17,3.82
2019-04-24 18:00:00,0.06,30.2,72.3,3.46
2019-04-24 19:00:00,0.06,29.94,75.02,2.85
2019-04-24 20:00:00,0.07,29.82,76.46,2.14
2019-04-24 21:00:00,0.09,29.72,77.22,1.56
2019-04-24 22:00:00,0.12,29.62,77.44,1.24
2019-04-24 23:00:00,0.11,29.49,77.71,1.12
2019-04-25 00:00:00,0.13,29.33,78.24,1.13
2019-04-25 01:00:00,0.12,29.17,79.1,1.23
2019-04-25 02:00:00,0.12,29.07,79.22,1.27
2019-04-25 03:00:00,0.1,29.05,78.57,1.2
2019-04-25 04:00:00,0.09,29.04,78.1,1.1
2019-04-25 05:00:00,0.08,29.0,78.03,1.03
2019-04-25 06:00:00,0.08,29.13,77.99,1.06
2019-04-25 07:00:00,0.06,29.53,74.86,1.26
2019-04-25 08:00:00,0.1,29.97,72.25,1.41
2019-04-25 09:00:00,0.1,30.51,68.86,1.5
2019-04-25 10:00:00,0.08,30.98,66.59,1.69
2019-04-25 11:00:00,0.1,31.32,65.37,2.06
2019-04-25 12:00:00,0.12,31.54,64.91,2.65
2019-04-25 13:00:00,0.16,31.61,65.2,3.27
2019-04-25 14:00:00,0.14,31.51,66.23,3.83
2019-04-25 15:00:00,0.15,31.28,67.63,4.19
2019-04-25 16:00:00,0.13,30.94,69.38,4.27
2019-04-25 17:00:00,0.12,30.55,71.37,3.95
2019-04-25 18:00:00,0.16,30.16,73.85,3.37
2019-04-25 19:00:00,0.22,29.94,75.56,2.73
2019-04-25 20:00:00,0.19,29.75,76.63,2.05
2019-04-25 21:00:00,0.13,29.6,76.86,1.57
2019-04-25 22:00:00,0.09,29.46,77.11,1.52
2019-04-25 23:00:00,0.08,29.35,77.46,1.68
2019-04-26 00:00:00,0.08,29.29,77.81,1.76
2019-04-26 01:00:00,0.08,29.24,78.24,1.99
2019-04-26 02:00:00,0.09,29.13,79.24,2.33
2019-04-26 03:00:00,0.09,29.03,80.32,2.57
2019-04-26 04:00:00,0.07,28.93,81.53,2.78
2019-04-26 05:00:00,0.06,28.84,82.67,2.87
2019-04-26 06:00:00,0.08,29.13,81.94,3.12
2019-04-26 07:00:00,0.12,29.67,78.97,3.42
2019-04-26 08:00:00,0.03,30.31,75.43,3.51
2019-04-26 09:00:00,0.03,31.01,71.46,3.57
2019-04-26 10:00:00,0.03,31.6,68.56,3.7
2019-04-26 11:00:00,0.03,32.0,67.04,3.93
2019-04-26 12:00:00,0.03,32.14,66.55,4.12
2019-04-26 13:00:00,0.02,32.14,66.58,4.19
2019-04-26 14:00:00,0.03,31.94,67.15,4.24
2019-04-26 15:00:00,0.02,31.64,68.22,4.43
2019-04-26 16:00:00,0.02,31.25,70.35,4.71
2019-04-26 17:00:00,0.02,30.78,73.4,4.67
2019-04-26 18:00:00,0.02,30.41,76.2,4.39
2019-04-26 19:00:00,0.03,30.23,77.78,3.96
2019-04-26 20:00:00,0.02,30.1,79.09,3.48
2019-04-26 21:00:00,0.02,30.0,80.22,3.09
2019-04-26 22:00:00,0.01,29.89,80.99,2.87
2019-04-26 23:00:00,0.01,29.76,81.55,2.7
2019-04-27 00:00:00,0.01,29.59,82.27,2.61
2019-04-27 01:00:00,0.01,29.43,82.95,2.61
2019-04-27 02:00:00,0.01,29.3,83.41,2.59
2019-04-27 03:00:00,0.0,29.18,83.71,2.5
2019-04-27 04:00:00,0.01,29.1,83.78,2.42
2019-04-27 05:00:00,0.0,29.05,83.87,2.44
2019-04-27 06:00:00,0.0,29.34,82.74,2.74
2019-04-27 07:00:00,0.01,29.82,79.79,3.31
2019-04-27 08:00:00,0.0,30.32,77.17,3.45
2019-04-27 09:00:00,0.0,30.98,73.04,3.46
2019-04-27 10:00:00,0.0,31.64,69.54,3.44
2019-04-27 11:00:00,0.0,32.19,67.79,3.34
2019-04-27 12:00:00,0.0,32.55,66.87,3.55
2019-04-27 13:00:00,0.01,32.68,66.12,4.1
2019-04-27 14:00:00,0.01,32.52,66.57,4.74
2019-04-27 15:00:00,0.01,32.06,68.56,5.37
2019-04-27 16:00:00,0.01,31.39,72.02,5.6
2019-04-27 17:00:00,0.01,30.83,75.26,5.16
2019-04-27 18:00:00,0.01,30.44,77.79,4.3
2019-04-27 19:00:00,0.01,30.27,78.92,3.42
2019-04-27 20:00:00,0.01,30.18,79.8,2.83
2019-04-27 21:00:00,0.01,30.1,80.75,2.46
2019-04-27 22:00:00,0.01,30.0,81.63,2.18
2019-04-27 23:00:00,0.01,29.87,82.39,2.0
2019-04-28 00:00:00,0.01,29.72,83.12,1.97
2019-04-28 01:00:00,0.01,29.6,83.63,2.0
2019-04-28 02:00:00,0.01,29.48,84.09,2.05
2019-04-28 03:00:00,0.01,29.42,84.14,1.95
2019-04-28 04:00:00,0.01,29.39,83.78,1.74
2019-04-28 05:00:00,0.01,29.42,83.11,1.53
2019-04-28 06:00:00,0.01,29.63,82.48,1.43
2019-04-28 07:00:00,0.01,30.01,79.42,1.61
2019-04-28 08:00:00,0.01,30.4,77.49,1.78
2019-04-28 09:00:00,0.01,30.88,74.66,2.04
2019-04-28 10:00:00,0.02,31.3,72.36,2.46
2019-04-28 11:00:00,0.02,31.57,71.21,3.08
2019-04-28 12:00:00,0.02,31.71,70.81,3.78
2019-04-28 13:00:00,0.02,31.62,71.34,4.5
2019-04-28 14:00:00,0.02,31.43,72.3,4.97
2019-04-28 15:00:00,0.02,31.08,74.07,5.21
2019-04-28 16:00:00,0.02,30.63,76.69,5.26
2019-04-28 17:00:00,0.02,30.23,79.27,5.05
2019-04-28 18:00:00,0.02,29.91,81.63,4.65
2019-04-28 19:00:00,0.03,29.75,83.13,4.32
2019-04-28 20:00:00,0.03,29.66,83.99,4.06
2019-04-28 21:00:00,0.03,29.62,84.34,3.83
2019-04-28 22:00:00,0.03,29.59,84.57,3.78
2019-04-28 23:00:00,0.04,29.53,84.64,3.78
2019-04-29 00:00:00,0.03,29.5,84.46,3.69
2019-04-29 01:00:00,0.03,29.45,84.5,3.55
2019-04-29 02:00:00,0.03,29.43,84.38,3.41
2019-04-29 03:00:00,0.03,29.43,84.2,3.3
2019-04-29 04:00:00,0.03,29.44,84.04,3.06
2019-04-29 05:00:00,0.04,29.41,83.93,2.81
2019-04-29 06:00:00,0.05,29.52,83.11,2.7
2019-04-29 07:00:00,0.05,29.77,80.48,2.83
2019-04-29 08:00:00,0.1,29.86,79.7,2.98
2019-04-29 09:00:00,0.09,29.87,79.59,3.34
2019-04-29 10:00:00,0.08,29.9,79.13,3.74
2019-04-29 11:00:00,0.09,29.98,78.17,4.0
2019-04-29 12:00:00,0.1,30.01,77.98,4.23
2019-04-29 13:00:00,0.1,30.02,77.91,4.57
2019-04-29 14:00:00,0.11,29.96,77.97,4.92
2019-04-29 15:00:00,0.14,29.94,77.43,4.92
2019-04-29 16:00:00,0.19,29.94,76.58,4.29
2019-04-29 17:00:00,0.21,29.87,76.21,3.35
2019-04-29 18:00:00,0.21,29.68,77.58,2.61
2019-04-29 19:00:00,0.24,29.58,78.79,2.37
2019-04-29 20:00:00,0.27,29.52,79.25,2.42
2019-04-29 21:00:00,0.29,29.44,79.19,2.85
2019-04-29 22:00:00,0.34,29.3,78.99,3.57
2019-04-29 23:00:00,0.39,29.07,79.08,4.27
2019-04-30 00:00:00,0.39,28.78,79.09,4.58
2019-04-30 01:00:00,0.33,28.46,79.46,4.59
2019-04-30 02:00:00,0.24,28.19,79.98,4.43
2019-04-30 03:00:00,0.15,28.04,80.03,4.36
2019-04-30 04:00:00,0.1,27.96,79.92,4.24
2019-04-30 05:00:00,0.06,27.97,79.34,4.04
2019-04-30 06:00:00,0.02,28.27,77.4,4.06
2019-04-30 07:00:00,0.01,28.83,73.91,4.31
2019-04-30 08:00:00,0.01,29.44,71.01,4.23
2019-04-30 09:00:00,0.03,30.1,68.37,4.28
2019-04-30 10:00:00,0.05,30.6,66.69,4.48
2019-04-30 11:00:00,0.08,30.92,65.66,4.73
2019-04-30 12:00:00,0.09,31.08,65.12,4.93
2019-04-30 13:00:00,0.11,31.09,64.93,5.05
2019-04-30 14:00:00,0.12,31.04,64.86,5.01
2019-04-30 15:00:00,0.13,30.94,64.96,4.84
2019-04-30 16:00:00,0.11,30.73,65.64,4.49
2019-04-30 17:00:00,0.1,30.46,67.12,4.0
2019-04-30 18:00:00,0.1,30.16,69.71,3.57
2019-04-30 19:00:00,0.11,29.95,72.57,3.42
2019-04-30 20:00:00,0.11,29.81,74.38,3.59
2019-04-30 21:00:00,0.1,29.69,75.79,3.74
2019-04-30 22:00:00,0.11,29.6,76.78,3.81
2019-04-30 23:00:00,0.12,29.51,77.46,3.93
2019-05-01 00:00:00,0.15,29.45,77.74,4.16
2019-05-01 01:00:00,0.18,29.42,77.7,4.39
2019-05-01 02:00:00,0.22,29.39,77.8,4.54
2019-05-01 03:00:00,0.23,29.34,78.25,4.56
2019-05-01 04:00:00,0.24,29.3,78.76,4.54
2019-05-01 05:00:00,0.23,29.25,79.45,4.46
2019-05-01 06:00:00,0.24,29.42,79.34,4.53
2019-05-01 07:00:00,0.14,29.8,77.49,4.99
2019-05-01 08:00:00,0.4,30.07,76.57,5.08
2019-05-01 09:00:00,0.29,30.2,76.3,4.94
2019-05-01 10:00:00,0.22,30.26,76.14,4.93
2019-05-01 11:00:00,0.24,30.19,76.55,5.08
2019-05-01 12:00:00,0.31,30.05,77.07,5.22
2019-05-01 13:00:00,0.25,29.93,77.1,5.31
2019-05-01 14:00:00,0.19,29.79,76.88,5.41
2019-05-01 15:00:00,0.13,29.67,76.26,5.37
2019-05-01 16:00:00,0.09,29.56,75.84,5.11
2019-05-01 17:00:00,0.07,29.44,75.94,4.65
2019-05-01 18:00:00,0.04,29.33,76.84,3.94
2019-05-01 19:00:00,0.03,29.32,77.38,3.41
2019-05-01 20:00:00,0.03,29.35,77.74,3.11
2019-05-01 21:00:00,0.03,29.33,78.62,3.17
2019-05-01 22:00:00,0.05,29.25,80.03,3.41
2019-05-01 23:00:00,0.06,29.16,81.57,3.62
2019-05-02 00:00:00,0.12,29.05,82.96,3.74
2019-05-02 01:00:00,0.18,28.94,84.15,3.76
2019-05-02 02:00:00,0.12,28.86,84.89,3.59
2019-05-02 03:00:00,0.11,28.8,85.26,3.35
2019-05-02 04:00:00,0.11,28.76,85.35,3.18
2019-05-02 05:00:00,0.12,28.77,85.26,3.12
2019-05-02 06:00:00,0.1,29.13,84.03,3.21
2019-05-02 07:00:00,0.08,29.72,80.9,3.65
2019-05-02 08:00:00,0.0,30.08,78.37,3.86
2019-05-02 09:00:00,0.0,30.39,76.43,3.92
2019-05-02 10:00:00,0.0,30.62,74.7,4.07
2019-05-02 11:00:00,0.0,30.76,73.39,4.32
2019-05-02 12:00:00,0.0,30.82,72.55,4.59
2019-05-02 13:00:00,0.0,30.78,72.28,4.83
2019-05-02 14:00:00,0.0,30.72,72.25,4.87
2019-05-02 15:00:00,0.0,30.62,72.43,4.72
2019-05-02 16:00:00,0.0,30.44,73.05,4.43
2019-05-02 17:00:00,0.0,30.19,74.21,4.04
2019-05-02 18:00:00,0.0,29.89,76.47,3.47
2019-05-02 19:00:00,0.0,29.67,78.22,3.2
2019-05-02 20:00:00,0.0,29.56,78.77,3.21
2019-05-02 21:00:00,0.0,29.45,79.08,3.29
2019-05-02 22:00:00,0.0,29.34,79.35,3.39
2019-05-02 23:00:00,0.0,29.21,79.62,3.48
2019-05-03 00:00:00,0.0,29.1,79.79,3.54
2019-05-03 01:00:00,0.0,29.0,79.84,3.62
2019-05-03 02:00:00,0.0,28.95,79.61,3.66
2019-05-03 03:00:00,0.0,28.92,79.31,3.64
2019-05-03 04:00:00,0.0,28.91,78.93,3.6
2019-05-03 05:00:00,0.0,28.89,78.52,3.56
2019-05-03 06:00:00,0.0,29.27,76.72,3.75
2019-05-03 07:00:00,0.0,29.93,72.51,4.38
2019-05-03 08:00:00,0.0,30.45,69.81,4.6
2019-05-03 09:00:00,0.0,30.93,67.58,4.74
2019-05-03 10:00:00,0.0,31.32,65.57,4.94
2019-05-03 11:00:00,0.0,31.6,64.16,5.22
2019-05-03 12:00:00,0.0,31.73,63.34,5.5
2019-05-03 13:00:00,0.0,31.7,63.06,5.69
2019-05-03 14:00:00,0.0,31.59,63.29,5.62
2019-05-03 15:00:00,0.0,31.34,64.06,5.46
2019-05-03 16:00:00,0.0,30.96,65.47,5.24
2019-05-03 17:00:00,0.0,30.56,67.2,4.84
2019-05-03 18:00:00,0.0,30.22,69.05,4.33
2019-05-03 19:00:00,0.0,30.0,70.87,3.88
2019-05-03 20:00:00,0.0,29.82,72.36,3.71
2019-05-03 21:00:00,0.0,29.64,73.64,3.67
2019-05-03 22:00:00,0.0,29.47,74.67,3.63
2019-05-03 23:00:00,0.0,29.32,75.44,3.56
2019-05-04 00:00:00,0.0,29.12,76.26,3.44
2019-05-04 01:00:00,0.0,28.97,76.75,3.33
2019-05-04 02:00:00,0.0,28.91,76.42,3.19
2019-05-04 03:00:00,0.0,28.89,75.99,3.03
2019-05-04 04:00:00,0.0,28.89,75.67,2.91
2019-05-04 05:00:00,0.0,28.89,75.28,2.87
2019-05-04 06:00:00,0.0,29.29,73.61,3.07
2019-05-04 07:00:00,0.0,29.9,69.71,3.71
2019-05-04 08:00:00,0.0,30.34,68.35,4.09
2019-05-04 09:00:00,0.0,30.85,66.94,4.4
2019-05-04 10:00:00,0.0,31.27,65.74,4.78
2019-05-04 11:00:00,0.0,31.52,64.95,5.13
2019-05-04 12:00:00,0.0,31.65,64.26,5.47
2019-05-04 13:00:00,0.0,31.71,63.44,5.74
2019-05-04 14:00:00,0.0,31.64,63.07,5.97
2019-05-04 15:00:00,0.0,31.46,63.19,6.15
2019-05-04 16:00:00,0.0,31.11,64.26,6.22
2019-05-04 17:00:00,0.0,30.66,66.07,6.08
2019-05-04 18:00:00,0.0,30.17,68.7,5.71
2019-05-04 19:00:00,0.0,29.81,71.28,5.37
2019-05-04 20:00:00,0.0,29.52,73.59,5.07
2019-05-04 21:00:00,0.0,29.29,75.53,4.84
2019-05-04 22:00:00,0.0,29.06,77.16,4.65
2019-05-04 23:00:00,0.0,28.87,78.49,4.49
2019-05-05 00:00:00,0.0,28.7,79.45,4.34
2019-05-05 01:00:00,0.0,28.56,80.11,4.2
2019-05-05 02:00:00,0.0,28.47,80.41,4.3
2019-05-05 03:00:00,0.0,28.41,80.48,4.44
2019-05-05 04:00:00,0.0,28.37,80.63,4.49
2019-05-05 05:00:00,0.0,28.38,80.63,4.51
2019-05-05 06:00:00,0.0,28.68,79.32,4.86
2019-05-05 07:00:00,0.0,29.2,76.57,5.5
2019-05-05 08:00:00,0.0,29.71,73.97,5.63
2019-05-05 09:00:00,0.0,30.27,71.26,5.65
2019-05-05 10:00:00,0.0,30.75,68.99,5.7
2019-05-05 11:00:00,0.0,31.1,67.45,5.82
2019-05-05 12:00:00,0.0,31.32,66.56,6.1
2019-05-05 13:00:00,0.0,31.36,66.42,6.48
2019-05-05 14:00:00,0.0,31.21,67.05,6.62
2019-05-05 15:00:00,0.0,30.91,68.19,6.47
2019-05-05 16:00:00,0.0,30.51,69.85,6.15
2019-05-05 17:00:00,0.0,30.11,71.78,5.66
2019-05-05 18:00:00,0.0,29.76,73.66,5.0
2019-05-05 19:00:00,0.0,29.57,74.87,4.42
2019-05-05 20:00:00,0.0,29.43,75.86,4.05
2019-05-05 21:00:00,0.0,29.32,76.63,3.82
2019-05-05 22:00:00,0.0,29.19,77.47,3.65
2019-05-05 23:00:00,0.0,29.05,78.26,3.57
2019-05-06 00:00:00,0.0,28.91,78.99,3.52
2019-05-06 01:00:00,0.0,28.8,79.59,3.55
2019-05-06 02:00:00,0.0,28.71,80.12,3.6
2019-05-06 03:00:00,0.0,28.67,80.6,3.58
2019-05-06 04:00:00,0.0,28.64,81.05,3.54
2019-05-06 05:00:00,0.0,28.65,81.12,3.52
2019-05-06 06:00:00,0.0,28.93,80.06,3.86
2019-05-06 07:00:00,0.0,29.45,77.24,4.3
2019-05-06 08:00:00,0.0,30.01,74.6,4.16
2019-05-06 09:00:00,0.0,30.53,72.12,4.02
2019-05-06 10:00:00,0.0,30.99,70.05,3.99
2019-05-06 11:00:00,0.0,31.34,68.59,4.1
2019-05-06 12:00:00,0.0,31.5,68.09,4.51
2019-05-06 13:00:00,0.0,31.4,68.76,5.12
2019-05-06 14:00:00,0.0,31.17,69.94,5.59
2019-05-06 15:00:00,0.01,30.84,71.43,5.76
2019-05-06 16:00:00,0.01,30.35,73.57,5.72
2019-05-06 17:00:00,0.01,29.91,75.52,5.41
2019-05-06 18:00:00,0.02,29.57,77.1,5.0
2019-05-06 19:00:00,0.03,29.42,77.79,4.79
2019-05-06 20:00:00,0.03,29.33,78.25,4.72
2019-05-06 21:00:00,0.03,29.27,78.52,4.7
2019-05-06 22:00:00,0.03,29.21,78.67,4.68
2019-05-06 23:00:00,0.03,29.15,78.78,4.59
2019-05-07 00:00:00,0.03,29.08,78.84,4.46
2019-05-07 01:00:00,0.03,28.98,79.08,4.35
2019-05-07 02:00:00,0.03,28.9,79.27,4.15
2019-05-07 03:00:00,0.02,28.83,79.43,3.94
2019-05-07 04:00:00,0.02,28.78,79.62,3.73
2019-05-07 05:00:00,0.02,28.74,79.84,3.56
2019-05-07 06:00:00,0.02,29.05,78.31,3.8
2019-05-07 07:00:00,0.02,29.58,75.06,4.31
2019-05-07 08:00:00,0.01,30.08,72.38,4.42
2019-05-07 09:00:00,0.0,30.54,70.05,4.51
2019-05-07 10:00:00,0.0,30.9,68.19,4.63
2019-05-07 11:00:00,0.0,31.12,66.93,4.85
2019-05-07 12:00:00,0.0,31.15,66.35,5.15
2019-05-07 13:00:00,0.0,31.03,66.62,5.47
2019-05-07 14:00:00,0.0,30.84,67.31,5.66
2019-05-07 15:00:00,0.0,30.65,67.95,5.75
2019-05-07 16:00:00,0.0,30.43,68.53,5.74
2019-05-07 17:00:00,0.0,30.06,69.8,5.56
2019-05-07 18:00:00,0.0,29.73,71.1,5.16
2019-05-07 19:00:00,0.0,29.57,71.83,4.76
2019-05-07 20:00:00,0.0,29.45,72.4,4.44
2019-05-07 21:00:00,0.0,29.3,72.97,4.24
2019-05-07 22:00:00,0.01,29.12,73.33,4.12
2019-05-07 23:00:00,0.01,28.97,73.37,3.98
2019-05-08 00:00:00,0.01,28.85,73.2,3.67
2019-05-08 01:00:00,0.01,28.83,72.83,3.46
2019-05-08 02:00:00,0.02,28.84,72.6,3.3
2019-05-08 03:00:00,0.02,28.76,73.22,3.16
2019-05-08 04:00:00,0.01,28.68,74.15,3.16
2019-05-08 05:00:00,0.01,28.63,75.04,3.24
2019-05-08 06:00:00,0.01,28.89,74.83,3.59
2019-05-08 07:00:00,0.01,29.45,71.33,4.35
2019-05-08 08:00:00,0.0,29.92,67.28,4.81
2019-05-08 09:00:00,0.0,30.29,64.22,5.08
2019-05-08 10:00:00,0.0,30.51,62.47,5.37
2019-05-08 11:00:00,0.0,30.61,61.51,5.66
2019-05-08 12:00:00,0.01,30.62,61.32,5.76
2019-05-08 13:00:00,0.01,30.54,61.53,5.59
2019-05-08 14:00:00,0.01,30.45,62.03,5.39
2019-05-08 15:00:00,0.01,30.32,62.95,5.25
2019-05-08 16:00:00,0.01,30.11,64.32,5.06
2019-05-08 17:00:00,0.01,29.84,66.37,4.76
2019-05-08 18:00:00,0.01,29.57,69.08,4.29
2019-05-08 19:00:00,0.0,29.39,71.89,3.85
2019-05-08 20:00:00,0.0,29.26,74.0,3.5
2019-05-08 21:00:00,0.0,29.17,75.5,3.26
2019-05-08 22:00:00,0.0,29.08,76.47,3.43
2019-05-08 23:00:00,0.0,28.94,77.26,3.98
2019-05-09 00:00:00,0.0,28.82,77.43,4.58
2019-05-09 01:00:00,0.0,28.74,76.92,4.9
2019-05-09 02:00:00,0.0,28.65,76.49,4.87
2019-05-09 03:00:00,0.01,28.56,76.52,4.86
2019-05-09 04:00:00,0.0,28.49,76.36,4.88
2019-05-09 05:00:00,0.0,28.45,76.04,4.8
2019-05-09 06:00:00,0.0,28.79,74.05,5.04
2019-05-09 07:00:00,0.0,29.38,70.56,5.58
2019-05-09 08:00:00,0.02,29.85,68.62,5.81
2019-05-09 09:00:00,0.02,30.3,67.01,6.09
2019-05-09 10:00:00,0.02,30.68,65.7,6.36
2019-05-09 11:00:00,0.02,30.93,64.85,6.56
2019-05-09 12:00:00,0.03,31.02,64.58,6.79
2019-05-09 13:00:00,0.03,30.95,64.91,7.04
2019-05-09 14:00:00,0.04,30.7,65.81,7.27
2019-05-09 15:00:00,0.04,30.38,67.09,7.45
2019-05-09 16:00:00,0.04,30.06,68.45,7.36
2019-05-09 17:00:00,0.03,29.66,70.3,7.06
2019-05-09 18:00:00,0.02,29.31,72.16,6.58
2019-05-09 19:00:00,0.01,29.13,73.5,6.15
2019-05-09 20:00:00,0.01,29.0,74.56,5.73
2019-05-09 21:00:00,0.01,28.88,75.54,5.37
2019-05-09 22:00:00,0.0,28.77,76.41,5.2
2019-05-09 23:00:00,0.0,28.65,77.3,5.08
2019-05-10 00:00:00,0.01,28.51,78.27,5.03
2019-05-10 01:00:00,0.01,28.42,78.87,5.01
2019-05-10 02:00:00,0.01,28.32,79.54,4.93
2019-05-10 03:00:00,0.01,28.26,80.03,4.83
2019-05-10 04:00:00,0.01,28.2,80.63,4.7
2019-05-10 05:00:00,0.02,28.16,81.12,4.63
2019-05-10 06:00:00,0.01,28.52,79.77,5.0
2019-05-10 07:00:00,0.01,29.14,76.88,5.43
2019-05-10 08:00:00,0.0,29.81,73.96,5.24
2019-05-10 09:00:00,0.0,30.44,71.27,4.9
2019-05-10 10:00:00,0.0,30.98,69.05,4.6
2019-05-10 11:00:00,0.0,31.42,67.84,4.45
2019-05-10 12:00:00,0.0,31.7,67.15,4.7
2019-05-10 13:00:00,0.0,31.73,67.01,5.35
2019-05-10 14:00:00,0.0,31.45,68.25,5.98
2019-05-10 15:00:00,0.0,30.89,70.66,6.3
2019-05-10 16:00:00,0.0,30.35,73.07,6.31
2019-05-10 17:00:00,0.0,29.94,74.97,5.98
2019-05-10 18:00:00,0.0,29.62,76.58,5.57
2019-05-10 19:00:00,0.0,29.47,77.46,5.29
2019-05-10 20:00:00,0.0,29.41,77.91,5.06
2019-05-10 21:00:00,0.0,29.35,78.41,4.81
2019-05-10 22:00:00,0.0,29.29,78.88,4.56
2019-05-10 23:00:00,0.01,29.17,79.67,4.31
2019-05-11 00:00:00,0.01,29.02,80.58,4.06
2019-05-11 01:00:00,0.01,28.88,81.47,3.86
2019-05-11 02:00:00,0.01,28.76,82.15,3.65
2019-05-11 03:00:00,0.01,28.67,82.66,3.45
2019-05-11 04:00:00,0.01,28.63,82.82,3.36
2019-05-11 05:00:00,0.02,28.61,82.8,3.3
2019-05-11 06:00:00,0.01,28.94,81.09,3.61
2019-05-11 07:00:00,0.01,29.47,77.66,4.05
2019-05-11 08:00:00,0.01,29.88,75.25,4.06
2019-05-11 09:00:00,0.01,30.24,73.72,4.12
2019-05-11 10:00:00,0.01,30.63,72.22,4.27
2019-05-11 11:00:00,0.01,30.93,70.98,4.52
2019-05-11 12:00:00,0.01,31.09,70.42,4.85
2019-05-11 13:00:00,0.01,31.12,70.27,5.22
2019-05-11 14:00:00,0.01,30.98,70.69,5.59
2019-05-11 15:00:00,0.01,30.66,71.98,5.91
2019-05-11 16:00:00,0.01,30.28,73.68,5.98
2019-05-11 17:00:00,0.0,29.92,75.43,5.82
2019-05-11 18:00:00,0.0,29.62,77.01,5.43
2019-05-11 19:00:00,0.01,29.46,78.03,4.99
2019-05-11 20:00:00,0.01,29.39,78.65,4.55
2019-05-11 21:00:00,0.01,29.33,79.2,4.19
2019-05-11 22:00:00,0.01,29.26,79.83,3.88
2019-05-11 23:00:00,0.01,29.17,80.48,3.69
2019-05-12 00:00:00,0.02,29.07,81.13,3.59
2019-05-12 01:00:00,0.02,28.97,81.75,3.52
2019-05-12 02:00:00,0.02,28.87,82.26,3.38
2019-05-12 03:00:00,0.02,28.78,82.69,3.26
2019-05-12 04:00:00,0.02,28.73,82.99,3.18
2019-05-12 05:00:00,0.02,28.7,83.14,3.15
2019-05-12 06:00:00,0.02,28.96,81.71,3.51
2019-05-12 07:00:00,0.02,29.4,78.57,4.14
2019-05-12 08:00:00,0.09,29.78,76.43,4.46
2019-05-12 09:00:00,0.1,30.06,75.26,4.78
2019-05-12 10:00:00,0.08,30.36,74.0,5.09
2019-05-12 11:00:00,0.08,30.59,72.99,5.34
2019-05-12 12:00:00,0.08,30.73,72.35,5.52
2019-05-12 13:00:00,0.07,30.76,72.13,5.66
2019-05-12 14:00:00,0.07,30.57,72.8,5.79
2019-05-12 15:00:00,0.07,30.3,73.99,5.87
2019-05-12 16:00:00,0.05,30.04,75.11,5.77
2019-05-12 17:00:00,0.05,29.79,76.35,5.56
2019-05-12 18:00:00,0.05,29.56,77.56,5.24
2019-05-12 19:00:00,0.05,29.46,78.05,5.02
2019-05-12 20:00:00,0.04,29.41,78.31,4.86
2019-05-12 21:00:00,0.04,29.37,78.47,4.65
2019-05-12 22:00:00,0.04,29.31,78.61,4.45
2019-05-12 23:00:00,0.03,29.22,78.74,4.25
2019-05-13 00:00:00,0.03,29.14,78.73,3.99
2019-05-13 01:00:00,0.04,29.05,78.81,3.72
2019-05-13 02:00:00,0.03,28.96,79.04,3.57
2019-05-13 03:00:00,0.03,28.89,79.23,3.51
2019-05-13 04:00:00,0.03,28.81,79.52,3.49
2019-05-13 05:00:00,0.03,28.73,80.1,3.55
2019-05-13 06:00:00,0.02,29.03,78.7,4.08
2019-05-13 07:00:00,0.02,29.53,75.45,4.78
2019-05-13 08:00:00,0.0,29.99,73.14,4.87
2019-05-13 09:00:00,0.0,30.48,71.13,4.81
2019-05-13 10:00:00,0.0,30.88,69.23,4.84
2019-05-13 11:00:00,0.0,31.15,67.65,4.93
2019-05-13 12:00:00,0.0,31.3,66.67,5.02
2019-05-13 13:00:00,0.0,31.36,66.18,5.09
2019-05-13 14:00:00,0.0,31.24,66.45,5.22
2019-05-13 15:00:00,0.0,30.97,67.53,5.34
2019-05-13 16:00:00,0.0,30.58,69.23,5.35
2019-05-13 17:00:00,0.0,30.12,71.52,5.21
2019-05-13 18:00:00,0.0,29.7,74.1,4.92
2019-05-13 19:00:00,0.0,29.47,75.86,4.66
2019-05-13 20:00:00,0.0,29.31,77.3,4.49
2019-05-13 21:00:00,0.0,29.2,78.36,4.39
2019-05-13 22:00:00,0.0,29.08,79.26,4.29
2019-05-13 23:00:00,0.0,28.93,80.22,4.16
2019-05-14 00:00:00,0.0,28.8,80.88,4.05
2019-05-14 01:00:00,0.0,28.72,81.1,4.02
2019-05-14 02:00:00,0.0,28.64,81.34,3.86
2019-05-14 03:00:00,0.0,28.59,81.42,3.75
2019-05-14 04:00:00,0.0,28.61,80.96,3.79
2019-05-14 05:00:00,0.0,28.65,80.52,3.96
2019-05-14 06:00:00,0.0,28.99,78.78,4.58
2019-05-14 07:00:00,0.01,29.57,75.66,5.4
2019-05-14 08:00:00,0.02,30.11,73.01,5.64
2019-05-14 09:00:00,0.02,30.52,70.99,5.71
2019-05-14 10:00:00,0.01,30.81,69.47,5.75
2019-05-14 11:00:00,0.01,30.96,68.24,5.79
2019-05-14 12:00:00,0.0,31.0,66.96,5.82
2019-05-14 13:00:00,0.0,31.0,65.78,5.79
2019-05-14 14:00:00,0.0,30.94,65.02,5.65
2019-05-14 15:00:00,0.0,30.87,64.85,5.51
2019-05-14 16:00:00,0.0,30.67,65.67,5.45
2019-05-14 17:00:00,0.0,30.29,67.76,5.31
2019-05-14 18:00:00,0.0,29.86,70.72,4.97
2019-05-14 19:00:00,0.0,29.6,73.57,4.59
2019-05-14 20:00:00,0.0,29.4,76.03,4.33
2019-05-14 21:00:00,0.01,29.25,77.77,4.16
2019-05-14 22:00:00,0.01,29.13,79.02,4.07
2019-05-14 23:00:00,0.01,28.99,80.24,4.05
2019-05-15 00:00:00,0.02,28.87,81.23,4.04
2019-05-15 01:00:00,0.03,28.76,82.03,4.05
2019-05-15 02:00:00,0.04,28.68,82.42,4.0
2019-05-15 03:00:00,0.04,28.67,82.15,3.96
2019-05-15 04:00:00,0.05,28.64,82.48,3.92
2019-05-15 05:00:00,0.05,28.6,82.89,3.96
2019-05-15 06:00:00,0.05,28.75,82.04,4.32
2019-05-15 07:00:00,0.05,29.1,79.84,4.86
2019-05-15 08:00:00,0.15,29.49,77.69,4.97
2019-05-15 09:00:00,0.13,29.78,76.22,4.96
2019-05-15 10:00:00,0.13,29.96,75.33,4.98
2019-05-15 11:00:00,0.13,30.12,74.71,5.08
2019-05-15 12:00:00,0.13,30.25,74.03,5.18
2019-05-15 13:00:00,0.13,30.23,74.03,5.28
2019-05-15 14:00:00,0.11,30.15,74.48,5.32
2019-05-15 15:00:00,0.1,30.05,75.09,5.35
2019-05-15 16:00:00,0.1,29.87,76.11,5.25
2019-05-15 17:00:00,0.09,29.64,77.57,5.06
2019-05-15 18:00:00,0.09,29.41,79.33,4.79
2019-05-15 19:00:00,0.11,29.27,80.43,4.57
2019-05-15 20:00:00,0.11,29.14,81.3,4.41
2019-05-15 21:00:00,0.11,29.03,81.95,4.2
2019-05-15 22:00:00,0.12,28.92,82.5,4.04
2019-05-15 23:00:00,0.11,28.79,83.13,3.82
2019-05-16 00:00:00,0.11,28.68,83.56,3.75
2019-05-16 01:00:00,0.12,28.59,83.87,3.71
2019-05-16 02:00:00,0.11,28.55,83.84,3.6
2019-05-16 03:00:00,0.1,28.49,84.14,3.38
2019-05-16 04:00:00,0.09,28.44,84.35,3.26
2019-05-16 05:00:00,0.08,28.42,84.42,3.2
2019-05-16 06:00:00,0.07,28.61,83.52,3.51
2019-05-16 07:00:00,0.06,28.94,81.45,4.0
2019-05-16 08:00:00,0.01,29.38,79.13,4.33
2019-05-16 09:00:00,0.01,29.84,76.62,4.3
2019-05-16 10:00:00,0.01,30.07,75.11,4.09
2019-05-16 11:00:00,0.02,30.16,74.3,3.97
2019-05-16 12:00:00,0.01,30.23,73.63,4.04
2019-05-16 13:00:00,0.01,30.22,73.56,4.24
2019-05-16 14:00:00,0.01,30.15,73.71,4.46
2019-05-16 15:00:00,0.01,29.98,74.39,4.72
2019-05-16 16:00:00,0.01,29.76,75.2,4.88
2019-05-16 17:00:00,0.01,29.49,76.38,4.96
2019-05-16 18:00:00,0.0,29.25,77.41,4.7
2019-05-16 19:00:00,0.01,29.1,78.28,4.31
2019-05-16 20:00:00,0.01,28.98,78.97,3.96
2019-05-16 21:00:00,0.01,28.9,79.47,3.74
2019-05-16 22:00:00,0.01,28.81,79.88,3.58
2019-05-16 23:00:00,0.01,28.71,80.35,3.56
2019-05-17 00:00:00,0.01,28.6,80.85,3.52
2019-05-17 01:00:00,0.02,28.5,81.31,3.52
2019-05-17 02:00:00,0.02,28.43,81.65,3.44
2019-05-17 03:00:00,0.02,28.37,81.96,3.27
2019-05-17 04:00:00,0.02,28.35,82.08,3.14
2019-05-17 05:00:00,0.01,28.33,82.25,3.05
2019-05-17 06:00:00,0.02,28.62,81.13,3.31
2019-05-17 07:00:00,0.02,29.11,78.3,3.94
2019-05-17 08:00:00,0.09,29.6,75.78,4.26
2019-05-17 09:00:00,0.11,30.1,73.61,4.4
2019-05-17 10:00:00,0.09,30.5,71.86,4.46
2019-05-17 11:00:00,0.09,30.76,70.75,4.5
2019-05-17 12:00:00,0.09,30.89,70.31,4.5
2019-05-17 13:00:00,0.08,30.84,70.56,4.53
2019-05-17 14:00:00,0.06,30.63,71.44,4.68
2019-05-17 15:00:00,0.06,30.36,72.75,4.84
2019-05-17 16:00:00,0.02,30.07,74.2,4.94
2019-05-17 17:00:00,0.02,29.76,75.83,4.96
2019-05-17 18:00:00,0.01,29.46,77.64,4.82
2019-05-17 19:00:00,0.02,29.28,78.99,4.58
2019-05-17 20:00:00,0.01,29.16,79.99,4.28
2019-05-17 21:00:00,0.01,29.03,80.96,3.94
2019-05-17 22:00:00,0.02,28.92,81.68,3.74
2019-05-17 23:00:00,0.02,28.79,82.37,3.53
2019-05-18 00:00:00,0.02,28.66,83.09,3.38
2019-05-18 01:00:00,0.03,28.55,83.74,3.37
2019-05-18 02:00:00,0.02,28.45,84.31,3.36
2019-05-18 03:00:00,0.02,28.36,84.73,3.37
2019-05-18 04:00:00,0.03,28.34,84.73,3.39
2019-05-18 05:00:00,0.02,28.39,84.36,3.38
2019-05-18 06:00:00,0.02,28.64,83.24,3.61
2019-05-18 07:00:00,0.02,29.08,80.35,4.12
2019-05-18 08:00:00,0.0,29.55,77.74,4.16
2019-05-18 09:00:00,0.01,29.93,75.88,3.94
2019-05-18 10:00:00,0.01,30.29,74.38,3.82
2019-05-18 11:00:00,0.01,30.54,73.16,3.77
2019-05-18 12:00:00,0.01,30.65,72.53,3.79
2019-05-18 13:00:00,0.02,30.62,72.41,3.86
2019-05-18 14:00:00,0.02,30.54,72.67,4.07
2019-05-18 15:00:00,0.01,30.38,73.5,4.28
2019-05-18 16:00:00,0.01,30.11,74.99,4.29
2019-05-18 17:00:00,0.01,29.8,76.9,4.0
2019-05-18 18:00:00,0.02,29.54,78.83,3.54
2019-05-18 19:00:00,0.02,29.37,80.47,3.11
2019-05-18 20:00:00,0.02,29.26,81.65,2.76
2019-05-18 21:00:00,0.02,29.17,82.42,2.49
2019-05-18 22:00:00,0.01,29.07,83.01,2.34
2019-05-18 23:00:00,0.01,28.95,83.55,2.33
2019-05-19 00:00:00,0.02,28.81,84.13,2.38
2019-05-19 01:00:00,0.02,28.69,84.3,2.44
2019-05-19 02:00:00,0.03,28.62,84.29,2.44
2019-05-19 03:00:00,0.02,28.58,84.03,2.38
2019-05-19 04:00:00,0.01,28.53,84.02,2.31
2019-05-19 05:00:00,0.01,28.5,83.97,2.25
2019-05-19 06:00:00,0.01,28.84,81.87,2.52
2019-05-19 07:00:00,0.01,29.25,78.96,2.8
2019-05-19 08:00:00,0.0,29.58,77.06,2.76
2019-05-19 09:00:00,0.0,29.95,75.18,2.67
2019-05-19 10:00:00,0.0,30.25,73.89,2.62
2019-05-19 11:00:00,0.0,30.51,72.9,2.63
2019-05-19 12:00:00,0.0,30.69,72.09,2.85
2019-05-19 13:00:00,0.0,30.65,72.06,3.36
2019-05-19 14:00:00,0.0,30.39,73.42,4.1
2019-05-19 15:00:00,0.0,30.04,75.56,4.62
2019-05-19 16:00:00,0.0,29.79,77.11,4.64
2019-05-19 17:00:00,0.0,29.6,78.24,4.28
2019-05-19 18:00:00,0.0,29.43,79.33,3.73
2019-05-19 19:00:00,0.0,29.36,80.18,3.24
2019-05-19 20:00:00,0.0,29.29,81.1,2.83
2019-05-19 21:00:00,0.01,29.21,81.86,2.54
2019-05-19 22:00:00,0.01,29.12,82.59,2.47
2019-05-19 23:00:00,0.01,29.02,83.2,2.55
2019-05-20 00:00:00,0.01,28.9,83.81,2.65
2019-05-20 01:00:00,0.01,28.76,84.35,2.68
2019-05-20 02:00:00,0.01,28.65,84.73,2.53
2019-05-20 03:00:00,0.01,28.56,84.83,2.23
2019-05-20 04:00:00,0.0,28.51,84.52,1.87
2019-05-20 05:00:00,0.01,28.5,83.93,1.51
2019-05-20 06:00:00,0.01,28.8,82.09,1.37
2019-05-20 07:00:00,0.0,29.29,78.08,1.5
2019-05-20 08:00:00,0.01,29.77,75.46,1.67
2019-05-20 09:00:00,0.01,30.34,72.83,1.87
2019-05-20 10:00:00,0.01,30.82,71.09,2.06
2019-05-20 11:00:00,0.0,31.11,70.2,2.29
2019-05-20 12:00:00,0.0,31.3,69.34,2.72
2019-05-20 13:00:00,0.0,31.39,68.92,3.35
2019-05-20 14:00:00,0.01,31.25,69.37,4.09
2019-05-20 15:00:00,0.01,30.81,71.42,4.71
2019-05-20 16:00:00,0.01,30.32,74.07,5.06
2019-05-20 17:00:00,0.01,29.96,76.17,4.92
2019-05-20 18:00:00,0.01,29.69,77.76,4.36
2019-05-20 19:00:00,0.02,29.56,78.66,3.8
2019-05-20 20:00:00,0.01,29.5,79.33,3.28
2019-05-20 21:00:00,0.02,29.43,80.14,2.83
2019-05-20 22:00:00,0.02,29.36,80.94,2.54
2019-05-20 23:00:00,0.02,29.25,81.69,2.44
2019-05-21 00:00:00,0.03,29.13,82.33,2.56
2019-05-21 01:00:00,0.04,29.03,82.7,2.72
2019-05-21 02:00:00,0.05,28.97,82.73,2.79
2019-05-21 03:00:00,0.07,28.91,83.06,2.68
2019-05-21 04:00:00,0.06,28.87,83.33,2.52
2019-05-21 05:00:00,0.1,28.86,83.47,2.42
2019-05-21 06:00:00,0.09,29.04,82.75,2.54
2019-05-21 07:00:00,0.09,29.38,80.17,2.72
2019-05-21 08:00:00,0.06,29.65,78.55,2.69
2019-05-21 09:00:00,0.05,29.83,77.26,2.67
2019-05-21 10:00:00,0.05,29.93,76.31,2.65
2019-05-21 11:00:00,0.05,29.99,75.78,2.7
2019-05-21 12:00:00,0.05,30.01,75.54,2.88
2019-05-21 13:00:00,0.07,29.98,75.66,3.21
2019-05-21 14:00:00,0.07,29.92,76.06,3.57
2019-05-21 15:00:00,0.06,29.81,76.9,3.84
2019-05-21 16:00:00,0.06,29.73,77.71,4.02
2019-05-21 17:00:00,0.05,29.61,78.62,3.95
2019-05-21 18:00:00,0.06,29.46,79.88,3.6
2019-05-21 19:00:00,0.05,29.38,80.99,3.11
2019-05-21 20:00:00,0.05,29.33,81.86,2.67
2019-05-21 21:00:00,0.07,29.3,82.26,2.38
2019-05-21 22:00:00,0.06,29.24,82.61,2.19
2019-05-21 23:00:00,0.06,29.16,82.97,2.08
2019-05-22 00:00:00,0.07,29.06,83.41,1.97
2019-05-22 01:00:00,0.07,28.98,83.8,1.94
2019-05-22 02:00:00,0.07,28.9,84.3,1.98
2019-05-22 03:00:00,0.07,28.82,84.76,2.07
2019-05-22 04:00:00,0.07,28.77,85.12,2.23
2019-05-22 05:00:00,0.07,28.74,85.44,2.41
2019-05-22 06:00:00,0.07,28.95,84.67,2.76
2019-05-22 07:00:00,0.06,29.38,81.82,3.35
2019-05-22 08:00:00,0.05,29.78,78.79,3.47
2019-05-22 09:00:00,0.05,30.17,75.82,3.27
2019-05-22 10:00:00,0.04,30.47,73.62,3.04
2019-05-22 11:00:00,0.04,30.73,72.05,2.94
2019-05-22 12:00:00,0.03,30.91,71.04,2.94
2019-05-22 13:00:00,0.02,30.98,70.55,3.13
2019-05-22 14:00:00,0.02,30.94,70.49,3.43
2019-05-22 15:00:00,0.02,30.81,71.0,3.89
2019-05-22 16:00:00,0.03,30.58,72.13,4.23
2019-05-22 17:00:00,0.03,30.28,73.86,4.33
2019-05-22 18:00:00,0.03,29.99,76.09,4.04
2019-05-22 19:00:00,0.04,29.81,78.04,3.6
2019-05-22 20:00:00,0.03,29.67,79.68,3.19
2019-05-22 21:00:00,0.03,29.53,80.85,2.89
2019-05-22 22:00:00,0.04,29.39,81.71,2.69
2019-05-22 23:00:00,0.03,29.25,82.37,2.67
2019-05-23 00:00:00,0.03,29.12,82.76,2.71
2019-05-23 01:00:00,0.04,29.02,82.91,2.76
2019-05-23 02:00:00,0.04,28.93,83.14,2.78
2019-05-23 03:00:00,0.05,28.86,83.27,2.75
2019-05-23 04:00:00,0.05,28.79,83.41,2.57
2019-05-23 05:00:00,0.06,28.75,83.48,2.37
2019-05-23 06:00:00,0.06,29.0,82.25,2.34
2019-05-23 07:00:00,0.07,29.47,78.4,2.67
2019-05-23 08:00:00,0.11,29.86,75.9,2.92
2019-05-23 09:00:00,0.1,30.21,73.57,3.14
2019-05-23 10:00:00,0.09,30.48,71.71,3.37
2019-05-23 11:00:00,0.1,30.74,70.28,3.58
2019-05-23 12:00:00,0.09,30.85,69.93,3.86
2019-05-23 13:00:00,0.09,30.87,70.22,4.2
2019-05-23 14:00:00,0.08,30.83,70.66,4.54
2019-05-23 15:00:00,0.08,30.67,71.39,4.7
2019-05-23 16:00:00,0.09,30.43,72.58,4.67
2019-05-23 17:00:00,0.09,30.1,74.4,4.42
2019-05-23 18:00:00,0.1,29.79,76.72,3.99
2019-05-23 19:00:00,0.12,29.61,78.72,3.61
2019-05-23 20:00:00,0.12,29.5,80.3,3.33
2019-05-23 21:00:00,0.13,29.37,81.77,3.18
2019-05-23 22:00:00,0.15,29.24,83.16,3.14
2019-05-23 23:00:00,0.17,29.11,84.37,3.16
2019-05-24 00:00:00,0.21,28.99,85.17,3.15
2019-05-24 01:00:00,0.25,28.91,85.5,3.2
2019-05-24 02:00:00,0.25,28.84,85.49,3.01
2019-05-24 03:00:00,0.25,28.81,85.36,2.67
2019-05-24 04:00:00,0.26,28.8,85.2,2.29
2019-05-24 05:00:00,0.23,28.8,84.9,1.9
2019-05-24 06:00:00,0.27,28.99,84.0,1.7
2019-05-24 07:00:00,0.27,29.28,80.96,1.77
2019-05-24 08:00:00,0.63,29.47,80.15,2.02
2019-05-24 09:00:00,0.67,29.61,79.71,2.22
2019-05-24 10:00:00,0.79,29.7,79.4,2.31
2019-05-24 11:00:00,0.86,29.78,79.37,2.55
2019-05-24 12:00:00,0.82,29.83,79.6,2.99
2019-05-24 13:00:00,0.84,29.82,80.0,3.33
2019-05-24 14:00:00,0.82,29.81,80.12,3.68
2019-05-24 15:00:00,0.89,29.74,80.32,3.88
2019-05-24 16:00:00,0.91,29.6,80.95,3.94
2019-05-24 17:00:00,0.86,29.39,82.32,3.91
2019-05-24 18:00:00,0.86,29.16,84.29,3.74
2019-05-24 19:00:00,0.85,29.03,85.63,3.77
2019-05-24 20:00:00,0.84,28.96,86.39,3.83
2019-05-24 21:00:00,0.79,28.89,86.89,3.65
2019-05-24 22:00:00,0.84,28.8,87.38,3.51
2019-05-24 23:00:00,0.94,28.69,87.86,3.47
2019-05-25 00:00:00,1.1,28.58,88.19,3.46
2019-05-25 01:00:00,1.23,28.47,88.2,3.45
2019-05-25 02:00:00,1.39,28.41,87.57,3.37
2019-05-25 03:00:00,1.49,28.35,87.01,3.19
2019-05-25 04:00:00,1.46,28.3,86.67,3.0
2019-05-25 05:00:00,1.53,28.25,86.52,2.88
2019-05-25 06:00:00,1.49,28.4,85.56,2.96
2019-05-25 07:00:00,1.29,28.63,83.48,3.33
2019-05-25 08:00:00,0.59,28.74,82.78,3.45
2019-05-25 09:00:00,0.51,28.86,82.09,3.57
2019-05-25 10:00:00,0.49,28.93,81.65,3.91
2019-05-25 11:00:00,0.46,28.98,81.34,4.3
2019-05-25 12:00:00,0.5,29.0,81.07,4.63
2019-05-25 13:00:00,0.52,28.99,80.91,4.88
2019-05-25 14:00:00,0.5,29.0,80.82,4.96
2019-05-25 15:00:00,0.48,28.98,80.57,4.93
2019-05-25 16:00:00,0.49,28.94,79.84,4.76
2019-05-25 17:00:00,0.38,28.84,79.37,4.21
2019-05-25 18:00:00,0.38,28.63,80.11,3.27
2019-05-25 19:00:00,0.33,28.57,80.08,2.59
2019-05-25 20:00:00,0.31,28.55,79.53,2.22
2019-05-25 21:00:00,0.26,28.49,79.41,2.21
2019-05-25 22:00:00,0.25,28.41,79.63,2.31
2019-05-25 23:00:00,0.22,28.35,79.73,2.26
2019-05-26 00:00:00,0.25,28.3,79.68,2.04
2019-05-26 01:00:00,0.25,28.23,79.81,1.93
2019-05-26 02:00:00,0.24,28.16,80.34,2.1
2019-05-26 03:00:00,0.22,28.1,81.03,2.37
2019-05-26 04:00:00,0.25,28.08,81.4,2.48
2019-05-26 05:00:00,0.18,28.08,81.74,2.44
2019-05-26 06:00:00,0.18,28.52,80.51,2.54
2019-05-26 07:00:00,0.15,29.15,76.66,2.97
2019-05-26 08:00:00,0.05,29.61,74.87,3.03
2019-05-26 09:00:00,0.05,29.97,73.52,3.16
2019-05-26 10:00:00,0.04,30.27,72.46,3.36
2019-05-26 11:00:00,0.04,30.47,71.79,3.67
2019-05-26 12:00:00,0.04,30.58,71.51,4.03
2019-05-26 13:00:00,0.04,30.64,71.5,4.44
2019-05-26 14:00:00,0.04,30.62,71.62,4.66
2019-05-26 15:00:00,0.04,30.52,71.91,4.69
2019-05-26 16:00:00,0.03,30.32,72.9,4.64
2019-05-26 17:00:00,0.03,29.98,74.94,4.48
2019-05-26 18:00:00,0.03,29.65,77.33,4.24
2019-05-26 19:00:00,0.02,29.46,79.18,4.09
2019-05-26 20:00:00,0.03,29.33,80.66,4.01
2019-05-26 21:00:00,0.03,29.21,81.82,4.03
2019-05-26 22:00:00,0.03,29.08,82.93,3.99
2019-05-26 23:00:00,0.04,28.95,83.94,3.92
2019-05-27 00:00:00,0.05,28.83,84.85,3.87
2019-05-27 01:00:00,0.05,28.75,85.42,3.77
2019-05-27 02:00:00,0.05,28.69,85.8,3.61
2019-05-27 03:00:00,0.04,28.66,85.95,3.41
2019-05-27 04:00:00,0.03,28.65,85.9,3.3
2019-05-27 05:00:00,0.02,28.64,85.83,3.18
2019-05-27 06:00:00,0.02,28.92,84.42,3.36
2019-05-27 07:00:00,0.01,29.4,81.17,3.92
2019-05-27 08:00:00,0.01,29.92,78.28,4.06
2019-05-27 09:00:00,0.01,30.38,76.07,4.02
2019-05-27 10:00:00,0.01,30.75,74.38,3.92
2019-05-27 11:00:00,0.02,31.0,73.34,3.92
2019-05-27 12:00:00,0.02,31.11,72.97,4.09
2019-05-27 13:00:00,0.01,31.07,73.08,4.42
2019-05-27 14:00:00,0.01,30.92,73.73,4.91
2019-05-27 15:00:00,0.01,30.7,75.12,5.37
2019-05-27 16:00:00,0.01,30.44,76.63,5.43
2019-05-27 17:00:00,0.01,30.16,78.5,5.16
2019-05-27 18:00:00,0.01,29.93,80.52,4.7
2019-05-27 19:00:00,0.01,29.8,82.03,4.27
2019-05-27 20:00:00,0.01,29.72,83.02,3.79
2019-05-27 21:00:00,0.01,29.63,83.81,3.49
2019-05-27 22:00:00,0.01,29.51,84.56,3.45
2019-05-27 23:00:00,0.02,29.38,85.34,3.55
2019-05-28 00:00:00,0.02,29.24,85.93,3.57
2019-05-28 01:00:00,0.02,29.14,86.1,3.5
2019-05-28 02:00:00,0.02,29.05,86.18,3.37
2019-05-28 03:00:00,0.01,28.94,86.39,3.21
2019-05-28 04:00:00,0.01,28.84,86.6,3.08
2019-05-28 05:00:00,0.01,28.76,86.92,3.09
2019-05-28 06:00:00,0.01,28.96,85.97,3.45
2019-05-28 07:00:00,0.0,29.45,81.91,4.31
2019-05-28 08:00:00,0.01,29.97,78.0,4.62
2019-05-28 09:00:00,0.01,30.46,74.9,4.59
2019-05-28 10:00:00,0.01,30.84,72.56,4.53
2019-05-28 11:00:00,0.02,31.12,71.13,4.42
2019-05-28 12:00:00,0.02,31.3,70.25,4.38
2019-05-28 13:00:00,0.03,31.34,70.12,4.42
2019-05-28 14:00:00,0.03,31.26,70.54,4.53
2019-05-28 15:00:00,0.03,31.05,71.41,4.67
2019-05-28 16:00:00,0.03,30.74,73.09,4.78
2019-05-28 17:00:00,0.03,30.36,75.71,4.71
2019-05-28 18:00:00,0.04,30.02,78.8,4.4
2019-05-28 19:00:00,0.03,29.82,81.29,4.11
2019-05-28 20:00:00,0.03,29.66,83.33,3.81
2019-05-28 21:00:00,0.04,29.49,84.94,3.6
2019-05-28 22:00:00,0.03,29.35,86.0,3.41
2019-05-28 23:00:00,0.07,29.23,86.52,3.29
2019-05-29 00:00:00,0.16,29.1,86.87,3.27
2019-05-29 01:00:00,0.29,28.98,87.17,3.24
2019-05-29 02:00:00,0.59,28.9,87.26,3.18
2019-05-29 03:00:00,1.16,28.84,87.32,3.18
2019-05-29 04:00:00,1.45,28.8,87.27,3.24
2019-05-29 05:00:00,1.14,28.77,87.27,3.31
2019-05-29 06:00:00,0.54,28.9,86.58,3.54
2019-05-29 07:00:00,0.22,29.24,84.33,4.29
2019-05-29 08:00:00,0.21,29.64,80.99,4.84
2019-05-29 09:00:00,0.04,30.02,77.69,5.07
2019-05-29 10:00:00,0.07,30.35,75.54,5.16
2019-05-29 11:00:00,0.22,30.57,74.18,5.28
2019-05-29 12:00:00,0.51,30.62,73.76,5.49
2019-05-29 13:00:00,0.93,30.56,74.08,5.64
2019-05-29 14:00:00,0.81,30.42,74.97,5.67
2019-05-29 15:00:00,0.71,30.21,76.35,5.75
2019-05-29 16:00:00,0.42,29.87,78.51,5.78
2019-05-29 17:00:00,0.31,29.47,81.22,5.81
2019-05-29 18:00:00,0.18,29.15,83.32,6.01
2019-05-29 19:00:00,0.11,28.99,84.07,6.42
2019-05-29 20:00:00,0.07,28.91,84.41,6.36
2019-05-29 21:00:00,0.07,28.85,84.71,5.82
2019-05-29 22:00:00,0.09,28.84,84.55,5.42
2019-05-29 23:00:00,0.09,28.83,84.1,5.36
2019-05-30 00:00:00,0.18,28.82,83.89,5.43
2019-05-30 01:00:00,0.28,28.84,83.5,5.52
2019-05-30 02:00:00,0.37,28.84,82.96,5.33
2019-05-30 03:00:00,0.39,28.8,82.72,5.18
2019-05-30 04:00:00,0.45,28.74,83.01,4.77
2019-05-30 05:00:00,0.51,28.68,83.57,4.19
2019-05-30 06:00:00,0.54,28.9,82.95,3.79
2019-05-30 07:00:00,0.5,29.38,80.25,4.01
2019-05-30 08:00:00,0.06,29.74,78.41,4.35
2019-05-30 09:00:00,0.06,30.0,77.4,4.57
2019-05-30 10:00:00,0.05,30.14,77.08,4.75
2019-05-30 11:00:00,0.04,30.22,77.12,4.92
2019-05-30 12:00:00,0.03,30.23,77.06,4.98
2019-05-30 13:00:00,0.04,30.17,77.17,4.93
2019-05-30 14:00:00,0.04,30.09,77.57,4.96
2019-05-30 15:00:00,0.04,29.97,78.38,4.99
2019-05-30 16:00:00,0.04,29.84,79.22,4.88
2019-05-30 17:00:00,0.04,29.7,80.19,4.49
2019-05-30 18:00:00,0.03,29.49,82.17,3.89
2019-05-30 19:00:00,0.03,29.32,84.08,3.5
2019-05-30 20:00:00,0.03,29.21,85.17,3.36
2019-05-30 21:00:00,0.04,29.09,86.07,3.34
2019-05-30 22:00:00,0.04,28.97,86.76,3.26
2019-05-30 23:00:00,0.05,28.85,87.33,3.02
2019-05-31 00:00:00,0.06,28.72,87.42,2.79
2019-05-31 01:00:00,0.06,28.63,87.02,2.81
2019-05-31 02:00:00,0.06,28.51,86.94,2.86
2019-05-31 03:00:00,0.06,28.37,87.12,2.98
2019-05-31 04:00:00,0.05,28.26,87.14,3.01
2019-05-31 05:00:00,0.07,28.19,85.57,2.78
2019-05-31 06:00:00,0.08,28.51,78.28,2.44
2019-05-31 07:00:00,0.1,29.0,72.03,2.64
2019-05-31 08:00:00,0.49,29.38,67.66,3.53
2019-05-31 09:00:00,0.64,29.78,64.55,4.78
2019-05-31 10:00:00,0.72,30.03,62.5,5.71
2019-05-31 11:00:00,0.88,30.08,62.03,6.19
2019-05-31 12:00:00,0.98,30.06,62.09,6.38
2019-05-31 13:00:00,1.14,29.95,62.77,6.29
2019-05-31 14:00:00,1.29,29.71,63.98,5.84
2019-05-31 15:00:00,1.24,29.44,65.3,5.15
2019-05-31 16:00:00,1.19,29.14,67.23,4.54
2019-05-31 17:00:00,0.88,28.82,70.5,4.07
2019-05-31 18:00:00,0.63,28.51,74.32,3.68
2019-05-31 19:00:00,0.4,28.44,76.01,3.59
2019-05-31 20:00:00,0.36,28.46,77.05,3.44
2019-05-31 21:00:00,0.24,28.45,77.91,3.21
2019-05-31 22:00:00,0.23,28.43,78.46,3.1
2019-05-31 23:00:00,0.17,28.38,79.07,3.16
2019-06-01 00:00:00,0.15,28.28,79.87,3.27
2019-06-01 01:00:00,0.13,28.2,80.5,3.3
2019-06-01 02:00:00,0.11,28.13,80.78,2.95
2019-06-01 03:00:00,0.07,28.06,80.81,2.44
2019-06-01 04:00:00,0.04,28.05,80.09,1.94
2019-06-01 05:00:00,0.04,28.14,78.51,1.49
2019-06-01 06:00:00,0.04,28.48,77.07,1.09
2019-06-01 07:00:00,0.05,28.97,73.43,0.79
2019-06-01 08:00:00,0.01,29.46,71.49,0.82
2019-06-01 09:00:00,0.01,30.05,69.22,1.3
2019-06-01 10:00:00,0.01,30.63,67.18,1.9
2019-06-01 11:00:00,0.01,31.02,66.61,2.48
2019-06-01 12:00:00,0.01,31.22,66.75,3.16
2019-06-01 13:00:00,0.01,31.24,67.29,3.88
2019-06-01 14:00:00,0.01,31.11,68.31,4.31
2019-06-01 15:00:00,0.01,30.87,69.62,4.35
2019-06-01 16:00:00,0.01,30.57,71.27,4.23
2019-06-01 17:00:00,0.01,30.2,73.45,4.01
2019-06-01 18:00:00,0.01,29.82,76.21,3.63
2019-06-01 19:00:00,0.01,29.6,78.53,3.27
2019-06-01 20:00:00,0.01,29.41,80.7,2.99
2019-06-01 21:00:00,0.02,29.26,82.28,2.78
2019-06-01 22:00:00,0.02,29.11,83.42,2.61
2019-06-01 23:00:00,0.04,28.96,84.27,2.41
2019-06-02 00:00:00,0.04,28.83,84.84,2.3
2019-06-02 01:00:00,0.04,28.74,85.1,2.25
2019-06-02 02:00:00,0.04,28.67,85.22,2.15
2019-06-02 03:00:00,0.03,28.6,85.07,1.95
2019-06-02 04:00:00,0.02,28.57,84.65,1.75
2019-06-02 05:00:00,0.02,28.56,84.16,1.67
2019-06-02 06:00:00,0.02,28.85,82.85,1.8
2019-06-02 07:00:00,0.02,29.29,79.7,2.14
2019-06-02 08:00:00,0.17,29.63,78.35,2.43
2019-06-02 09:00:00,0.29,29.96,76.98,2.87
2019-06-02 10:00:00,0.3,30.2,76.29,3.39
2019-06-02 11:00:00,0.35,30.34,75.81,3.88
2019-06-02 12:00:00,0.49,30.41,75.76,4.2
2019-06-02 13:00:00,0.48,30.37,75.96,4.44
2019-06-02 14:00:00,0.54,30.2,76.65,4.55
2019-06-02 15:00:00,0.46,29.99,77.4,4.45
2019-06-02 16:00:00,0.4,29.8,78.16,4.23
2019-06-02 17:00:00,0.4,29.62,79.15,3.98
2019-06-02 18:00:00,0.43,29.36,81.4,3.7
2019-06-02 19:00:00,0.38,29.25,82.97,3.63
2019-06-02 20:00:00,0.33,29.18,83.93,3.72
2019-06-02 21:00:00,0.4,29.13,84.43,3.75
2019-06-02 22:00:00,0.55,29.09,84.66,3.72
2019-06-02 23:00:00,0.92,29.01,85.08,3.76
2019-06-03 00:00:00,1.09,28.94,85.23,3.86
2019-06-03 01:00:00,1.26,28.86,85.36,3.86
2019-06-03 02:00:00,1.32,28.78,85.44,3.8
2019-06-03 03:00:00,1.43,28.72,85.46,3.76
2019-06-03 04:00:00,1.38,28.68,85.52,3.71
2019-06-03 05:00:00,1.34,28.66,85.46,3.65
2019-06-03 06:00:00,1.31,28.89,84.47,3.67
2019-06-03 07:00:00,1.27,29.23,81.92,3.94
2019-06-03 08:00:00,0.31,29.4,81.06,4.07
2019-06-03 09:00:00,0.27,29.52,80.67,4.23
2019-06-03 10:00:00,0.25,29.69,79.56,4.46
2019-06-03 11:00:00,0.27,29.83,78.35,4.67
2019-06-03 12:00:00,0.32,29.9,77.56,4.93
2019-06-03 13:00:00,0.29,29.86,77.09,5.09
2019-06-03 14:00:00,0.27,29.64,77.53,5.08
2019-06-03 15:00:00,0.26,29.36,78.27,4.81
2019-06-03 16:00:00,0.26,29.05,79.47,4.46
2019-06-03 17:00:00,0.26,28.68,81.48,4.08
2019-06-03 18:00:00,0.24,28.31,83.93,3.72
2019-06-03 19:00:00,0.24,28.08,85.5,3.58
2019-06-03 20:00:00,0.27,27.95,86.4,3.69
2019-06-03 21:00:00,0.27,27.8,87.41,3.82
2019-06-03 22:00:00,0.3,27.68,88.24,3.93
2019-06-03 23:00:00,0.33,27.54,89.08,4.14
2019-06-04 00:00:00,0.38,27.47,89.51,4.41
2019-06-04 01:00:00,0.42,27.49,89.16,4.69
2019-06-04 02:00:00,0.45,27.48,88.5,4.86
2019-06-04 03:00:00,0.44,27.45,86.96,4.97
2019-06-04 04:00:00,0.29,27.43,85.54,4.75
2019-06-04 05:00:00,0.17,27.4,85.0,4.18
2019-06-04 06:00:00,0.09,27.6,84.1,3.74
2019-06-04 07:00:00,0.05,27.89,81.78,3.6
2019-06-04 08:00:00,0.04,28.03,80.81,3.35
2019-06-04 09:00:00,0.03,28.17,80.17,3.22
2019-06-04 10:00:00,0.03,28.29,79.7,3.27
2019-06-04 11:00:00,0.04,28.42,79.15,3.31
2019-06-04 12:00:00,0.06,28.56,78.56,3.41
2019-06-04 13:00:00,0.09,28.71,77.73,3.53
2019-06-04 14:00:00,0.1,28.77,77.46,3.75
2019-06-04 15:00:00,0.11,28.78,77.37,3.95
2019-06-04 16:00:00,0.11,28.71,77.79,4.03
2019-06-04 17:00:00,0.12,28.59,78.61,3.94
2019-06-04 18:00:00,0.13,28.41,80.29,3.58
2019-06-04 19:00:00,0.11,28.35,81.44,3.22
2019-06-04 20:00:00,0.1,28.31,82.12,3.06
2019-06-04 21:00:00,0.09,28.29,82.44,2.93
2019-06-04 22:00:00,0.07,28.26,82.69,2.8
2019-06-04 23:00:00,0.08,28.22,82.95,2.66
2019-06-05 00:00:00,0.08,28.21,82.92,2.52
2019-06-05 01:00:00,0.08,28.2,82.95,2.51
2019-06-05 02:00:00,0.08,28.19,82.94,2.44
2019-06-05 03:00:00,0.06,28.13,83.08,2.38
2019-06-05 04:00:00,0.07,28.03,83.64,2.48
2019-06-05 05:00:00,0.09,27.93,84.31,2.6
2019-06-05 06:00:00,0.11,28.03,83.88,2.71
2019-06-05 07:00:00,0.12,28.29,81.39,2.95
2019-06-05 08:00:00,0.24,28.64,78.52,2.96
2019-06-05 09:00:00,0.22,29.13,75.06,2.82
2019-06-05 10:00:00,0.3,29.55,72.27,2.54
2019-06-05 11:00:00,0.41,29.9,70.48,2.54
2019-06-05 12:00:00,0.7,30.07,70.06,2.89
2019-06-05 13:00:00,0.95,29.97,71.13,3.33
2019-06-05 14:00:00,0.93,29.7,72.93,3.58
2019-06-05 15:00:00,0.85,29.45,74.55,3.63
2019-06-05 16:00:00,0.93,29.2,76.24,3.5
2019-06-05 17:00:00,0.83,28.94,78.41,3.23
2019-06-05 18:00:00,0.76,28.69,81.2,2.82
2019-06-05 19:00:00,0.77,28.58,82.5,2.64
2019-06-05 20:00:00,0.77,28.53,83.01,2.52
2019-06-05 21:00:00,0.81,28.48,83.3,2.57
2019-06-05 22:00:00,0.88,28.43,83.56,2.75
2019-06-05 23:00:00,1.02,28.35,84.07,3.11
2019-06-06 00:00:00,1.28,28.26,84.61,3.47
2019-06-06 01:00:00,1.76,28.17,85.12,3.77
2019-06-06 02:00:00,1.88,28.06,85.64,4.06
2019-06-06 03:00:00,1.78,27.97,85.99,4.33
2019-06-06 04:00:00,1.77,27.91,86.38,4.46
2019-06-06 05:00:00,1.82,27.89,86.78,4.5
2019-06-06 06:00:00,1.61,28.2,86.02,4.79
2019-06-06 07:00:00,1.62,28.64,84.36,5.39
2019-06-06 08:00:00,0.58,29.11,82.57,5.92
2019-06-06 09:00:00,0.64,29.57,80.25,6.41
2019-06-06 10:00:00,0.69,29.79,78.85,6.84
2019-06-06 11:00:00,0.71,29.73,78.94,7.09
2019-06-06 12:00:00,0.72,29.64,79.27,7.29
2019-06-06 13:00:00,0.67,29.52,79.74,7.5
2019-06-06 14:00:00,0.64,29.35,80.47,7.45
2019-06-06 15:00:00,0.62,29.22,81.36,7.17
2019-06-06 16:00:00,0.76,29.09,82.57,6.59
2019-06-06 17:00:00,1.25,28.92,84.3,5.89
2019-06-06 18:00:00,2.21,28.73,86.16,5.4
2019-06-06 19:00:00,3.04,28.65,87.46,5.15
2019-06-06 20:00:00,2.91,28.58,88.39,5.14
2019-06-06 21:00:00,1.3,28.48,89.31,5.16
2019-06-06 22:00:00,0.52,28.35,90.29,5.15
2019-06-06 23:00:00,0.36,28.17,91.15,5.44
2019-06-07 00:00:00,0.28,27.96,91.82,5.51
2019-06-07 01:00:00,0.23,27.8,92.17,5.17
2019-06-07 02:00:00,0.2,27.7,91.97,4.43
2019-06-07 03:00:00,0.16,27.61,91.1,3.47
2019-06-07 04:00:00,0.15,27.4,90.03,2.7
2019-06-07 05:00:00,0.14,27.22,89.53,2.03
2019-06-07 06:00:00,0.12,27.25,87.68,1.59
2019-06-07 07:00:00,0.12,27.44,84.16,1.31
2019-06-07 08:00:00,0.13,27.8,81.25,1.27
2019-06-07 09:00:00,0.19,28.32,78.75,1.75
2019-06-07 10:00:00,0.26,28.7,78.54,2.59
2019-06-07 11:00:00,0.39,29.02,78.31,3.43
2019-06-07 12:00:00,0.4,29.13,78.9,4.07
2019-06-07 13:00:00,0.42,29.12,79.84,4.62
2019-06-07 14:00:00,0.34,29.03,80.41,4.99
2019-06-07 15:00:00,0.26,28.85,81.17,5.06
2019-06-07 16:00:00,0.19,28.69,81.65,5.02
2019-06-07 17:00:00,0.14,28.55,82.0,4.87
2019-06-07 18:00:00,0.1,28.39,83.04,4.67
2019-06-07 19:00:00,0.08,28.41,82.64,4.48
2019-06-07 20:00:00,0.09,28.43,82.06,4.2
2019-06-07 21:00:00,0.14,28.4,82.3,3.91
2019-06-07 22:00:00,0.21,28.33,83.08,3.83
2019-06-07 23:00:00,0.25,28.25,83.9,3.8
2019-06-08 00:00:00,0.25,28.19,84.44,3.71
2019-06-08 01:00:00,0.22,28.16,84.52,3.37
2019-06-08 02:00:00,0.16,28.17,84.09,2.85
2019-06-08 03:00:00,0.09,28.2,83.31,2.37
2019-06-08 04:00:00,0.04,28.31,82.01,2.13
2019-06-08 05:00:00,0.03,28.44,80.83,2.08
2019-06-08 06:00:00,0.01,28.76,80.44,2.3
2019-06-08 07:00:00,0.02,29.33,76.7,3.18
2019-06-08 08:00:00,0.12,29.67,75.84,3.88
2019-06-08 09:00:00,0.21,29.95,75.22,4.49
2019-06-08 10:00:00,0.33,30.12,75.04,4.96
2019-06-08 11:00:00,0.47,30.22,74.74,5.28
2019-06-08 12:00:00,0.66,30.29,74.32,5.47
2019-06-08 13:00:00,0.88,30.36,74.05,5.53
2019-06-08 14:00:00,1.0,30.32,74.15,5.55
2019-06-08 15:00:00,1.06,30.16,74.71,5.6
2019-06-08 16:00:00,1.11,29.91,75.82,5.59
2019-06-08 17:00:00,1.19,29.54,77.98,5.36
2019-06-08 18:00:00,1.13,29.05,81.77,4.88
2019-06-08 19:00:00,1.06,28.83,83.8,4.83
2019-06-08 20:00:00,1.14,28.74,84.81,4.82
2019-06-08 21:00:00,1.18,28.65,85.67,4.71
2019-06-08 22:00:00,1.31,28.59,86.14,4.58
2019-06-08 23:00:00,1.2,28.52,86.38,4.53
2019-06-09 00:00:00,1.26,28.44,86.47,4.51
2019-06-09 01:00:00,1.3,28.36,86.4,4.44
2019-06-09 02:00:00,0.92,28.3,86.09,4.43
2019-06-09 03:00:00,0.71,28.23,86.02,4.43
2019-06-09 04:00:00,0.52,28.22,85.88,4.45
2019-06-09 05:00:00,0.4,28.23,85.87,4.5
2019-06-09 06:00:00,0.4,28.57,84.76,4.65
2019-06-09 07:00:00,0.5,29.06,82.27,4.87
2019-06-09 08:00:00,1.83,29.47,80.53,4.96
2019-06-09 09:00:00,2.29,29.83,79.19,5.23
2019-06-09 10:00:00,2.72,30.06,78.32,5.62
2019-06-09 11:00:00,3.08,30.14,78.07,6.0
2019-06-09 12:00:00,3.72,30.16,77.64,6.27
2019-06-09 13:00:00,4.15,30.08,77.77,6.29
2019-06-09 14:00:00,4.54,29.88,78.15,6.18
2019-06-09 15:00:00,5.39,29.61,79.13,5.8
2019-06-09 16:00:00,4.94,29.37,80.12,5.36
2019-06-09 17:00:00,3.36,29.05,82.0,4.94
2019-06-09 18:00:00,1.98,28.64,84.21,4.62
2019-06-09 19:00:00,1.92,28.46,84.77,4.68
2019-06-09 20:00:00,2.54,28.37,85.01,4.79
2019-06-09 21:00:00,1.84,28.34,85.06,5.05
2019-06-09 22:00:00,1.04,28.32,85.1,5.37
2019-06-09 23:00:00,0.73,28.29,85.2,5.62
2019-06-10 00:00:00,0.59,28.26,85.18,5.81
2019-06-10 01:00:00,0.87,28.23,85.15,5.92
2019-06-10 02:00:00,1.28,28.2,85.1,5.95
2019-06-10 03:00:00,1.36,28.19,85.01,5.96
2019-06-10 04:00:00,1.23,28.19,84.93,5.94
2019-06-10 05:00:00,1.1,28.24,84.62,5.92
2019-06-10 06:00:00,0.89,28.6,83.49,5.98
2019-06-10 07:00:00,0.59,29.13,81.1,6.21
2019-06-10 08:00:00,0.19,29.46,79.3,6.35
2019-06-10 09:00:00,0.28,29.69,77.9,6.25
2019-06-10 10:00:00,0.43,29.85,77.03,6.17
2019-06-10 11:00:00,0.46,29.89,76.64,6.17
2019-06-10 12:00:00,0.75,29.84,76.49,6.09
2019-06-10 13:00:00,1.12,29.75,76.55,6.03
2019-06-10 14:00:00,1.5,29.68,76.65,6.05
2019-06-10 15:00:00,1.73,29.59,76.93,6.06
2019-06-10 16:00:00,1.96,29.42,77.52,5.92
2019-06-10 17:00:00,1.98,29.12,79.58,5.33
2019-06-10 18:00:00,1.87,28.72,82.66,4.67
2019-06-10 19:00:00,1.68,28.61,83.43,4.47
2019-06-10 20:00:00,1.33,28.58,83.4,4.25
2019-06-10 21:00:00,1.06,28.54,83.12,4.13
2019-06-10 22:00:00,0.94,28.44,83.1,4.08
2019-06-10 23:00:00,0.74,28.31,83.44,4.16
2019-06-11 00:00:00,0.82,28.21,83.9,4.24
2019-06-11 01:00:00,1.14,28.14,84.31,4.15
2019-06-11 02:00:00,1.16,28.08,84.78,4.05
2019-06-11 03:00:00,1.09,28.11,84.72,4.29
2019-06-11 04:00:00,0.77,28.16,84.51,4.76
2019-06-11 05:00:00,0.53,28.21,84.49,5.09
2019-06-11 06:00:00,0.53,28.58,83.51,5.36
2019-06-11 07:00:00,0.45,29.11,80.83,5.92
2019-06-11 08:00:00,0.61,29.44,79.09,6.13
2019-06-11 09:00:00,0.67,29.69,78.54,6.24
2019-06-11 10:00:00,0.79,29.81,78.63,6.41
2019-06-11 11:00:00,0.69,29.86,78.84,6.45
2019-06-11 12:00:00,0.75,29.87,78.97,6.28
2019-06-11 13:00:00,0.78,29.84,79.17,6.11
2019-06-11 14:00:00,1.12,29.8,79.33,5.98
2019-06-11 15:00:00,1.31,29.72,79.61,5.86
2019-06-11 16:00:00,1.78,29.57,80.08,5.69
2019-06-11 17:00:00,2.01,29.29,81.7,5.32
2019-06-11 18:00:00,2.04,28.9,84.28,4.85
2019-06-11 19:00:00,1.72,28.77,84.72,4.84
2019-06-11 20:00:00,1.18,28.68,84.77,4.86
2019-06-11 21:00:00,0.61,28.6,84.83,4.91
2019-06-11 22:00:00,0.44,28.48,85.43,4.83
2019-06-11 23:00:00,0.34,28.4,85.75,4.74
2019-06-12 00:00:00,0.32,28.36,85.61,4.77
2019-06-12 01:00:00,0.39,28.33,85.26,4.89
2019-06-12 02:00:00,0.37,28.33,84.87,4.87
2019-06-12 03:00:00,0.36,28.34,84.46,4.74
2019-06-12 04:00:00,0.47,28.35,84.19,4.56
2019-06-12 05:00:00,0.47,28.39,83.71,4.58
2019-06-12 06:00:00,0.55,28.73,82.65,4.76
2019-06-12 07:00:00,0.54,29.26,79.75,5.32
2019-06-12 08:00:00,0.46,29.55,77.93,5.74
2019-06-12 09:00:00,0.44,29.75,77.21,5.82
2019-06-12 10:00:00,0.5,29.86,77.15,5.75
2019-06-12 11:00:00,0.54,29.91,77.33,5.63
2019-06-12 12:00:00,0.54,29.93,77.6,5.52
2019-06-12 13:00:00,0.59,29.9,77.84,5.45
2019-06-12 14:00:00,0.63,29.81,78.28,5.31
2019-06-12 15:00:00,0.7,29.67,79.16,5.06
2019-06-12 16:00:00,0.67,29.5,79.94,4.71
2019-06-12 17:00:00,0.81,29.27,81.58,4.09
2019-06-12 18:00:00,0.84,28.91,84.68,3.35
2019-06-12 19:00:00,0.85,28.77,85.62,3.22
2019-06-12 20:00:00,0.88,28.65,86.36,3.33
2019-06-12 21:00:00,0.69,28.56,86.94,3.49
2019-06-12 22:00:00,0.73,28.49,87.27,3.58
2019-06-12 23:00:00,0.54,28.45,87.13,3.75
2019-06-13 00:00:00,0.41,28.4,86.72,4.02
2019-06-13 01:00:00,0.43,28.32,86.63,3.98
2019-06-13 02:00:00,0.24,28.27,86.64,4.01
2019-06-13 03:00:00,0.28,28.24,86.65,4.17
2019-06-13 04:00:00,0.25,28.27,86.26,4.39
2019-06-13 05:00:00,0.25,28.32,85.85,4.55
2019-06-13 06:00:00,0.27,28.6,84.8,4.82
2019-06-13 07:00:00,0.24,29.04,82.28,5.56
2019-06-13 08:00:00,0.17,29.36,79.53,6.05
2019-06-13 09:00:00,0.21,29.59,78.25,6.31
2019-06-13 10:00:00,0.22,29.74,77.88,6.42
2019-06-13 11:00:00,0.27,29.8,77.98,6.43
2019-06-13 12:00:00,0.31,29.73,78.48,6.33
2019-06-13 13:00:00,0.34,29.68,79.04,6.09
2019-06-13 14:00:00,0.38,29.66,79.42,5.77
2019-06-13 15:00:00,0.41,29.57,79.76,5.35
2019-06-13 16:00:00,0.38,29.44,80.43,4.85
2019-06-13 17:00:00,0.4,29.19,82.5,4.15
2019-06-13 18:00:00,0.38,28.92,84.52,3.62
2019-06-13 19:00:00,0.43,28.79,85.32,3.42
2019-06-13 20:00:00,0.49,28.67,85.86,3.23
2019-06-13 21:00:00,0.62,28.54,86.31,3.05
2019-06-13 22:00:00,0.61,28.4,86.59,2.84
2019-06-13 23:00:00,0.77,28.25,86.73,2.65
2019-06-14 00:00:00,0.86,28.13,86.68,2.45
2019-06-14 01:00:00,0.95,28.05,86.52,2.34
2019-06-14 02:00:00,1.02,28.01,86.22,2.33
2019-06-14 03:00:00,1.06,28.0,85.79,2.34
2019-06-14 04:00:00,0.93,28.04,85.18,2.34
2019-06-14 05:00:00,0.74,28.1,84.58,2.32
2019-06-14 06:00:00,0.67,28.36,84.09,2.28
2019-06-14 07:00:00,0.62,28.81,82.3,2.53
2019-06-14 08:00:00,0.46,29.14,80.43,2.91
2019-06-14 09:00:00,0.48,29.39,79.18,3.17
2019-06-14 10:00:00,0.46,29.56,78.44,3.37
2019-06-14 11:00:00,0.45,29.64,77.97,3.37
2019-06-14 12:00:00,0.38,29.64,77.63,3.2
2019-06-14 13:00:00,0.27,29.6,77.19,3.01
2019-06-14 14:00:00,0.23,29.6,76.28,2.9
2019-06-14 15:00:00,0.16,29.56,75.86,2.88
2019-06-14 16:00:00,0.12,29.45,75.93,2.84
2019-06-14 17:00:00,0.12,29.16,77.28,2.68
2019-06-14 18:00:00,0.14,28.67,80.41,2.16
2019-06-14 19:00:00,0.24,28.4,80.71,1.84
2019-06-14 20:00:00,0.33,28.21,81.05,1.49
2019-06-14 21:00:00,0.49,28.09,81.11,1.07
2019-06-14 22:00:00,0.6,28.06,80.47,0.66
2019-06-14 23:00:00,0.66,28.03,80.16,0.46
2019-06-15 00:00:00,0.67,27.94,80.57,0.47
2019-06-15 01:00:00,0.53,27.84,81.36,0.47
2019-06-15 02:00:00,0.38,27.8,81.76,0.52
2019-06-15 03:00:00,0.25,27.81,81.86,0.82
2019-06-15 04:00:00,0.2,27.83,82.4,1.16
2019-06-15 05:00:00,0.09,27.88,83.11,1.6
2019-06-15 06:00:00,0.08,28.09,84.27,2.15
2019-06-15 07:00:00,0.08,28.61,82.68,3.05
2019-06-15 08:00:00,0.04,28.95,81.9,3.75
2019-06-15 09:00:00,0.06,29.16,81.27,4.12
2019-06-15 10:00:00,0.07,29.26,81.39,4.28
2019-06-15 11:00:00,0.09,29.35,81.31,4.39
2019-06-15 12:00:00,0.12,29.39,81.22,4.49
2019-06-15 13:00:00,0.13,29.39,81.25,4.51
2019-06-15 14:00:00,0.13,29.43,81.03,4.45
2019-06-15 15:00:00,0.12,29.43,80.86,4.32
2019-06-15 16:00:00,0.14,29.4,80.94,4.13
2019-06-15 17:00:00,0.13,29.22,81.97,3.78
2019-06-15 18:00:00,0.12,28.83,85.16,3.2
2019-06-15 19:00:00,0.13,28.63,86.37,3.03
2019-06-15 20:00:00,0.12,28.5,87.16,3.01
2019-06-15 21:00:00,0.13,28.4,87.73,3.13
2019-06-15 22:00:00,0.12,28.31,88.16,3.31
2019-06-15 23:00:00,0.13,28.21,88.47,3.53
2019-06-16 00:00:00,0.12,28.1,88.6,3.76
2019-06-16 01:00:00,0.13,27.99,88.61,3.9
2019-06-16 02:00:00,0.12,27.87,88.45,3.71
2019-06-16 03:00:00,0.1,27.74,88.41,3.37
2019-06-16 04:00:00,0.09,27.61,88.32,3.04
2019-06-16 05:00:00,0.06,27.48,88.16,2.91
2019-06-16 06:00:00,0.04,27.62,87.1,3.07
2019-06-16 07:00:00,0.04,27.86,83.67,3.83
2019-06-16 08:00:00,0.01,28.01,80.17,3.95
2019-06-16 09:00:00,0.01,28.35,75.22,3.36
2019-06-16 10:00:00,0.01,28.94,70.35,2.23
2019-06-16 11:00:00,0.01,29.85,67.11,2.42
2019-06-16 12:00:00,0.01,30.19,69.37,3.59
2019-06-16 13:00:00,0.02,30.11,73.67,4.23
2019-06-16 14:00:00,0.02,30.01,76.73,4.36
2019-06-16 15:00:00,0.03,29.88,78.46,4.28
2019-06-16 16:00:00,0.03,29.67,79.75,4.09
2019-06-16 17:00:00,0.03,29.37,81.64,3.77
2019-06-16 18:00:00,0.04,28.99,85.01,3.4
2019-06-16 19:00:00,0.04,28.78,86.5,3.6
2019-06-16 20:00:00,0.05,28.65,87.25,3.74
2019-06-16 21:00:00,0.06,28.56,87.59,3.71
2019-06-16 22:00:00,0.06,28.48,87.71,3.7
2019-06-16 23:00:00,0.07,28.38,87.94,3.73
2019-06-17 00:00:00,0.08,28.27,88.15,3.84
2019-06-17 01:00:00,0.09,28.2,88.19,4.01
2019-06-17 02:00:00,0.09,28.13,88.39,3.99
2019-06-17 03:00:00,0.07,28.08,88.34,3.93
2019-06-17 04:00:00,0.07,28.02,88.38,3.86
2019-06-17 05:00:00,0.05,28.01,88.1,3.73
2019-06-17 06:00:00,0.05,28.31,86.88,3.85
2019-06-17 07:00:00,0.03,28.78,84.0,4.3
2019-06-17 08:00:00,0.03,29.05,82.47,4.6
2019-06-17 09:00:00,0.02,29.25,81.31,5.01
2019-06-17 10:00:00,0.02,29.34,80.57,5.38
2019-06-17 11:00:00,0.02,29.46,79.86,5.64
2019-06-17 12:00:00,0.02,29.52,79.75,5.77
2019-06-17 13:00:00,0.03,29.48,80.07,5.8
2019-06-17 14:00:00,0.03,29.46,80.47,5.86
2019-06-17 15:00:00,0.03,29.4,80.93,5.92
2019-06-17 16:00:00,0.05,29.26,81.68,5.87
2019-06-17 17:00:00,0.06,29.06,82.96,5.58
2019-06-17 18:00:00,0.06,28.78,84.56,5.16
2019-06-17 19:00:00,0.06,28.68,84.57,4.9
2019-06-17 20:00:00,0.06,28.6,84.16,4.65
2019-06-17 21:00:00,0.08,28.49,83.94,4.36
2019-06-17 22:00:00,0.08,28.38,83.79,4.18
2019-06-17 23:00:00,0.1,28.25,83.81,4.1
2019-06-18 00:00:00,0.13,28.12,83.97,3.95
2019-06-18 01:00:00,0.16,28.04,83.75,3.73
2019-06-18 02:00:00,0.16,27.94,83.65,3.49
2019-06-18 03:00:00,0.14,27.86,83.6,3.27
2019-06-18 04:00:00,0.1,27.8,83.79,3.05
2019-06-18 05:00:00,0.07,27.77,84.18,2.82
2019-06-18 06:00:00,0.05,28.11,84.32,2.82
2019-06-18 07:00:00,0.04,28.64,82.1,3.3
2019-06-18 08:00:00,0.11,28.89,81.55,3.58
2019-06-18 09:00:00,0.1,29.08,81.09,3.7
2019-06-18 10:00:00,0.09,29.2,81.05,3.81
2019-06-18 11:00:00,0.09,29.28,81.01,3.98
2019-06-18 12:00:00,0.1,29.33,80.95,4.18
2019-06-18 13:00:00,0.08,29.32,81.18,4.43
2019-06-18 14:00:00,0.09,29.29,81.43,4.68
2019-06-18 15:00:00,0.08,29.18,81.86,4.85
2019-06-18 16:00:00,0.09,29.03,82.44,4.79
2019-06-18 17:00:00,0.1,28.83,83.79,4.41
2019-06-18 18:00:00,0.1,28.58,85.3,4.11
2019-06-18 19:00:00,0.12,28.52,85.47,4.08
2019-06-18 20:00:00,0.13,28.53,85.33,4.09
2019-06-18 21:00:00,0.13,28.52,85.32,4.15
2019-06-18 22:00:00,0.14,28.5,85.29,4.33
2019-06-18 23:00:00,0.14,28.48,85.31,4.67
2019-06-19 00:00:00,0.13,28.39,85.94,5.04
2019-06-19 01:00:00,0.15,28.33,86.34,5.2
2019-06-19 02:00:00,0.14,28.28,86.47,5.14
2019-06-19 03:00:00,0.15,28.25,86.57,4.95
2019-06-19 04:00:00,0.14,28.22,86.66,4.71
2019-06-19 05:00:00,0.13,28.19,86.87,4.53
2019-06-19 06:00:00,0.13,28.43,86.52,4.48
2019-06-19 07:00:00,0.13,28.83,85.1,4.66
2019-06-19 08:00:00,0.12,29.12,82.93,5.03
2019-06-19 09:00:00,0.17,29.26,82.27,5.43
2019-06-19 10:00:00,0.21,29.34,82.09,5.85
2019-06-19 11:00:00,0.29,29.39,81.96,6.08
2019-06-19 12:00:00,0.34,29.44,81.64,6.3
2019-06-19 13:00:00,0.42,29.46,81.5,6.82
2019-06-19 14:00:00,0.47,29.37,81.75,7.07
2019-06-19 15:00:00,0.48,29.16,82.36,7.01
2019-06-19 16:00:00,0.5,28.86,82.82,6.55
2019-06-19 17:00:00,0.54,28.51,83.53,5.69
2019-06-19 18:00:00,0.51,28.09,84.7,4.73
2019-06-19 19:00:00,0.52,27.85,85.14,4.0
2019-06-19 20:00:00,0.53,27.74,85.13,3.66
2019-06-19 21:00:00,0.71,27.69,85.56,3.58
2019-06-19 22:00:00,0.75,27.65,86.56,3.47
2019-06-19 23:00:00,0.77,27.61,87.4,3.39
2019-06-20 00:00:00,0.77,27.56,88.14,3.4
2019-06-20 01:00:00,0.79,27.52,88.73,3.55
2019-06-20 02:00:00,0.83,27.46,89.27,3.74
2019-06-20 03:00:00,0.85,27.42,89.26,3.89
2019-06-20 04:00:00,0.87,27.37,89.07,3.85
2019-06-20 05:00:00,0.88,27.33,88.94,3.66
2019-06-20 06:00:00,0.91,27.55,88.38,3.76
2019-06-20 07:00:00,0.88,27.97,85.91,4.57
2019-06-20 08:00:00,0.99,28.25,83.21,5.31
2019-06-20 09:00:00,1.1,28.49,80.41,5.89
2019-06-20 10:00:00,1.08,28.69,77.78,6.17
2019-06-20 11:00:00,0.95,28.8,76.17,6.12
2019-06-20 12:00:00,0.74,28.91,75.15,5.93
2019-06-20 13:00:00,0.61,29.04,74.29,5.79
2019-06-20 14:00:00,0.52,29.07,74.35,5.74
2019-06-20 15:00:00,0.58,29.0,75.17,5.67
2019-06-20 16:00:00,0.65,28.77,76.94,5.45
2019-06-20 17:00:00,0.68,28.37,80.09,4.82
2019-06-20 18:00:00,0.66,27.87,83.91,4.05
2019-06-20 19:00:00,0.6,27.54,85.57,3.78
2019-06-20 20:00:00,0.56,27.17,86.85,3.72
2019-06-20 21:00:00,0.54,26.8,88.11,3.81
2019-06-20 22:00:00,0.54,26.49,89.71,4.05
2019-06-20 23:00:00,0.6,26.28,91.14,4.23
2019-06-21 00:00:00,0.71,26.16,92.14,4.4
2019-06-21 01:00:00,0.92,26.09,91.92,4.51
2019-06-21 02:00:00,1.04,26.0,90.63,4.56
2019-06-21 03:00:00,0.9,25.9,88.7,4.63
2019-06-21 04:00:00,0.73,25.76,87.48,3.84
2019-06-21 05:00:00,0.68,25.6,87.09,2.61
2019-06-21 06:00:00,0.63,25.7,86.1,1.75
2019-06-21 07:00:00,0.52,25.82,83.81,1.2
2019-06-21 08:00:00,0.66,25.98,84.01,0.91
2019-06-21 09:00:00,0.58,26.39,84.49,1.22
2019-06-21 10:00:00,0.69,26.84,85.58,1.93
2019-06-21 11:00:00,0.79,27.27,86.47,3.05
2019-06-21 12:00:00,0.75,27.53,87.21,4.27
2019-06-21 13:00:00,0.76,27.65,87.33,5.48
2019-06-21 14:00:00,0.67,27.73,86.6,6.56
2019-06-21 15:00:00,0.66,27.74,85.2,7.1
2019-06-21 16:00:00,0.73,27.68,85.04,7.08
2019-06-21 17:00:00,1.0,27.59,86.13,6.71
2019-06-21 18:00:00,1.33,27.47,88.29,6.25
2019-06-21 19:00:00,1.39,27.51,89.64,6.37
2019-06-21 20:00:00,1.16,27.6,90.36,6.92
2019-06-21 21:00:00,1.08,27.66,90.84,7.41
2019-06-21 22:00:00,1.33,27.65,90.54,7.56
2019-06-21 23:00:00,1.86,27.56,89.26,7.53
2019-06-22 00:00:00,2.26,27.48,89.48,6.73
2019-06-22 01:00:00,2.24,27.47,90.07,6.13
2019-06-22 02:00:00,1.7,27.52,90.37,5.69
2019-06-22 03:00:00,1.22,27.57,90.0,5.79
2019-06-22 04:00:00,1.05,27.59,88.93,6.18
2019-06-22 05:00:00,1.18,27.54,87.6,6.27
2019-06-22 06:00:00,1.34,27.51,86.71,5.89
2019-06-22 07:00:00,1.49,27.72,84.96,5.89
2019-06-22 08:00:00,0.64,27.93,82.7,6.28
2019-06-22 09:00:00,0.53,28.1,80.82,6.6
2019-06-22 10:00:00,0.49,28.26,79.68,6.83
2019-06-22 11:00:00,0.55,28.36,79.14,7.01
2019-06-22 12:00:00,0.49,28.54,78.46,7.08
2019-06-22 13:00:00,0.48,28.65,78.31,7.16
2019-06-22 14:00:00,0.53,28.69,78.45,7.26
2019-06-22 15:00:00,0.64,28.61,79.12,7.26
2019-06-22 16:00:00,0.82,28.36,80.6,7.12
2019-06-22 17:00:00,0.95,27.98,82.72,6.83
2019-06-22 18:00:00,1.15,27.63,84.65,6.42
2019-06-22 19:00:00,1.38,27.5,85.18,6.16
2019-06-22 20:00:00,1.43,27.41,85.11,5.8
2019-06-22 21:00:00,1.47,27.33,85.06,5.52
2019-06-22 22:00:00,1.25,27.24,85.25,5.37
2019-06-22 23:00:00,1.12,27.13,85.89,5.3
2019-06-23 00:00:00,1.11,27.1,86.26,5.27
2019-06-23 01:00:00,1.12,27.17,86.13,5.31
2019-06-23 02:00:00,1.01,27.24,86.03,5.2
2019-06-23 03:00:00,0.88,27.28,85.85,4.98
2019-06-23 04:00:00,0.71,27.29,85.59,4.6
2019-06-23 05:00:00,0.52,27.29,85.17,4.08
2019-06-23 06:00:00,0.39,27.61,84.16,3.6
2019-06-23 07:00:00,0.29,28.21,80.28,3.66
2019-06-23 08:00:00,0.29,28.59,78.08,3.7
2019-06-23 09:00:00,0.27,28.92,77.05,3.66
2019-06-23 10:00:00,0.35,29.14,76.73,3.58
2019-06-23 11:00:00,0.57,29.15,77.4,3.7
2019-06-23 12:00:00,0.76,29.07,78.62,3.99
2019-06-23 13:00:00,0.71,28.95,80.29,4.38
2019-06-23 14:00:00,0.47,28.81,82.09,4.65
2019-06-23 15:00:00,0.26,28.66,83.54,4.57
2019-06-23 16:00:00,0.19,28.56,84.44,4.27
2019-06-23 17:00:00,0.17,28.4,85.95,3.76
2019-06-23 18:00:00,0.15,28.17,87.52,3.16
2019-06-23 19:00:00,0.21,28.09,87.32,2.79
2019-06-23 20:00:00,0.29,28.07,86.68,2.53
2019-06-23 21:00:00,0.44,28.02,86.38,2.48
2019-06-23 22:00:00,0.47,27.99,85.9,2.4
2019-06-23 23:00:00,0.48,27.93,85.66,2.36
2019-06-24 00:00:00,0.48,27.86,85.67,2.37
2019-06-24 01:00:00,0.41,27.78,85.82,2.38
2019-06-24 02:00:00,0.32,27.73,85.85,2.42
2019-06-24 03:00:00,0.28,27.66,86.02,2.59
2019-06-24 04:00:00,0.23,27.59,86.17,2.79
2019-06-24 05:00:00,0.18,27.55,86.22,2.94
2019-06-24 06:00:00,0.15,27.85,85.83,3.0
2019-06-24 07:00:00,0.13,28.45,82.43,3.45
2019-06-24 08:00:00,0.07,28.82,80.05,3.49
2019-06-24 09:00:00,0.08,29.07,78.84,3.48
2019-06-24 10:00:00,0.09,29.18,78.59,3.5
2019-06-24 11:00:00,0.09,29.29,78.05,3.54
2019-06-24 12:00:00,0.11,29.36,77.71,3.67
2019-06-24 13:00:00,0.11,29.36,78.0,3.88
2019-06-24 14:00:00,0.13,29.32,78.38,4.03
2019-06-24 15:00:00,0.11,29.21,78.99,4.01
2019-06-24 16:00:00,0.13,29.04,80.0,3.86
2019-06-24 17:00:00,0.13,28.76,82.37,3.57
2019-06-24 18:00:00,0.13,28.43,85.67,3.23
2019-06-24 19:00:00,0.14,28.32,86.68,3.29
2019-06-24 20:00:00,0.15,28.27,87.31,3.38
2019-06-24 21:00:00,0.16,28.24,87.87,3.47
2019-06-24 22:00:00,0.17,28.23,88.0,3.65
2019-06-24 23:00:00,0.18,28.21,88.03,3.85
2019-06-25 00:00:00,0.21,28.16,88.27,4.08
2019-06-25 01:00:00,0.21,28.12,88.26,4.29
2019-06-25 02:00:00,0.22,28.09,88.2,4.15
2019-06-25 03:00:00,0.22,28.05,88.12,3.91
2019-06-25 04:00:00,0.2,28.0,88.06,3.71
2019-06-25 05:00:00,0.13,27.99,87.82,3.64
2019-06-25 06:00:00,0.12,28.28,87.19,3.69
2019-06-25 07:00:00,0.1,28.77,84.72,4.2
2019-06-25 08:00:00,0.0,29.09,82.46,4.51
2019-06-25 09:00:00,0.0,29.3,81.02,4.89
2019-06-25 10:00:00,0.0,29.41,80.41,5.11
2019-06-25 11:00:00,0.0,29.44,80.21,5.25
2019-06-25 12:00:00,0.0,29.44,80.08,5.42
2019-06-25 13:00:00,0.0,29.41,79.99,5.53
2019-06-25 14:00:00,0.0,29.38,79.88,5.6
2019-06-25 15:00:00,0.0,29.34,79.98,5.53
2019-06-25 16:00:00,0.0,29.18,80.74,5.31
2019-06-25 17:00:00,0.0,28.94,82.58,4.82
2019-06-25 18:00:00,0.0,28.71,83.93,4.5
2019-06-25 19:00:00,0.0,28.64,84.05,4.47
2019-06-25 20:00:00,0.0,28.6,83.93,4.43
2019-06-25 21:00:00,0.0,28.55,84.01,4.34
2019-06-25 22:00:00,0.0,28.46,84.35,4.34
2019-06-25 23:00:00,0.0,28.36,84.62,4.36
2019-06-26 00:00:00,0.0,28.25,84.98,4.29
2019-06-26 01:00:00,0.0,28.18,85.03,4.2
2019-06-26 02:00:00,0.0,28.1,85.1,4.15
2019-06-26 03:00:00,0.0,28.07,85.07,4.06
2019-06-26 04:00:00,0.0,28.03,85.16,3.97
2019-06-26 05:00:00,0.0,28.01,85.33,3.75
2019-06-26 06:00:00,0.0,28.25,85.16,3.42
2019-06-26 07:00:00,0.0,28.8,81.94,3.65
2019-06-26 08:00:00,0.0,29.17,79.04,3.96
2019-06-26 09:00:00,0.0,29.39,78.09,4.22
2019-06-26 10:00:00,0.0,29.51,77.65,4.56
2019-06-26 11:00:00,0.0,29.55,77.66,4.93
2019-06-26 12:00:00,0.0,29.55,77.72,5.22
2019-06-26 13:00:00,0.0,29.51,77.86,5.38
2019-06-26 14:00:00,0.0,29.46,77.93,5.47
2019-06-26 15:00:00,0.0,29.36,78.6,5.45
2019-06-26 16:00:00,0.0,29.21,79.21,5.26
2019-06-26 17:00:00,0.0,28.95,80.71,4.86
2019-06-26 18:00:00,0.0,28.6,82.92,4.31
2019-06-26 19:00:00,0.0,28.44,83.75,4.02
2019-06-26 20:00:00,0.0,28.36,84.1,3.69
2019-06-26 21:00:00,0.0,28.27,84.83,3.3
2019-06-26 22:00:00,0.0,28.17,85.44,3.14
2019-06-26 23:00:00,0.0,28.03,86.05,3.21
2019-06-27 00:00:00,0.0,27.9,86.55,3.35
2019-06-27 01:00:00,0.0,27.79,86.95,3.48
2019-06-27 02:00:00,0.0,27.71,87.24,3.48
2019-06-27 03:00:00,0.0,27.59,87.67,3.44
2019-06-27 04:00:00,0.0,27.52,87.82,3.45
2019-06-27 05:00:00,0.0,27.51,87.18,3.51
2019-06-27 06:00:00,0.0,27.91,85.69,3.8
2019-06-27 07:00:00,0.0,28.4,82.56,4.41
2019-06-27 08:00:00,0.0,28.71,81.3,4.71
2019-06-27 09:00:00,0.0,28.96,80.18,5.08
2019-06-27 10:00:00,0.0,29.26,78.73,5.42
2019-06-27 11:00:00,0.0,29.54,77.16,5.69
2019-06-27 12:00:00,0.0,29.71,75.64,5.94
2019-06-27 13:00:00,0.0,29.77,74.53,6.11
2019-06-27 14:00:00,0.0,29.74,74.1,6.32
2019-06-27 15:00:00,0.0,29.62,74.02,6.44
2019-06-27 16:00:00,0.0,29.41,74.6,6.3
2019-06-27 17:00:00,0.0,29.09,76.7,5.67
2019-06-27 18:00:00,0.0,28.64,79.94,5.02
2019-06-27 19:00:00,0.0,28.43,81.34,4.86
2019-06-27 20:00:00,0.0,28.3,82.01,4.87
2019-06-27 21:00:00,0.0,28.17,82.74,4.86
2019-06-27 22:00:00,0.0,28.06,83.28,4.82
2019-06-27 23:00:00,0.0,27.93,83.67,4.83
2019-06-28 00:00:00,0.0,27.8,84.0,4.86
2019-06-28 01:00:00,0.0,27.66,84.16,4.85
2019-06-28 02:00:00,0.0,27.52,84.42,4.56
2019-06-28 03:00:00,0.0,27.39,84.67,4.25
2019-06-28 04:00:00,0.0,27.28,84.87,4.06
2019-06-28 05:00:00,0.0,27.25,84.57,3.92
2019-06-28 06:00:00,0.0,27.78,82.93,4.04
2019-06-28 07:00:00,0.0,28.58,77.83,4.78
2019-06-28 08:00:00,0.0,29.12,74.38,5.2
2019-06-28 09:00:00,0.0,29.49,72.4,5.47
2019-06-28 10:00:00,0.0,29.78,71.52,5.67
2019-06-28 11:00:00,0.0,29.97,71.22,5.81
2019-06-28 12:00:00,0.0,30.06,71.09,5.98
2019-06-28 13:00:00,0.0,30.09,70.99,6.13
2019-06-28 14:00:00,0.0,30.03,71.04,6.18
2019-06-28 15:00:00,0.0,29.85,71.32,6.12
2019-06-28 16:00:00,0.01,29.56,72.0,5.95
2019-06-28 17:00:00,0.01,29.14,74.71,5.42
2019-06-28 18:00:00,0.02,28.66,78.35,4.85
2019-06-28 19:00:00,0.01,28.43,80.12,4.63
2019-06-28 20:00:00,0.01,28.33,80.94,4.38
2019-06-28 21:00:00,0.01,28.24,81.44,4.05
2019-06-28 22:00:00,0.0,28.13,81.71,3.89
2019-06-28 23:00:00,0.0,28.0,82.23,4.0
2019-06-29 00:00:00,0.0,27.94,82.15,4.1
2019-06-29 01:00:00,0.0,27.91,81.84,3.92
2019-06-29 02:00:00,0.0,27.9,81.39,3.9
2019-06-29 03:00:00,0.0,27.87,81.26,3.96
2019-06-29 04:00:00,0.01,27.81,81.67,3.87
2019-06-29 05:00:00,0.01,27.75,82.11,3.89
2019-06-29 06:00:00,0.01,28.24,81.45,4.24
2019-06-29 07:00:00,0.01,28.99,77.51,5.2
2019-06-29 08:00:00,0.0,29.41,74.8,5.7
2019-06-29 09:00:00,0.0,29.69,73.62,5.84
2019-06-29 10:00:00,0.0,29.92,72.79,6.01
2019-06-29 11:00:00,0.0,30.05,72.62,6.19
2019-06-29 12:00:00,0.0,30.06,72.72,6.37
2019-06-29 13:00:00,0.0,29.97,72.75,6.46
2019-06-29 14:00:00,0.0,29.82,73.54,6.42
2019-06-29 15:00:00,0.0,29.62,74.42,6.14
2019-06-29 16:00:00,0.0,29.38,75.9,5.66
2019-06-29 17:00:00,0.0,29.05,78.51,5.04
2019-06-29 18:00:00,0.0,28.6,81.96,4.38
2019-06-29 19:00:00,0.0,28.4,83.78,4.02
2019-06-29 20:00:00,0.0,28.27,84.75,3.96
2019-06-29 21:00:00,0.0,28.16,85.38,3.98
2019-06-29 22:00:00,0.0,28.11,85.36,4.15
2019-06-29 23:00:00,0.0,28.07,85.05,4.52
2019-06-30 00:00:00,0.0,28.05,84.63,4.99
2019-06-30 01:00:00,0.0,28.03,83.99,5.51
2019-06-30 02:00:00,0.0,27.97,83.82,5.78
2019-06-30 03:00:00,0.0,27.87,84.31,5.67
2019-06-30 04:00:00,0.0,27.81,84.3,5.44
2019-06-30 05:00:00,0.02,27.75,84.48,5.14
2019-06-30 06:00:00,0.02,28.01,83.69,5.12
2019-06-30 07:00:00,0.01,28.49,81.15,5.66
2019-06-30 08:00:00,0.01,28.83,78.68,6.17
2019-06-30 09:00:00,0.01,29.12,76.83,6.45
2019-06-30 10:00:00,0.01,29.31,75.97,6.7
2019-06-30 11:00:00,0.01,29.37,76.06,6.89
2019-06-30 12:00:00,0.01,29.43,76.13,6.9
2019-06-30 13:00:00,0.01,29.44,76.24,6.92
2019-06-30 14:00:00,0.0,29.33,76.85,6.84
2019-06-30 15:00:00,0.01,29.12,78.05,6.51
2019-06-30 16:00:00,0.02,28.84,80.2,6.09
2019-06-30 17:00:00,0.03,28.54,82.73,5.47
2019-06-30 18:00:00,0.04,28.21,85.33,4.71
2019-06-30 19:00:00,0.04,28.07,86.71,4.29
2019-06-30 20:00:00,0.04,28.0,87.48,4.16
2019-06-30 21:00:00,0.03,27.94,88.09,4.01
2019-06-30 22:00:00,0.03,27.88,88.38,4.0
2019-06-30 23:00:00,0.03,27.82,88.56,4.02
2019-07-01 00:00:00,0.05,27.74,88.86,4.02
2019-07-01 01:00:00,0.03,27.68,88.82,4.07
2019-07-01 02:00:00,0.02,27.62,88.96,4.03
2019-07-01 03:00:00,0.03,27.56,89.25,3.87
2019-07-01 04:00:00,0.03,27.53,89.33,3.72
2019-07-01 05:00:00,0.02,27.53,89.27,3.67
2019-07-01 06:00:00,0.03,27.92,88.35,3.76
2019-07-01 07:00:00,0.04,28.5,84.98,4.42
2019-07-01 08:00:00,0.06,28.86,82.83,4.86
2019-07-01 09:00:00,0.05,29.02,82.28,5.02
2019-07-01 10:00:00,0.05,29.09,82.12,5.21
2019-07-01 11:00:00,0.04,29.14,82.0,5.44
2019-07-01 12:00:00,0.04,29.22,81.57,5.57
2019-07-01 13:00:00,0.04,29.2,81.5,5.7
2019-07-01 14:00:00,0.03,29.16,81.59,5.77
2019-07-01 15:00:00,0.02,29.09,81.95,5.7
2019-07-01 16:00:00,0.02,28.91,82.78,5.54
2019-07-01 17:00:00,0.02,28.65,84.4,5.01
2019-07-01 18:00:00,0.01,28.32,86.79,4.21
2019-07-01 19:00:00,0.01,28.2,87.76,3.89
2019-07-01 20:00:00,0.02,28.13,88.16,3.83
2019-07-01 21:00:00,0.02,28.04,88.89,3.8
2019-07-01 22:00:00,0.02,27.93,89.69,3.67
2019-07-01 23:00:00,0.01,27.84,90.16,3.53
2019-07-02 00:00:00,0.02,27.78,90.21,3.66
2019-07-02 01:00:00,0.03,27.76,89.37,4.05
2019-07-02 02:00:00,0.06,27.74,88.77,4.35
2019-07-02 03:00:00,0.08,27.74,88.21,4.56
2019-07-02 04:00:00,0.12,27.77,87.57,4.68
2019-07-02 05:00:00,0.12,27.79,87.12,4.62
2019-07-02 06:00:00,0.11,28.04,86.37,4.62
2019-07-02 07:00:00,0.09,28.49,84.36,5.11
2019-07-02 08:00:00,0.17,28.82,82.25,5.75
2019-07-02 09:00:00,0.22,29.07,81.08,6.07
2019-07-02 10:00:00,0.24,29.21,80.37,6.36
2019-07-02 11:00:00,0.26,29.25,79.95,6.67
2019-07-02 12:00:00,0.19,29.32,78.97,6.88
2019-07-02 13:00:00,0.19,29.35,78.1,7.02
2019-07-02 14:00:00,0.21,29.3,77.59,7.03
2019-07-02 15:00:00,0.21,29.14,77.82,6.86
2019-07-02 16:00:00,0.13,28.94,78.9,6.46
2019-07-02 17:00:00,0.09,28.67,81.17,5.51
2019-07-02 18:00:00,0.08,28.31,83.82,4.6
2019-07-02 19:00:00,0.07,28.14,84.91,4.36
2019-07-02 20:00:00,0.07,28.04,85.57,4.09
2019-07-02 21:00:00,0.07,27.96,86.03,3.89
2019-07-02 22:00:00,0.08,27.9,86.11,3.86
2019-07-02 23:00:00,0.11,27.83,86.03,4.02
2019-07-03 00:00:00,0.1,27.75,86.11,4.12
2019-07-03 01:00:00,0.1,27.71,86.13,4.17
2019-07-03 02:00:00,0.12,27.68,86.26,4.18
2019-07-03 03:00:00,0.14,27.67,86.28,4.18
2019-07-03 04:00:00,0.18,27.65,86.36,4.22
2019-07-03 05:00:00,0.16,27.69,86.2,4.26
2019-07-03 06:00:00,0.2,28.03,85.3,4.5
2019-07-03 07:00:00,0.22,28.56,82.59,5.08
2019-07-03 08:00:00,0.67,28.91,80.13,5.35
2019-07-03 09:00:00,0.61,29.2,78.89,5.37
2019-07-03 10:00:00,0.55,29.35,78.38,5.36
2019-07-03 11:00:00,0.65,29.37,78.32,5.36
2019-07-03 12:00:00,0.65,29.41,78.28,5.4
2019-07-03 13:00:00,0.43,29.39,78.13,5.36
2019-07-03 14:00:00,0.29,29.34,78.06,5.35
2019-07-03 15:00:00,0.21,29.22,78.47,5.33
2019-07-03 16:00:00,0.26,29.02,79.56,5.14
2019-07-03 17:00:00,0.35,28.76,81.83,4.62
2019-07-03 18:00:00,0.39,28.37,84.93,4.22
2019-07-03 19:00:00,0.47,28.17,86.35,4.29
2019-07-03 20:00:00,0.72,28.06,86.96,4.02
2019-07-03 21:00:00,0.67,27.99,86.93,3.83
2019-07-03 22:00:00,0.75,27.92,86.95,3.94
2019-07-03 23:00:00,0.99,27.82,87.17,4.14
2019-07-04 00:00:00,1.07,27.77,86.99,4.44
2019-07-04 01:00:00,1.12,27.75,86.76,4.75
2019-07-04 02:00:00,1.18,27.72,86.71,4.63
2019-07-04 03:00:00,1.26,27.67,86.63,4.19
2019-07-04 04:00:00,1.21,27.67,86.44,4.02
2019-07-04 05:00:00,1.15,27.66,86.54,4.12
2019-07-04 06:00:00,1.36,27.88,86.24,4.16
2019-07-04 07:00:00,1.19,28.37,83.59,4.41
2019-07-04 08:00:00,0.47,28.73,81.25,4.74
2019-07-04 09:00:00,0.46,29.05,80.2,4.87
2019-07-04 10:00:00,0.47,29.15,79.94,5.09
2019-07-04 11:00:00,0.61,29.2,79.58,5.17
2019-07-04 12:00:00,0.46,29.24,79.39,5.24
2019-07-04 13:00:00,0.33,29.26,79.2,5.34
2019-07-04 14:00:00,0.32,29.18,79.19,5.49
2019-07-04 15:00:00,0.28,29.05,79.77,5.41
2019-07-04 16:00:00,0.32,28.85,80.95,5.22
2019-07-04 17:00:00,0.29,28.6,82.83,4.99
2019-07-04 18:00:00,0.28,28.34,84.64,4.54
2019-07-04 19:00:00,0.27,28.27,85.34,4.07
2019-07-04 20:00:00,0.23,28.21,85.9,3.88
2019-07-04 21:00:00,0.24,28.16,86.33,4.0
2019-07-04 22:00:00,0.4,28.08,86.9,3.91
2019-07-04 23:00:00,0.41,28.02,87.09,3.9
2019-07-05 00:00:00,0.47,27.96,87.07,4.12
2019-07-05 01:00:00,0.54,27.91,86.96,4.43
2019-07-05 02:00:00,0.58,27.86,86.79,4.51
2019-07-05 03:00:00,0.68,27.81,86.69,4.35
2019-07-05 04:00:00,0.61,27.75,86.79,4.27
2019-07-05 05:00:00,0.45,27.7,86.89,4.23
2019-07-05 06:00:00,0.42,27.96,86.25,4.32
2019-07-05 07:00:00,0.45,28.4,83.64,4.76
2019-07-05 08:00:00,0.23,28.7,81.76,5.15
2019-07-05 09:00:00,0.2,28.91,81.2,5.38
2019-07-05 10:00:00,0.21,29.02,81.15,5.55
2019-07-05 11:00:00,0.2,29.04,81.18,5.73
2019-07-05 12:00:00,0.18,29.02,81.22,5.78
2019-07-05 13:00:00,0.13,29.01,81.1,5.73
2019-07-05 14:00:00,0.11,29.0,81.09,5.52
2019-07-05 15:00:00,0.11,28.92,81.49,5.27
2019-07-05 16:00:00,0.15,28.78,82.26,5.32
2019-07-05 17:00:00,0.14,28.56,83.75,5.06
2019-07-05 18:00:00,0.12,28.24,86.09,4.35
2019-07-05 19:00:00,0.12,28.11,86.8,4.04
2019-07-05 20:00:00,0.15,28.06,86.92,3.65
2019-07-05 21:00:00,0.14,28.01,87.03,3.47
2019-07-05 22:00:00,0.16,27.94,87.36,4.04
2019-07-05 23:00:00,0.17,27.88,87.57,4.33
2019-07-06 00:00:00,0.2,27.83,87.48,4.45
2019-07-06 01:00:00,0.22,27.8,87.24,4.68
2019-07-06 02:00:00,0.23,27.78,87.1,4.79
2019-07-06 03:00:00,0.2,27.77,86.8,4.87
2019-07-06 04:00:00,0.22,27.74,86.58,4.8
2019-07-06 05:00:00,0.19,27.72,86.33,4.65
2019-07-06 06:00:00,0.15,27.96,85.56,4.76
2019-07-06 07:00:00,0.13,28.4,83.45,5.2
2019-07-06 08:00:00,0.16,28.74,80.95,5.56
2019-07-06 09:00:00,0.18,29.04,79.18,5.7
2019-07-06 10:00:00,0.16,29.27,77.78,5.63
2019-07-06 11:00:00,0.15,29.38,76.87,5.65
2019-07-06 12:00:00,0.15,29.4,76.49,5.89
2019-07-06 13:00:00,0.14,29.46,76.06,5.91
2019-07-06 14:00:00,0.1,29.53,75.16,5.78
2019-07-06 15:00:00,0.1,29.49,74.52,5.59
2019-07-06 16:00:00,0.13,29.32,75.02,5.25
2019-07-06 17:00:00,0.18,29.0,77.6,4.59
2019-07-06 18:00:00,0.2,28.59,81.0,3.95
2019-07-06 19:00:00,0.22,28.44,82.08,3.79
2019-07-06 20:00:00,0.23,28.39,82.61,3.79
2019-07-06 21:00:00,0.23,28.35,83.0,3.71
2019-07-06 22:00:00,0.29,28.25,83.73,3.7
2019-07-06 23:00:00,0.29,28.14,84.53,3.86
2019-07-07 00:00:00,0.31,28.03,85.09,4.01
2019-07-07 01:00:00,0.32,27.96,85.0,4.16
2019-07-07 02:00:00,0.32,27.9,84.85,4.13
2019-07-07 03:00:00,0.29,27.8,85.22,3.98
2019-07-07 04:00:00,0.28,27.72,85.43,3.84
2019-07-07 05:00:00,0.3,27.63,86.1,3.58
2019-07-07 06:00:00,0.26,27.9,85.81,3.54
2019-07-07 07:00:00,0.22,28.43,82.62,4.16
2019-07-07 08:00:00,0.36,28.67,81.65,4.4
2019-07-07 09:00:00,0.39,28.83,81.36,4.43
2019-07-07 10:00:00,0.37,28.94,81.29,4.47
2019-07-07 11:00:00,0.3,29.06,80.94,4.6
2019-07-07 12:00:00,0.23,29.05,80.83,4.78
2019-07-07 13:00:00,0.15,28.95,81.09,4.95
2019-07-07 14:00:00,0.09,28.83,81.6,5.15
2019-07-07 15:00:00,0.05,28.67,82.49,5.21
2019-07-07 16:00:00,0.07,28.51,83.53,5.02
2019-07-07 17:00:00,0.1,28.3,85.19,4.64
2019-07-07 18:00:00,0.13,28.09,86.81,4.17
2019-07-07 19:00:00,0.17,28.01,87.52,3.8
2019-07-07 20:00:00,0.26,27.95,87.93,3.4
2019-07-07 21:00:00,0.29,27.9,88.18,3.09
2019-07-07 22:00:00,0.37,27.85,88.2,2.83
2019-07-07 23:00:00,0.41,27.8,88.24,2.73
2019-07-08 00:00:00,0.48,27.72,88.26,2.73
2019-07-08 01:00:00,0.51,27.66,88.13,2.86
2019-07-08 02:00:00,0.53,27.58,88.2,3.1
2019-07-08 03:00:00,0.53,27.52,88.33,3.25
2019-07-08 04:00:00,0.48,27.5,88.22,3.18
2019-07-08 05:00:00,0.41,27.49,88.06,3.12
2019-07-08 06:00:00,0.38,27.82,87.15,3.36
2019-07-08 07:00:00,0.34,28.25,84.75,3.93
2019-07-08 08:00:00,0.22,28.57,83.03,4.0
2019-07-08 09:00:00,0.23,28.93,81.17,4.1
2019-07-08 10:00:00,0.31,29.11,80.42,4.16
2019-07-08 11:00:00,0.28,29.18,80.05,4.31
2019-07-08 12:00:00,0.33,29.14,80.06,4.33
2019-07-08 13:00:00,0.37,29.08,80.22,4.18
2019-07-08 14:00:00,0.39,29.01,80.43,4.21
2019-07-08 15:00:00,0.31,28.96,80.72,4.3
2019-07-08 16:00:00,0.27,28.9,81.14,4.0
2019-07-08 17:00:00,0.27,28.72,82.64,3.75
2019-07-08 18:00:00,0.28,28.38,85.57,3.62
2019-07-08 19:00:00,0.3,28.24,86.88,3.43
2019-07-08 20:00:00,0.39,28.13,88.03,3.0
2019-07-08 21:00:00,0.43,28.01,89.01,2.85
2019-07-08 22:00:00,0.48,27.89,89.87,2.71
2019-07-08 23:00:00,0.46,27.76,90.35,2.62
2019-07-09 00:00:00,0.46,27.61,90.57,2.69
2019-07-09 01:00:00,0.51,27.47,90.34,2.67
2019-07-09 02:00:00,0.54,27.29,90.42,2.78
2019-07-09 03:00:00,0.5,27.08,90.74,2.86
2019-07-09 04:00:00,0.59,26.86,91.11,2.83
2019-07-09 05:00:00,0.61,26.65,91.35,2.82
2019-07-09 06:00:00,0.64,26.65,90.89,3.12
2019-07-09 07:00:00,0.77,26.8,88.64,3.7
2019-07-09 08:00:00,0.59,26.98,86.68,4.01
2019-07-09 09:00:00,0.67,27.27,83.92,4.06
2019-07-09 10:00:00,0.84,27.54,80.94,3.71
2019-07-09 11:00:00,0.97,27.88,77.36,3.07
2019-07-09 12:00:00,1.07,28.09,75.17,2.74
2019-07-09 13:00:00,1.12,28.16,74.66,2.91
2019-07-09 14:00:00,1.18,28.13,74.79,2.93
2019-07-09 15:00:00,1.09,28.07,75.28,2.82
2019-07-09 16:00:00,0.65,27.99,76.4,2.65
2019-07-09 17:00:00,0.24,27.8,79.15,2.2
2019-07-09 18:00:00,0.1,27.56,81.98,1.72
2019-07-09 19:00:00,0.1,27.54,80.96,1.43
2019-07-09 20:00:00,0.09,27.55,79.81,1.29
2019-07-09 21:00:00,0.08,27.48,80.25,1.52
2019-07-09 22:00:00,0.08,27.46,80.15,1.65
2019-07-09 23:00:00,0.14,27.44,80.16,1.6
2019-07-10 00:00:00,0.2,27.33,80.84,1.59
2019-07-10 01:00:00,0.35,27.2,81.8,1.68
2019-07-10 02:00:00,0.5,27.09,82.72,1.79
2019-07-10 03:00:00,0.49,27.03,83.14,1.79
2019-07-10 04:00:00,0.35,27.01,83.29,1.76
2019-07-10 05:00:00,0.28,26.99,83.65,1.79
2019-07-10 06:00:00,0.22,27.28,84.05,1.81
2019-07-10 07:00:00,0.15,27.78,81.95,2.55
2019-07-10 08:00:00,0.76,27.98,82.09,3.08
2019-07-10 09:00:00,1.05,27.99,82.82,3.57
2019-07-10 10:00:00,1.12,27.93,83.35,3.96
2019-07-10 11:00:00,1.45,27.96,81.73,4.31
2019-07-10 12:00:00,1.54,27.91,81.93,4.43
2019-07-10 13:00:00,1.48,27.9,81.66,4.38
2019-07-10 14:00:00,0.82,27.88,80.63,4.21
2019-07-10 15:00:00,0.51,27.86,79.53,4.0
2019-07-10 16:00:00,0.3,27.73,79.26,3.66
2019-07-10 17:00:00,0.31,27.55,80.23,3.04
2019-07-10 18:00:00,0.26,27.3,82.78,2.33
2019-07-10 19:00:00,0.29,27.27,82.59,2.02
2019-07-10 20:00:00,0.17,27.32,81.26,1.66
2019-07-10 21:00:00,0.09,27.36,79.8,1.36
2019-07-10 22:00:00,0.05,27.29,79.77,1.42
2019-07-10 23:00:00,0.04,27.13,80.96,1.76
2019-07-11 00:00:00,0.03,26.98,82.23,2.22
2019-07-11 01:00:00,0.02,26.87,83.15,2.58
2019-07-11 02:00:00,0.03,26.77,84.15,2.94
2019-07-11 03:00:00,0.03,26.65,85.19,3.18
2019-07-11 04:00:00,0.03,26.56,85.92,3.23
2019-07-11 05:00:00,0.05,26.49,86.53,3.24
2019-07-11 06:00:00,0.1,26.75,86.13,3.37
2019-07-11 07:00:00,0.16,27.16,84.32,3.69
2019-07-11 08:00:00,0.02,27.54,82.88,3.58
2019-07-11 09:00:00,0.03,28.1,80.26,3.24
2019-07-11 10:00:00,0.06,28.55,78.37,2.89
2019-07-11 11:00:00,0.1,28.94,77.11,2.96
2019-07-11 12:00:00,0.13,29.2,76.11,3.35
2019-07-11 13:00:00,0.1,29.32,75.66,3.9
2019-07-11 14:00:00,0.06,29.19,76.05,4.52
2019-07-11 15:00:00,0.05,28.91,77.19,4.92
2019-07-11 16:00:00,0.07,28.61,78.76,4.85
2019-07-11 17:00:00,0.05,28.31,81.07,4.31
2019-07-11 18:00:00,0.02,27.82,84.59,3.77
2019-07-11 19:00:00,0.01,27.55,86.41,3.79
2019-07-11 20:00:00,0.01,27.39,87.57,3.52
2019-07-11 21:00:00,0.02,27.25,88.59,3.27
2019-07-11 22:00:00,0.03,27.11,89.39,3.12
2019-07-11 23:00:00,0.04,26.91,90.34,2.9
2019-07-12 00:00:00,0.06,26.71,91.22,2.58
2019-07-12 01:00:00,0.1,26.53,91.83,2.37
2019-07-12 02:00:00,0.11,26.39,91.93,2.26
2019-07-12 03:00:00,0.1,26.26,91.81,2.3
2019-07-12 04:00:00,0.09,26.17,91.64,2.35
2019-07-12 05:00:00,0.07,26.09,91.38,2.26
2019-07-12 06:00:00,0.06,26.48,89.44,2.24
2019-07-12 07:00:00,0.05,27.15,84.24,2.48
2019-07-12 08:00:00,0.05,27.76,79.2,2.68
2019-07-12 09:00:00,0.04,28.15,76.59,2.84
2019-07-12 10:00:00,0.04,28.44,74.87,2.92
2019-07-12 11:00:00,0.05,28.63,74.12,3.04
2019-07-12 12:00:00,0.03,28.78,74.03,3.18
2019-07-12 13:00:00,0.03,28.89,74.27,3.33
2019-07-12 14:00:00,0.02,28.93,74.95,3.65
2019-07-12 15:00:00,0.01,28.83,75.77,3.91
2019-07-12 16:00:00,0.01,28.58,76.9,3.96
2019-07-12 17:00:00,0.01,28.2,79.6,3.68
2019-07-12 18:00:00,0.01,27.72,83.7,3.16
2019-07-12 19:00:00,0.01,27.49,85.16,3.16
2019-07-12 20:00:00,0.02,27.35,86.09,3.19
2019-07-12 21:00:00,0.03,27.24,86.73,3.0
2019-07-12 22:00:00,0.03,27.11,87.32,2.88
2019-07-12 23:00:00,0.03,26.95,88.0,2.85
2019-07-13 00:00:00,0.04,26.8,88.62,2.85
2019-07-13 01:00:00,0.05,26.69,89.04,2.89
2019-07-13 02:00:00,0.06,26.6,89.34,2.81
2019-07-13 03:00:00,0.06,26.53,89.42,2.62
2019-07-13 04:00:00,0.06,26.49,89.32,2.43
2019-07-13 05:00:00,0.06,26.48,89.17,2.19
2019-07-13 06:00:00,0.05,26.92,87.87,2.08
2019-07-13 07:00:00,0.06,27.54,84.93,2.26
2019-07-13 08:00:00,0.23,28.0,82.56,2.47
2019-07-13 09:00:00,0.27,28.4,80.11,2.58
2019-07-13 10:00:00,0.3,28.64,78.98,2.74
2019-07-13 11:00:00,0.34,28.75,78.63,3.01
2019-07-13 12:00:00,0.35,28.8,78.59,3.27
2019-07-13 13:00:00,0.36,28.77,78.95,3.5
2019-07-13 14:00:00,0.31,28.7,79.49,3.71
2019-07-13 15:00:00,0.32,28.61,80.1,4.04
2019-07-13 16:00:00,0.3,28.46,81.09,4.23
2019-07-13 17:00:00,0.28,28.25,82.86,3.97
2019-07-13 18:00:00,0.32,27.96,85.11,3.72
2019-07-13 19:00:00,0.31,27.86,85.75,3.67
2019-07-13 20:00:00,0.27,27.8,86.09,3.48
2019-07-13 21:00:00,0.29,27.71,86.66,3.27
2019-07-13 22:00:00,0.37,27.63,87.06,3.11
2019-07-13 23:00:00,0.42,27.54,87.43,3.0
2019-07-14 00:00:00,0.58,27.46,87.71,2.91
2019-07-14 01:00:00,0.61,27.38,87.86,2.77
2019-07-14 02:00:00,0.6,27.33,87.88,2.67
2019-07-14 03:00:00,0.7,27.29,87.99,2.69
2019-07-14 04:00:00,0.73,27.26,88.05,2.79
2019-07-14 05:00:00,0.72,27.25,88.05,2.9
2019-07-14 06:00:00,0.7,27.45,88.06,3.09
2019-07-14 07:00:00,0.49,27.86,86.12,3.71
2019-07-14 08:00:00,0.3,28.08,84.72,4.14
2019-07-14 09:00:00,0.24,28.21,84.06,4.29
2019-07-14 10:00:00,0.17,28.26,83.63,4.33
2019-07-14 11:00:00,0.17,28.28,83.15,4.44
2019-07-14 12:00:00,0.2,28.37,82.49,4.55
2019-07-14 13:00:00,0.21,28.4,81.71,4.67
2019-07-14 14:00:00,0.2,28.34,81.5,4.92
2019-07-14 15:00:00,0.15,28.22,81.76,5.11
2019-07-14 16:00:00,0.18,28.04,82.6,5.09
2019-07-14 17:00:00,0.19,27.78,84.4,4.87
2019-07-14 18:00:00,0.22,27.43,87.31,4.77
2019-07-14 19:00:00,0.21,27.28,89.01,5.0
2019-07-14 20:00:00,0.22,27.22,90.13,4.84
2019-07-14 21:00:00,0.24,27.21,90.75,4.82
2019-07-14 22:00:00,0.38,27.21,90.93,5.16
2019-07-14 23:00:00,0.57,27.14,90.47,5.52
2019-07-15 00:00:00,0.92,26.93,90.05,5.68
2019-07-15 01:00:00,1.35,26.65,89.49,5.63
2019-07-15 02:00:00,1.55,26.4,88.85,5.24
2019-07-15 03:00:00,1.56,26.24,88.75,4.77
2019-07-15 04:00:00,1.32,26.15,89.09,4.67
2019-07-15 05:00:00,0.98,26.13,89.36,4.87
2019-07-15 06:00:00,0.58,26.31,88.38,5.17
2019-07-15 07:00:00,0.28,26.66,85.54,5.46
2019-07-15 08:00:00,0.19,26.88,83.41,5.53
2019-07-15 09:00:00,0.14,27.01,81.68,5.58
2019-07-15 10:00:00,0.15,27.07,80.62,5.67
2019-07-15 11:00:00,0.16,27.09,79.73,5.63
2019-07-15 12:00:00,0.19,27.07,79.46,5.53
2019-07-15 13:00:00,0.25,27.06,79.35,5.46
2019-07-15 14:00:00,0.3,27.13,78.54,5.35
2019-07-15 15:00:00,0.4,27.28,77.09,5.21
2019-07-15 16:00:00,0.47,27.4,75.87,5.0
2019-07-15 17:00:00,0.44,27.32,76.52,4.58
2019-07-15 18:00:00,0.34,27.07,78.5,4.17
2019-07-15 19:00:00,0.17,27.0,79.04,4.18
2019-07-15 20:00:00,0.14,26.95,79.8,4.3
2019-07-15 21:00:00,0.15,26.89,80.6,4.38
2019-07-15 22:00:00,0.14,26.83,81.03,4.49
2019-07-15 23:00:00,0.14,26.77,81.27,4.81
2019-07-16 00:00:00,0.17,26.72,81.34,5.27
2019-07-16 01:00:00,0.21,26.67,81.65,5.38
2019-07-16 02:00:00,0.17,26.61,82.28,5.13
2019-07-16 03:00:00,0.2,26.59,82.61,5.0
2019-07-16 04:00:00,0.22,26.54,82.95,4.93
2019-07-16 05:00:00,0.29,26.49,83.25,4.74
2019-07-16 06:00:00,0.28,26.9,82.25,4.9
2019-07-16 07:00:00,0.35,27.56,78.53,5.78
2019-07-16 08:00:00,0.49,27.96,76.75,6.3
2019-07-16 09:00:00,0.49,28.23,76.01,6.63
2019-07-16 10:00:00,0.7,28.43,75.59,6.95
2019-07-16 11:00:00,0.7,28.58,75.29,7.29
2019-07-16 12:00:00,0.67,28.69,74.92,7.62
2019-07-16 13:00:00,0.63,28.74,74.62,7.93
2019-07-16 14:00:00,0.5,28.73,74.15,8.08
2019-07-16 15:00:00,0.34,28.62,74.34,7.96
2019-07-16 16:00:00,0.3,28.38,75.36,7.67
2019-07-16 17:00:00,0.2,28.02,77.32,7.04
2019-07-16 18:00:00,0.15,27.58,80.06,6.27
2019-07-16 19:00:00,0.1,27.36,81.63,5.67
2019-07-16 20:00:00,0.08,27.3,81.83,5.48
2019-07-16 21:00:00,0.07,27.26,81.82,5.52
2019-07-16 22:00:00,0.07,27.19,82.23,5.73
2019-07-16 23:00:00,0.06,27.11,82.56,6.21
2019-07-17 00:00:00,0.12,26.99,83.0,6.51
2019-07-17 01:00:00,0.15,26.91,83.25,6.58
2019-07-17 02:00:00,0.22,26.86,83.06,6.52
2019-07-17 03:00:00,0.24,26.85,82.43,6.49
2019-07-17 04:00:00,0.27,26.8,82.41,6.5
2019-07-17 05:00:00,0.22,26.72,82.96,6.5
2019-07-17 06:00:00,0.2,27.05,82.21,6.7
2019-07-17 07:00:00,0.27,27.63,79.63,7.19
2019-07-17 08:00:00,0.48,28.12,76.84,7.87
2019-07-17 09:00:00,0.18,28.35,75.7,8.12
2019-07-17 10:00:00,0.22,28.47,75.2,8.25
2019-07-17 11:00:00,0.23,28.53,75.0,8.32
2019-07-17 12:00:00,0.36,28.52,75.16,8.32
2019-07-17 13:00:00,0.57,28.44,75.29,8.22
2019-07-17 14:00:00,0.66,28.33,75.28,8.05
2019-07-17 15:00:00,0.58,28.21,75.29,7.92
2019-07-17 16:00:00,0.87,28.06,75.79,7.65
2019-07-17 17:00:00,0.6,27.76,77.79,7.03
2019-07-17 18:00:00,0.32,27.39,80.4,6.37
2019-07-17 19:00:00,0.29,27.24,81.41,6.23
2019-07-17 20:00:00,0.34,27.16,81.96,6.25
2019-07-17 21:00:00,0.48,26.97,83.71,6.03
2019-07-17 22:00:00,0.91,26.76,85.37,6.01
2019-07-17 23:00:00,1.11,26.55,86.38,6.1
2019-07-18 00:00:00,1.32,26.36,86.88,6.16
2019-07-18 01:00:00,1.42,26.21,87.18,6.13
2019-07-18 02:00:00,1.08,26.1,86.87,6.14
2019-07-18 03:00:00,0.78,25.96,86.73,6.15
2019-07-18 04:00:00,0.92,25.85,86.5,6.17
2019-07-18 05:00:00,1.07,25.79,86.41,6.09
2019-07-18 06:00:00,1.98,26.06,85.22,6.25
2019-07-18 07:00:00,3.37,26.53,83.12,6.75
2019-07-18 08:00:00,0.75,26.88,81.82,7.1
2019-07-18 09:00:00,1.11,27.09,81.32,7.3
2019-07-18 10:00:00,1.31,27.13,81.73,7.45
2019-07-18 11:00:00,1.04,27.11,82.44,7.6
2019-07-18 12:00:00,0.72,27.08,83.11,7.83
2019-07-18 13:00:00,0.56,27.05,83.41,8.05
2019-07-18 14:00:00,0.55,27.05,83.58,8.07
2019-07-18 15:00:00,0.77,27.07,84.06,7.85
2019-07-18 16:00:00,1.12,27.12,84.95,7.36
2019-07-18 17:00:00,1.77,26.99,87.08,6.79
2019-07-18 18:00:00,2.88,26.77,88.8,6.65
2019-07-18 19:00:00,4.56,26.65,89.2,7.08
2019-07-18 20:00:00,7.56,26.61,89.38,7.78
2019-07-18 21:00:00,10.09,26.67,89.57,8.53
2019-07-18 22:00:00,9.04,26.77,89.2,9.27
2019-07-18 23:00:00,6.72,26.75,88.73,9.5
2019-07-19 00:00:00,4.75,26.63,88.49,9.48
2019-07-19 01:00:00,3.35,26.5,88.12,9.4
2019-07-19 02:00:00,2.96,26.41,87.82,9.3
2019-07-19 03:00:00,2.99,26.3,88.07,9.21
2019-07-19 04:00:00,3.21,26.18,88.45,8.93
2019-07-19 05:00:00,3.49,26.11,88.59,8.5
2019-07-19 06:00:00,3.47,26.14,88.28,8.14
2019-07-19 07:00:00,3.49,26.29,87.05,8.17
2019-07-19 08:00:00,2.62,26.54,85.45,8.3
2019-07-19 09:00:00,2.29,26.85,84.04,8.41
2019-07-19 10:00:00,2.02,27.21,82.56,8.74
2019-07-19 11:00:00,1.46,27.51,81.55,9.22
2019-07-19 12:00:00,1.0,27.59,80.77,9.63
2019-07-19 13:00:00,0.98,27.46,80.16,9.63
2019-07-19 14:00:00,1.24,27.24,80.69,9.25
2019-07-19 15:00:00,1.37,27.02,82.26,8.76
2019-07-19 16:00:00,1.41,26.84,83.9,8.36
2019-07-19 17:00:00,1.57,26.63,85.56,8.05
2019-07-19 18:00:00,1.95,26.47,86.5,7.86
2019-07-19 19:00:00,2.08,26.41,86.63,7.7
2019-07-19 20:00:00,2.45,26.36,86.85,7.52
2019-07-19 21:00:00,3.08,26.31,87.37,7.19
2019-07-19 22:00:00,4.03,26.25,87.83,6.94
2019-07-19 23:00:00,4.87,26.21,88.0,6.84
2019-07-20 00:00:00,5.17,26.17,87.96,6.87
2019-07-20 01:00:00,4.63,26.13,87.96,6.88
2019-07-20 02:00:00,3.86,26.12,87.56,6.99
2019-07-20 03:00:00,2.7,26.11,87.46,7.08
2019-07-20 04:00:00,1.63,26.14,87.43,7.14
2019-07-20 05:00:00,1.03,26.17,87.37,7.1
2019-07-20 06:00:00,1.04,26.31,87.32,6.69
2019-07-20 07:00:00,1.29,26.63,86.61,6.59
2019-07-20 08:00:00,1.17,26.91,85.68,6.5
2019-07-20 09:00:00,1.36,27.17,84.61,6.39
2019-07-20 10:00:00,1.29,27.38,83.72,6.53
2019-07-20 11:00:00,1.26,27.55,83.01,6.72
2019-07-20 12:00:00,1.25,27.66,82.51,6.87
2019-07-20 13:00:00,1.24,27.71,82.0,6.94
2019-07-20 14:00:00,1.17,27.63,81.81,6.96
2019-07-20 15:00:00,1.15,27.45,82.28,6.72
2019-07-20 16:00:00,1.02,27.23,83.37,6.25
2019-07-20 17:00:00,1.2,26.95,85.39,5.74
2019-07-20 18:00:00,1.73,26.68,87.15,5.04
2019-07-20 19:00:00,2.65,26.61,87.68,4.42
2019-07-20 20:00:00,3.71,26.55,87.88,4.09
2019-07-20 21:00:00,4.38,26.49,87.97,3.79
2019-07-20 22:00:00,4.45,26.41,88.22,3.71
2019-07-20 23:00:00,3.77,26.31,88.65,3.98
2019-07-21 00:00:00,2.76,26.26,88.79,4.61
2019-07-21 01:00:00,1.86,26.21,88.89,4.91
2019-07-21 02:00:00,1.18,26.19,88.62,5.04
2019-07-21 03:00:00,0.75,26.19,88.14,5.35
2019-07-21 04:00:00,0.49,26.16,87.62,5.53
2019-07-21 05:00:00,0.37,26.12,87.44,5.41
2019-07-21 06:00:00,0.31,26.46,86.86,5.49
2019-07-21 07:00:00,0.32,27.08,84.73,6.46
2019-07-21 08:00:00,0.63,27.51,84.26,6.86
2019-07-21 09:00:00,0.86,27.79,84.35,7.01
2019-07-21 10:00:00,1.05,27.92,84.12,7.29
2019-07-21 11:00:00,1.25,27.93,83.82,7.39
2019-07-21 12:00:00,1.49,27.91,83.56,7.19
2019-07-21 13:00:00,1.9,27.88,83.51,6.83
2019-07-21 14:00:00,2.28,27.77,84.0,6.63
2019-07-21 15:00:00,2.44,27.6,84.82,6.73
2019-07-21 16:00:00,2.65,27.43,86.11,6.62
2019-07-21 17:00:00,3.37,27.26,87.83,6.22
2019-07-21 18:00:00,3.52,27.07,89.7,5.78
2019-07-21 19:00:00,2.58,26.99,90.62,5.41
2019-07-21 20:00:00,1.69,26.93,90.96,5.14
2019-07-21 21:00:00,1.41,26.88,90.67,5.19
2019-07-21 22:00:00,1.23,26.81,90.64,5.0
2019-07-21 23:00:00,1.16,26.75,90.33,5.08
2019-07-22 00:00:00,0.97,26.69,89.73,5.38
2019-07-22 01:00:00,1.0,26.6,89.15,5.57
2019-07-22 02:00:00,0.83,26.51,88.87,5.36
2019-07-22 03:00:00,0.9,26.42,88.87,5.12
2019-07-22 04:00:00,1.1,26.35,88.65,4.86
2019-07-22 05:00:00,1.78,26.3,88.4,4.76
2019-07-22 06:00:00,2.73,26.56,87.54,5.03
2019-07-22 07:00:00,3.8,27.03,85.2,5.67
2019-07-22 08:00:00,1.56,27.38,83.39,6.36
2019-07-22 09:00:00,1.52,27.56,82.75,6.94
2019-07-22 10:00:00,1.11,27.66,82.6,7.21
2019-07-22 11:00:00,0.9,27.68,82.74,7.21
2019-07-22 12:00:00,0.87,27.65,82.93,7.11
2019-07-22 13:00:00,0.7,27.48,83.48,7.04
2019-07-22 14:00:00,0.56,27.18,84.49,6.83
2019-07-22 15:00:00,0.39,26.86,85.77,6.37
2019-07-22 16:00:00,0.3,26.62,87.02,6.08
2019-07-22 17:00:00,0.18,26.46,88.28,6.05
2019-07-22 18:00:00,0.1,26.38,88.67,6.01
2019-07-22 19:00:00,0.08,26.35,87.92,5.62
2019-07-22 20:00:00,0.06,26.26,87.43,4.91
2019-07-22 21:00:00,0.03,26.17,87.17,4.22
2019-07-22 22:00:00,0.04,26.07,86.89,3.84
2019-07-22 23:00:00,0.08,25.98,86.87,3.68
2019-07-23 00:00:00,0.14,25.91,86.9,3.61
2019-07-23 01:00:00,0.18,25.85,86.92,3.6
2019-07-23 02:00:00,0.22,25.82,86.89,3.51
2019-07-23 03:00:00,0.16,25.79,87.08,3.27
2019-07-23 04:00:00,0.15,25.82,87.05,3.09
2019-07-23 05:00:00,0.11,25.87,86.92,2.98
2019-07-23 06:00:00,0.1,26.33,86.4,3.01
2019-07-23 07:00:00,0.05,27.1,83.08,3.86
2019-07-23 08:00:00,0.02,27.67,80.14,4.87
2019-07-23 09:00:00,0.02,28.04,77.62,5.57
2019-07-23 10:00:00,0.03,28.23,76.37,5.86
2019-07-23 11:00:00,0.08,28.3,76.26,6.04
2019-07-23 12:00:00,0.33,28.29,76.62,6.13
2019-07-23 13:00:00,0.57,28.23,76.73,6.09
2019-07-23 14:00:00,0.55,28.1,77.17,5.99
2019-07-23 15:00:00,0.54,27.93,78.1,5.74
2019-07-23 16:00:00,0.62,27.7,79.69,5.24
2019-07-23 17:00:00,0.54,27.37,82.71,4.43
2019-07-23 18:00:00,0.48,26.93,86.12,3.69
2019-07-23 19:00:00,0.32,26.69,87.79,3.36
2019-07-23 20:00:00,0.21,26.52,88.9,3.1
2019-07-23 21:00:00,0.18,26.37,89.73,2.83
2019-07-23 22:00:00,0.17,26.22,90.47,2.67
2019-07-23 23:00:00,0.24,26.07,91.24,2.58
2019-07-24 00:00:00,0.49,25.93,91.98,2.52
2019-07-24 01:00:00,0.81,25.82,92.54,2.48
2019-07-24 02:00:00,0.97,25.77,92.64,2.42
2019-07-24 03:00:00,1.05,25.78,92.15,2.51
2019-07-24 04:00:00,0.93,25.78,91.9,2.53
2019-07-24 05:00:00,0.89,25.81,91.55,2.49
2019-07-24 06:00:00,0.79,26.21,90.6,2.62
2019-07-24 07:00:00,0.72,26.79,88.04,3.44
2019-07-24 08:00:00,0.26,27.2,86.28,4.1
2019-07-24 09:00:00,0.25,27.5,85.21,4.56
2019-07-24 10:00:00,0.25,27.75,83.94,5.01
2019-07-24 11:00:00,0.21,27.89,83.11,5.43
2019-07-24 12:00:00,0.17,27.89,83.0,5.8
2019-07-24 13:00:00,0.17,27.85,82.97,6.04
2019-07-24 14:00:00,0.11,27.76,82.95,6.12
2019-07-24 15:00:00,0.12,27.6,82.79,5.94
2019-07-24 16:00:00,0.2,27.36,83.41,5.48
2019-07-24 17:00:00,0.24,27.08,85.4,4.62
2019-07-24 18:00:00,0.31,26.8,87.73,3.65
2019-07-24 19:00:00,0.38,26.7,88.64,3.03
2019-07-24 20:00:00,0.53,26.64,89.21,2.66
2019-07-24 21:00:00,0.58,26.56,89.67,2.38
2019-07-24 22:00:00,0.66,26.48,90.07,2.17
2019-07-24 23:00:00,0.76,26.36,90.58,2.03
2019-07-25 00:00:00,0.83,26.25,91.06,1.91
2019-07-25 01:00:00,0.93,26.16,91.4,1.81
2019-07-25 02:00:00,1.11,26.06,91.98,1.82
2019-07-25 03:00:00,1.19,26.01,92.39,1.81
2019-07-25 04:00:00,1.06,26.02,92.5,1.79
2019-07-25 05:00:00,0.46,26.01,92.8,1.98
2019-07-25 06:00:00,0.38,26.21,92.64,2.3
2019-07-25 07:00:00,0.28,26.67,91.37,2.98
2019-07-25 08:00:00,0.2,27.01,89.74,3.54
2019-07-25 09:00:00,0.11,27.26,87.79,3.72
2019-07-25 10:00:00,0.1,27.5,85.29,3.99
2019-07-25 11:00:00,0.11,27.7,82.89,4.23
2019-07-25 12:00:00,0.12,27.88,81.17,4.27
2019-07-25 13:00:00,0.16,27.9,79.89,4.46
2019-07-25 14:00:00,0.17,27.76,79.58,4.87
2019-07-25 15:00:00,0.17,27.47,80.4,5.14
2019-07-25 16:00:00,0.19,27.13,81.86,5.01
2019-07-25 17:00:00,0.22,26.78,84.07,4.4
2019-07-25 18:00:00,0.19,26.35,86.78,3.74
2019-07-25 19:00:00,0.16,26.12,87.82,3.3
2019-07-25 20:00:00,0.18,25.96,88.18,2.91
2019-07-25 21:00:00,0.23,25.84,88.41,2.81
2019-07-25 22:00:00,0.31,25.71,88.79,2.87
2019-07-25 23:00:00,0.39,25.56,89.68,2.69
2019-07-26 00:00:00,0.52,25.4,90.62,2.47
2019-07-26 01:00:00,0.55,25.27,91.41,2.34
2019-07-26 02:00:00,0.51,25.21,91.95,2.28
2019-07-26 03:00:00,0.59,25.18,92.36,2.31
2019-07-26 04:00:00,0.53,25.19,92.57,2.42
2019-07-26 05:00:00,0.59,25.2,92.75,2.61
2019-07-26 06:00:00,0.47,25.53,92.07,2.95
2019-07-26 07:00:00,0.42,26.08,89.93,3.62
2019-07-26 08:00:00,0.05,26.47,88.14,3.92
2019-07-26 09:00:00,0.03,26.74,85.85,3.97
2019-07-26 10:00:00,0.02,27.01,82.99,3.85
2019-07-26 11:00:00,0.01,27.22,81.26,3.67
2019-07-26 12:00:00,0.01,27.38,79.91,3.39
2019-07-26 13:00:00,0.01,27.48,78.91,3.1
2019-07-26 14:00:00,0.01,27.5,78.43,2.97
2019-07-26 15:00:00,0.01,27.41,78.49,3.06
2019-07-26 16:00:00,0.01,27.21,79.42,3.18
2019-07-26 17:00:00,0.01,26.91,82.08,2.99
2019-07-26 18:00:00,0.02,26.55,84.96,2.67
2019-07-26 19:00:00,0.02,26.37,85.9,2.48
2019-07-26 20:00:00,0.01,26.26,86.49,2.24
2019-07-26 21:00:00,0.01,26.14,87.16,2.21
2019-07-26 22:00:00,0.02,26.0,88.03,2.25
2019-07-26 23:00:00,0.02,25.88,88.63,2.24
2019-07-27 00:00:00,0.01,25.78,88.79,2.15
2019-07-27 01:00:00,0.01,25.74,88.61,2.09
2019-07-27 02:00:00,0.01,25.69,88.83,2.14
2019-07-27 03:00:00,0.02,25.63,89.19,2.16
2019-07-27 04:00:00,0.02,25.6,89.38,2.11
2019-07-27 05:00:00,0.02,25.61,89.31,2.04
2019-07-27 06:00:00,0.02,26.01,88.53,2.01
2019-07-27 07:00:00,0.02,26.65,85.89,2.27
2019-07-27 08:00:00,0.02,27.08,84.37,2.19
2019-07-27 09:00:00,0.02,27.48,82.51,2.26
2019-07-27 10:00:00,0.03,27.77,81.39,2.51
2019-07-27 11:00:00,0.02,27.99,80.73,2.74
2019-07-27 12:00:00,0.01,28.13,80.52,3.03
2019-07-27 13:00:00,0.02,28.19,80.37,3.35
2019-07-27 14:00:00,0.02,28.16,80.36,3.6
2019-07-27 15:00:00,0.02,28.05,80.53,3.9
2019-07-27 16:00:00,0.01,27.77,81.66,4.17
2019-07-27 17:00:00,0.02,27.38,84.32,4.02
2019-07-27 18:00:00,0.01,26.94,87.96,3.61
2019-07-27 19:00:00,0.01,26.72,89.78,3.47
2019-07-27 20:00:00,0.01,26.58,90.89,3.19
2019-07-27 21:00:00,0.02,26.47,91.52,2.9
2019-07-27 22:00:00,0.02,26.37,91.96,2.72
2019-07-27 23:00:00,0.02,26.27,92.28,2.63
2019-07-28 00:00:00,0.02,26.18,92.47,2.63
2019-07-28 01:00:00,0.02,26.09,92.47,2.67
2019-07-28 02:00:00,0.02,26.01,92.48,2.67
2019-07-28 03:00:00,0.01,25.96,92.4,2.52
2019-07-28 04:00:00,0.01,25.92,92.3,2.3
2019-07-28 05:00:00,0.02,25.93,92.03,2.11
2019-07-28 06:00:00,0.02,26.28,91.08,1.95
2019-07-28 07:00:00,0.01,26.85,88.55,2.35
2019-07-28 08:00:00,0.03,27.27,86.49,2.7
2019-07-28 09:00:00,0.03,27.56,85.3,2.87
2019-07-28 10:00:00,0.03,27.87,83.68,3.05
2019-07-28 11:00:00,0.03,28.06,82.64,3.31
2019-07-28 12:00:00,0.03,28.14,81.91,3.52
2019-07-28 13:00:00,0.03,28.1,81.69,3.69
2019-07-28 14:00:00,0.03,28.03,81.44,3.94
2019-07-28 15:00:00,0.02,27.83,82.0,4.24
2019-07-28 16:00:00,0.03,27.57,83.69,4.33
2019-07-28 17:00:00,0.03,27.28,86.11,4.01
2019-07-28 18:00:00,0.03,26.95,88.74,3.56
2019-07-28 19:00:00,0.03,26.78,89.99,3.4
2019-07-28 20:00:00,0.02,26.67,90.84,3.23
2019-07-28 21:00:00,0.03,26.56,91.31,3.09
2019-07-28 22:00:00,0.02,26.42,91.91,2.98
2019-07-28 23:00:00,0.02,26.31,92.27,2.89
2019-07-29 00:00:00,0.02,26.22,92.38,2.83
2019-07-29 01:00:00,0.04,26.15,92.2,2.79
2019-07-29 02:00:00,0.03,26.1,91.99,2.69
2019-07-29 03:00:00,0.03,26.06,91.88,2.61
2019-07-29 04:00:00,0.03,26.03,91.92,2.56
2019-07-29 05:00:00,0.02,26.01,92.02,2.57
2019-07-29 06:00:00,0.01,26.32,91.37,2.62
2019-07-29 07:00:00,0.01,26.88,88.77,3.02
2019-07-29 08:00:00,0.0,27.28,86.67,3.04
2019-07-29 09:00:00,0.0,27.51,85.62,3.12
2019-07-29 10:00:00,0.0,27.6,85.28,3.36
2019-07-29 11:00:00,0.01,27.61,85.28,3.64
2019-07-29 12:00:00,0.01,27.6,85.36,3.91
2019-07-29 13:00:00,0.02,27.56,85.36,4.23
2019-07-29 14:00:00,0.02,27.5,85.53,4.42
2019-07-29 15:00:00,0.02,27.45,85.89,4.25
2019-07-29 16:00:00,0.02,27.38,86.39,3.91
2019-07-29 17:00:00,0.02,27.24,87.42,3.42
2019-07-29 18:00:00,0.02,26.98,89.4,2.79
2019-07-29 19:00:00,0.02,26.86,90.05,2.57
2019-07-29 20:00:00,0.02,26.77,90.34,2.58
2019-07-29 21:00:00,0.03,26.71,90.43,2.64
2019-07-29 22:00:00,0.02,26.63,90.53,2.74
2019-07-29 23:00:00,0.02,26.55,90.5,2.97
2019-07-30 00:00:00,0.02,26.47,90.6,3.14
2019-07-30 01:00:00,0.02,26.4,90.51,3.07
2019-07-30 02:00:00,0.02,26.35,90.39,3.07
2019-07-30 03:00:00,0.02,26.29,90.27,3.09
2019-07-30 04:00:00,0.02,26.23,90.23,3.04
2019-07-30 05:00:00,0.01,26.18,90.11,2.8
2019-07-30 06:00:00,0.01,26.39,89.52,2.57
2019-07-30 07:00:00,0.01,26.86,86.88,2.82
2019-07-30 08:00:00,0.02,27.16,85.24,2.76
2019-07-30 09:00:00,0.02,27.43,83.93,2.68
2019-07-30 10:00:00,0.02,27.72,82.25,2.79
2019-07-30 11:00:00,0.02,27.99,80.26,3.09
2019-07-30 12:00:00,0.02,28.12,79.24,3.43
2019-07-30 13:00:00,0.02,28.12,78.64,3.8
2019-07-30 14:00:00,0.01,28.02,78.51,4.12
2019-07-30 15:00:00,0.01,27.82,79.11,4.23
2019-07-30 16:00:00,0.02,27.56,80.4,3.97
2019-07-30 17:00:00,0.02,27.25,82.65,3.4
2019-07-30 18:00:00,0.02,26.85,86.13,2.86
2019-07-30 19:00:00,0.01,26.67,87.6,2.78
2019-07-30 20:00:00,0.01,26.55,88.55,2.65
2019-07-30 21:00:00,0.02,26.44,89.27,2.4
2019-07-30 22:00:00,0.02,26.36,89.7,2.26
2019-07-30 23:00:00,0.03,26.29,90.04,2.22
2019-07-31 00:00:00,0.03,26.23,90.48,2.27
2019-07-31 01:00:00,0.04,26.22,90.44,2.36
2019-07-31 02:00:00,0.04,26.24,90.16,2.44
2019-07-31 03:00:00,0.05,26.26,89.87,2.38
2019-07-31 04:00:00,0.05,26.29,89.46,2.24
2019-07-31 05:00:00,0.05,26.3,89.16,2.12
2019-07-31 06:00:00,0.06,26.64,88.36,2.22
2019-07-31 07:00:00,0.05,27.19,85.23,2.6
2019-07-31 08:00:00,0.05,27.47,83.76,2.38
2019-07-31 09:00:00,0.03,27.67,81.93,2.15
2019-07-31 10:00:00,0.02,27.87,80.13,2.24
2019-07-31 11:00:00,0.01,28.07,79.14,2.6
2019-07-31 12:00:00,0.01,28.13,79.26,3.11
2019-07-31 13:00:00,0.01,28.11,79.8,3.59
2019-07-31 14:00:00,0.01,28.07,80.25,4.04
2019-07-31 15:00:00,0.01,27.97,80.78,4.41
2019-07-31 16:00:00,0.01,27.78,81.68,4.43
2019-07-31 17:00:00,0.01,27.52,83.7,4.0
2019-07-31 18:00:00,0.01,27.15,86.43,3.41
2019-07-31 19:00:00,0.01,26.99,87.21,3.18
2019-07-31 20:00:00,0.01,26.91,87.5,2.93
2019-07-31 21:00:00,0.02,26.85,87.7,2.75
2019-07-31 22:00:00,0.02,26.78,87.93,2.46
2019-07-31 23:00:00,0.02,26.72,87.94,2.13
2019-08-01 00:00:00,0.03,26.6,88.36,2.2
2019-08-01 01:00:00,0.04,26.49,88.87,2.33
2019-08-01 02:00:00,0.04,26.41,89.03,2.28
2019-08-01 03:00:00,0.05,26.36,88.92,2.11
2019-08-01 04:00:00,0.05,26.34,88.5,1.95
2019-08-01 05:00:00,0.04,26.31,88.47,1.84
2019-08-01 06:00:00,0.05,26.53,88.44,1.79
2019-08-01 07:00:00,0.04,26.94,86.22,2.09
2019-08-01 08:00:00,0.04,27.15,85.99,2.43
2019-08-01 09:00:00,0.03,27.33,85.66,2.71
2019-08-01 10:00:00,0.03,27.38,86.08,2.93
2019-08-01 11:00:00,0.03,27.4,86.45,3.29
2019-08-01 12:00:00,0.03,27.42,86.53,3.59
2019-08-01 13:00:00,0.03,27.41,86.6,3.8
2019-08-01 14:00:00,0.03,27.37,86.59,3.96
2019-08-01 15:00:00,0.03,27.34,86.55,4.03
2019-08-01 16:00:00,0.03,27.3,86.51,3.97
2019-08-01 17:00:00,0.03,27.18,87.16,3.93
2019-08-01 18:00:00,0.02,27.0,88.71,3.76
2019-08-01 19:00:00,0.02,26.92,89.54,3.6
2019-08-01 20:00:00,0.02,26.89,89.79,3.47
2019-08-01 21:00:00,0.02,26.86,89.89,3.41
2019-08-01 22:00:00,0.02,26.82,89.96,3.39
2019-08-01 23:00:00,0.03,26.75,90.18,3.41
2019-08-02 00:00:00,0.05,26.69,90.15,3.49
2019-08-02 01:00:00,0.05,26.63,90.09,3.44
2019-08-02 02:00:00,0.05,26.56,90.29,3.26
2019-08-02 03:00:00,0.04,26.47,90.81,3.14
2019-08-02 04:00:00,0.04,26.42,90.96,3.01
2019-08-02 05:00:00,0.04,26.37,91.05,2.88
2019-08-02 06:00:00,0.04,26.65,90.22,2.9
2019-08-02 07:00:00,0.04,27.14,87.74,3.34
2019-08-02 08:00:00,0.04,27.39,86.25,3.54
2019-08-02 09:00:00,0.04,27.59,85.47,3.6
2019-08-02 10:00:00,0.04,27.74,84.72,3.75
2019-08-02 11:00:00,0.05,27.8,84.53,3.91
2019-08-02 12:00:00,0.05,27.85,84.44,4.08
2019-08-02 13:00:00,0.05,27.89,84.15,4.17
2019-08-02 14:00:00,0.05,27.94,83.83,4.32
2019-08-02 15:00:00,0.05,27.98,83.8,4.45
2019-08-02 16:00:00,0.06,27.95,83.9,4.33
2019-08-02 17:00:00,0.05,27.81,85.28,3.79
2019-08-02 18:00:00,0.05,27.58,87.26,3.53
2019-08-02 19:00:00,0.03,27.46,88.01,4.04
2019-08-02 20:00:00,0.03,27.42,88.35,3.92
2019-08-02 21:00:00,0.03,27.39,88.37,3.89
2019-08-02 22:00:00,0.03,27.34,88.5,3.77
2019-08-02 23:00:00,0.04,27.29,88.63,3.67
2019-08-03 00:00:00,0.05,27.22,88.72,3.76
2019-08-03 01:00:00,0.05,27.17,88.57,3.76
2019-08-03 02:00:00,0.06,27.13,88.27,3.54
2019-08-03 03:00:00,0.05,27.05,88.19,3.37
2019-08-03 04:00:00,0.05,26.98,88.2,3.23
2019-08-03 05:00:00,0.05,26.9,88.32,3.09
2019-08-03 06:00:00,0.04,27.09,87.87,2.83
2019-08-03 07:00:00,0.04,27.63,85.38,2.76
2019-08-03 08:00:00,0.07,27.94,83.0,2.75
2019-08-03 09:00:00,0.08,28.15,81.13,2.48
2019-08-03 10:00:00,0.07,28.25,80.29,2.21
2019-08-03 11:00:00,0.06,28.38,79.27,2.25
2019-08-03 12:00:00,0.06,28.48,78.75,2.48
2019-08-03 13:00:00,0.06,28.52,78.95,2.51
2019-08-03 14:00:00,0.05,28.51,79.45,2.41
2019-08-03 15:00:00,0.04,28.45,80.08,2.37
2019-08-03 16:00:00,0.06,28.32,81.15,2.33
2019-08-03 17:00:00,0.06,28.11,83.6,2.1
2019-08-03 18:00:00,0.09,27.81,86.81,1.97
2019-08-03 19:00:00,0.09,27.71,87.46,2.03
2019-08-03 20:00:00,0.11,27.62,88.18,2.11
2019-08-03 21:00:00,0.11,27.54,88.68,2.18
2019-08-03 22:00:00,0.13,27.44,89.1,2.38
2019-08-03 23:00:00,0.14,27.28,90.01,2.76
2019-08-04 00:00:00,0.16,27.13,90.28,3.03
2019-08-04 01:00:00,0.17,26.99,90.4,3.31
2019-08-04 02:00:00,0.19,26.89,90.49,3.53
2019-08-04 03:00:00,0.19,26.85,90.34,3.61
2019-08-04 04:00:00,0.17,26.83,90.25,3.48
2019-08-04 05:00:00,0.41,26.86,89.85,3.31
2019-08-04 06:00:00,0.36,27.23,88.84,3.37
2019-08-04 07:00:00,0.42,27.85,85.94,3.95
2019-08-04 08:00:00,0.32,28.16,84.47,4.3
2019-08-04 09:00:00,0.33,28.43,83.36,4.54
2019-08-04 10:00:00,0.4,28.65,82.27,4.76
2019-08-04 11:00:00,0.43,28.77,81.59,5.02
2019-08-04 12:00:00,0.48,28.82,81.55,5.25
2019-08-04 13:00:00,0.47,28.77,81.74,5.47
2019-08-04 14:00:00,0.46,28.69,82.33,5.55
2019-08-04 15:00:00,0.48,28.61,82.89,5.41
2019-08-04 16:00:00,0.47,28.47,84.01,5.18
2019-08-04 17:00:00,0.52,28.25,86.05,4.73
2019-08-04 18:00:00,0.57,27.98,87.96,4.15
2019-08-04 19:00:00,0.57,27.89,88.52,3.78
2019-08-04 20:00:00,0.66,27.88,88.55,3.7
2019-08-04 21:00:00,0.6,27.85,88.67,3.62
2019-08-04 22:00:00,0.47,27.77,88.99,3.38
2019-08-04 23:00:00,0.53,27.67,89.01,3.45
2019-08-05 00:00:00,0.61,27.54,89.24,3.73
2019-08-05 01:00:00,0.59,27.44,89.42,3.9
2019-08-05 02:00:00,0.47,27.42,89.14,4.03
2019-08-05 03:00:00,0.42,27.41,89.03,4.23
2019-08-05 04:00:00,0.45,27.42,88.93,4.45
2019-08-05 05:00:00,0.52,27.42,88.9,4.33
2019-08-05 06:00:00,0.49,27.59,88.43,4.15
2019-08-05 07:00:00,0.47,28.02,86.88,4.17
2019-08-05 08:00:00,1.48,28.32,84.38,4.51
2019-08-05 09:00:00,1.2,28.5,80.96,4.83
2019-08-05 10:00:00,0.71,28.65,78.53,5.21
2019-08-05 11:00:00,0.3,28.79,76.31,5.47
2019-08-05 12:00:00,0.09,28.86,74.67,5.64
2019-08-05 13:00:00,0.08,28.84,73.57,5.98
2019-08-05 14:00:00,0.08,28.82,73.1,6.05
2019-08-05 15:00:00,0.1,28.75,73.51,5.82
2019-08-05 16:00:00,0.11,28.58,74.81,5.35
2019-08-05 17:00:00,0.07,28.24,78.02,4.31
2019-08-05 18:00:00,0.06,27.87,80.99,3.31
2019-08-05 19:00:00,0.04,27.75,82.02,2.91
2019-08-05 20:00:00,0.04,27.67,82.72,2.7
2019-08-05 21:00:00,0.05,27.63,82.96,2.47
2019-08-05 22:00:00,0.09,27.59,83.08,2.34
2019-08-05 23:00:00,0.16,27.46,83.94,2.4
2019-08-06 00:00:00,0.21,27.22,85.81,2.73
2019-08-06 01:00:00,0.29,27.01,87.48,3.2
2019-08-06 02:00:00,0.44,26.94,88.25,3.66
2019-08-06 03:00:00,0.65,26.96,88.4,3.89
2019-08-06 04:00:00,0.85,26.98,88.46,3.89
2019-08-06 05:00:00,0.86,27.0,88.65,3.85
2019-08-06 06:00:00,0.77,27.27,88.62,3.81
2019-08-06 07:00:00,0.78,27.91,87.04,4.37
2019-08-06 08:00:00,1.7,28.3,85.38,5.38
2019-08-06 09:00:00,1.87,28.51,84.92,5.89
2019-08-06 10:00:00,1.86,28.58,84.78,6.1
2019-08-06 11:00:00,2.0,28.57,84.81,6.38
2019-08-06 12:00:00,2.32,28.5,83.58,6.6
2019-08-06 13:00:00,2.44,28.46,81.7,6.72
2019-08-06 14:00:00,2.0,28.24,81.34,6.25
2019-08-06 15:00:00,1.52,27.92,81.53,5.43
2019-08-06 16:00:00,1.38,27.67,82.02,4.35
2019-08-06 17:00:00,1.3,27.5,83.45,2.92
2019-08-06 18:00:00,1.43,27.29,85.21,2.0
2019-08-06 19:00:00,1.41,27.26,85.18,1.95
2019-08-06 20:00:00,1.61,27.19,86.27,2.23
2019-08-06 21:00:00,1.83,27.12,87.4,2.43
2019-08-06 22:00:00,1.92,27.07,88.37,2.47
2019-08-06 23:00:00,2.1,26.99,89.34,2.66
2019-08-07 00:00:00,2.08,26.92,90.15,2.99
2019-08-07 01:00:00,1.99,26.9,90.48,3.32
2019-08-07 02:00:00,2.48,26.89,90.71,3.55
2019-08-07 03:00:00,2.72,26.9,90.56,3.59
2019-08-07 04:00:00,2.7,26.92,90.35,3.56
2019-08-07 05:00:00,2.54,26.94,90.01,3.4
2019-08-07 06:00:00,2.92,27.13,89.5,3.27
2019-08-07 07:00:00,3.54,27.62,88.0,3.6
2019-08-07 08:00:00,2.65,27.9,86.63,4.12
2019-08-07 09:00:00,2.62,28.07,86.33,4.79
2019-08-07 10:00:00,2.63,28.24,86.23,5.63
2019-08-07 11:00:00,2.23,28.3,86.41,6.02
2019-08-07 12:00:00,1.26,28.33,86.33,6.04
2019-08-07 13:00:00,0.72,28.32,85.99,5.87
2019-08-07 14:00:00,0.63,28.28,85.54,5.66
2019-08-07 15:00:00,0.61,28.21,85.79,5.5
2019-08-07 16:00:00,0.97,28.08,86.79,5.44
2019-08-07 17:00:00,1.37,27.82,88.62,5.48
2019-08-07 18:00:00,1.84,27.61,89.77,5.69
2019-08-07 19:00:00,1.92,27.52,90.52,5.76
2019-08-07 20:00:00,2.15,27.49,90.6,5.69
2019-08-07 21:00:00,2.03,27.47,90.27,5.49
2019-08-07 22:00:00,1.83,27.42,89.99,5.16
2019-08-07 23:00:00,1.78,27.37,89.7,4.81
2019-08-08 00:00:00,1.19,27.33,89.18,4.76
2019-08-08 01:00:00,1.08,27.29,88.98,4.93
2019-08-08 02:00:00,1.39,27.27,89.09,5.04
2019-08-08 03:00:00,1.7,27.26,88.74,5.03
2019-08-08 04:00:00,2.36,27.26,88.28,4.99
2019-08-08 05:00:00,2.63,27.29,87.38,5.22
2019-08-08 06:00:00,2.95,27.45,86.66,5.88
2019-08-08 07:00:00,2.88,27.67,86.09,6.81
2019-08-08 08:00:00,2.85,27.79,85.99,7.48
2019-08-08 09:00:00,2.78,27.93,85.22,7.73
2019-08-08 10:00:00,3.2,28.09,84.71,7.68
2019-08-08 11:00:00,3.94,28.18,84.64,7.58
2019-08-08 12:00:00,4.41,28.22,84.26,7.53
2019-08-08 13:00:00,4.51,28.13,84.23,7.71
2019-08-08 14:00:00,4.28,27.94,85.41,7.75
2019-08-08 15:00:00,3.65,27.74,85.58,7.74
2019-08-08 16:00:00,3.05,27.45,86.02,7.63
2019-08-08 17:00:00,2.31,27.13,87.38,7.19
2019-08-08 18:00:00,1.49,26.91,88.08,6.79
2019-08-08 19:00:00,1.01,26.78,88.42,6.4
2019-08-08 20:00:00,1.06,26.69,88.59,5.99
2019-08-08 21:00:00,1.19,26.62,88.67,5.78
2019-08-08 22:00:00,1.29,26.58,88.79,5.62
2019-08-08 23:00:00,1.79,26.5,88.96,5.5
2019-08-09 00:00:00,2.71,26.39,89.25,5.41
2019-08-09 01:00:00,3.79,26.31,89.88,5.25
2019-08-09 02:00:00,4.1,26.3,90.45,4.82
2019-08-09 03:00:00,3.94,26.33,90.64,4.28
2019-08-09 04:00:00,3.75,26.38,90.34,3.72
2019-08-09 05:00:00,3.21,26.44,89.85,3.33
2019-08-09 06:00:00,2.75,26.66,89.18,3.05
2019-08-09 07:00:00,2.46,27.12,87.89,2.89
2019-08-09 08:00:00,4.18,27.47,86.28,3.14
2019-08-09 09:00:00,3.99,27.68,86.05,3.6
2019-08-09 10:00:00,3.41,27.83,85.83,4.11
2019-08-09 11:00:00,2.86,27.9,85.47,4.51
2019-08-09 12:00:00,3.0,28.0,83.92,4.94
2019-08-09 13:00:00,3.25,28.07,82.12,5.37
2019-08-09 14:00:00,3.13,28.01,81.43,5.68
2019-08-09 15:00:00,2.58,27.94,81.17,5.9
2019-08-09 16:00:00,2.01,27.77,82.79,5.93
2019-08-09 17:00:00,1.08,27.47,85.58,5.31
2019-08-09 18:00:00,0.39,27.18,87.46,4.71
2019-08-09 19:00:00,0.36,27.07,88.01,4.2
2019-08-09 20:00:00,0.55,27.02,88.48,3.68
2019-08-09 21:00:00,0.83,26.98,89.05,3.28
2019-08-09 22:00:00,1.04,26.93,89.73,2.89
2019-08-09 23:00:00,1.12,26.86,90.32,2.48
2019-08-10 00:00:00,1.23,26.81,90.52,2.19
2019-08-10 01:00:00,1.28,26.79,90.7,2.02
2019-08-10 02:00:00,1.21,26.76,90.93,2.04
2019-08-10 03:00:00,1.08,26.8,90.72,2.1
2019-08-10 04:00:00,1.22,26.78,90.01,2.6
2019-08-10 05:00:00,0.97,26.78,88.92,3.47
2019-08-10 06:00:00,1.0,27.05,88.14,4.24
2019-08-10 07:00:00,1.41,27.56,86.99,5.09
2019-08-10 08:00:00,2.77,27.94,83.07,5.76
2019-08-10 09:00:00,3.47,28.18,78.19,5.65
2019-08-10 10:00:00,2.92,28.27,77.21,5.09
2019-08-10 11:00:00,2.24,28.3,77.19,4.62
2019-08-10 12:00:00,2.16,28.28,76.36,4.35
2019-08-10 13:00:00,2.25,28.22,75.62,4.12
2019-08-10 14:00:00,2.18,28.19,75.26,3.91
2019-08-10 15:00:00,2.28,28.1,75.28,3.53
2019-08-10 16:00:00,1.74,27.88,77.28,3.08
2019-08-10 17:00:00,1.07,27.57,80.91,2.58
2019-08-10 18:00:00,0.65,27.24,83.41,2.39
2019-08-10 19:00:00,0.59,27.07,84.21,2.56
2019-08-10 20:00:00,0.57,26.9,85.19,2.4
2019-08-10 21:00:00,0.53,26.71,86.38,2.07
2019-08-10 22:00:00,0.92,26.53,87.34,1.85
2019-08-10 23:00:00,1.56,26.35,88.09,1.62
2019-08-11 00:00:00,1.75,26.15,88.7,1.37
2019-08-11 01:00:00,2.46,25.94,89.66,0.97
2019-08-11 02:00:00,2.84,25.89,89.94,0.53
2019-08-11 03:00:00,3.21,26.03,89.68,1.42
2019-08-11 04:00:00,3.82,26.02,90.32,2.85
2019-08-11 05:00:00,4.06,26.09,91.0,4.27
2019-08-11 06:00:00,3.8,26.36,91.22,5.81
2019-08-11 07:00:00,2.96,26.62,90.44,5.71
2019-08-11 08:00:00,1.79,26.83,88.2,5.21
2019-08-11 09:00:00,1.33,27.06,85.65,5.05
2019-08-11 10:00:00,0.9,27.33,84.01,4.79
2019-08-11 11:00:00,0.6,27.61,82.98,4.86
2019-08-11 12:00:00,0.3,27.84,82.44,5.24
2019-08-11 13:00:00,0.14,28.06,81.67,5.72
2019-08-11 14:00:00,0.14,28.12,81.16,6.18
2019-08-11 15:00:00,0.27,28.02,80.96,6.52
2019-08-11 16:00:00,0.51,27.86,79.56,6.66
2019-08-11 17:00:00,1.0,27.52,79.3,6.23
2019-08-11 18:00:00,1.28,27.18,81.16,5.39
2019-08-11 19:00:00,1.28,27.03,82.39,4.85
2019-08-11 20:00:00,1.22,26.88,84.02,4.48
2019-08-11 21:00:00,1.47,26.72,85.49,4.31
2019-08-11 22:00:00,1.64,26.59,86.6,4.45
2019-08-11 23:00:00,1.51,26.48,87.52,4.68
2019-08-12 00:00:00,1.37,26.41,87.72,5.2
2019-08-12 01:00:00,1.45,26.41,86.98,6.01
2019-08-12 02:00:00,1.67,26.39,86.22,6.68
2019-08-12 03:00:00,1.67,26.27,85.53,7.18
2019-08-12 04:00:00,1.34,26.03,85.56,7.25
2019-08-12 05:00:00,1.06,25.82,86.0,6.76
2019-08-12 06:00:00,0.95,25.99,85.67,6.27
2019-08-12 07:00:00,1.04,26.54,83.54,6.27
2019-08-12 08:00:00,0.78,27.1,81.48,6.05
2019-08-12 09:00:00,0.8,27.63,79.92,5.85
2019-08-12 10:00:00,0.62,28.03,79.3,5.86
2019-08-12 11:00:00,0.37,28.25,79.01,6.01
2019-08-12 12:00:00,0.23,28.34,78.49,6.19
2019-08-12 13:00:00,0.2,28.38,77.42,6.38
2019-08-12 14:00:00,0.15,28.35,76.35,6.52
2019-08-12 15:00:00,0.13,28.23,76.22,6.36
2019-08-12 16:00:00,0.17,28.0,77.81,5.92
2019-08-12 17:00:00,0.24,27.67,81.3,5.1
2019-08-12 18:00:00,0.32,27.24,85.18,4.37
2019-08-12 19:00:00,0.34,27.05,87.25,4.15
2019-08-12 20:00:00,0.36,26.94,88.57,4.19
2019-08-12 21:00:00,0.47,26.83,89.36,4.54
2019-08-12 22:00:00,0.75,26.77,89.67,4.98
2019-08-12 23:00:00,1.13,26.71,89.66,5.35
2019-08-13 00:00:00,1.4,26.66,89.14,5.51
2019-08-13 01:00:00,1.55,26.64,88.24,5.54
2019-08-13 02:00:00,1.65,26.6,87.42,5.27
2019-08-13 03:00:00,1.75,26.54,87.0,4.94
2019-08-13 04:00:00,1.94,26.48,87.0,4.71
2019-08-13 05:00:00,2.0,26.41,87.11,4.6
2019-08-13 06:00:00,1.81,26.65,86.85,4.66
2019-08-13 07:00:00,1.4,27.17,84.4,5.42
2019-08-13 08:00:00,2.33,27.43,82.96,6.12
2019-08-13 09:00:00,1.97,27.54,82.97,6.63
2019-08-13 10:00:00,2.18,27.57,83.25,6.9
2019-08-13 11:00:00,2.48,27.57,83.46,6.99
2019-08-13 12:00:00,2.82,27.57,83.56,7.01
2019-08-13 13:00:00,3.68,27.58,83.56,6.92
2019-08-13 14:00:00,4.0,27.54,83.85,6.83
2019-08-13 15:00:00,4.14,27.4,84.66,6.76
2019-08-13 16:00:00,4.14,27.26,85.38,6.61
2019-08-13 17:00:00,3.91,27.01,87.0,6.27
2019-08-13 18:00:00,3.57,26.73,88.99,5.84
2019-08-13 19:00:00,2.87,26.64,89.71,5.65
2019-08-13 20:00:00,1.63,26.58,90.27,5.4
2019-08-13 21:00:00,1.1,26.49,90.94,5.06
2019-08-13 22:00:00,0.88,26.39,91.21,4.63
2019-08-13 23:00:00,0.8,26.28,91.21,4.18
2019-08-14 00:00:00,0.62,26.14,91.44,3.93
2019-08-14 01:00:00,0.93,26.02,91.5,4.05
2019-08-14 02:00:00,1.73,25.97,91.62,4.67
2019-08-14 03:00:00,3.43,26.03,91.11,5.61
2019-08-14 04:00:00,5.17,26.06,90.46,6.34
2019-08-14 05:00:00,4.95,25.97,89.72,6.56
2019-08-14 06:00:00,5.34,25.9,88.5,6.53
2019-08-14 07:00:00,5.78,25.96,87.56,6.28
2019-08-14 08:00:00,0.88,26.1,86.52,5.95
2019-08-14 09:00:00,0.61,26.34,85.91,5.92
2019-08-14 10:00:00,0.48,26.62,85.46,6.39
2019-08-14 11:00:00,0.42,26.84,85.23,7.11
2019-08-14 12:00:00,0.48,26.98,85.16,7.6
2019-08-14 13:00:00,0.63,27.05,85.22,7.84
2019-08-14 14:00:00,0.81,27.14,85.0,7.82
2019-08-14 15:00:00,0.88,27.17,84.9,7.58
2019-08-14 16:00:00,0.64,27.1,84.93,7.19
2019-08-14 17:00:00,0.35,26.9,85.73,6.66
2019-08-14 18:00:00,0.18,26.63,87.12,6.11
2019-08-14 19:00:00,0.12,26.52,88.04,5.67
2019-08-14 20:00:00,0.07,26.46,88.66,5.35
2019-08-14 21:00:00,0.09,26.46,88.9,5.34
2019-08-14 22:00:00,0.14,26.44,89.31,5.31
2019-08-14 23:00:00,0.17,26.42,89.49,5.17
2019-08-15 00:00:00,0.23,26.38,89.68,4.93
2019-08-15 01:00:00,0.36,26.33,89.81,4.78
2019-08-15 02:00:00,0.48,26.31,89.82,4.89
2019-08-15 03:00:00,0.54,26.3,89.54,5.05
2019-08-15 04:00:00,0.45,26.28,89.1,5.04
2019-08-15 05:00:00,0.32,26.23,88.7,4.98
2019-08-15 06:00:00,0.29,26.42,87.81,5.15
2019-08-15 07:00:00,0.34,26.82,85.24,5.69
2019-08-15 08:00:00,0.6,27.11,82.78,5.94
2019-08-15 09:00:00,0.53,27.32,81.74,5.92
2019-08-15 10:00:00,0.36,27.49,81.16,5.71
2019-08-15 11:00:00,0.2,27.67,81.0,5.45
2019-08-15 12:00:00,0.08,27.78,80.93,5.3
2019-08-15 13:00:00,0.06,27.72,80.93,5.34
2019-08-15 14:00:00,0.04,27.58,81.4,5.39
2019-08-15 15:00:00,0.03,27.49,81.9,5.21
2019-08-15 16:00:00,0.03,27.36,82.71,4.87
2019-08-15 17:00:00,0.03,27.14,84.47,4.41
2019-08-15 18:00:00,0.05,26.86,86.37,3.96
2019-08-15 19:00:00,0.05,26.73,87.41,3.72
2019-08-15 20:00:00,0.07,26.59,88.51,3.4
2019-08-15 21:00:00,0.1,26.42,89.58,3.17
2019-08-15 22:00:00,0.13,26.26,90.71,3.01
2019-08-15 23:00:00,0.18,26.08,91.86,2.99
2019-08-16 00:00:00,0.2,25.92,92.66,2.94
2019-08-16 01:00:00,0.21,25.82,93.06,2.93
2019-08-16 02:00:00,0.21,25.77,93.11,3.14
2019-08-16 03:00:00,0.17,25.73,93.14,3.43
2019-08-16 04:00:00,0.16,25.67,93.55,3.65
2019-08-16 05:00:00,0.14,25.61,94.0,3.8
2019-08-16 06:00:00,0.13,25.91,93.4,4.01
2019-08-16 07:00:00,0.1,26.51,91.26,4.73
2019-08-16 08:00:00,0.16,26.99,88.82,5.03
2019-08-16 09:00:00,0.13,27.41,86.71,5.05
2019-08-16 10:00:00,0.08,27.74,84.76,5.05
2019-08-16 11:00:00,0.06,28.07,81.76,5.04
2019-08-16 12:00:00,0.04,28.14,81.35,5.05
2019-08-16 13:00:00,0.04,28.1,81.48,5.24
2019-08-16 14:00:00,0.04,28.02,81.72,5.38
2019-08-16 15:00:00,0.03,27.93,81.84,5.23
2019-08-16 16:00:00,0.05,27.77,82.12,4.88
2019-08-16 17:00:00,0.07,27.46,84.09,4.32
2019-08-16 18:00:00,0.09,27.07,86.3,3.84
2019-08-16 19:00:00,0.08,26.88,86.56,3.6
2019-08-16 20:00:00,0.12,26.72,86.3,3.39
2019-08-16 21:00:00,0.24,26.56,85.69,3.38
2019-08-16 22:00:00,0.51,26.43,83.2,3.53
2019-08-16 23:00:00,0.86,26.22,83.02,3.39
2019-08-17 00:00:00,1.27,26.01,84.09,3.03
2019-08-17 01:00:00,1.6,25.84,85.12,2.63
2019-08-17 02:00:00,1.46,25.73,85.87,2.43
2019-08-17 03:00:00,0.94,25.7,86.15,2.28
2019-08-17 04:00:00,0.56,25.69,86.31,2.17
2019-08-17 05:00:00,0.4,25.71,86.63,2.19
2019-08-17 06:00:00,0.3,25.93,87.07,2.3
2019-08-17 07:00:00,0.36,26.47,85.13,2.72
2019-08-17 08:00:00,0.04,26.84,83.75,2.87
2019-08-17 09:00:00,0.04,27.24,82.08,2.98
2019-08-17 10:00:00,0.04,27.45,80.98,3.17
2019-08-17 11:00:00,0.04,27.43,81.29,3.31
2019-08-17 12:00:00,0.06,27.33,82.14,3.52
2019-08-17 13:00:00,0.09,27.3,82.65,3.69
2019-08-17 14:00:00,0.11,27.3,82.75,3.64
2019-08-17 15:00:00,0.08,27.3,82.72,3.46
2019-08-17 16:00:00,0.03,27.22,82.77,3.15
2019-08-17 17:00:00,0.02,27.04,83.98,2.66
2019-08-17 18:00:00,0.02,26.8,86.29,2.2
2019-08-17 19:00:00,0.02,26.71,86.57,2.1
2019-08-17 20:00:00,0.02,26.66,86.61,2.08
2019-08-17 21:00:00,0.03,26.65,86.53,2.01
2019-08-17 22:00:00,0.04,26.62,86.64,2.0
2019-08-17 23:00:00,0.05,26.55,87.01,2.09
2019-08-18 00:00:00,0.06,26.46,87.5,2.24
2019-08-18 01:00:00,0.06,26.36,88.1,2.45
2019-08-18 02:00:00,0.05,26.24,88.68,2.62
2019-08-18 03:00:00,0.04,26.08,89.38,2.68
2019-08-18 04:00:00,0.05,25.91,89.85,2.69
2019-08-18 05:00:00,0.18,25.77,89.83,2.76
2019-08-18 06:00:00,0.39,25.8,89.51,2.73
2019-08-18 07:00:00,0.59,26.15,87.1,3.0
2019-08-18 08:00:00,2.02,26.36,85.52,3.26
2019-08-18 09:00:00,1.87,26.6,83.57,3.38
2019-08-18 10:00:00,1.99,26.77,81.19,3.46
2019-08-18 11:00:00,1.82,26.89,80.03,3.53
2019-08-18 12:00:00,1.35,26.98,79.71,3.87
2019-08-18 13:00:00,0.94,27.06,79.88,4.46
2019-08-18 14:00:00,0.69,27.14,80.08,4.8
2019-08-18 15:00:00,0.59,27.22,80.14,4.73
2019-08-18 16:00:00,0.65,27.14,80.64,4.53
2019-08-18 17:00:00,0.69,26.92,82.99,3.88
2019-08-18 18:00:00,0.61,26.68,85.46,3.22
2019-08-18 19:00:00,0.53,26.61,86.19,3.09
2019-08-18 20:00:00,0.52,26.56,86.92,3.21
2019-08-18 21:00:00,0.5,26.53,87.5,3.27
2019-08-18 22:00:00,0.41,26.44,88.01,3.26
2019-08-18 23:00:00,0.39,26.31,88.63,3.38
2019-08-19 00:00:00,0.4,26.16,89.28,3.61
2019-08-19 01:00:00,0.36,26.09,89.42,3.86
2019-08-19 02:00:00,0.31,26.02,89.51,3.72
2019-08-19 03:00:00,0.23,25.96,89.49,3.34
2019-08-19 04:00:00,0.23,25.91,89.5,3.05
2019-08-19 05:00:00,0.24,25.88,89.23,2.93
2019-08-19 06:00:00,0.2,26.22,88.43,3.09
2019-08-19 07:00:00,0.16,26.75,85.87,3.59
2019-08-19 08:00:00,0.12,27.13,84.2,3.71
2019-08-19 09:00:00,0.11,27.41,83.63,3.73
2019-08-19 10:00:00,0.17,27.65,82.67,3.91
2019-08-19 11:00:00,0.21,27.72,81.64,4.28
2019-08-19 12:00:00,0.26,27.61,81.4,4.69
2019-08-19 13:00:00,0.3,27.5,81.38,4.55
2019-08-19 14:00:00,0.31,27.61,80.75,4.17
2019-08-19 15:00:00,0.28,27.64,80.29,4.13
2019-08-19 16:00:00,0.25,27.52,80.47,4.15
2019-08-19 17:00:00,0.26,27.26,82.1,3.67
2019-08-19 18:00:00,0.23,26.87,85.63,3.01
2019-08-19 19:00:00,0.16,26.71,86.83,2.89
2019-08-19 20:00:00,0.15,26.59,87.88,2.83
2019-08-19 21:00:00,0.16,26.47,88.91,2.87
2019-08-19 22:00:00,0.14,26.34,89.73,2.98
2019-08-19 23:00:00,0.14,26.22,90.11,3.12
2019-08-20 00:00:00,0.15,26.14,90.07,3.3
2019-08-20 01:00:00,0.16,26.11,89.69,3.32
2019-08-20 02:00:00,0.18,26.12,88.99,3.09
2019-08-20 03:00:00,0.18,26.1,88.63,3.01
2019-08-20 04:00:00,0.15,26.12,88.21,3.06
2019-08-20 05:00:00,0.16,26.16,87.89,3.08
2019-08-20 06:00:00,0.16,26.51,87.21,3.15
2019-08-20 07:00:00,0.18,27.04,84.7,3.54
2019-08-20 08:00:00,0.61,27.38,83.78,3.52
2019-08-20 09:00:00,0.56,27.62,83.39,3.52
2019-08-20 10:00:00,0.51,27.85,83.36,3.79
2019-08-20 11:00:00,0.42,27.95,83.49,4.21
2019-08-20 12:00:00,0.46,28.02,83.26,4.6
2019-08-20 13:00:00,0.55,28.02,82.81,4.83
2019-08-20 14:00:00,0.51,27.94,82.85,4.95
2019-08-20 15:00:00,0.52,27.77,82.98,4.89
2019-08-20 16:00:00,0.48,27.53,83.92,4.63
2019-08-20 17:00:00,0.59,27.24,85.81,4.23
2019-08-20 18:00:00,0.48,26.93,87.9,3.76
2019-08-20 19:00:00,0.48,26.82,88.53,3.6
2019-08-20 20:00:00,0.6,26.74,88.73,3.41
2019-08-20 21:00:00,0.75,26.68,88.76,3.18
2019-08-20 22:00:00,0.74,26.62,88.84,3.02
2019-08-20 23:00:00,0.92,26.55,89.06,2.96
2019-08-21 00:00:00,0.74,26.49,89.2,2.98
2019-08-21 01:00:00,0.7,26.45,89.18,3.03
2019-08-21 02:00:00,0.6,26.4,89.2,3.14
2019-08-21 03:00:00,0.58,26.37,89.2,3.28
2019-08-21 04:00:00,0.7,26.34,89.24,3.33
2019-08-21 05:00:00,0.81,26.32,89.42,3.37
2019-08-21 06:00:00,0.89,26.5,89.52,3.44
2019-08-21 07:00:00,1.05,26.88,88.3,3.86
2019-08-21 08:00:00,0.35,27.11,87.12,4.08
2019-08-21 09:00:00,0.43,27.35,85.64,4.48
2019-08-21 10:00:00,0.49,27.62,84.17,5.08
2019-08-21 11:00:00,0.56,27.73,83.37,5.64
2019-08-21 12:00:00,0.59,27.74,82.86,6.01
2019-08-21 13:00:00,0.64,27.62,82.78,6.2
2019-08-21 14:00:00,0.61,27.41,83.07,6.3
2019-08-21 15:00:00,0.59,27.23,83.23,6.15
2019-08-21 16:00:00,0.6,27.06,83.39,5.69
2019-08-21 17:00:00,0.67,26.85,84.21,4.95
2019-08-21 18:00:00,0.69,26.62,85.77,4.15
2019-08-21 19:00:00,0.79,26.55,86.18,3.79
2019-08-21 20:00:00,0.75,26.5,86.29,3.64
2019-08-21 21:00:00,0.83,26.46,86.38,3.51
2019-08-21 22:00:00,0.92,26.4,86.58,3.44
2019-08-21 23:00:00,1.05,26.34,86.83,3.48
2019-08-22 00:00:00,1.17,26.26,87.11,3.55
2019-08-22 01:00:00,1.25,26.18,87.37,3.56
2019-08-22 02:00:00,1.11,26.1,87.46,3.53
2019-08-22 03:00:00,0.87,26.04,87.26,3.53
2019-08-22 04:00:00,0.67,25.99,86.8,3.46
2019-08-22 05:00:00,0.52,25.99,86.12,3.23
2019-08-22 06:00:00,0.44,26.21,85.36,2.91
2019-08-22 07:00:00,0.4,26.74,82.35,3.01
2019-08-22 08:00:00,1.64,27.07,80.01,3.18
2019-08-22 09:00:00,1.27,27.29,79.16,3.39
2019-08-22 10:00:00,0.99,27.43,78.92,3.68
2019-08-22 11:00:00,0.53,27.46,79.46,4.02
2019-08-22 12:00:00,0.3,27.38,80.6,4.38
2019-08-22 13:00:00,0.34,27.21,81.92,4.83
2019-08-22 14:00:00,0.57,26.96,83.24,5.25
2019-08-22 15:00:00,1.0,26.75,83.84,5.48
2019-08-22 16:00:00,1.4,26.48,84.39,5.53
2019-08-22 17:00:00,1.92,26.2,85.51,5.26
2019-08-22 18:00:00,2.46,25.99,86.42,4.68
2019-08-22 19:00:00,1.04,26.01,85.96,4.13
2019-08-22 20:00:00,0.98,26.05,85.33,4.1
2019-08-22 21:00:00,1.23,26.07,84.74,4.31
2019-08-22 22:00:00,1.66,26.06,84.36,4.45
2019-08-22 23:00:00,1.74,26.02,84.22,4.48
2019-08-23 00:00:00,1.3,25.94,84.18,4.43
2019-08-23 01:00:00,1.29,25.88,84.1,4.32
2019-08-23 02:00:00,0.91,25.79,84.46,4.15
2019-08-23 03:00:00,0.53,25.67,84.93,3.99
2019-08-23 04:00:00,0.35,25.6,85.21,3.82
2019-08-23 05:00:00,0.26,25.53,85.42,3.51
2019-08-23 06:00:00,0.21,25.64,85.42,3.17
2019-08-23 07:00:00,0.17,26.07,83.66,3.03
2019-08-23 08:00:00,0.02,26.4,81.35,2.81
2019-08-23 09:00:00,0.04,26.66,79.98,2.71
2019-08-23 10:00:00,0.07,26.87,78.85,2.9
2019-08-23 11:00:00,0.09,27.06,77.79,3.37
2019-08-23 12:00:00,0.09,27.15,77.62,3.71
2019-08-23 13:00:00,0.08,27.22,77.73,3.82
2019-08-23 14:00:00,0.08,27.34,77.77,3.74
2019-08-23 15:00:00,0.12,27.37,77.27,3.44
2019-08-23 16:00:00,0.17,27.26,77.41,3.16
2019-08-23 17:00:00,0.23,27.0,79.89,3.05
2019-08-23 18:00:00,0.29,26.62,83.93,2.87
2019-08-23 19:00:00,0.29,26.5,85.03,2.68
2019-08-23 20:00:00,0.21,26.46,85.55,2.43
2019-08-23 21:00:00,0.14,26.41,86.07,2.25
2019-08-23 22:00:00,0.13,26.33,86.52,2.01
2019-08-23 23:00:00,0.17,26.2,86.99,1.79
2019-08-24 00:00:00,0.2,26.05,87.61,1.73
2019-08-24 01:00:00,0.28,25.91,87.99,1.73
2019-08-24 02:00:00,0.32,25.84,87.5,1.58
2019-08-24 03:00:00,0.35,25.84,86.54,1.28
2019-08-24 04:00:00,0.28,25.83,85.75,1.12
2019-08-24 05:00:00,0.14,25.8,85.3,1.09
2019-08-24 06:00:00,0.1,25.87,84.99,1.04
2019-08-24 07:00:00,0.07,26.18,83.03,1.19
2019-08-24 08:00:00,0.16,26.63,79.53,1.71
2019-08-24 09:00:00,0.26,27.04,76.0,2.36
2019-08-24 10:00:00,0.42,27.24,74.66,2.8
2019-08-24 11:00:00,0.63,27.46,74.09,3.16
2019-08-24 12:00:00,0.74,27.67,73.67,3.37
2019-08-24 13:00:00,0.79,27.77,74.25,3.6
2019-08-24 14:00:00,0.64,27.72,75.53,3.96
2019-08-24 15:00:00,0.45,27.55,77.13,4.14
2019-08-24 16:00:00,0.39,27.41,78.65,4.02
2019-08-24 17:00:00,0.32,27.17,81.04,3.61
2019-08-24 18:00:00,0.34,26.76,84.77,2.94
2019-08-24 19:00:00,0.39,26.58,85.73,2.66
2019-08-24 20:00:00,0.41,26.49,86.0,2.41
2019-08-24 21:00:00,0.43,26.41,86.25,2.29
2019-08-24 22:00:00,0.42,26.33,86.6,2.35
2019-08-24 23:00:00,0.39,26.24,86.97,2.53
2019-08-25 00:00:00,0.34,26.18,87.12,2.84
2019-08-25 01:00:00,0.3,26.15,87.02,3.14
2019-08-25 02:00:00,0.37,26.13,86.8,3.27
2019-08-25 03:00:00,0.46,26.12,86.43,3.15
2019-08-25 04:00:00,0.46,26.13,85.95,2.97
2019-08-25 05:00:00,0.38,26.1,85.87,2.96
2019-08-25 06:00:00,0.34,26.34,85.73,3.14
2019-08-25 07:00:00,0.35,26.86,83.08,3.62
2019-08-25 08:00:00,0.4,27.15,81.67,3.84
2019-08-25 09:00:00,0.56,27.3,81.43,3.79
2019-08-25 10:00:00,0.7,27.37,81.74,3.68
2019-08-25 11:00:00,0.88,27.4,82.0,3.58
2019-08-25 12:00:00,1.05,27.38,82.46,3.6
2019-08-25 13:00:00,1.13,27.23,83.05,3.67
2019-08-25 14:00:00,1.03,27.06,83.13,3.77
2019-08-25 15:00:00,0.95,26.94,82.95,3.92
2019-08-25 16:00:00,0.91,26.8,83.02,4.05
2019-08-25 17:00:00,0.87,26.59,84.31,4.03
2019-08-25 18:00:00,0.82,26.32,86.82,3.82
2019-08-25 19:00:00,0.77,26.21,87.39,3.91
2019-08-25 20:00:00,0.76,26.14,87.29,3.79
2019-08-25 21:00:00,0.69,26.13,86.82,3.66
2019-08-25 22:00:00,0.67,26.11,86.53,3.66
2019-08-25 23:00:00,0.76,26.12,86.28,3.79
2019-08-26 00:00:00,1.08,26.12,86.26,3.85
2019-08-26 01:00:00,1.2,26.11,86.38,3.81
2019-08-26 02:00:00,1.33,26.07,86.63,3.81
2019-08-26 03:00:00,1.32,26.03,86.77,3.7
2019-08-26 04:00:00,1.11,25.95,87.44,3.75
2019-08-26 05:00:00,0.83,25.9,88.3,4.08
2019-08-26 06:00:00,0.67,26.05,88.66,4.79
2019-08-26 07:00:00,0.78,26.46,87.63,5.72
2019-08-26 08:00:00,1.26,26.83,86.74,6.18
2019-08-26 09:00:00,1.69,27.22,85.9,6.47
2019-08-26 10:00:00,1.95,27.49,85.28,6.59
2019-08-26 11:00:00,1.96,27.57,84.71,6.64
2019-08-26 12:00:00,1.66,27.55,84.02,6.64
2019-08-26 13:00:00,1.16,27.33,84.69,6.78
2019-08-26 14:00:00,0.65,27.08,85.5,7.1
2019-08-26 15:00:00,0.46,26.93,85.57,7.08
2019-08-26 16:00:00,0.42,26.72,85.89,6.82
2019-08-26 17:00:00,0.3,26.5,86.32,6.46
2019-08-26 18:00:00,0.22,26.24,87.29,6.03
2019-08-26 19:00:00,0.3,26.11,87.47,5.77
2019-08-26 20:00:00,0.46,26.07,87.18,5.74
2019-08-26 21:00:00,0.7,26.02,87.04,5.79
2019-08-26 22:00:00,1.23,25.98,87.2,5.87
2019-08-26 23:00:00,1.98,25.91,87.46,5.85
2019-08-27 00:00:00,2.28,25.88,87.02,6.08
2019-08-27 01:00:00,2.16,25.8,86.79,5.98
2019-08-27 02:00:00,1.9,25.71,86.37,5.61
2019-08-27 03:00:00,1.48,25.63,85.96,5.32
2019-08-27 04:00:00,1.04,25.6,85.6,5.23
2019-08-27 05:00:00,0.81,25.55,85.68,5.01
2019-08-27 06:00:00,0.53,25.75,85.46,5.02
2019-08-27 07:00:00,0.45,26.25,83.81,5.36
2019-08-27 08:00:00,0.57,26.59,82.35,5.29
2019-08-27 09:00:00,0.85,26.87,81.65,5.03
2019-08-27 10:00:00,0.75,27.06,81.25,4.97
2019-08-27 11:00:00,0.55,27.13,81.0,5.15
2019-08-27 12:00:00,0.31,27.15,81.01,5.34
2019-08-27 13:00:00,0.22,27.12,81.48,5.43
2019-08-27 14:00:00,0.17,27.11,82.15,5.46
2019-08-27 15:00:00,0.13,27.04,83.09,5.39
2019-08-27 16:00:00,0.1,26.91,84.3,5.29
2019-08-27 17:00:00,0.12,26.7,86.22,5.09
2019-08-27 18:00:00,0.13,26.53,87.74,4.81
2019-08-27 19:00:00,0.23,26.49,88.16,4.58
2019-08-27 20:00:00,0.32,26.43,88.49,4.33
2019-08-27 21:00:00,0.39,26.34,88.91,4.26
2019-08-27 22:00:00,0.51,26.25,89.41,4.46
2019-08-27 23:00:00,0.57,26.17,89.79,4.49
2019-08-28 00:00:00,0.53,26.09,89.96,4.3
2019-08-28 01:00:00,0.5,26.0,89.76,4.0
2019-08-28 02:00:00,0.34,25.92,89.39,3.61
2019-08-28 03:00:00,0.25,25.87,89.03,3.43
2019-08-28 04:00:00,0.24,25.83,88.93,3.28
2019-08-28 05:00:00,0.31,25.85,89.05,3.04
2019-08-28 06:00:00,0.4,26.13,88.78,2.75
2019-08-28 07:00:00,0.53,26.66,86.85,3.01
2019-08-28 08:00:00,0.35,26.96,85.89,3.26
2019-08-28 09:00:00,0.35,27.26,84.93,3.37
2019-08-28 10:00:00,0.39,27.45,84.57,3.65
2019-08-28 11:00:00,0.39,27.61,84.21,3.84
2019-08-28 12:00:00,0.46,27.65,84.21,3.89
2019-08-28 13:00:00,0.48,27.64,84.16,3.93
2019-08-28 14:00:00,0.34,27.66,83.77,4.01
2019-08-28 15:00:00,0.27,27.7,83.1,4.04
2019-08-28 16:00:00,0.28,27.72,82.27,3.93
2019-08-28 17:00:00,0.23,27.53,82.89,3.71
2019-08-28 18:00:00,0.18,27.17,85.12,3.55
2019-08-28 19:00:00,0.11,26.94,85.89,3.95
2019-08-28 20:00:00,0.08,26.73,86.41,4.32
2019-08-28 21:00:00,0.06,26.6,86.29,4.49
2019-08-28 22:00:00,0.07,26.46,86.35,4.59
2019-08-28 23:00:00,0.11,26.34,86.35,4.69
2019-08-29 00:00:00,0.22,26.24,86.32,4.74
2019-08-29 01:00:00,0.4,26.14,86.81,4.74
2019-08-29 02:00:00,0.54,26.04,87.42,4.7
2019-08-29 03:00:00,0.71,25.94,87.94,4.63
2019-08-29 04:00:00,0.72,25.89,88.23,4.66
2019-08-29 05:00:00,0.86,25.89,88.09,4.84
2019-08-29 06:00:00,0.83,26.16,87.1,5.18
2019-08-29 07:00:00,0.74,26.65,84.8,5.8
2019-08-29 08:00:00,1.05,27.04,83.06,5.9
2019-08-29 09:00:00,1.16,27.34,82.2,5.39
2019-08-29 10:00:00,1.43,27.49,81.86,4.99
2019-08-29 11:00:00,1.79,27.58,81.58,4.92
2019-08-29 12:00:00,2.18,27.65,81.13,4.91
2019-08-29 13:00:00,2.3,27.7,80.45,4.89
2019-08-29 14:00:00,1.79,27.67,79.95,4.98
2019-08-29 15:00:00,1.46,27.55,79.85,5.2
2019-08-29 16:00:00,1.75,27.3,80.78,5.36
2019-08-29 17:00:00,1.52,26.96,82.71,5.27
2019-08-29 18:00:00,1.03,26.62,84.3,5.06
2019-08-29 19:00:00,0.59,26.51,84.41,4.88
2019-08-29 20:00:00,0.43,26.43,84.22,4.68
2019-08-29 21:00:00,0.6,26.39,83.62,4.47
2019-08-29 22:00:00,0.72,26.29,83.45,4.25
2019-08-29 23:00:00,0.81,26.2,83.4,4.1
2019-08-30 00:00:00,1.31,26.11,83.38,4.04
2019-08-30 01:00:00,1.5,26.01,83.28,3.85
2019-08-30 02:00:00,1.53,25.91,83.11,3.64
2019-08-30 03:00:00,1.16,25.83,82.95,3.5
2019-08-30 04:00:00,0.47,25.77,82.79,3.22
2019-08-30 05:00:00,0.24,25.73,82.77,3.04
2019-08-30 06:00:00,0.1,25.95,83.05,3.09
2019-08-30 07:00:00,0.04,26.58,81.1,3.66
2019-08-30 08:00:00,0.04,26.99,80.3,4.07
2019-08-30 09:00:00,0.08,27.44,79.93,4.39
2019-08-30 10:00:00,0.13,27.84,79.37,4.63
2019-08-30 11:00:00,0.17,28.06,79.25,4.97
2019-08-30 12:00:00,0.24,28.12,79.76,5.28
2019-08-30 13:00:00,0.34,28.13,80.1,5.46
2019-08-30 14:00:00,0.42,28.1,80.63,5.59
2019-08-30 15:00:00,0.48,27.99,81.36,5.53
2019-08-30 16:00:00,0.65,27.85,82.22,5.27
2019-08-30 17:00:00,0.71,27.55,84.66,4.85
2019-08-30 18:00:00,0.83,27.18,87.44,4.33
2019-08-30 19:00:00,0.9,27.02,88.45,4.08
2019-08-30 20:00:00,0.94,26.89,89.14,3.79
2019-08-30 21:00:00,0.98,26.82,89.36,3.55
2019-08-30 22:00:00,1.1,26.73,89.74,3.67
2019-08-30 23:00:00,1.1,26.64,90.15,3.95
2019-08-31 00:00:00,1.09,26.56,90.54,4.12
2019-08-31 01:00:00,1.08,26.48,90.82,4.18
2019-08-31 02:00:00,1.06,26.37,90.89,4.14
2019-08-31 03:00:00,1.1,26.24,90.53,4.02
2019-08-31 04:00:00,1.24,26.11,89.99,3.81
2019-08-31 05:00:00,1.15,25.99,89.81,3.49
2019-08-31 06:00:00,1.12,26.13,89.66,3.38
2019-08-31 07:00:00,1.05,26.57,87.82,3.99
2019-08-31 08:00:00,0.51,26.78,87.14,4.38
2019-08-31 09:00:00,0.5,26.98,86.27,4.66
2019-08-31 10:00:00,0.51,27.2,84.85,4.72
2019-08-31 11:00:00,0.5,27.27,84.16,4.45
2019-08-31 12:00:00,0.36,27.38,82.22,4.0
2019-08-31 13:00:00,0.35,27.31,81.8,3.69
2019-08-31 14:00:00,0.27,27.23,82.13,3.52
2019-08-31 15:00:00,0.23,27.18,83.03,3.53
2019-08-31 16:00:00,0.17,27.06,84.85,3.48
2019-08-31 17:00:00,0.12,26.94,87.26,2.98
2019-08-31 18:00:00,0.12,26.82,89.12,2.33
2019-08-31 19:00:00,0.17,26.9,88.65,2.07
2019-08-31 20:00:00,0.19,26.94,88.71,2.24
2019-08-31 21:00:00,0.23,26.93,89.0,2.61
2019-08-31 22:00:00,0.2,26.9,89.19,2.88
2019-08-31 23:00:00,0.21,26.85,89.32,3.08
2019-09-01 00:00:00,0.28,26.81,89.02,3.3
2019-09-01 01:00:00,0.31,26.78,88.62,3.53
2019-09-01 02:00:00,0.3,26.74,88.3,3.48
2019-09-01 03:00:00,0.29,26.67,88.08,3.23
2019-09-01 04:00:00,0.3,26.65,87.9,3.09
2019-09-01 05:00:00,0.3,26.64,87.87,3.02
2019-09-01 06:00:00,0.3,26.84,87.94,3.01
2019-09-01 07:00:00,0.23,27.41,86.07,3.42
2019-09-01 08:00:00,0.99,27.77,84.16,3.95
2019-09-01 09:00:00,0.87,27.96,83.28,4.41
2019-09-01 10:00:00,0.92,28.17,82.29,4.73
2019-09-01 11:00:00,0.83,28.3,81.71,4.93
2019-09-01 12:00:00,0.91,28.37,81.19,5.05
2019-09-01 13:00:00,0.82,28.36,80.99,5.13
2019-09-01 14:00:00,0.68,28.29,81.12,5.17
2019-09-01 15:00:00,0.66,28.18,81.6,5.11
2019-09-01 16:00:00,0.57,27.97,82.75,4.82
2019-09-01 17:00:00,0.55,27.63,85.32,4.24
2019-09-01 18:00:00,0.42,27.29,87.87,3.54
2019-09-01 19:00:00,0.48,27.17,88.6,3.12
2019-09-01 20:00:00,0.56,27.09,88.83,2.78
2019-09-01 21:00:00,0.61,27.06,88.87,2.87
2019-09-01 22:00:00,0.58,27.0,89.04,3.44
2019-09-01 23:00:00,0.71,26.93,89.06,3.99
2019-09-02 00:00:00,0.86,26.84,89.29,4.21
2019-09-02 01:00:00,0.93,26.78,89.27,4.44
2019-09-02 02:00:00,1.05,26.76,89.12,4.5
2019-09-02 03:00:00,1.02,26.75,89.08,4.27
2019-09-02 04:00:00,1.06,26.75,89.03,4.01
2019-09-02 05:00:00,0.98,26.73,89.32,3.87
2019-09-02 06:00:00,0.91,26.92,89.29,3.87
2019-09-02 07:00:00,0.95,27.37,87.81,4.29
2019-09-02 08:00:00,1.11,27.7,86.4,4.44
2019-09-02 09:00:00,0.99,27.94,85.38,4.49
2019-09-02 10:00:00,0.98,28.04,85.37,4.4
2019-09-02 11:00:00,1.26,28.08,85.33,4.42
2019-09-02 12:00:00,1.79,28.04,85.35,4.52
2019-09-02 13:00:00,2.09,27.96,85.67,4.67
2019-09-02 14:00:00,1.45,27.89,85.84,4.69
2019-09-02 15:00:00,1.18,27.77,86.3,4.44
2019-09-02 16:00:00,1.05,27.61,87.17,3.93
2019-09-02 17:00:00,1.15,27.4,88.82,3.27
2019-09-02 18:00:00,1.0,27.15,90.09,2.84
2019-09-02 19:00:00,1.05,27.02,90.47,2.68
2019-09-02 20:00:00,1.06,26.94,90.49,2.59
2019-09-02 21:00:00,0.97,26.86,90.51,2.59
2019-09-02 22:00:00,0.93,26.75,90.67,2.74
2019-09-02 23:00:00,0.95,26.64,90.59,3.02
2019-09-03 00:00:00,0.94,26.54,90.45,3.24
2019-09-03 01:00:00,1.01,26.45,90.24,3.41
2019-09-03 02:00:00,0.94,26.38,90.07,3.34
2019-09-03 03:00:00,0.77,26.32,89.85,3.09
2019-09-03 04:00:00,0.6,26.28,89.46,2.75
2019-09-03 05:00:00,0.52,26.3,88.83,2.38
2019-09-03 06:00:00,0.38,26.54,88.16,2.07
2019-09-03 07:00:00,0.27,27.02,85.88,2.29
2019-09-03 08:00:00,0.07,27.32,84.44,2.54
2019-09-03 09:00:00,0.06,27.58,83.73,2.87
2019-09-03 10:00:00,0.06,27.7,83.75,3.41
2019-09-03 11:00:00,0.07,27.72,84.22,3.92
2019-09-03 12:00:00,0.06,27.73,84.46,4.28
2019-09-03 13:00:00,0.06,27.75,84.43,4.47
2019-09-03 14:00:00,0.06,27.74,84.55,4.56
2019-09-03 15:00:00,0.09,27.71,84.55,4.44
2019-09-03 16:00:00,0.1,27.67,84.4,4.14
2019-09-03 17:00:00,0.1,27.48,85.63,3.77
2019-09-03 18:00:00,0.1,27.23,87.7,3.35
2019-09-03 19:00:00,0.16,27.15,88.27,3.34
2019-09-03 20:00:00,0.27,27.08,88.58,3.43
2019-09-03 21:00:00,0.29,27.02,88.83,3.42
2019-09-03 22:00:00,0.37,26.95,89.04,3.5
2019-09-03 23:00:00,0.34,26.89,89.21,3.72
2019-09-04 00:00:00,0.34,26.81,89.46,3.91
2019-09-04 01:00:00,0.4,26.76,89.52,4.08
2019-09-04 02:00:00,0.4,26.71,89.52,4.23
2019-09-04 03:00:00,0.42,26.69,89.4,4.38
2019-09-04 04:00:00,0.46,26.67,89.44,4.5
2019-09-04 05:00:00,0.41,26.66,89.76,4.52
2019-09-04 06:00:00,0.39,26.87,89.53,4.63
2019-09-04 07:00:00,0.37,27.35,87.64,5.16
2019-09-04 08:00:00,0.18,27.72,85.65,5.51
2019-09-04 09:00:00,0.19,27.91,84.84,5.54
2019-09-04 10:00:00,0.17,28.0,84.54,5.48
2019-09-04 11:00:00,0.17,28.03,84.4,5.57
2019-09-04 12:00:00,0.19,28.08,83.74,5.74
2019-09-04 13:00:00,0.2,28.1,83.19,5.85
2019-09-04 14:00:00,0.22,28.09,82.82,5.65
2019-09-04 15:00:00,0.3,28.07,82.2,5.24
2019-09-04 16:00:00,0.35,27.96,82.31,4.73
2019-09-04 17:00:00,0.32,27.7,84.13,4.09
2019-09-04 18:00:00,0.35,27.34,86.97,3.45
2019-09-04 19:00:00,0.36,27.17,88.2,3.22
2019-09-04 20:00:00,0.34,27.08,88.84,3.04
2019-09-04 21:00:00,0.34,27.03,89.12,3.08
2019-09-04 22:00:00,0.43,26.96,89.57,3.21
2019-09-04 23:00:00,0.52,26.91,89.92,3.53
2019-09-05 00:00:00,0.6,26.85,90.16,3.81
2019-09-05 01:00:00,0.75,26.76,90.48,3.91
2019-09-05 02:00:00,0.71,26.68,90.65,3.86
2019-09-05 03:00:00,0.57,26.63,90.7,3.69
2019-09-05 04:00:00,0.52,26.61,90.71,3.48
2019-09-05 05:00:00,0.4,26.62,90.59,3.09
2019-09-05 06:00:00,0.4,26.92,90.24,2.92
2019-09-05 07:00:00,0.36,27.5,88.27,3.59
2019-09-05 08:00:00,0.56,27.88,86.65,4.33
2019-09-05 09:00:00,0.4,28.13,85.48,4.65
2019-09-05 10:00:00,0.38,28.26,84.68,4.76
2019-09-05 11:00:00,0.43,28.33,84.28,4.85
2019-09-05 12:00:00,0.43,28.34,83.79,5.06
2019-09-05 13:00:00,0.38,28.25,83.77,5.43
2019-09-05 14:00:00,0.33,28.1,84.4,5.59
2019-09-05 15:00:00,0.39,27.95,85.42,5.28
2019-09-05 16:00:00,0.58,27.85,86.31,4.28
2019-09-05 17:00:00,0.78,27.64,88.58,2.85
2019-09-05 18:00:00,0.75,27.33,90.97,1.97
2019-09-05 19:00:00,0.76,27.19,91.32,2.0
2019-09-05 20:00:00,0.79,27.07,91.53,2.49
2019-09-05 21:00:00,0.75,26.95,92.11,3.05
2019-09-05 22:00:00,0.93,26.88,92.69,3.17
2019-09-05 23:00:00,0.96,26.84,92.84,2.88
2019-09-06 00:00:00,1.07,26.8,92.83,2.88
2019-09-06 01:00:00,1.17,26.76,92.91,3.15
2019-09-06 02:00:00,1.12,26.74,92.86,3.51
2019-09-06 03:00:00,1.09,26.76,92.58,3.76
2019-09-06 04:00:00,1.0,26.81,92.23,3.99
2019-09-06 05:00:00,0.98,26.84,92.05,4.11
2019-09-06 06:00:00,0.91,27.06,91.67,4.25
2019-09-06 07:00:00,0.83,27.62,89.89,4.78
2019-09-06 08:00:00,0.76,27.97,88.33,5.19
2019-09-06 09:00:00,0.5,28.18,86.98,5.61
2019-09-06 10:00:00,0.45,28.33,86.17,5.82
2019-09-06 11:00:00,0.46,28.39,85.33,6.03
2019-09-06 12:00:00,0.45,28.4,84.69,6.19
2019-09-06 13:00:00,0.48,28.35,84.21,6.28
2019-09-06 14:00:00,0.55,28.27,84.24,5.99
2019-09-06 15:00:00,0.62,28.18,84.51,5.47
2019-09-06 16:00:00,0.54,28.05,85.34,4.84
2019-09-06 17:00:00,0.63,27.81,87.38,4.14
2019-09-06 18:00:00,0.56,27.55,89.2,3.63
2019-09-06 19:00:00,0.61,27.46,89.93,3.31
2019-09-06 20:00:00,0.71,27.4,90.16,3.24
2019-09-06 21:00:00,0.8,27.35,90.11,3.46
2019-09-06 22:00:00,0.85,27.27,90.08,3.69
2019-09-06 23:00:00,0.94,27.19,90.01,3.88
2019-09-07 00:00:00,0.89,27.1,90.17,3.95
2019-09-07 01:00:00,0.94,27.02,90.06,3.86
2019-09-07 02:00:00,0.87,26.97,89.87,3.75
2019-09-07 03:00:00,0.86,26.89,90.24,3.82
2019-09-07 04:00:00,0.72,26.85,90.51,3.85
2019-09-07 05:00:00,0.65,26.83,90.67,3.8
2019-09-07 06:00:00,0.58,27.08,90.2,3.79
2019-09-07 07:00:00,0.47,27.68,87.7,4.47
2019-09-07 08:00:00,0.19,28.08,86.02,4.94
2019-09-07 09:00:00,0.23,28.34,85.16,5.19
2019-09-07 10:00:00,0.32,28.51,84.72,5.28
2019-09-07 11:00:00,0.38,28.58,84.56,5.4
2019-09-07 12:00:00,0.35,28.57,84.66,5.53
2019-09-07 13:00:00,0.33,28.53,84.79,5.6
2019-09-07 14:00:00,0.26,28.46,84.74,5.61
2019-09-07 15:00:00,0.2,28.33,84.97,5.53
2019-09-07 16:00:00,0.23,28.21,85.43,5.18
2019-09-07 17:00:00,0.25,28.0,87.01,4.47
2019-09-07 18:00:00,0.31,27.72,88.85,3.79
2019-09-07 19:00:00,0.35,27.61,89.23,3.45
2019-09-07 20:00:00,0.37,27.53,89.36,3.15
2019-09-07 21:00:00,0.43,27.46,89.43,2.98
2019-09-07 22:00:00,0.44,27.37,89.72,2.95
2019-09-07 23:00:00,0.43,27.23,90.36,2.95
2019-09-08 00:00:00,0.39,27.13,90.61,2.95
2019-09-08 01:00:00,0.36,27.09,90.37,3.14
2019-09-08 02:00:00,0.42,27.05,90.24,3.38
2019-09-08 03:00:00,0.46,27.02,90.12,3.6
2019-09-08 04:00:00,0.5,26.99,90.11,3.75
2019-09-08 05:00:00,0.4,26.97,90.08,3.93
2019-09-08 06:00:00,0.42,27.14,89.68,4.23
2019-09-08 07:00:00,0.42,27.56,87.96,5.02
2019-09-08 08:00:00,0.23,27.85,85.83,5.54
2019-09-08 09:00:00,0.28,28.08,83.73,5.67
2019-09-08 10:00:00,0.32,28.23,82.38,5.73
2019-09-08 11:00:00,0.33,28.29,81.89,6.04
2019-09-08 12:00:00,0.34,28.29,81.28,6.28
2019-09-08 13:00:00,0.24,28.18,80.05,6.73
2019-09-08 14:00:00,0.19,27.93,78.77,7.24
2019-09-08 15:00:00,0.14,27.52,78.08,7.08
2019-09-08 16:00:00,0.15,27.12,77.13,6.08
2019-09-08 17:00:00,0.14,26.71,77.63,4.54
2019-09-08 18:00:00,0.14,26.51,78.48,3.38
2019-09-08 19:00:00,0.16,26.55,78.06,2.74
2019-09-08 20:00:00,0.13,26.62,78.11,2.68
2019-09-08 21:00:00,0.1,26.65,79.2,3.08
2019-09-08 22:00:00,0.09,26.67,80.28,3.57
2019-09-08 23:00:00,0.11,26.68,80.94,3.91
2019-09-09 00:00:00,0.15,26.68,80.99,4.26
2019-09-09 01:00:00,0.17,26.65,80.54,4.61
2019-09-09 02:00:00,0.15,26.61,79.55,4.47
2019-09-09 03:00:00,0.12,26.58,78.55,4.11
2019-09-09 04:00:00,0.1,26.57,77.89,3.85
2019-09-09 05:00:00,0.11,26.59,77.56,3.72
2019-09-09 06:00:00,0.12,26.92,77.54,3.56
2019-09-09 07:00:00,0.09,27.81,74.59,3.98
2019-09-09 08:00:00,0.53,28.32,73.1,4.4
2019-09-09 09:00:00,0.4,28.69,72.92,4.71
2019-09-09 10:00:00,0.3,28.94,72.91,5.08
2019-09-09 11:00:00,0.35,29.02,73.02,5.32
2019-09-09 12:00:00,0.39,28.95,73.83,5.43
2019-09-09 13:00:00,0.37,28.8,75.17,5.52
2019-09-09 14:00:00,0.32,28.67,76.5,5.62
2019-09-09 15:00:00,0.38,28.52,77.56,5.76
2019-09-09 16:00:00,0.44,28.25,79.05,5.76
2019-09-09 17:00:00,0.69,27.89,81.77,5.29
2019-09-09 18:00:00,0.93,27.56,84.24,4.76
2019-09-09 19:00:00,1.16,27.47,85.28,4.45
2019-09-09 20:00:00,1.34,27.39,86.1,3.95
2019-09-09 21:00:00,1.54,27.32,86.61,3.57
2019-09-09 22:00:00,1.67,27.25,87.04,3.43
2019-09-09 23:00:00,1.58,27.17,87.44,3.34
2019-09-10 00:00:00,1.65,27.1,87.54,3.2
2019-09-10 01:00:00,1.72,27.01,87.64,2.95
2019-09-10 02:00:00,1.7,26.94,87.57,2.82
2019-09-10 03:00:00,1.62,26.86,87.71,2.8
2019-09-10 04:00:00,1.39,26.74,88.49,2.85
2019-09-10 05:00:00,0.95,26.65,88.96,2.78
2019-09-10 06:00:00,0.67,26.87,88.64,2.74
2019-09-10 07:00:00,0.69,27.4,86.46,3.35
2019-09-10 08:00:00,0.11,27.69,85.63,3.84
2019-09-10 09:00:00,0.09,27.95,84.88,4.24
2019-09-10 10:00:00,0.09,28.05,84.64,4.54
2019-09-10 11:00:00,0.1,28.09,84.46,4.67
2019-09-10 12:00:00,0.13,28.1,84.05,4.73
2019-09-10 13:00:00,0.14,28.12,83.43,4.74
2019-09-10 14:00:00,0.12,28.24,82.04,4.72
2019-09-10 15:00:00,0.13,28.23,81.67,4.6
2019-09-10 16:00:00,0.17,28.1,82.19,4.41
2019-09-10 17:00:00,0.16,27.87,84.28,4.0
2019-09-10 18:00:00,0.13,27.6,86.49,3.58
2019-09-10 19:00:00,0.14,27.49,87.29,3.47
2019-09-10 20:00:00,0.21,27.42,87.75,3.26
2019-09-10 21:00:00,0.23,27.33,88.04,3.01
2019-09-10 22:00:00,0.22,27.23,88.43,2.93
2019-09-10 23:00:00,0.28,27.13,88.72,2.82
2019-09-11 00:00:00,0.34,27.04,89.04,2.73
2019-09-11 01:00:00,0.39,26.95,89.4,2.79
2019-09-11 02:00:00,0.38,26.92,89.38,2.81
2019-09-11 03:00:00,0.37,26.87,89.59,2.88
2019-09-11 04:00:00,0.36,26.89,89.42,2.82
2019-09-11 05:00:00,0.38,26.93,88.99,2.74
2019-09-11 06:00:00,0.32,27.14,88.54,2.86
2019-09-11 07:00:00,0.27,27.66,86.46,3.38
2019-09-11 08:00:00,0.63,27.99,84.86,3.76
2019-09-11 09:00:00,0.65,28.22,84.32,4.0
2019-09-11 10:00:00,0.64,28.4,83.76,4.33
2019-09-11 11:00:00,0.59,28.45,83.91,4.67
2019-09-11 12:00:00,0.79,28.5,83.72,4.9
2019-09-11 13:00:00,0.8,28.51,83.3,4.96
2019-09-11 14:00:00,0.74,28.44,83.17,4.93
2019-09-11 15:00:00,1.0,28.35,83.21,4.77
2019-09-11 16:00:00,1.01,28.22,83.74,4.54
2019-09-11 17:00:00,1.1,27.97,85.94,4.07
2019-09-11 18:00:00,1.19,27.7,87.92,3.69
2019-09-11 19:00:00,1.41,27.61,88.45,3.44
2019-09-11 20:00:00,1.2,27.53,88.84,3.29
2019-09-11 21:00:00,1.34,27.44,89.3,3.34
2019-09-11 22:00:00,1.36,27.37,89.45,3.47
2019-09-11 23:00:00,1.91,27.24,89.75,3.3
2019-09-12 00:00:00,2.06,27.13,89.83,3.25
2019-09-12 01:00:00,1.79,26.99,90.11,3.38
2019-09-12 02:00:00,1.35,26.88,89.94,3.23
2019-09-12 03:00:00,1.13,26.79,89.69,3.16
2019-09-12 04:00:00,1.13,26.7,89.71,3.16
2019-09-12 05:00:00,1.01,26.66,89.32,2.95
2019-09-12 06:00:00,0.77,26.8,88.67,2.68
2019-09-12 07:00:00,0.67,27.26,86.68,2.95
2019-09-12 08:00:00,0.12,27.56,84.92,3.11
2019-09-12 09:00:00,0.1,27.9,83.32,3.16
2019-09-12 10:00:00,0.11,28.18,82.07,3.65
2019-09-12 11:00:00,0.14,28.23,81.68,3.86
2019-09-12 12:00:00,0.16,28.19,81.52,3.68
2019-09-12 13:00:00,0.18,28.1,81.59,3.81
2019-09-12 14:00:00,0.24,27.96,81.98,3.98
2019-09-12 15:00:00,0.24,27.86,82.33,4.05
2019-09-12 16:00:00,0.22,27.77,82.75,3.97
2019-09-12 17:00:00,0.22,27.54,84.64,3.55
2019-09-12 18:00:00,0.25,27.27,86.65,3.16
2019-09-12 19:00:00,0.25,27.19,86.95,2.93
2019-09-12 20:00:00,0.25,27.14,87.09,2.61
2019-09-12 21:00:00,0.27,27.15,86.64,2.19
2019-09-12 22:00:00,0.29,27.13,86.3,1.99
2019-09-12 23:00:00,0.29,27.01,86.9,2.09
2019-09-13 00:00:00,0.3,26.81,87.99,2.34
2019-09-13 01:00:00,0.28,26.64,88.62,2.4
2019-09-13 02:00:00,0.21,26.48,88.75,2.22
2019-09-13 03:00:00,0.17,26.39,88.04,2.03
2019-09-13 04:00:00,0.14,26.33,87.27,1.86
2019-09-13 05:00:00,0.12,26.3,86.46,1.76
2019-09-13 06:00:00,0.1,26.33,86.33,1.7
2019-09-13 07:00:00,0.11,26.66,84.33,1.8
2019-09-13 08:00:00,0.21,26.94,82.1,1.82
2019-09-13 09:00:00,0.19,27.21,80.47,1.89
2019-09-13 10:00:00,0.23,27.46,79.58,2.1
2019-09-13 11:00:00,0.28,27.51,80.15,2.55
2019-09-13 12:00:00,0.4,27.42,81.06,2.91
2019-09-13 13:00:00,0.56,27.34,81.85,3.27
2019-09-13 14:00:00,0.78,27.23,82.43,3.48
2019-09-13 15:00:00,0.94,27.14,82.81,3.57
2019-09-13 16:00:00,0.97,26.99,83.68,3.78
2019-09-13 17:00:00,0.79,26.76,85.6,3.93
2019-09-13 18:00:00,0.63,26.51,87.92,3.9
2019-09-13 19:00:00,0.38,26.45,88.56,3.8
2019-09-13 20:00:00,0.23,26.42,88.63,3.49
2019-09-13 21:00:00,0.22,26.39,88.3,3.16
2019-09-13 22:00:00,0.27,26.34,88.09,3.06
2019-09-13 23:00:00,0.33,26.23,88.28,3.07
2019-09-14 00:00:00,0.4,26.11,88.69,3.06
2019-09-14 01:00:00,0.45,25.99,89.3,3.0
2019-09-14 02:00:00,0.5,25.9,89.79,2.85
2019-09-14 03:00:00,0.53,25.81,90.37,2.75
2019-09-14 04:00:00,0.58,25.73,90.87,2.74
2019-09-14 05:00:00,0.58,25.71,90.98,2.68
2019-09-14 06:00:00,0.55,25.87,90.9,2.59
2019-09-14 07:00:00,0.54,26.25,89.42,2.73
2019-09-14 08:00:00,0.47,26.48,88.58,2.93
2019-09-14 09:00:00,0.55,26.7,88.04,3.07
2019-09-14 10:00:00,0.62,26.87,87.85,3.19
2019-09-14 11:00:00,0.68,27.03,87.43,3.44
2019-09-14 12:00:00,0.82,27.14,87.25,3.7
2019-09-14 13:00:00,0.9,27.25,87.14,3.9
2019-09-14 14:00:00,0.82,27.34,86.91,4.05
2019-09-14 15:00:00,0.73,27.39,86.65,4.07
2019-09-14 16:00:00,0.63,27.39,86.67,3.95
2019-09-14 17:00:00,0.48,27.26,87.52,3.58
2019-09-14 18:00:00,0.37,27.07,87.93,3.18
2019-09-14 19:00:00,0.27,26.97,87.73,2.89
2019-09-14 20:00:00,0.24,26.87,87.52,2.7
2019-09-14 21:00:00,0.24,26.75,87.44,2.54
2019-09-14 22:00:00,0.24,26.62,87.38,2.42
2019-09-14 23:00:00,0.23,26.48,87.33,2.35
2019-09-15 00:00:00,0.2,26.31,87.68,2.35
2019-09-15 01:00:00,0.16,26.13,88.23,2.45
2019-09-15 02:00:00,0.12,26.0,88.45,2.5
2019-09-15 03:00:00,0.13,25.94,88.13,2.39
2019-09-15 04:00:00,0.12,25.91,87.84,2.28
2019-09-15 05:00:00,0.12,25.89,87.71,2.22
2019-09-15 06:00:00,0.11,26.15,87.33,2.08
2019-09-15 07:00:00,0.1,26.75,85.06,2.1
2019-09-15 08:00:00,0.26,27.1,83.56,2.26
2019-09-15 09:00:00,0.25,27.44,82.27,2.46
2019-09-15 10:00:00,0.31,27.71,81.45,2.6
2019-09-15 11:00:00,0.37,27.87,81.28,2.75
2019-09-15 12:00:00,0.38,27.94,81.24,3.0
2019-09-15 13:00:00,0.35,27.97,81.53,3.21
2019-09-15 14:00:00,0.31,27.93,81.73,3.29
2019-09-15 15:00:00,0.27,27.87,81.77,3.3
2019-09-15 16:00:00,0.28,27.78,82.03,3.32
2019-09-15 17:00:00,0.24,27.55,83.83,3.33
2019-09-15 18:00:00,0.25,27.29,86.07,3.41
2019-09-15 19:00:00,0.23,27.21,86.62,3.54
2019-09-15 20:00:00,0.29,27.19,86.73,3.46
2019-09-15 21:00:00,0.33,27.15,86.87,3.29
2019-09-15 22:00:00,0.35,27.1,87.05,3.14
2019-09-15 23:00:00,0.49,27.02,87.27,3.08
2019-09-16 00:00:00,0.61,26.92,87.58,3.01
2019-09-16 01:00:00,0.66,26.82,87.85,3.07
2019-09-16 02:00:00,0.72,26.75,88.0,3.22
2019-09-16 03:00:00,0.7,26.71,88.03,3.34
2019-09-16 04:00:00,0.68,26.66,88.09,3.44
2019-09-16 05:00:00,0.71,26.62,88.27,3.53
2019-09-16 06:00:00,0.75,26.73,88.5,3.7
2019-09-16 07:00:00,0.71,27.18,87.19,4.31
2019-09-16 08:00:00,0.46,27.54,85.88,4.61
2019-09-16 09:00:00,0.57,27.82,84.78,4.65
2019-09-16 10:00:00,0.66,27.9,84.36,4.73
2019-09-16 11:00:00,0.72,27.89,84.5,4.72
2019-09-16 12:00:00,0.76,27.84,84.33,4.63
2019-09-16 13:00:00,0.75,27.76,84.31,4.51
2019-09-16 14:00:00,0.67,27.69,84.36,4.39
2019-09-16 15:00:00,0.53,27.63,84.43,4.28
2019-09-16 16:00:00,0.43,27.5,84.93,4.13
2019-09-16 17:00:00,0.42,27.27,86.87,3.82
2019-09-16 18:00:00,0.45,27.07,88.43,3.67
2019-09-16 19:00:00,0.48,27.0,88.84,3.66
2019-09-16 20:00:00,0.52,26.99,88.82,3.7
2019-09-16 21:00:00,0.44,26.94,88.76,3.82
2019-09-16 22:00:00,0.38,26.88,88.29,4.07
2019-09-16 23:00:00,0.26,26.73,87.88,4.2
2019-09-17 00:00:00,0.15,26.57,87.18,4.26
2019-09-17 01:00:00,0.11,26.4,86.01,4.38
2019-09-17 02:00:00,0.07,26.22,84.94,4.42
2019-09-17 03:00:00,0.07,26.06,83.99,4.11
2019-09-17 04:00:00,0.05,25.93,83.38,3.54
2019-09-17 05:00:00,0.06,25.88,82.9,2.9
2019-09-17 06:00:00,0.06,26.13,82.69,2.48
2019-09-17 07:00:00,0.06,26.8,80.1,2.61
2019-09-17 08:00:00,0.17,27.35,79.23,3.08
2019-09-17 09:00:00,0.18,27.87,79.06,3.44
2019-09-17 10:00:00,0.21,28.14,80.0,3.64
2019-09-17 11:00:00,0.28,28.07,81.13,3.78
2019-09-17 12:00:00,0.41,27.92,82.25,3.94
2019-09-17 13:00:00,0.5,27.84,83.18,4.17
2019-09-17 14:00:00,0.53,27.82,83.95,4.48
2019-09-17 15:00:00,0.48,27.78,84.4,4.63
2019-09-17 16:00:00,0.57,27.68,84.96,4.7
2019-09-17 17:00:00,0.65,27.46,86.79,4.7
2019-09-17 18:00:00,0.71,27.27,88.52,4.61
2019-09-17 19:00:00,0.82,27.28,88.74,4.59
2019-09-17 20:00:00,0.98,27.32,88.72,4.34
2019-09-17 21:00:00,1.16,27.35,88.72,4.19
2019-09-17 22:00:00,1.18,27.36,88.82,4.32
2019-09-17 23:00:00,1.24,27.3,89.25,4.31
2019-09-18 00:00:00,1.6,27.24,89.61,4.28
2019-09-18 01:00:00,1.6,27.19,89.72,4.23
2019-09-18 02:00:00,1.51,27.14,89.78,4.13
2019-09-18 03:00:00,1.56,27.07,89.76,3.91
2019-09-18 04:00:00,1.28,27.0,89.65,3.64
2019-09-18 05:00:00,1.21,26.91,89.62,3.29
2019-09-18 06:00:00,1.02,27.05,89.32,3.08
2019-09-18 07:00:00,0.61,27.49,86.91,3.29
2019-09-18 08:00:00,0.29,27.63,85.75,3.29
2019-09-18 09:00:00,0.15,27.69,85.25,3.29
2019-09-18 10:00:00,0.1,27.77,84.16,3.29
2019-09-18 11:00:00,0.12,27.91,82.07,3.34
2019-09-18 12:00:00,0.18,27.91,81.29,3.46
2019-09-18 13:00:00,0.22,27.89,80.93,3.54
2019-09-18 14:00:00,0.2,27.91,80.54,3.53
2019-09-18 15:00:00,0.14,27.94,80.05,3.49
2019-09-18 16:00:00,0.1,27.9,80.0,3.41
2019-09-18 17:00:00,0.09,27.69,81.37,3.18
2019-09-18 18:00:00,0.05,27.37,84.99,2.71
2019-09-18 19:00:00,0.05,27.26,86.05,2.53
2019-09-18 20:00:00,0.07,27.18,86.5,2.41
2019-09-18 21:00:00,0.09,27.12,86.53,2.28
2019-09-18 22:00:00,0.26,27.06,86.44,2.14
2019-09-18 23:00:00,0.38,26.96,86.51,2.01
2019-09-19 00:00:00,0.77,26.84,86.75,1.98
2019-09-19 01:00:00,1.08,26.69,87.33,2.01
2019-09-19 02:00:00,1.5,26.55,87.83,2.05
2019-09-19 03:00:00,1.56,26.43,88.3,2.1
2019-09-19 04:00:00,1.52,26.35,88.37,2.18
2019-09-19 05:00:00,1.6,26.34,87.96,2.21
2019-09-19 06:00:00,1.42,26.64,87.08,2.27
2019-09-19 07:00:00,1.34,27.1,84.39,2.72
2019-09-19 08:00:00,0.56,27.31,84.14,2.98
2019-09-19 09:00:00,0.52,27.57,83.87,3.28
2019-09-19 10:00:00,0.6,27.93,82.49,3.54
2019-09-19 11:00:00,0.79,28.08,82.04,3.74
2019-09-19 12:00:00,0.92,28.12,81.89,3.96
2019-09-19 13:00:00,0.79,28.09,81.72,4.19
2019-09-19 14:00:00,0.48,27.96,81.8,4.32
2019-09-19 15:00:00,0.2,27.82,82.04,4.28
2019-09-19 16:00:00,0.25,27.67,82.54,4.06
2019-09-19 17:00:00,0.22,27.44,83.55,3.51
2019-09-19 18:00:00,0.15,27.16,85.32,2.87
2019-09-19 19:00:00,0.16,27.07,85.13,2.59
2019-09-19 20:00:00,0.18,27.03,84.71,2.42
2019-09-19 21:00:00,0.24,27.01,84.34,2.23
2019-09-19 22:00:00,0.22,26.93,84.41,2.08
2019-09-19 23:00:00,0.19,26.83,84.62,1.93
2019-09-20 00:00:00,0.19,26.76,84.7,1.77
2019-09-20 01:00:00,0.22,26.69,84.71,1.61
2019-09-20 02:00:00,0.2,26.63,84.82,1.54
2019-09-20 03:00:00,0.26,26.6,84.54,1.37
2019-09-20 04:00:00,0.28,26.58,84.12,1.22
2019-09-20 05:00:00,0.26,26.59,83.59,1.18
2019-09-20 06:00:00,0.28,26.71,83.38,1.1
2019-09-20 07:00:00,0.27,27.23,80.8,1.15
2019-09-20 08:00:00,0.08,27.56,79.0,1.15
2019-09-20 09:00:00,0.1,27.86,77.88,0.81
2019-09-20 10:00:00,0.09,28.19,75.69,0.12
2019-09-20 11:00:00,0.11,28.64,74.2,1.05
2019-09-20 12:00:00,0.11,28.78,74.37,1.85
2019-09-20 13:00:00,0.11,28.72,75.43,2.4
2019-09-20 14:00:00,0.08,28.61,76.33,2.73
2019-09-20 15:00:00,0.06,28.48,77.16,2.98
2019-09-20 16:00:00,0.04,28.22,79.05,3.24
2019-09-20 17:00:00,0.03,27.85,82.76,3.26
2019-09-20 18:00:00,0.03,27.53,85.95,3.08
2019-09-20 19:00:00,0.04,27.38,87.21,2.98
2019-09-20 20:00:00,0.04,27.25,88.06,2.89
2019-09-20 21:00:00,0.04,27.13,88.72,2.86
2019-09-20 22:00:00,0.04,27.04,89.14,2.93
2019-09-20 23:00:00,0.05,26.93,89.4,3.03
2019-09-21 00:00:00,0.06,26.83,89.42,3.09
2019-09-21 01:00:00,0.06,26.75,89.09,3.18
2019-09-21 02:00:00,0.05,26.72,88.27,3.24
2019-09-21 03:00:00,0.04,26.73,87.03,3.18
2019-09-21 04:00:00,0.03,26.73,85.87,2.93
2019-09-21 05:00:00,0.02,26.76,84.0,2.47
2019-09-21 06:00:00,0.01,27.11,81.08,1.83
2019-09-21 07:00:00,0.01,27.77,74.76,1.36
2019-09-21 08:00:00,0.01,28.18,69.28,1.01
2019-09-21 09:00:00,0.01,28.55,66.29,1.37
2019-09-21 10:00:00,0.01,28.85,65.5,1.84
2019-09-21 11:00:00,0.02,29.1,65.28,2.24
2019-09-21 12:00:00,0.03,29.24,66.01,2.81
2019-09-21 13:00:00,0.06,29.26,67.05,3.54
2019-09-21 14:00:00,0.11,29.21,67.89,3.99
2019-09-21 15:00:00,0.14,29.07,68.25,4.0
2019-09-21 16:00:00,0.17,28.85,68.8,3.86
2019-09-21 17:00:00,0.18,28.42,72.06,3.51
2019-09-21 18:00:00,0.17,27.97,75.71,3.18
2019-09-21 19:00:00,0.15,27.8,76.31,3.14
2019-09-21 20:00:00,0.14,27.66,76.8,3.08
2019-09-21 21:00:00,0.16,27.53,77.3,3.04
2019-09-21 22:00:00,0.25,27.39,77.99,3.05
2019-09-21 23:00:00,0.32,27.26,78.82,3.02
2019-09-22 00:00:00,0.28,27.17,79.64,2.85
2019-09-22 01:00:00,0.3,27.12,80.43,2.61
2019-09-22 02:00:00,0.33,27.09,81.17,2.39
2019-09-22 03:00:00,0.33,27.05,82.07,2.23
2019-09-22 04:00:00,0.4,27.05,82.62,2.01
2019-09-22 05:00:00,0.31,27.04,83.13,1.83
2019-09-22 06:00:00,0.3,27.2,84.08,1.74
2019-09-22 07:00:00,0.34,27.7,82.28,2.07
2019-09-22 08:00:00,0.15,28.01,81.72,2.28
2019-09-22 09:00:00,0.16,28.27,81.64,2.48
2019-09-22 10:00:00,0.21,28.55,81.0,2.79
2019-09-22 11:00:00,0.22,28.63,80.62,3.15
2019-09-22 12:00:00,0.31,28.6,80.93,3.59
2019-09-22 13:00:00,0.42,28.59,81.08,3.93
2019-09-22 14:00:00,0.47,28.54,81.16,4.19
2019-09-22 15:00:00,0.53,28.44,81.46,4.46
2019-09-22 16:00:00,0.53,28.21,82.85,4.72
2019-09-22 17:00:00,0.48,27.89,85.28,4.72
2019-09-22 18:00:00,0.42,27.67,87.02,4.77
2019-09-22 19:00:00,0.33,27.65,87.64,4.9
2019-09-22 20:00:00,0.29,27.62,88.05,4.7
2019-09-22 21:00:00,0.28,27.57,88.39,4.25
2019-09-22 22:00:00,0.33,27.46,88.89,3.88
2019-09-22 23:00:00,0.37,27.28,89.63,3.58
2019-09-23 00:00:00,0.4,27.04,90.64,3.54
2019-09-23 01:00:00,0.41,26.87,91.47,3.82
2019-09-23 02:00:00,0.4,26.8,91.67,3.68
2019-09-23 03:00:00,0.31,26.8,91.44,3.49
2019-09-23 04:00:00,0.22,26.81,90.97,3.25
2019-09-23 05:00:00,0.12,26.81,90.33,3.04
2019-09-23 06:00:00,0.07,26.86,89.88,2.97
2019-09-23 07:00:00,0.03,27.06,88.27,3.45
2019-09-23 08:00:00,0.02,27.08,86.84,3.93
2019-09-23 09:00:00,0.02,27.1,85.6,4.14
2019-09-23 10:00:00,0.04,27.18,84.02,4.22
2019-09-23 11:00:00,0.12,27.36,82.46,4.27
2019-09-23 12:00:00,0.28,27.53,81.22,4.41
2019-09-23 13:00:00,0.39,27.65,80.14,4.48
2019-09-23 14:00:00,0.37,27.72,79.09,4.42
2019-09-23 15:00:00,0.4,27.7,78.36,4.32
2019-09-23 16:00:00,0.4,27.52,79.14,4.07
2019-09-23 17:00:00,0.43,27.21,82.08,3.58
2019-09-23 18:00:00,0.5,26.92,84.58,3.27
2019-09-23 19:00:00,0.64,26.78,85.93,3.2
2019-09-23 20:00:00,0.81,26.64,87.42,3.2
2019-09-23 21:00:00,0.84,26.51,89.16,3.3
2019-09-23 22:00:00,0.86,26.44,90.61,3.64
2019-09-23 23:00:00,0.77,26.44,91.05,4.2
2019-09-24 00:00:00,0.83,26.47,90.1,4.71
2019-09-24 01:00:00,0.96,26.45,88.92,5.14
2019-09-24 02:00:00,1.06,26.43,88.13,5.25
2019-09-24 03:00:00,1.31,26.46,87.19,4.82
2019-09-24 04:00:00,1.53,26.48,86.46,4.15
2019-09-24 05:00:00,1.87,26.51,86.04,3.67
2019-09-24 06:00:00,2.32,26.75,85.74,3.51
2019-09-24 07:00:00,2.95,27.28,83.6,3.97
2019-09-24 08:00:00,2.07,27.58,82.99,4.4
2019-09-24 09:00:00,2.51,27.76,82.89,4.76
2019-09-24 10:00:00,2.94,27.74,83.25,5.0
2019-09-24 11:00:00,3.33,27.62,83.9,5.27
2019-09-24 12:00:00,3.61,27.54,84.3,5.56
2019-09-24 13:00:00,3.77,27.43,84.55,5.86
2019-09-24 14:00:00,3.91,27.35,84.55,6.08
2019-09-24 15:00:00,4.01,27.18,85.27,6.16
2019-09-24 16:00:00,3.87,27.0,86.29,6.12
2019-09-24 17:00:00,3.52,26.88,87.02,5.96
2019-09-24 18:00:00,3.04,26.87,87.27,5.67
2019-09-24 19:00:00,2.64,26.92,87.29,5.4
2019-09-24 20:00:00,2.19,26.92,87.61,5.27
2019-09-24 21:00:00,1.84,26.87,88.24,5.06
2019-09-24 22:00:00,1.67,26.78,89.1,4.82
2019-09-24 23:00:00,1.51,26.68,89.93,4.7
2019-09-25 00:00:00,1.3,26.61,90.44,4.82
2019-09-25 01:00:00,1.08,26.6,90.15,5.16
2019-09-25 02:00:00,0.81,26.64,89.37,5.46
2019-09-25 03:00:00,0.6,26.64,88.56,5.63
2019-09-25 04:00:00,0.41,26.64,87.88,5.55
2019-09-25 05:00:00,0.29,26.64,87.36,5.32
2019-09-25 06:00:00,0.27,26.74,86.7,5.17
2019-09-25 07:00:00,0.33,27.07,85.19,5.29
2019-09-25 08:00:00,0.45,27.41,82.99,5.38
2019-09-25 09:00:00,0.57,27.69,81.2,5.21
2019-09-25 10:00:00,0.7,27.89,80.1,4.93
2019-09-25 11:00:00,0.8,28.0,79.52,4.61
2019-09-25 12:00:00,0.9,28.08,79.12,4.31
2019-09-25 13:00:00,1.01,28.08,78.69,4.01
2019-09-25 14:00:00,0.84,28.0,78.37,3.64
2019-09-25 15:00:00,0.56,27.88,78.29,3.26
2019-09-25 16:00:00,0.41,27.64,79.21,3.05
2019-09-25 17:00:00,0.41,27.32,82.06,2.98
2019-09-25 18:00:00,0.46,27.09,84.3,2.89
2019-09-25 19:00:00,0.51,27.01,84.78,2.88
2019-09-25 20:00:00,0.61,26.9,85.39,2.97
2019-09-25 21:00:00,0.67,26.78,86.09,3.1
2019-09-25 22:00:00,0.67,26.68,86.88,3.51
2019-09-25 23:00:00,0.75,26.55,87.85,3.98
2019-09-26 00:00:00,0.85,26.42,88.62,4.36
2019-09-26 01:00:00,0.94,26.33,89.04,4.6
2019-09-26 02:00:00,0.81,26.28,89.0,4.7
2019-09-26 03:00:00,0.62,26.25,88.85,4.78
2019-09-26 04:00:00,0.49,26.25,88.75,4.85
2019-09-26 05:00:00,0.36,26.28,88.71,4.85
2019-09-26 06:00:00,0.28,26.44,88.41,4.95
2019-09-26 07:00:00,0.23,26.82,87.29,5.34
2019-09-26 08:00:00,0.23,27.16,85.8,5.65
2019-09-26 09:00:00,0.25,27.38,84.81,5.79
2019-09-26 10:00:00,0.31,27.47,84.13,5.75
2019-09-26 11:00:00,0.33,27.5,83.23,5.56
2019-09-26 12:00:00,0.31,27.54,81.97,5.2
2019-09-26 13:00:00,0.27,27.57,81.03,4.77
2019-09-26 14:00:00,0.18,27.57,80.17,4.19
2019-09-26 15:00:00,0.13,27.53,79.45,3.5
2019-09-26 16:00:00,0.09,27.46,79.01,2.94
2019-09-26 17:00:00,0.1,27.26,80.98,2.32
2019-09-26 18:00:00,0.08,27.04,82.26,1.94
2019-09-26 19:00:00,0.06,27.03,81.43,1.86
2019-09-26 20:00:00,0.05,27.04,80.67,1.78
2019-09-26 21:00:00,0.06,27.06,79.81,1.72
2019-09-26 22:00:00,0.07,27.09,78.88,1.65
2019-09-26 23:00:00,0.11,27.13,77.66,1.48
2019-09-27 00:00:00,0.15,27.19,76.24,1.28
2019-09-27 01:00:00,0.19,27.23,75.18,1.12
2019-09-27 02:00:00,0.19,27.24,74.81,1.07
2019-09-27 03:00:00,0.16,27.2,75.07,1.15
2019-09-27 04:00:00,0.13,27.21,75.05,1.14
2019-09-27 05:00:00,0.11,27.22,74.96,1.04
2019-09-27 06:00:00,0.12,27.33,75.38,0.92
2019-09-27 07:00:00,0.16,27.73,73.91,1.03
2019-09-27 08:00:00,0.08,28.02,73.21,0.96
2019-09-27 09:00:00,0.08,28.36,71.79,0.84
2019-09-27 10:00:00,0.09,28.73,70.23,1.02
2019-09-27 11:00:00,0.09,28.89,69.88,1.43
2019-09-27 12:00:00,0.1,28.91,70.12,1.81
2019-09-27 13:00:00,0.15,28.86,70.49,2.07
2019-09-27 14:00:00,0.2,28.71,70.9,2.24
2019-09-27 15:00:00,0.26,28.5,71.55,2.28
2019-09-27 16:00:00,0.28,28.33,71.98,2.14
2019-09-27 17:00:00,0.32,28.09,73.31,1.77
2019-09-27 18:00:00,0.3,27.8,76.78,1.37
2019-09-27 19:00:00,0.28,27.72,77.03,1.26
2019-09-27 20:00:00,0.32,27.68,76.66,1.26
2019-09-27 21:00:00,0.32,27.67,76.38,1.35
2019-09-27 22:00:00,0.32,27.62,76.47,1.42
2019-09-27 23:00:00,0.26,27.57,76.66,1.5
2019-09-28 00:00:00,0.27,27.51,77.18,1.55
2019-09-28 01:00:00,0.27,27.42,78.06,1.64
2019-09-28 02:00:00,0.26,27.31,78.96,1.76
2019-09-28 03:00:00,0.24,27.19,79.73,1.78
2019-09-28 04:00:00,0.21,27.13,80.07,1.75
2019-09-28 05:00:00,0.23,27.09,80.17,1.63
2019-09-28 06:00:00,0.16,27.24,80.49,1.46
2019-09-28 07:00:00,0.14,27.67,78.14,1.5
2019-09-28 08:00:00,0.24,27.96,77.28,1.46
2019-09-28 09:00:00,0.19,28.28,76.14,1.37
2019-09-28 10:00:00,0.18,28.59,74.9,1.15
2019-09-28 11:00:00,0.22,28.84,73.83,1.04
2019-09-28 12:00:00,0.26,29.03,72.98,1.19
2019-09-28 13:00:00,0.38,29.08,72.9,1.63
2019-09-28 14:00:00,0.39,28.99,73.43,2.1
2019-09-28 15:00:00,0.39,28.8,74.28,2.38
2019-09-28 16:00:00,0.37,28.56,75.39,2.43
2019-09-28 17:00:00,0.4,28.3,77.73,2.11
2019-09-28 18:00:00,0.46,28.09,79.91,1.78
2019-09-28 19:00:00,0.47,28.02,80.22,1.6
2019-09-28 20:00:00,0.42,27.99,79.37,1.34
2019-09-28 21:00:00,0.44,28.04,77.54,1.03
2019-09-28 22:00:00,0.43,28.1,75.97,0.74
2019-09-28 23:00:00,0.37,28.11,74.98,0.51
2019-09-29 00:00:00,0.37,27.99,75.08,0.43
2019-09-29 01:00:00,0.32,27.83,75.64,0.48
2019-09-29 02:00:00,0.3,27.69,76.23,0.45
2019-09-29 03:00:00,0.33,27.56,76.64,0.32
2019-09-29 04:00:00,0.35,27.44,77.12,0.21
2019-09-29 05:00:00,0.34,27.32,77.62,0.16
2019-09-29 06:00:00,0.31,27.3,78.26,0.12
2019-09-29 07:00:00,0.31,27.55,77.18,0.39
2019-09-29 08:00:00,0.8,27.83,76.26,0.57
2019-09-29 09:00:00,0.78,28.18,75.14,0.63
2019-09-29 10:00:00,0.26,28.49,73.61,0.68
2019-09-29 11:00:00,0.18,28.8,72.11,0.65
2019-09-29 12:00:00,0.14,29.01,70.69,0.73
2019-09-29 13:00:00,0.17,28.98,69.89,0.82
2019-09-29 14:00:00,0.19,28.89,69.78,1.02
2019-09-29 15:00:00,0.26,28.76,70.82,1.41
2019-09-29 16:00:00,0.41,28.57,72.84,1.94
2019-09-29 17:00:00,0.61,28.14,77.51,2.14
2019-09-29 18:00:00,0.68,27.74,81.62,2.19
2019-09-29 19:00:00,0.9,27.5,83.31,2.17
2019-09-29 20:00:00,1.23,27.25,84.95,2.04
2019-09-29 21:00:00,1.5,27.02,86.18,1.86
2019-09-29 22:00:00,1.86,26.83,87.0,1.71
2019-09-29 23:00:00,2.37,26.64,87.7,1.64
2019-09-30 00:00:00,2.88,26.51,87.84,1.5
2019-09-30 01:00:00,2.96,26.46,87.48,1.36
2019-09-30 02:00:00,2.88,26.43,87.13,1.39
2019-09-30 03:00:00,2.38,26.4,87.05,1.7
2019-09-30 04:00:00,1.92,26.4,86.75,2.13
2019-09-30 05:00:00,1.85,26.37,86.3,2.52
2019-09-30 06:00:00,2.09,26.55,85.3,2.83
2019-09-30 07:00:00,2.11,27.08,81.99,3.6
2019-09-30 08:00:00,0.59,27.49,80.82,4.11
2019-09-30 09:00:00,0.51,27.89,79.56,4.5
2019-09-30 10:00:00,0.62,28.17,78.48,4.76
2019-09-30 11:00:00,0.81,28.27,77.99,4.88
2019-09-30 12:00:00,0.76,28.21,78.37,5.0
2019-09-30 13:00:00,0.49,28.13,78.8,5.16
2019-09-30 14:00:00,0.23,28.02,79.27,5.27
2019-09-30 15:00:00,0.08,27.87,79.87,5.26
2019-09-30 16:00:00,0.07,27.6,81.38,5.13
2019-09-30 17:00:00,0.1,27.3,83.36,4.67
2019-09-30 18:00:00,0.06,27.07,84.43,4.24
2019-09-30 19:00:00,0.04,27.04,84.02,3.93
2019-09-30 20:00:00,0.05,27.03,83.42,3.71
2019-09-30 21:00:00,0.1,26.99,83.15,3.6
2019-09-30 22:00:00,0.16,26.93,83.08,3.56
2019-09-30 23:00:00,0.2,26.85,83.11,3.56
2019-10-01 00:00:00,0.27,26.76,83.04,3.52
2019-10-01 01:00:00,0.3,26.66,83.14,3.43
2019-10-01 02:00:00,0.26,26.6,83.09,3.45
2019-10-01 03:00:00,0.17,26.59,83.0,3.53
2019-10-01 04:00:00,0.12,26.57,83.08,3.62
2019-10-01 05:00:00,0.08,26.57,83.12,3.62
2019-10-01 06:00:00,0.06,26.77,82.89,3.61
2019-10-01 07:00:00,0.05,27.39,79.86,3.94
2019-10-01 08:00:00,0.05,27.77,77.9,3.79
2019-10-01 09:00:00,0.06,27.99,77.43,3.24
2019-10-01 10:00:00,0.06,28.07,77.33,2.84
2019-10-01 11:00:00,0.06,28.11,77.5,2.63
2019-10-01 12:00:00,0.04,28.16,77.74,2.67
2019-10-01 13:00:00,0.05,28.21,77.69,2.85
2019-10-01 14:00:00,0.04,28.2,77.56,3.07
2019-10-01 15:00:00,0.04,28.19,77.21,3.19
2019-10-01 16:00:00,0.04,28.09,77.14,3.15
2019-10-01 17:00:00,0.04,27.85,78.44,2.95
2019-10-01 18:00:00,0.04,27.52,81.74,2.57
2019-10-01 19:00:00,0.04,27.39,82.52,2.48
2019-10-01 20:00:00,0.04,27.28,82.93,2.48
2019-10-01 21:00:00,0.05,27.15,83.46,2.52
2019-10-01 22:00:00,0.07,27.03,84.0,2.57
2019-10-01 23:00:00,0.08,26.93,84.45,2.59
2019-10-02 00:00:00,0.12,26.84,84.78,2.57
2019-10-02 01:00:00,0.11,26.77,84.97,2.49
2019-10-02 02:00:00,0.12,26.74,84.63,2.19
2019-10-02 03:00:00,0.1,26.73,83.73,1.77
2019-10-02 04:00:00,0.09,26.79,82.14,1.35
2019-10-02 05:00:00,0.07,26.91,80.41,0.92
2019-10-02 06:00:00,0.05,27.05,81.3,1.28
2019-10-02 07:00:00,0.05,27.62,79.56,2.52
2019-10-02 08:00:00,0.06,28.0,79.17,3.31
2019-10-02 09:00:00,0.08,28.33,78.99,3.6
2019-10-02 10:00:00,0.12,28.62,78.48,3.69
2019-10-02 11:00:00,0.17,28.81,77.81,3.69
2019-10-02 12:00:00,0.24,28.94,77.09,3.65
2019-10-02 13:00:00,0.31,29.01,76.38,3.61
2019-10-02 14:00:00,0.3,29.04,75.6,3.51
2019-10-02 15:00:00,0.33,28.96,75.27,3.35
2019-10-02 16:00:00,0.4,28.79,75.88,3.29
2019-10-02 17:00:00,0.47,28.43,78.9,3.06
2019-10-02 18:00:00,0.62,28.13,81.64,2.88
2019-10-02 19:00:00,0.78,28.03,82.31,2.94
2019-10-02 20:00:00,0.96,27.92,83.15,2.99
2019-10-02 21:00:00,1.18,27.77,84.2,2.98
2019-10-02 22:00:00,1.65,27.62,85.18,2.97
2019-10-02 23:00:00,2.28,27.43,86.43,2.99
2019-10-03 00:00:00,3.05,27.22,87.78,3.04
2019-10-03 01:00:00,3.8,26.99,89.04,3.08
2019-10-03 02:00:00,3.96,26.79,89.66,3.06
2019-10-03 03:00:00,3.31,26.58,89.86,2.9
2019-10-03 04:00:00,2.69,26.41,89.65,2.59
2019-10-03 05:00:00,1.46,26.26,89.6,2.32
2019-10-03 06:00:00,1.04,26.29,89.12,2.4
2019-10-03 07:00:00,0.69,26.57,87.16,3.19
2019-10-03 08:00:00,0.18,26.88,85.93,3.83
2019-10-03 09:00:00,0.1,27.25,84.43,4.3
2019-10-03 10:00:00,0.06,27.57,82.84,4.52
2019-10-03 11:00:00,0.06,27.77,81.34,4.65
2019-10-03 12:00:00,0.05,27.89,80.19,4.77
2019-10-03 13:00:00,0.04,27.9,79.19,4.81
2019-10-03 14:00:00,0.03,27.88,78.51,4.8
2019-10-03 15:00:00,0.02,27.86,77.53,4.48
2019-10-03 16:00:00,0.02,27.83,76.5,3.92
2019-10-03 17:00:00,0.02,27.62,77.43,3.14
2019-10-03 18:00:00,0.01,27.4,78.92,2.48
2019-10-03 19:00:00,0.02,27.4,78.25,2.28
2019-10-03 20:00:00,0.02,27.42,77.69,2.13
2019-10-03 21:00:00,0.02,27.4,77.51,2.04
2019-10-03 22:00:00,0.03,27.33,77.69,2.01
2019-10-03 23:00:00,0.03,27.23,78.15,2.03
2019-10-04 00:00:00,0.03,27.1,78.67,2.04
2019-10-04 01:00:00,0.03,26.98,79.07,2.05
2019-10-04 02:00:00,0.03,26.93,78.93,1.96
2019-10-04 03:00:00,0.03,26.92,78.43,1.79
2019-10-04 04:00:00,0.03,27.0,77.15,1.55
2019-10-04 05:00:00,0.03,27.07,76.0,1.28
2019-10-04 06:00:00,0.03,27.17,76.24,1.11
2019-10-04 07:00:00,0.04,27.61,73.54,1.16
2019-10-04 08:00:00,0.08,27.97,72.09,1.19
2019-10-04 09:00:00,0.08,28.43,71.23,1.5
2019-10-04 10:00:00,0.09,28.78,71.41,2.09
2019-10-04 11:00:00,0.1,28.9,72.53,2.69
2019-10-04 12:00:00,0.1,28.81,74.0,3.26
2019-10-04 13:00:00,0.11,28.59,75.71,3.69
2019-10-04 14:00:00,0.09,28.43,76.84,3.98
2019-10-04 15:00:00,0.08,28.26,77.78,4.07
2019-10-04 16:00:00,0.08,28.03,79.13,4.1
2019-10-04 17:00:00,0.09,27.66,81.99,3.87
2019-10-04 18:00:00,0.09,27.35,84.75,3.58
2019-10-04 19:00:00,0.11,27.29,85.62,3.51
2019-10-04 20:00:00,0.15,27.25,86.12,3.25
2019-10-04 21:00:00,0.17,27.24,86.24,2.95
2019-10-04 22:00:00,0.19,27.22,86.28,2.73
2019-10-04 23:00:00,0.21,27.12,86.87,2.52
2019-10-05 00:00:00,0.24,27.0,87.42,2.27
2019-10-05 01:00:00,0.24,26.85,87.86,2.07
2019-10-05 02:00:00,0.22,26.71,87.95,1.82
2019-10-05 03:00:00,0.2,26.6,87.65,1.61
2019-10-05 04:00:00,0.23,26.55,87.01,1.56
2019-10-05 05:00:00,0.25,26.5,86.76,1.67
2019-10-05 06:00:00,0.32,26.58,86.5,1.8
2019-10-05 07:00:00,0.27,27.01,83.08,2.15
2019-10-05 08:00:00,0.34,27.32,80.54,2.05
2019-10-05 09:00:00,0.26,27.74,77.69,1.84
2019-10-05 10:00:00,0.26,28.25,74.03,1.97
2019-10-05 11:00:00,0.28,28.59,72.2,2.28
2019-10-05 12:00:00,0.29,28.81,71.13,2.47
2019-10-05 13:00:00,0.32,28.99,69.69,2.45
2019-10-05 14:00:00,0.36,29.08,68.38,2.32
2019-10-05 15:00:00,0.44,29.11,67.49,2.17
2019-10-05 16:00:00,0.48,29.02,67.59,2.17
2019-10-05 17:00:00,0.49,28.62,71.8,2.27
2019-10-05 18:00:00,0.51,28.15,77.29,2.5
2019-10-05 19:00:00,0.53,27.9,79.41,2.92
2019-10-05 20:00:00,0.62,27.71,81.3,3.2
2019-10-05 21:00:00,0.63,27.54,83.05,3.31
2019-10-05 22:00:00,0.68,27.42,84.33,3.4
2019-10-05 23:00:00,0.71,27.29,85.43,3.41
2019-10-06 00:00:00,0.74,27.16,86.25,3.41
2019-10-06 01:00:00,0.68,27.06,86.62,3.3
2019-10-06 02:00:00,0.55,26.94,87.25,3.05
2019-10-06 03:00:00,0.36,26.84,87.49,2.65
2019-10-06 04:00:00,0.24,26.69,87.66,2.21
2019-10-06 05:00:00,0.2,26.56,87.1,1.83
2019-10-06 06:00:00,0.27,26.55,86.49,1.67
2019-10-06 07:00:00,0.33,26.86,83.45,2.02
2019-10-06 08:00:00,0.44,27.06,80.43,2.31
2019-10-06 09:00:00,0.42,27.32,77.0,2.25
2019-10-06 10:00:00,0.46,27.56,74.43,2.19
2019-10-06 11:00:00,0.52,27.73,73.25,2.3
2019-10-06 12:00:00,0.58,27.82,73.09,2.58
2019-10-06 13:00:00,0.64,27.85,73.17,2.86
2019-10-06 14:00:00,0.6,27.79,73.34,3.07
2019-10-06 15:00:00,0.53,27.68,73.25,3.12
2019-10-06 16:00:00,0.44,27.55,73.26,2.91
2019-10-06 17:00:00,0.34,27.32,75.38,2.39
2019-10-06 18:00:00,0.26,27.16,76.7,1.89
2019-10-06 19:00:00,0.25,27.17,76.0,1.58
2019-10-06 20:00:00,0.26,27.24,75.03,1.35
2019-10-06 21:00:00,0.31,27.33,74.14,1.27
2019-10-06 22:00:00,0.34,27.35,74.27,1.35
2019-10-06 23:00:00,0.36,27.32,75.07,1.51
2019-10-07 00:00:00,0.4,27.27,76.24,1.67
2019-10-07 01:00:00,0.48,27.2,77.38,1.73
2019-10-07 02:00:00,0.5,27.14,78.21,1.7
2019-10-07 03:00:00,0.54,27.09,78.72,1.57
2019-10-07 04:00:00,0.56,27.07,79.07,1.46
2019-10-07 05:00:00,0.6,27.04,79.58,1.4
2019-10-07 06:00:00,0.65,27.06,80.78,1.41
2019-10-07 07:00:00,0.55,27.35,79.74,1.56
2019-10-07 08:00:00,0.29,27.51,78.96,1.53
2019-10-07 09:00:00,0.3,27.61,79.12,1.72
2019-10-07 10:00:00,0.27,27.69,79.8,2.27
2019-10-07 11:00:00,0.26,27.93,79.83,2.97
2019-10-07 12:00:00,0.29,28.19,79.49,3.68
2019-10-07 13:00:00,0.28,28.33,78.77,4.19
2019-10-07 14:00:00,0.27,28.35,78.18,4.37
2019-10-07 15:00:00,0.27,28.32,77.78,4.38
2019-10-07 16:00:00,0.24,28.15,78.53,4.25
2019-10-07 17:00:00,0.25,27.86,80.83,3.82
2019-10-07 18:00:00,0.26,27.57,83.25,3.37
2019-10-07 19:00:00,0.26,27.5,83.61,3.2
2019-10-07 20:00:00,0.26,27.45,83.77,3.1
2019-10-07 21:00:00,0.27,27.4,83.91,3.01
2019-10-07 22:00:00,0.31,27.37,83.87,2.92
2019-10-07 23:00:00,0.34,27.29,84.05,2.89
2019-10-08 00:00:00,0.39,27.2,84.3,2.86
2019-10-08 01:00:00,0.38,27.12,84.49,2.86
2019-10-08 02:00:00,0.43,27.02,84.69,2.76
2019-10-08 03:00:00,0.5,26.9,84.87,2.6
2019-10-08 04:00:00,0.48,26.83,84.8,2.4
2019-10-08 05:00:00,0.46,26.8,84.45,2.21
2019-10-08 06:00:00,0.34,26.97,84.2,2.02
2019-10-08 07:00:00,0.26,27.58,81.43,2.3
2019-10-08 08:00:00,0.14,27.97,79.46,2.47
2019-10-08 09:00:00,0.11,28.27,78.48,2.61
2019-10-08 10:00:00,0.13,28.42,78.27,3.0
2019-10-08 11:00:00,0.15,28.46,78.23,3.5
2019-10-08 12:00:00,0.16,28.5,78.71,3.97
2019-10-08 13:00:00,0.2,28.49,78.96,4.28
2019-10-08 14:00:00,0.21,28.46,79.09,4.47
2019-10-08 15:00:00,0.22,28.4,79.15,4.49
2019-10-08 16:00:00,0.25,28.29,79.4,4.34
2019-10-08 17:00:00,0.29,28.0,81.59,3.88
2019-10-08 18:00:00,0.34,27.7,84.04,3.41
2019-10-08 19:00:00,0.42,27.62,84.54,3.18
2019-10-08 20:00:00,0.49,27.57,84.85,2.87
2019-10-08 21:00:00,0.6,27.53,85.06,2.59
2019-10-08 22:00:00,0.64,27.47,85.34,2.4
2019-10-08 23:00:00,0.59,27.38,85.74,2.38
2019-10-09 00:00:00,0.48,27.31,85.98,2.42
2019-10-09 01:00:00,0.3,27.2,86.33,2.48
2019-10-09 02:00:00,0.14,27.12,86.37,2.47
2019-10-09 03:00:00,0.07,27.08,85.95,2.47
2019-10-09 04:00:00,0.04,27.09,85.19,2.43
2019-10-09 05:00:00,0.02,27.12,84.42,2.3
2019-10-09 06:00:00,0.02,27.37,83.46,1.98
2019-10-09 07:00:00,0.03,27.97,80.58,2.24
2019-10-09 08:00:00,0.14,28.29,78.96,2.57
2019-10-09 09:00:00,0.27,28.53,78.32,2.59
2019-10-09 10:00:00,0.32,28.71,77.81,2.61
2019-10-09 11:00:00,0.4,28.79,77.77,2.94
2019-10-09 12:00:00,0.41,28.78,78.02,3.37
2019-10-09 13:00:00,0.39,28.74,78.26,3.73
2019-10-09 14:00:00,0.33,28.67,78.34,4.01
2019-10-09 15:00:00,0.28,28.56,79.03,4.28
2019-10-09 16:00:00,0.18,28.45,80.25,4.31
2019-10-09 17:00:00,0.18,28.23,82.23,4.08
2019-10-09 18:00:00,0.18,28.09,82.87,4.05
2019-10-09 19:00:00,0.21,28.06,82.87,4.04
2019-10-09 20:00:00,0.24,28.03,82.98,3.86
2019-10-09 21:00:00,0.26,27.99,83.23,3.59
2019-10-09 22:00:00,0.35,27.93,83.42,3.38
2019-10-09 23:00:00,0.45,27.85,83.75,3.28
2019-10-10 00:00:00,0.49,27.74,84.18,3.17
2019-10-10 01:00:00,0.53,27.63,84.65,3.06
2019-10-10 02:00:00,0.52,27.53,85.02,2.9
2019-10-10 03:00:00,0.57,27.47,84.96,2.57
2019-10-10 04:00:00,0.47,27.47,84.2,2.08
2019-10-10 05:00:00,0.51,27.47,83.38,1.58
2019-10-10 06:00:00,0.55,27.43,83.16,1.1
2019-10-10 07:00:00,0.63,27.47,82.76,0.62
2019-10-10 08:00:00,0.21,27.46,80.31,0.34
2019-10-10 09:00:00,0.2,27.4,78.91,0.24
2019-10-10 10:00:00,0.17,27.44,77.55,0.55
2019-10-10 11:00:00,0.16,27.65,75.96,1.1
2019-10-10 12:00:00,0.17,27.89,74.39,1.43
2019-10-10 13:00:00,0.14,28.09,73.55,1.5
2019-10-10 14:00:00,0.12,28.19,73.71,1.71
2019-10-10 15:00:00,0.12,28.15,74.71,2.16
2019-10-10 16:00:00,0.09,27.98,76.15,2.53
2019-10-10 17:00:00,0.09,27.69,79.11,2.49
2019-10-10 18:00:00,0.09,27.45,81.97,2.3
2019-10-10 19:00:00,0.1,27.37,82.76,2.28
2019-10-10 20:00:00,0.11,27.33,83.14,2.27
2019-10-10 21:00:00,0.15,27.27,83.58,2.29
2019-10-10 22:00:00,0.16,27.2,84.05,2.35
2019-10-10 23:00:00,0.2,27.12,84.57,2.41
2019-10-11 00:00:00,0.23,27.01,85.23,2.47
2019-10-11 01:00:00,0.28,26.94,85.56,2.49
2019-10-11 02:00:00,0.31,26.88,85.65,2.33
2019-10-11 03:00:00,0.29,26.92,84.73,1.96
2019-10-11 04:00:00,0.31,27.02,83.38,1.61
2019-10-11 05:00:00,0.31,27.14,81.92,1.28
2019-10-11 06:00:00,0.31,27.32,81.12,1.01
2019-10-11 07:00:00,0.34,27.69,79.59,1.02
2019-10-11 08:00:00,0.69,27.98,78.12,1.12
2019-10-11 09:00:00,0.7,28.21,77.47,1.29
2019-10-11 10:00:00,0.62,28.4,76.5,1.45
2019-10-11 11:00:00,0.54,28.54,75.82,1.57
2019-10-11 12:00:00,0.56,28.63,75.63,1.78
2019-10-11 13:00:00,0.59,28.61,76.04,2.12
2019-10-11 14:00:00,0.51,28.48,76.86,2.53
2019-10-11 15:00:00,0.49,28.27,78.21,2.89
2019-10-11 16:00:00,0.54,27.99,80.13,3.05
2019-10-11 17:00:00,0.61,27.64,83.23,3.06
2019-10-11 18:00:00,0.61,27.4,85.54,3.12
2019-10-11 19:00:00,0.62,27.27,86.77,3.3
2019-10-11 20:00:00,0.72,27.19,87.45,3.39
2019-10-11 21:00:00,0.98,27.11,87.97,3.55
2019-10-11 22:00:00,1.29,27.03,88.33,3.75
2019-10-11 23:00:00,1.62,26.94,88.49,3.93
2019-10-12 00:00:00,1.78,26.83,88.33,4.15
2019-10-12 01:00:00,1.77,26.72,88.03,4.25
2019-10-12 02:00:00,1.36,26.61,87.43,4.09
2019-10-12 03:00:00,1.05,26.53,86.52,3.82
2019-10-12 04:00:00,0.81,26.48,85.79,3.7
2019-10-12 05:00:00,0.48,26.46,85.17,3.53
2019-10-12 06:00:00,0.3,26.7,84.15,3.24
2019-10-12 07:00:00,0.25,27.35,80.02,3.11
2019-10-12 08:00:00,0.18,27.73,77.81,2.61
2019-10-12 09:00:00,0.19,28.09,75.77,2.15
2019-10-12 10:00:00,0.18,28.36,73.85,1.77
2019-10-12 11:00:00,0.2,28.6,72.39,1.59
2019-10-12 12:00:00,0.22,28.83,71.79,1.77
2019-10-12 13:00:00,0.25,28.96,71.7,2.11
2019-10-12 14:00:00,0.26,28.88,72.39,2.54
2019-10-12 15:00:00,0.25,28.61,74.29,2.95
2019-10-12 16:00:00,0.3,28.31,76.2,3.05
2019-10-12 17:00:00,0.35,27.94,79.07,2.93
2019-10-12 18:00:00,0.4,27.68,81.58,2.77
2019-10-12 19:00:00,0.4,27.57,82.61,2.75
2019-10-12 20:00:00,0.42,27.39,83.6,2.66
2019-10-12 21:00:00,0.49,27.21,84.51,2.53
2019-10-12 22:00:00,0.52,27.01,85.41,2.41
2019-10-12 23:00:00,0.53,26.83,86.27,2.27
2019-10-13 00:00:00,0.64,26.66,86.92,2.1
2019-10-13 01:00:00,0.74,26.53,87.29,1.92
2019-10-13 02:00:00,0.71,26.46,87.3,1.73
2019-10-13 03:00:00,0.57,26.43,87.08,1.56
2019-10-13 04:00:00,0.49,26.44,86.65,1.44
2019-10-13 05:00:00,0.31,26.48,86.04,1.32
2019-10-13 06:00:00,0.29,26.68,85.54,1.2
2019-10-13 07:00:00,0.29,27.12,83.02,1.4
2019-10-13 08:00:00,0.52,27.47,81.85,1.61
2019-10-13 09:00:00,0.5,27.84,80.25,1.69
2019-10-13 10:00:00,0.55,28.07,78.82,1.82
2019-10-13 11:00:00,0.73,28.14,78.51,2.2
2019-10-13 12:00:00,0.84,28.17,78.83,2.76
2019-10-13 13:00:00,0.89,28.14,79.61,3.35
2019-10-13 14:00:00,0.87,28.0,80.76,3.8
2019-10-13 15:00:00,0.89,27.87,81.44,3.88
2019-10-13 16:00:00,1.02,27.77,81.77,3.69
2019-10-13 17:00:00,1.31,27.63,83.09,3.3
2019-10-13 18:00:00,1.44,27.51,84.22,2.88
2019-10-13 19:00:00,1.52,27.5,84.3,2.7
2019-10-13 20:00:00,1.59,27.49,84.29,2.48
2019-10-13 21:00:00,1.69,27.42,84.5,2.24
2019-10-13 22:00:00,1.64,27.29,85.06,2.06
2019-10-13 23:00:00,1.65,27.1,85.84,1.86
2019-10-14 00:00:00,1.52,26.91,86.47,1.6
2019-10-14 01:00:00,1.33,26.78,86.67,1.31
2019-10-14 02:00:00,0.93,26.73,86.38,1.03
2019-10-14 03:00:00,0.59,26.8,85.39,0.71
2019-10-14 04:00:00,0.27,26.88,84.47,0.36
2019-10-14 05:00:00,0.16,26.97,83.92,0.57
2019-10-14 06:00:00,0.19,27.09,84.69,1.07
2019-10-14 07:00:00,0.26,27.59,83.14,1.84
2019-10-14 08:00:00,0.17,28.09,81.23,2.3
2019-10-14 09:00:00,0.19,28.55,79.2,2.16
2019-10-14 10:00:00,0.19,28.87,77.44,1.99
2019-10-14 11:00:00,0.21,28.92,77.16,2.36
2019-10-14 12:00:00,0.35,28.84,77.78,2.88
2019-10-14 13:00:00,0.48,28.76,78.35,3.29
2019-10-14 14:00:00,0.66,28.66,78.72,3.47
2019-10-14 15:00:00,0.59,28.51,79.35,3.44
2019-10-14 16:00:00,0.64,28.38,79.93,3.38
2019-10-14 17:00:00,0.71,28.19,81.6,3.07
2019-10-14 18:00:00,0.92,28.01,83.23,2.66
2019-10-14 19:00:00,1.17,27.98,83.36,2.43
2019-10-14 20:00:00,1.55,27.92,83.58,2.19
2019-10-14 21:00:00,1.9,27.83,83.96,2.03
2019-10-14 22:00:00,2.23,27.7,84.55,1.87
2019-10-14 23:00:00,2.41,27.55,85.22,1.76
2019-10-15 00:00:00,2.4,27.36,85.9,1.64
2019-10-15 01:00:00,2.26,27.2,86.3,1.51
2019-10-15 02:00:00,1.7,27.06,86.63,1.49
2019-10-15 03:00:00,1.19,26.95,86.93,1.54
2019-10-15 04:00:00,0.71,26.87,87.4,1.73
2019-10-15 05:00:00,0.36,26.85,87.7,1.97
2019-10-15 06:00:00,0.29,26.96,87.79,2.17
2019-10-15 07:00:00,0.47,27.36,85.79,2.62
2019-10-15 08:00:00,0.11,27.67,84.16,2.64
2019-10-15 09:00:00,0.15,27.98,82.38,2.34
2019-10-15 10:00:00,0.17,28.25,80.61,1.91
2019-10-15 11:00:00,0.17,28.48,78.62,1.45
2019-10-15 12:00:00,0.17,28.63,77.12,1.35
2019-10-15 13:00:00,0.18,28.65,76.78,1.78
2019-10-15 14:00:00,0.17,28.65,77.2,2.32
2019-10-15 15:00:00,0.19,28.53,78.5,2.79
2019-10-15 16:00:00,0.22,28.36,79.92,2.96
2019-10-15 17:00:00,0.28,28.08,82.56,2.76
2019-10-15 18:00:00,0.42,27.92,84.14,2.48
2019-10-15 19:00:00,0.51,27.85,84.42,2.2
2019-10-15 20:00:00,0.54,27.79,84.38,1.87
2019-10-15 21:00:00,0.55,27.71,84.25,1.63
2019-10-15 22:00:00,0.53,27.62,84.25,1.44
2019-10-15 23:00:00,0.49,27.52,84.44,1.35
2019-10-16 00:00:00,0.44,27.42,84.74,1.37
2019-10-16 01:00:00,0.42,27.29,85.32,1.45
2019-10-16 02:00:00,0.41,27.21,86.07,1.71
2019-10-16 03:00:00,0.42,27.17,86.74,1.98
2019-10-16 04:00:00,0.43,27.13,87.09,1.99
2019-10-16 05:00:00,0.44,27.13,86.84,1.79
2019-10-16 06:00:00,0.42,27.27,86.24,1.46
2019-10-16 07:00:00,0.4,27.66,84.06,1.45
2019-10-16 08:00:00,0.44,27.92,82.41,1.32
2019-10-16 09:00:00,0.52,28.2,80.76,1.13
2019-10-16 10:00:00,0.63,28.41,79.42,1.08
2019-10-16 11:00:00,0.76,28.61,78.04,1.06
2019-10-16 12:00:00,0.88,28.8,76.8,1.18
2019-10-16 13:00:00,1.03,28.89,76.06,1.35
2019-10-16 14:00:00,1.24,28.89,76.01,1.75
2019-10-16 15:00:00,1.51,28.66,78.03,2.47
2019-10-16 16:00:00,1.87,28.25,81.58,3.18
2019-10-16 17:00:00,2.4,27.74,85.53,3.5
2019-10-16 18:00:00,3.16,27.42,87.77,3.78
2019-10-16 19:00:00,4.23,27.28,88.7,4.01
2019-10-16 20:00:00,5.48,27.19,89.38,4.02
2019-10-16 21:00:00,6.38,27.09,89.86,3.95
2019-10-16 22:00:00,5.99,27.02,90.05,3.89
2019-10-16 23:00:00,4.22,26.93,90.13,3.81
2019-10-17 00:00:00,2.7,26.82,90.11,3.75
2019-10-17 01:00:00,1.83,26.72,89.71,3.63
2019-10-17 02:00:00,1.23,26.64,89.0,3.49
2019-10-17 03:00:00,0.77,26.56,88.27,3.33
2019-10-17 04:00:00,0.44,26.49,87.42,3.2
2019-10-17 05:00:00,0.34,26.47,86.29,3.05
2019-10-17 06:00:00,0.42,26.63,85.27,2.96
2019-10-17 07:00:00,0.69,27.2,81.45,3.26
2019-10-17 08:00:00,1.43,27.63,79.29,3.29
2019-10-17 09:00:00,1.52,28.01,77.19,3.27
2019-10-17 10:00:00,1.27,28.22,75.81,3.3
2019-10-17 11:00:00,0.91,28.23,75.62,3.42
2019-10-17 12:00:00,0.69,28.15,76.15,3.6
2019-10-17 13:00:00,0.63,28.06,76.65,3.71
2019-10-17 14:00:00,0.56,28.0,76.91,3.81
2019-10-17 15:00:00,0.51,27.96,77.04,3.89
2019-10-17 16:00:00,0.46,27.88,77.72,3.95
2019-10-17 17:00:00,0.38,27.6,80.76,3.78
2019-10-17 18:00:00,0.29,27.36,82.53,3.97
2019-10-17 19:00:00,0.21,27.29,83.32,4.32
2019-10-17 20:00:00,0.19,27.21,84.41,4.56
2019-10-17 21:00:00,0.2,27.11,85.67,4.8
2019-10-17 22:00:00,0.25,27.01,86.59,4.91
2019-10-17 23:00:00,0.39,26.92,87.03,4.66
2019-10-18 00:00:00,0.59,26.87,86.68,4.22
2019-10-18 01:00:00,0.75,26.77,87.05,4.18
2019-10-18 02:00:00,0.77,26.71,87.18,4.22
2019-10-18 03:00:00,0.77,26.69,87.01,4.17
2019-10-18 04:00:00,0.76,26.68,87.09,4.2
2019-10-18 05:00:00,0.81,26.69,87.2,4.22
2019-10-18 06:00:00,0.62,26.87,86.9,4.32
2019-10-18 07:00:00,0.44,27.46,84.39,4.81
2019-10-18 08:00:00,0.92,27.81,83.1,4.94
2019-10-18 09:00:00,0.76,28.18,81.76,4.92
2019-10-18 10:00:00,0.69,28.41,80.75,4.8
2019-10-18 11:00:00,0.57,28.52,79.91,4.68
2019-10-18 12:00:00,0.63,28.58,79.38,4.54
2019-10-18 13:00:00,0.56,28.57,79.4,4.46
2019-10-18 14:00:00,0.51,28.54,79.7,4.43
2019-10-18 15:00:00,0.74,28.4,80.62,4.42
2019-10-18 16:00:00,0.93,28.16,82.68,4.23
2019-10-18 17:00:00,1.0,27.86,85.23,4.03
2019-10-18 18:00:00,1.14,27.67,86.32,4.14
2019-10-18 19:00:00,0.99,27.61,86.61,4.25
2019-10-18 20:00:00,1.07,27.53,86.83,4.12
2019-10-18 21:00:00,0.94,27.4,86.96,3.84
2019-10-18 22:00:00,0.59,27.27,86.88,3.46
2019-10-18 23:00:00,0.39,27.14,86.59,3.05
2019-10-19 00:00:00,0.21,27.01,86.22,2.64
2019-10-19 01:00:00,0.15,26.93,85.63,2.28
2019-10-19 02:00:00,0.07,26.87,85.05,2.07
2019-10-19 03:00:00,0.04,26.86,84.42,1.96
2019-10-19 04:00:00,0.03,26.86,84.0,1.9
2019-10-19 05:00:00,0.04,26.87,83.7,1.89
2019-10-19 06:00:00,0.06,26.98,83.86,1.9
2019-10-19 07:00:00,0.18,27.54,81.31,2.16
2019-10-19 08:00:00,0.05,27.97,79.25,2.21
2019-10-19 09:00:00,0.05,28.4,77.54,2.05
2019-10-19 10:00:00,0.07,28.71,75.68,1.81
2019-10-19 11:00:00,0.11,28.99,73.88,1.64
2019-10-19 12:00:00,0.19,29.17,73.11,1.69
2019-10-19 13:00:00,0.26,29.22,73.0,1.9
2019-10-19 14:00:00,0.32,29.17,73.52,2.28
2019-10-19 15:00:00,0.44,28.99,74.56,2.66
2019-10-19 16:00:00,0.59,28.74,76.24,2.86
2019-10-19 17:00:00,0.81,28.38,79.53,2.78
2019-10-19 18:00:00,1.06,28.13,82.0,2.75
2019-10-19 19:00:00,1.26,27.97,83.28,2.85
2019-10-19 20:00:00,1.52,27.77,84.52,2.92
2019-10-19 21:00:00,1.91,27.55,85.84,3.11
2019-10-19 22:00:00,2.26,27.34,87.06,3.37
2019-10-19 23:00:00,2.53,27.15,88.04,3.56
2019-10-20 00:00:00,2.77,26.97,88.96,3.69
2019-10-20 01:00:00,2.87,26.82,89.78,3.63
2019-10-20 02:00:00,2.51,26.72,90.06,3.4
2019-10-20 03:00:00,2.04,26.64,90.03,3.05
2019-10-20 04:00:00,1.59,26.59,89.8,2.72
2019-10-20 05:00:00,1.29,26.58,89.19,2.46
2019-10-20 06:00:00,1.05,26.62,89.0,2.38
2019-10-20 07:00:00,0.88,26.89,87.62,2.63
2019-10-20 08:00:00,1.35,27.12,86.04,2.98
2019-10-20 09:00:00,1.23,27.42,84.24,3.05
2019-10-20 10:00:00,1.18,27.67,82.2,3.1
2019-10-20 11:00:00,1.18,27.75,81.56,3.37
2019-10-20 12:00:00,1.25,27.7,82.32,3.87
2019-10-20 13:00:00,1.34,27.53,83.51,4.4
2019-10-20 14:00:00,1.31,27.39,84.15,4.7
2019-10-20 15:00:00,1.37,27.28,84.32,4.64
2019-10-20 16:00:00,1.46,27.15,84.64,4.45
2019-10-20 17:00:00,1.59,26.97,85.71,4.07
2019-10-20 18:00:00,1.74,26.86,86.27,3.87
2019-10-20 19:00:00,2.03,26.83,86.48,3.85
2019-10-20 20:00:00,2.8,26.74,87.13,3.92
2019-10-20 21:00:00,3.8,26.61,88.0,4.09
2019-10-20 22:00:00,4.83,26.49,88.87,4.26
2019-10-20 23:00:00,5.99,26.39,89.48,4.43
2019-10-21 00:00:00,7.11,26.28,90.09,4.61
2019-10-21 01:00:00,8.11,26.23,90.56,4.8
2019-10-21 02:00:00,8.98,26.19,91.11,4.8
2019-10-21 03:00:00,9.72,26.16,91.64,4.63
2019-10-21 04:00:00,10.44,26.19,92.11,4.43
2019-10-21 05:00:00,10.68,26.22,92.53,4.34
2019-10-21 06:00:00,10.11,26.38,92.16,4.47
2019-10-21 07:00:00,8.64,26.66,91.41,4.9
2019-10-21 08:00:00,4.91,26.88,90.59,5.43
2019-10-21 09:00:00,3.11,27.11,89.25,5.76
2019-10-21 10:00:00,1.77,27.24,88.02,5.71
2019-10-21 11:00:00,1.09,27.3,87.07,5.42
2019-10-21 12:00:00,0.79,27.32,86.32,5.07
2019-10-21 13:00:00,0.62,27.28,85.93,4.73
2019-10-21 14:00:00,0.45,27.2,85.37,4.31
2019-10-21 15:00:00,0.31,27.1,85.15,3.89
2019-10-21 16:00:00,0.2,26.99,85.32,3.47
2019-10-21 17:00:00,0.14,26.83,86.82,2.95
2019-10-21 18:00:00,0.13,26.76,87.41,2.58
2019-10-21 19:00:00,0.14,26.79,87.13,2.41
2019-10-21 20:00:00,0.19,26.78,87.2,2.3
2019-10-21 21:00:00,0.24,26.74,87.41,2.28
2019-10-21 22:00:00,0.22,26.66,87.73,2.27
2019-10-21 23:00:00,0.19,26.56,87.94,2.26
2019-10-22 00:00:00,0.14,26.42,88.11,2.36
2019-10-22 01:00:00,0.13,26.28,88.18,2.6
2019-10-22 02:00:00,0.11,26.15,88.02,2.71
2019-10-22 03:00:00,0.06,26.06,88.11,2.68
2019-10-22 04:00:00,0.04,26.06,88.03,2.67
2019-10-22 05:00:00,0.02,26.06,88.03,2.66
2019-10-22 06:00:00,0.02,26.19,87.99,2.62
2019-10-22 07:00:00,0.01,26.65,86.33,2.91
2019-10-22 08:00:00,0.03,26.9,84.95,3.11
2019-10-22 09:00:00,0.07,27.03,84.85,3.17
2019-10-22 10:00:00,0.12,27.09,85.05,3.46
2019-10-22 11:00:00,0.15,27.19,84.93,3.93
2019-10-22 12:00:00,0.26,27.27,84.46,4.46
2019-10-22 13:00:00,0.35,27.35,83.57,4.79
2019-10-22 14:00:00,0.31,27.41,82.36,4.88
2019-10-22 15:00:00,0.4,27.41,81.23,4.77
2019-10-22 16:00:00,0.43,27.22,81.39,4.5
2019-10-22 17:00:00,0.49,26.82,83.74,4.0
2019-10-22 18:00:00,0.53,26.48,85.83,3.43
2019-10-22 19:00:00,0.52,26.34,86.26,3.12
2019-10-22 20:00:00,0.52,26.27,86.22,2.95
2019-10-22 21:00:00,0.48,26.2,86.03,2.94
2019-10-22 22:00:00,0.45,26.16,85.36,3.01
2019-10-22 23:00:00,0.42,26.18,84.22,3.12
2019-10-23 00:00:00,0.32,26.22,83.11,3.23
2019-10-23 01:00:00,0.26,26.27,82.29,3.37
2019-10-23 02:00:00,0.22,26.31,81.82,3.47
2019-10-23 03:00:00,0.14,26.33,81.56,3.5
2019-10-23 04:00:00,0.12,26.35,81.53,3.49
2019-10-23 05:00:00,0.07,26.4,81.52,3.46
2019-10-23 06:00:00,0.1,26.63,81.39,3.4
2019-10-23 07:00:00,0.28,27.32,79.0,3.75
2019-10-23 08:00:00,0.62,27.78,77.03,3.94
2019-10-23 09:00:00,1.07,28.12,76.66,3.91
2019-10-23 10:00:00,1.7,28.32,76.85,4.08
2019-10-23 11:00:00,2.21,28.37,77.7,4.41
2019-10-23 12:00:00,2.46,28.32,78.8,4.78
2019-10-23 13:00:00,2.34,28.23,79.52,5.04
2019-10-23 14:00:00,2.04,28.08,79.84,5.08
2019-10-23 15:00:00,1.78,27.91,80.09,4.88
2019-10-23 16:00:00,1.77,27.69,80.6,4.51
2019-10-23 17:00:00,1.72,27.31,82.72,3.8
2019-10-23 18:00:00,1.64,26.93,84.65,3.2
2019-10-23 19:00:00,1.71,26.74,85.31,2.89
2019-10-23 20:00:00,1.79,26.56,86.12,2.71
2019-10-23 21:00:00,1.97,26.37,87.07,2.63
2019-10-23 22:00:00,2.07,26.2,87.93,2.63
2019-10-23 23:00:00,1.89,26.08,88.56,2.7
2019-10-24 00:00:00,1.71,25.98,89.01,2.83
2019-10-24 01:00:00,1.71,25.89,89.18,2.96
2019-10-24 02:00:00,1.71,25.83,89.12,2.93
2019-10-24 03:00:00,1.67,25.83,88.55,2.83
2019-10-24 04:00:00,1.54,25.9,87.57,2.86
2019-10-24 05:00:00,1.36,26.01,86.32,3.0
2019-10-24 06:00:00,1.23,26.26,84.66,3.2
2019-10-24 07:00:00,1.24,26.81,81.71,3.62
2019-10-24 08:00:00,0.6,27.21,78.53,3.82
2019-10-24 09:00:00,0.64,27.49,76.79,3.56
2019-10-24 10:00:00,0.63,27.78,75.29,3.46
2019-10-24 11:00:00,0.65,28.0,74.57,3.61
2019-10-24 12:00:00,0.62,28.1,74.77,3.9
2019-10-24 13:00:00,0.57,28.09,75.42,4.18
2019-10-24 14:00:00,0.5,27.99,76.37,4.47
2019-10-24 15:00:00,0.48,27.83,77.58,4.72
2019-10-24 16:00:00,0.43,27.6,79.34,4.83
2019-10-24 17:00:00,0.41,27.28,82.23,4.58
2019-10-24 18:00:00,0.45,27.08,83.56,4.5
2019-10-24 19:00:00,0.49,27.05,83.69,4.47
2019-10-24 20:00:00,0.55,27.08,83.34,4.32
2019-10-24 21:00:00,0.61,27.1,83.12,4.25
2019-10-24 22:00:00,0.69,27.09,83.12,4.2
2019-10-24 23:00:00,0.78,27.03,83.24,4.19
2019-10-25 00:00:00,0.82,26.97,83.17,4.13
2019-10-25 01:00:00,0.71,26.91,83.09,4.06
2019-10-25 02:00:00,0.39,26.93,82.4,3.83
2019-10-25 03:00:00,0.16,26.98,81.34,3.45
2019-10-25 04:00:00,0.08,27.06,80.18,3.12
2019-10-25 05:00:00,0.08,27.18,78.86,2.92
2019-10-25 06:00:00,0.13,27.42,78.22,2.75
2019-10-25 07:00:00,0.21,28.07,75.95,2.89
2019-10-25 08:00:00,0.54,28.52,73.37,3.47
2019-10-25 09:00:00,0.42,28.77,73.49,3.82
2019-10-25 10:00:00,0.35,28.91,73.99,4.03
2019-10-25 11:00:00,0.31,28.95,74.47,4.14
2019-10-25 12:00:00,0.33,28.98,74.91,4.24
2019-10-25 13:00:00,0.38,28.92,75.35,4.37
2019-10-25 14:00:00,0.53,28.84,75.58,4.38
2019-10-25 15:00:00,0.7,28.7,75.87,4.39
2019-10-25 16:00:00,0.83,28.5,76.55,4.39
2019-10-25 17:00:00,0.87,28.07,79.79,4.15
2019-10-25 18:00:00,0.73,27.71,82.31,3.9
2019-10-25 19:00:00,0.59,27.56,82.84,3.78
2019-10-25 20:00:00,0.5,27.43,83.36,3.95
2019-10-25 21:00:00,0.4,27.27,84.18,4.32
2019-10-25 22:00:00,0.39,27.08,85.31,4.77
2019-10-25 23:00:00,0.38,26.98,85.71,5.11
2019-10-26 00:00:00,0.36,26.91,85.96,5.32
2019-10-26 01:00:00,0.32,26.85,86.11,5.5
2019-10-26 02:00:00,0.29,26.75,86.3,5.49
2019-10-26 03:00:00,0.26,26.71,86.07,5.29
2019-10-26 04:00:00,0.19,26.69,85.62,5.08
2019-10-26 05:00:00,0.14,26.71,85.08,4.89
2019-10-26 06:00:00,0.08,26.83,84.68,4.69
2019-10-26 07:00:00,0.08,27.33,82.6,4.85
2019-10-26 08:00:00,0.02,27.58,81.28,4.83
2019-10-26 09:00:00,0.02,27.76,80.46,4.61
2019-10-26 10:00:00,0.04,27.91,79.44,4.36
2019-10-26 11:00:00,0.08,27.91,79.3,4.15
2019-10-26 12:00:00,0.11,27.97,78.82,3.97
2019-10-26 13:00:00,0.14,28.02,78.03,3.81
2019-10-26 14:00:00,0.14,28.11,77.13,3.62
2019-10-26 15:00:00,0.1,28.16,76.44,3.42
2019-10-26 16:00:00,0.06,28.14,75.96,3.23
2019-10-26 17:00:00,0.04,27.92,78.24,2.9
2019-10-26 18:00:00,0.03,27.68,80.72,2.66
2019-10-26 19:00:00,0.02,27.54,81.24,2.65
2019-10-26 20:00:00,0.02,27.37,81.98,2.56
2019-10-26 21:00:00,0.02,27.16,82.83,2.42
2019-10-26 22:00:00,0.02,26.97,83.17,2.25
2019-10-26 23:00:00,0.02,26.83,83.24,2.14
2019-10-27 00:00:00,0.02,26.74,82.72,2.02
2019-10-27 01:00:00,0.05,26.71,79.74,1.99
2019-10-27 02:00:00,0.09,26.66,75.45,1.82
2019-10-27 03:00:00,0.07,26.46,73.85,1.65
2019-10-27 04:00:00,0.03,26.18,74.41,1.66
2019-10-27 05:00:00,0.01,25.95,74.81,1.76
2019-10-27 06:00:00,0.0,25.87,75.5,2.03
2019-10-27 07:00:00,0.0,26.26,72.37,2.53
2019-10-27 08:00:00,0.0,26.63,68.59,2.71
2019-10-27 09:00:00,0.01,27.14,66.09,2.6
2019-10-27 10:00:00,0.03,27.78,63.38,2.35
2019-10-27 11:00:00,0.06,28.26,61.7,2.14
2019-10-27 12:00:00,0.07,28.54,61.1,2.06
2019-10-27 13:00:00,0.06,28.67,61.17,2.23
2019-10-27 14:00:00,0.04,28.67,62.16,2.72
2019-10-27 15:00:00,0.02,28.53,63.56,3.1
2019-10-27 16:00:00,0.02,28.3,65.8,3.24
2019-10-27 17:00:00,0.03,27.88,70.22,2.98
2019-10-27 18:00:00,0.03,27.58,72.75,2.92
2019-10-27 19:00:00,0.03,27.48,73.28,3.01
2019-10-27 20:00:00,0.03,27.42,73.5,3.04
2019-10-27 21:00:00,0.02,27.3,73.86,3.05
2019-10-27 22:00:00,0.02,27.11,74.45,3.02
2019-10-27 23:00:00,0.01,26.83,75.68,2.92
2019-10-28 00:00:00,0.02,26.5,77.34,2.75
2019-10-28 01:00:00,0.03,26.14,79.23,2.55
2019-10-28 02:00:00,0.03,25.8,81.01,2.31
2019-10-28 03:00:00,0.03,25.55,82.31,2.17
2019-10-28 04:00:00,0.03,25.46,82.69,2.03
2019-10-28 05:00:00,0.05,25.57,81.24,1.77
2019-10-28 06:00:00,0.08,26.0,78.51,1.42
2019-10-28 07:00:00,0.13,26.7,76.39,1.49
2019-10-28 08:00:00,0.36,27.26,73.78,1.8
2019-10-28 09:00:00,0.23,27.68,72.41,1.88
2019-10-28 10:00:00,0.11,28.0,69.83,1.44
2019-10-28 11:00:00,0.05,28.46,66.09,0.89
2019-10-28 12:00:00,0.04,29.04,62.88,0.85
2019-10-28 13:00:00,0.06,29.55,60.47,1.1
2019-10-28 14:00:00,0.08,29.89,58.77,1.2
2019-10-28 15:00:00,0.08,30.04,58.21,1.24
2019-10-28 16:00:00,0.04,29.97,60.4,1.57
2019-10-28 17:00:00,0.03,29.47,68.35,1.94
2019-10-28 18:00:00,0.03,29.0,71.74,2.31
2019-10-28 19:00:00,0.03,28.66,74.28,2.56
2019-10-28 20:00:00,0.03,28.38,76.54,2.7
2019-10-28 21:00:00,0.03,28.15,78.41,2.77
2019-10-28 22:00:00,0.04,27.88,80.24,2.79
2019-10-28 23:00:00,0.08,27.54,82.43,2.91
2019-10-29 00:00:00,0.13,27.15,84.41,2.98
2019-10-29 01:00:00,0.18,26.76,85.76,3.06
2019-10-29 02:00:00,0.26,26.47,85.84,2.93
2019-10-29 03:00:00,0.24,26.3,84.49,2.56
2019-10-29 04:00:00,0.21,26.19,82.4,2.22
2019-10-29 05:00:00,0.21,26.11,80.5,1.99
2019-10-29 06:00:00,0.19,26.12,79.66,1.82
2019-10-29 07:00:00,0.16,26.54,76.89,1.88
2019-10-29 08:00:00,0.17,27.45,68.57,2.12
2019-10-29 09:00:00,0.14,28.27,63.84,2.65
2019-10-29 10:00:00,0.14,28.85,62.53,2.94
2019-10-29 11:00:00,0.18,29.18,63.33,3.01
2019-10-29 12:00:00,0.22,29.3,65.17,3.29
2019-10-29 13:00:00,0.23,29.32,66.9,3.54
2019-10-29 14:00:00,0.2,29.3,67.78,3.41
2019-10-29 15:00:00,0.16,29.23,68.12,2.99
2019-10-29 16:00:00,0.12,29.0,69.82,2.42
2019-10-29 17:00:00,0.11,28.6,74.13,1.87
2019-10-29 18:00:00,0.21,28.32,75.02,1.59
2019-10-29 19:00:00,0.42,28.13,74.99,1.58
2019-10-29 20:00:00,1.01,27.91,75.87,1.71
2019-10-29 21:00:00,1.82,27.62,77.09,1.9
2019-10-29 22:00:00,2.17,27.35,78.02,2.18
2019-10-29 23:00:00,1.88,27.1,78.82,2.56
2019-10-30 00:00:00,1.23,26.87,79.65,2.98
2019-10-30 01:00:00,0.84,26.61,81.0,3.31
2019-10-30 02:00:00,0.47,26.41,82.2,3.42
2019-10-30 03:00:00,0.3,26.25,83.15,3.33
2019-10-30 04:00:00,0.25,26.17,83.89,3.31
2019-10-30 05:00:00,0.27,26.12,84.52,3.35
2019-10-30 06:00:00,0.33,26.25,84.68,3.37
2019-10-30 07:00:00,0.46,26.83,83.22,3.74
2019-10-30 08:00:00,0.82,27.35,81.06,4.32
2019-10-30 09:00:00,1.39,27.79,79.96,4.94
2019-10-30 10:00:00,2.12,28.14,79.21,5.45
2019-10-30 11:00:00,2.28,28.42,78.76,5.73
2019-10-30 12:00:00,1.75,28.68,78.1,5.91
2019-10-30 13:00:00,1.08,28.78,77.73,6.05
2019-10-30 14:00:00,0.99,28.7,78.09,6.2
2019-10-30 15:00:00,1.15,28.42,80.06,6.39
2019-10-30 16:00:00,1.36,27.98,83.64,6.11
2019-10-30 17:00:00,2.9,27.52,86.98,5.6
2019-10-30 18:00:00,7.21,27.29,88.74,5.49
2019-10-30 19:00:00,10.58,27.25,89.3,6.25
2019-10-30 20:00:00,7.82,27.22,89.01,7.31
2019-10-30 21:00:00,2.69,27.08,88.77,6.99
2019-10-30 22:00:00,0.96,26.86,88.88,5.98
2019-10-30 23:00:00,1.03,26.66,89.66,5.01
2019-10-31 00:00:00,1.4,26.57,90.42,4.52
2019-10-31 01:00:00,1.68,26.62,90.71,4.52
2019-10-31 02:00:00,1.93,26.74,90.53,4.82
2019-10-31 03:00:00,1.9,26.86,90.0,5.39
2019-10-31 04:00:00,1.78,26.9,89.47,5.46
2019-10-31 05:00:00,1.55,26.91,88.76,5.46
2019-10-31 06:00:00,1.39,26.94,88.05,5.16
2019-10-31 07:00:00,1.22,27.23,86.81,5.31
2019-10-31 08:00:00,1.13,27.48,85.65,6.04
2019-10-31 09:00:00,1.27,27.66,84.88,6.66
2019-10-31 10:00:00,1.51,27.75,84.26,6.98
2019-10-31 11:00:00,1.54,27.75,83.79,7.15
2019-10-31 12:00:00,1.35,27.73,83.35,7.21
2019-10-31 13:00:00,0.99,27.75,82.44,7.35
2019-10-31 14:00:00,0.6,27.71,81.27,7.3
2019-10-31 15:00:00,0.49,27.67,79.85,6.91
2019-10-31 16:00:00,0.51,27.58,79.2,6.16
2019-10-31 17:00:00,0.75,27.42,79.16,5.16
2019-10-31 18:00:00,1.02,27.34,78.72,4.55
2019-10-31 19:00:00,1.29,27.4,77.82,4.17
2019-10-31 20:00:00,1.61,27.46,76.99,3.85
2019-10-31 21:00:00,1.92,27.49,76.31,3.47
2019-10-31 22:00:00,2.05,27.51,75.42,3.07
2019-10-31 23:00:00,2.09,27.56,74.34,2.67
2019-11-01 00:00:00,1.81,27.57,73.42,2.25
2019-11-01 01:00:00,1.36,27.56,72.46,1.82
2019-11-01 02:00:00,0.94,27.57,71.39,1.36
2019-11-01 03:00:00,0.55,27.62,70.26,0.99
2019-11-01 04:00:00,0.27,27.66,69.56,0.8
2019-11-01 05:00:00,0.08,27.72,69.11,0.69
2019-11-01 06:00:00,0.01,27.82,69.01,0.5
2019-11-01 07:00:00,0.0,28.17,68.04,0.33
2019-11-01 08:00:00,0.01,28.49,67.07,0.5
2019-11-01 09:00:00,0.01,28.85,66.62,0.75
2019-11-01 10:00:00,0.02,29.19,65.46,0.94
2019-11-01 11:00:00,0.02,29.4,64.92,1.15
2019-11-01 12:00:00,0.02,29.5,64.68,1.38
2019-11-01 13:00:00,0.01,29.52,64.48,1.62
2019-11-01 14:00:00,0.01,29.49,64.21,1.79
2019-11-01 15:00:00,0.01,29.37,64.14,1.85
2019-11-01 16:00:00,0.01,29.13,64.77,1.78
2019-11-01 17:00:00,0.02,28.64,69.25,1.53
2019-11-01 18:00:00,0.03,28.18,74.53,1.27
2019-11-01 19:00:00,0.02,28.01,74.61,1.1
2019-11-01 20:00:00,0.02,27.96,73.31,0.96
2019-11-01 21:00:00,0.05,27.89,72.83,0.92
2019-11-01 22:00:00,0.05,27.79,73.04,0.94
2019-11-01 23:00:00,0.05,27.7,73.27,0.89
2019-11-02 00:00:00,0.06,27.6,73.62,0.82
2019-11-02 01:00:00,0.08,27.49,73.9,0.69
2019-11-02 02:00:00,0.06,27.36,74.3,0.58
2019-11-02 03:00:00,0.04,27.24,74.65,0.57
2019-11-02 04:00:00,0.04,27.13,75.03,0.61
2019-11-02 05:00:00,0.03,27.07,75.36,0.68
2019-11-02 06:00:00,0.04,27.11,75.86,0.69
2019-11-02 07:00:00,0.03,27.48,74.43,0.67
2019-11-02 08:00:00,0.13,27.86,72.97,0.57
2019-11-02 09:00:00,0.17,28.18,72.5,0.63
2019-11-02 10:00:00,0.26,28.45,72.16,0.94
2019-11-02 11:00:00,0.28,28.64,72.23,1.44
2019-11-02 12:00:00,0.29,28.74,72.55,1.94
2019-11-02 13:00:00,0.35,28.69,73.27,2.37
2019-11-02 14:00:00,0.32,28.51,74.73,2.98
2019-11-02 15:00:00,0.32,28.31,76.39,3.5
2019-11-02 16:00:00,0.3,28.12,77.71,3.66
2019-11-02 17:00:00,0.24,27.86,80.16,3.34
2019-11-02 18:00:00,0.18,27.7,81.57,3.09
2019-11-02 19:00:00,0.14,27.66,81.87,3.02
2019-11-02 20:00:00,0.09,27.63,82.03,2.8
2019-11-02 21:00:00,0.14,27.56,82.23,2.56
2019-11-02 22:00:00,0.21,27.47,82.53,2.48
2019-11-02 23:00:00,0.26,27.35,83.05,2.5
2019-11-03 00:00:00,0.32,27.21,83.78,2.58
2019-11-03 01:00:00,0.4,27.07,84.55,2.67
2019-11-03 02:00:00,0.44,26.94,85.11,2.6
2019-11-03 03:00:00,0.44,26.84,85.44,2.41
2019-11-03 04:00:00,0.48,26.81,85.08,2.01
2019-11-03 05:00:00,0.49,26.94,83.33,1.52
2019-11-03 06:00:00,0.46,27.18,81.26,0.86
2019-11-03 07:00:00,0.49,27.53,79.45,0.31
2019-11-03 08:00:00,0.44,27.94,78.11,0.73
2019-11-03 09:00:00,0.5,28.34,76.94,1.28
2019-11-03 10:00:00,0.54,28.57,76.29,1.63
2019-11-03 11:00:00,0.57,28.67,76.02,2.03
2019-11-03 12:00:00,0.63,28.66,76.24,2.44
2019-11-03 13:00:00,0.67,28.57,77.16,2.9
2019-11-03 14:00:00,0.75,28.45,78.15,3.27
2019-11-03 15:00:00,0.78,28.22,79.78,3.53
2019-11-03 16:00:00,0.7,27.84,82.23,3.72
2019-11-03 17:00:00,0.66,27.44,85.08,3.64
2019-11-03 18:00:00,0.64,27.18,86.97,3.55
2019-11-03 19:00:00,0.54,27.02,87.95,3.47
2019-11-03 20:00:00,0.51,26.88,88.6,3.36
2019-11-03 21:00:00,0.5,26.73,89.19,3.26
2019-11-03 22:00:00,0.51,26.59,89.51,3.22
2019-11-03 23:00:00,0.5,26.46,89.72,3.2
2019-11-04 00:00:00,0.52,26.35,89.6,3.2
2019-11-04 01:00:00,0.54,26.26,89.28,3.19
2019-11-04 02:00:00,0.49,26.2,88.63,2.99
2019-11-04 03:00:00,0.48,26.15,88.08,2.82
2019-11-04 04:00:00,0.46,26.12,87.52,2.72
2019-11-04 05:00:00,0.38,26.14,86.97,2.69
2019-11-04 06:00:00,0.36,26.29,86.61,2.75
2019-11-04 07:00:00,0.36,26.8,84.25,3.32
2019-11-04 08:00:00,0.27,27.09,82.95,3.32
2019-11-04 09:00:00,0.3,27.43,81.62,3.23
2019-11-04 10:00:00,0.33,27.72,80.75,3.26
2019-11-04 11:00:00,0.33,27.91,80.08,3.26
2019-11-04 12:00:00,0.31,27.99,79.76,3.27
2019-11-04 13:00:00,0.3,27.98,79.87,3.41
2019-11-04 14:00:00,0.28,27.97,80.0,3.65
2019-11-04 15:00:00,0.25,27.87,80.3,3.81
2019-11-04 16:00:00,0.26,27.7,80.95,3.78
2019-11-04 17:00:00,0.22,27.48,82.38,3.35
2019-11-04 18:00:00,0.19,27.31,83.69,2.85
2019-11-04 19:00:00,0.18,27.28,83.63,2.59
2019-11-04 20:00:00,0.15,27.26,83.51,2.53
2019-11-04 21:00:00,0.16,27.2,83.85,2.6
2019-11-04 22:00:00,0.17,27.13,84.3,2.71
2019-11-04 23:00:00,0.17,27.05,84.79,2.8
2019-11-05 00:00:00,0.18,26.93,85.47,2.89
2019-11-05 01:00:00,0.19,26.82,86.15,2.99
2019-11-05 02:00:00,0.18,26.74,86.59,3.05
2019-11-05 03:00:00,0.19,26.69,86.91,3.07
2019-11-05 04:00:00,0.17,26.67,87.12,2.97
2019-11-05 05:00:00,0.14,26.67,87.22,2.77
2019-11-05 06:00:00,0.11,26.8,87.2,2.49
2019-11-05 07:00:00,0.11,27.39,85.15,2.57
2019-11-05 08:00:00,0.31,27.78,83.06,2.36
2019-11-05 09:00:00,0.29,28.14,81.12,1.92
2019-11-05 10:00:00,0.26,28.42,79.31,1.56
2019-11-05 11:00:00,0.25,28.62,77.87,1.43
2019-11-05 12:00:00,0.31,28.8,76.86,1.47
2019-11-05 13:00:00,0.3,28.86,76.46,1.54
2019-11-05 14:00:00,0.31,28.85,76.14,1.62
2019-11-05 15:00:00,0.33,28.77,76.33,1.8
2019-11-05 16:00:00,0.41,28.59,77.96,2.09
2019-11-05 17:00:00,0.47,28.22,82.42,2.23
2019-11-05 18:00:00,0.58,27.97,84.6,2.39
2019-11-05 19:00:00,0.61,27.83,85.65,2.53
2019-11-05 20:00:00,0.63,27.72,86.42,2.58
2019-11-05 21:00:00,0.87,27.59,87.15,2.68
2019-11-05 22:00:00,0.9,27.47,87.7,2.85
2019-11-05 23:00:00,1.02,27.36,88.22,3.14
2019-11-06 00:00:00,1.13,27.25,88.74,3.48
2019-11-06 01:00:00,1.07,27.13,89.17,3.78
2019-11-06 02:00:00,1.09,27.01,89.49,3.89
2019-11-06 03:00:00,1.16,26.94,89.48,3.96
2019-11-06 04:00:00,0.94,26.91,89.22,3.89
2019-11-06 05:00:00,0.77,26.94,88.74,3.75
2019-11-06 06:00:00,0.66,27.09,87.83,3.5
2019-11-06 07:00:00,0.59,27.61,85.42,3.48
2019-11-06 08:00:00,0.06,27.98,82.92,3.3
2019-11-06 09:00:00,0.08,28.16,82.07,2.82
2019-11-06 10:00:00,0.08,28.24,81.52,2.53
2019-11-06 11:00:00,0.08,28.25,81.49,2.63
2019-11-06 12:00:00,0.08,28.23,81.75,3.02
2019-11-06 13:00:00,0.08,28.16,82.14,3.32
2019-11-06 14:00:00,0.08,28.09,82.59,3.6
2019-11-06 15:00:00,0.07,28.04,82.82,3.78
2019-11-06 16:00:00,0.07,27.93,83.46,3.72
2019-11-06 17:00:00,0.07,27.73,85.24,3.37
2019-11-06 18:00:00,0.06,27.61,85.65,3.19
2019-11-06 19:00:00,0.07,27.6,85.38,3.13
2019-11-06 20:00:00,0.08,27.58,85.19,3.05
2019-11-06 21:00:00,0.09,27.53,85.19,3.03
2019-11-06 22:00:00,0.09,27.45,85.43,3.08
2019-11-06 23:00:00,0.09,27.38,85.61,3.16
2019-11-07 00:00:00,0.09,27.29,85.95,3.29
2019-11-07 01:00:00,0.1,27.21,86.42,3.37
2019-11-07 02:00:00,0.08,27.14,86.74,3.21
2019-11-07 03:00:00,0.07,27.07,86.86,2.92
2019-11-07 04:00:00,0.07,27.0,86.89,2.61
2019-11-07 05:00:00,0.02,26.98,86.64,2.45
2019-11-07 06:00:00,0.02,27.07,86.52,2.39
2019-11-07 07:00:00,0.02,27.61,84.02,2.7
2019-11-07 08:00:00,0.06,27.9,82.49,2.88
2019-11-07 09:00:00,0.06,28.1,82.1,2.85
2019-11-07 10:00:00,0.07,28.25,81.87,2.97
2019-11-07 11:00:00,0.07,28.27,82.34,3.21
2019-11-07 12:00:00,0.08,28.24,83.0,3.46
2019-11-07 13:00:00,0.08,28.18,83.52,3.74
2019-11-07 14:00:00,0.09,28.19,83.41,4.0
2019-11-07 15:00:00,0.1,28.25,83.02,4.21
2019-11-07 16:00:00,0.08,28.24,83.0,4.22
2019-11-07 17:00:00,0.09,28.07,84.52,3.71
2019-11-07 18:00:00,0.09,27.89,85.73,3.27
2019-11-07 19:00:00,0.09,27.86,85.61,3.11
2019-11-07 20:00:00,0.09,27.81,85.63,3.01
2019-11-07 21:00:00,0.11,27.73,85.64,2.96
2019-11-07 22:00:00,0.1,27.67,85.54,2.97
2019-11-07 23:00:00,0.11,27.59,85.64,3.08
2019-11-08 00:00:00,0.12,27.49,85.91,3.25
2019-11-08 01:00:00,0.11,27.4,86.12,3.4
2019-11-08 02:00:00,0.1,27.32,86.3,3.36
2019-11-08 03:00:00,0.08,27.21,86.68,3.15
2019-11-08 04:00:00,0.07,27.14,86.85,2.95
2019-11-08 05:00:00,0.04,27.13,86.51,2.79
2019-11-08 06:00:00,0.04,27.28,85.6,2.66
2019-11-08 07:00:00,0.03,27.78,83.5,2.77
2019-11-08 08:00:00,0.03,28.16,81.17,3.05
2019-11-08 09:00:00,0.03,28.41,80.42,3.13
2019-11-08 10:00:00,0.05,28.54,80.11,3.08
2019-11-08 11:00:00,0.06,28.58,80.02,3.01
2019-11-08 12:00:00,0.07,28.61,79.86,3.03
2019-11-08 13:00:00,0.07,28.62,79.64,3.1
2019-11-08 14:00:00,0.06,28.69,79.24,3.2
2019-11-08 15:00:00,0.05,28.73,78.78,3.22
2019-11-08 16:00:00,0.05,28.69,78.6,3.14
2019-11-08 17:00:00,0.05,28.44,80.74,2.74
2019-11-08 18:00:00,0.05,28.23,82.27,2.56
2019-11-08 19:00:00,0.05,28.15,82.22,2.56
2019-11-08 20:00:00,0.04,28.08,82.11,2.53
2019-11-08 21:00:00,0.06,27.99,82.18,2.49
2019-11-08 22:00:00,0.06,27.88,82.39,2.46
2019-11-08 23:00:00,0.06,27.76,82.62,2.46
2019-11-09 00:00:00,0.06,27.64,82.92,2.48
2019-11-09 01:00:00,0.08,27.52,83.31,2.56
2019-11-09 02:00:00,0.08,27.42,83.59,2.59
2019-11-09 03:00:00,0.05,27.31,83.98,2.64
2019-11-09 04:00:00,0.03,27.26,83.94,2.64
2019-11-09 05:00:00,0.03,27.21,83.86,2.66
2019-11-09 06:00:00,0.03,27.3,83.71,2.75
2019-11-09 07:00:00,0.03,27.88,81.07,3.1
2019-11-09 08:00:00,0.01,28.29,78.45,3.25
2019-11-09 09:00:00,0.01,28.65,77.07,2.99
2019-11-09 10:00:00,0.01,28.99,75.69,2.69
2019-11-09 11:00:00,0.01,29.24,74.35,2.55
2019-11-09 12:00:00,0.01,29.43,73.25,2.56
2019-11-09 13:00:00,0.02,29.53,72.69,2.68
2019-11-09 14:00:00,0.02,29.47,72.79,2.72
2019-11-09 15:00:00,0.02,29.33,73.21,2.71
2019-11-09 16:00:00,0.02,29.09,74.16,2.64
2019-11-09 17:00:00,0.02,28.63,77.74,2.41
2019-11-09 18:00:00,0.02,28.24,81.22,2.21
2019-11-09 19:00:00,0.02,28.07,82.06,2.18
2019-11-09 20:00:00,0.03,27.95,82.56,2.16
2019-11-09 21:00:00,0.03,27.83,83.05,2.19
2019-11-09 22:00:00,0.03,27.72,83.35,2.2
2019-11-09 23:00:00,0.03,27.6,83.68,2.17
2019-11-10 00:00:00,0.04,27.47,83.91,2.1
2019-11-10 01:00:00,0.03,27.38,83.9,2.03
2019-11-10 02:00:00,0.03,27.32,83.85,1.96
2019-11-10 03:00:00,0.03,27.28,83.74,1.85
2019-11-10 04:00:00,0.06,27.23,83.75,1.75
2019-11-10 05:00:00,0.08,27.19,83.82,1.62
2019-11-10 06:00:00,0.08,27.25,83.93,1.5
2019-11-10 07:00:00,0.06,27.67,82.07,1.68
2019-11-10 08:00:00,0.05,27.93,80.41,1.71
2019-11-10 09:00:00,0.05,28.18,79.3,1.8
2019-11-10 10:00:00,0.08,28.36,78.38,2.03
2019-11-10 11:00:00,0.09,28.49,78.23,2.54
2019-11-10 12:00:00,0.1,28.49,79.11,3.13
2019-11-10 13:00:00,0.1,28.42,79.95,3.54
2019-11-10 14:00:00,0.11,28.38,80.13,3.69
2019-11-10 15:00:00,0.14,28.35,80.05,3.71
2019-11-10 16:00:00,0.18,28.3,80.21,3.67
2019-11-10 17:00:00,0.27,28.11,81.92,3.32
2019-11-10 18:00:00,0.47,27.94,82.93,3.12
2019-11-10 19:00:00,0.8,27.9,82.95,3.01
2019-11-10 20:00:00,1.07,27.85,83.11,2.92
2019-11-10 21:00:00,1.0,27.74,83.48,2.85
2019-11-10 22:00:00,0.74,27.58,84.29,2.73
2019-11-10 23:00:00,0.55,27.39,85.02,2.53
2019-11-11 00:00:00,0.42,27.23,85.34,2.27
2019-11-11 01:00:00,0.29,27.09,85.28,1.91
2019-11-11 02:00:00,0.15,26.99,84.65,1.6
2019-11-11 03:00:00,0.08,26.95,83.74,1.37
2019-11-11 04:00:00,0.05,26.93,82.89,1.21
2019-11-11 05:00:00,0.04,26.99,81.48,0.92
2019-11-11 06:00:00,0.04,27.18,79.66,0.35
2019-11-11 07:00:00,0.04,27.5,77.84,0.44
2019-11-11 08:00:00,0.08,27.87,76.98,0.98
2019-11-11 09:00:00,0.05,28.31,75.68,1.28
2019-11-11 10:00:00,0.05,28.69,73.92,1.48
2019-11-11 11:00:00,0.06,28.91,72.57,1.62
2019-11-11 12:00:00,0.08,29.06,71.75,1.78
2019-11-11 13:00:00,0.08,29.14,71.53,2.03
2019-11-11 14:00:00,0.06,29.14,71.7,2.27
2019-11-11 15:00:00,0.05,29.0,72.51,2.48
2019-11-11 16:00:00,0.04,28.74,73.96,2.49
2019-11-11 17:00:00,0.04,28.32,77.34,2.15
2019-11-11 18:00:00,0.04,27.98,80.27,1.81
2019-11-11 19:00:00,0.05,27.82,81.08,1.69
2019-11-11 20:00:00,0.07,27.66,81.71,1.68
2019-11-11 21:00:00,0.09,27.53,82.31,1.82
2019-11-11 22:00:00,0.12,27.39,83.23,2.14
2019-11-11 23:00:00,0.16,27.26,84.35,2.57
2019-11-12 00:00:00,0.19,27.11,85.69,2.91
2019-11-12 01:00:00,0.23,27.0,86.51,3.01
2019-11-12 02:00:00,0.3,26.92,86.77,2.9
2019-11-12 03:00:00,0.37,26.86,86.74,2.7
2019-11-12 04:00:00,0.5,26.82,86.55,2.38
2019-11-12 05:00:00,0.61,26.78,86.24,1.91
2019-11-12 06:00:00,0.72,26.79,86.12,1.32
2019-11-12 07:00:00,0.75,27.0,84.95,0.91
2019-11-12 08:00:00,0.38,27.15,83.58,0.6
2019-11-12 09:00:00,0.28,27.24,83.02,0.25
2019-11-12 10:00:00,0.19,27.37,81.73,0.23
2019-11-12 11:00:00,0.13,27.62,79.57,0.64
2019-11-12 12:00:00,0.1,27.89,77.5,0.95
2019-11-12 13:00:00,0.06,28.1,75.96,1.1
2019-11-12 14:00:00,0.04,28.28,75.13,1.33
2019-11-12 15:00:00,0.04,28.38,74.89,1.67
2019-11-12 16:00:00,0.03,28.37,75.57,1.9
2019-11-12 17:00:00,0.03,28.16,78.78,1.8
2019-11-12 18:00:00,0.03,28.02,80.23,1.76
2019-11-12 19:00:00,0.03,28.02,79.91,1.64
2019-11-12 20:00:00,0.04,28.04,78.97,1.41
2019-11-12 21:00:00,0.05,28.05,77.98,1.22
2019-11-12 22:00:00,0.07,27.98,77.82,1.12
2019-11-12 23:00:00,0.09,27.85,78.34,1.06
2019-11-13 00:00:00,0.1,27.71,78.98,0.99
2019-11-13 01:00:00,0.1,27.54,79.85,0.91
2019-11-13 02:00:00,0.11,27.41,80.44,0.78
2019-11-13 03:00:00,0.1,27.35,80.56,0.57
2019-11-13 04:00:00,0.08,27.3,80.44,0.33
2019-11-13 05:00:00,0.06,27.25,80.55,0.71
2019-11-13 06:00:00,0.05,27.22,81.44,1.26
2019-11-13 07:00:00,0.03,27.68,79.5,1.9
2019-11-13 08:00:00,0.01,28.19,75.78,2.12
2019-11-13 09:00:00,0.0,28.8,71.37,1.87
2019-11-13 10:00:00,0.0,29.45,66.77,1.44
2019-11-13 11:00:00,0.0,30.02,63.47,1.01
2019-11-13 12:00:00,0.0,30.49,61.5,0.88
2019-11-13 13:00:00,0.0,30.7,62.58,0.96
2019-11-13 14:00:00,0.0,30.77,63.87,1.14
2019-11-13 15:00:00,0.0,30.74,64.94,1.41
2019-11-13 16:00:00,0.01,30.54,66.54,1.69
2019-11-13 17:00:00,0.01,30.04,69.97,1.95
2019-11-13 18:00:00,0.01,29.47,74.12,1.99
2019-11-13 19:00:00,0.01,29.16,75.32,1.66
2019-11-13 20:00:00,0.0,29.05,74.47,1.21
2019-11-13 21:00:00,0.0,29.05,72.39,0.76
2019-11-13 22:00:00,0.0,28.96,71.69,0.43
2019-11-13 23:00:00,0.0,28.81,71.65,0.22
2019-11-14 00:00:00,0.0,28.66,72.0,0.31
2019-11-14 01:00:00,0.01,28.46,72.34,0.7
2019-11-14 02:00:00,0.01,28.28,72.54,0.89
2019-11-14 03:00:00,0.01,28.13,72.63,0.91
2019-11-14 04:00:00,0.01,28.02,72.53,0.87
2019-11-14 05:00:00,0.01,27.89,72.58,0.81
2019-11-14 06:00:00,0.0,27.81,73.44,0.86
2019-11-14 07:00:00,0.0,28.2,71.85,1.08
2019-11-14 08:00:00,0.0,28.74,69.1,1.46
2019-11-14 09:00:00,0.0,29.38,66.31,1.7
2019-11-14 10:00:00,0.0,29.99,63.6,1.57
2019-11-14 11:00:00,0.0,30.5,61.49,1.26
2019-11-14 12:00:00,0.01,30.77,62.37,1.03
2019-11-14 13:00:00,0.02,30.91,63.52,1.23
2019-11-14 14:00:00,0.04,30.95,63.73,1.89
2019-11-14 15:00:00,0.05,30.79,64.52,2.71
2019-11-14 16:00:00,0.05,30.36,66.74,3.3
2019-11-14 17:00:00,0.06,29.62,72.8,3.35
2019-11-14 18:00:00,0.07,29.07,76.86,3.34
2019-11-14 19:00:00,0.09,28.81,78.33,3.29
2019-11-14 20:00:00,0.11,28.61,79.22,2.96
2019-11-14 21:00:00,0.12,28.43,79.77,2.53
2019-11-14 22:00:00,0.14,28.25,80.22,2.19
2019-11-14 23:00:00,0.13,28.05,80.88,1.92
2019-11-15 00:00:00,0.12,27.82,81.78,1.62
2019-11-15 01:00:00,0.11,27.61,82.56,1.26
2019-11-15 02:00:00,0.1,27.42,83.14,0.92
2019-11-15 03:00:00,0.09,27.29,83.64,0.67
2019-11-15 04:00:00,0.09,27.19,84.04,0.33
2019-11-15 05:00:00,0.08,27.11,84.49,0.24
2019-11-15 06:00:00,0.07,27.13,84.87,0.8
2019-11-15 07:00:00,0.06,27.59,81.48,1.69
2019-11-15 08:00:00,0.05,28.12,78.5,2.4
2019-11-15 09:00:00,0.03,28.79,75.08,2.64
2019-11-15 10:00:00,0.02,29.44,71.58,2.54
2019-11-15 11:00:00,0.02,30.0,68.56,2.33
2019-11-15 12:00:00,0.02,30.43,66.31,2.12
2019-11-15 13:00:00,0.02,30.61,65.74,2.05
2019-11-15 14:00:00,0.02,30.63,66.06,2.33
2019-11-15 15:00:00,0.03,30.43,67.17,2.96
2019-11-15 16:00:00,0.03,29.94,70.34,3.47
2019-11-15 17:00:00,0.03,29.24,75.92,3.65
2019-11-15 18:00:00,0.05,28.72,79.74,3.81
2019-11-15 19:00:00,0.06,28.44,81.76,3.89
2019-11-15 20:00:00,0.08,28.17,83.63,4.02
2019-11-15 21:00:00,0.11,27.82,85.89,4.15
2019-11-15 22:00:00,0.13,27.5,87.77,4.14
2019-11-15 23:00:00,0.16,27.24,89.01,3.96
2019-11-16 00:00:00,0.17,27.05,89.79,3.87
2019-11-16 01:00:00,0.27,26.9,90.38,3.76
2019-11-16 02:00:00,0.43,26.81,90.57,3.43
2019-11-16 03:00:00,0.59,26.72,90.7,2.79
2019-11-16 04:00:00,0.75,26.65,90.68,2.5
2019-11-16 05:00:00,0.97,26.61,90.29,2.46
2019-11-16 06:00:00,1.27,26.6,89.63,2.38
2019-11-16 07:00:00,1.66,26.87,87.47,2.61
2019-11-16 08:00:00,2.59,27.24,84.02,2.96
2019-11-16 09:00:00,2.15,27.68,80.06,2.8
2019-11-16 10:00:00,1.21,28.22,75.97,2.37
2019-11-16 11:00:00,0.54,28.81,72.08,2.11
2019-11-16 12:00:00,0.28,29.28,69.48,2.17
2019-11-16 13:00:00,0.17,29.6,67.99,2.46
2019-11-16 14:00:00,0.1,29.78,67.32,2.73
2019-11-16 15:00:00,0.09,29.83,67.28,2.9
2019-11-16 16:00:00,0.09,29.72,68.34,2.96
2019-11-16 17:00:00,0.11,29.24,73.62,2.68
2019-11-16 18:00:00,0.12,28.85,76.91,2.56
2019-11-16 19:00:00,0.13,28.68,77.94,2.49
2019-11-16 20:00:00,0.16,28.55,78.82,2.38
2019-11-16 21:00:00,0.18,28.41,79.7,2.23
2019-11-16 22:00:00,0.21,28.25,80.49,2.03
2019-11-16 23:00:00,0.26,28.09,81.25,1.86
2019-11-17 00:00:00,0.31,27.92,82.19,1.77
2019-11-17 01:00:00,0.39,27.75,83.39,1.79
2019-11-17 02:00:00,0.51,27.61,84.08,1.7
2019-11-17 03:00:00,0.63,27.54,84.03,1.5
2019-11-17 04:00:00,0.72,27.57,83.13,1.27
2019-11-17 05:00:00,1.3,27.6,82.12,1.08
2019-11-17 06:00:00,1.5,27.67,81.63,1.1
2019-11-17 07:00:00,1.5,28.08,79.21,1.38
2019-11-17 08:00:00,1.5,28.57,76.46,1.57
2019-11-17 09:00:00,1.16,29.07,73.66,1.44
2019-11-17 10:00:00,0.85,29.6,70.59,1.11
2019-11-17 11:00:00,0.64,30.06,68.47,0.94
2019-11-17 12:00:00,0.51,30.32,67.46,1.34
2019-11-17 13:00:00,0.41,30.39,67.54,1.92
2019-11-17 14:00:00,0.33,30.3,68.03,2.3
2019-11-17 15:00:00,0.22,30.13,68.81,2.52
2019-11-17 16:00:00,0.17,29.86,70.32,2.52
2019-11-17 17:00:00,0.19,29.41,74.34,2.27
2019-11-17 18:00:00,0.23,29.04,78.17,2.05
2019-11-17 19:00:00,0.27,28.89,79.28,1.81
2019-11-17 20:00:00,0.28,28.81,79.45,1.53
2019-11-17 21:00:00,0.3,28.77,78.96,1.29
2019-11-17 22:00:00,0.3,28.78,77.73,1.05
2019-11-17 23:00:00,0.31,28.83,76.08,0.84
2019-11-18 00:00:00,0.31,28.77,75.66,0.77
2019-11-18 01:00:00,0.29,28.66,75.94,0.91
2019-11-18 02:00:00,0.28,28.56,75.82,1.01
2019-11-18 03:00:00,0.25,28.47,75.89,1.02
2019-11-18 04:00:00,0.24,28.38,76.08,0.99
2019-11-18 05:00:00,0.22,28.26,76.41,0.89
2019-11-18 06:00:00,0.2,28.23,76.94,0.71
2019-11-18 07:00:00,0.19,28.57,75.24,0.49
2019-11-18 08:00:00,0.2,28.98,73.95,0.28
2019-11-18 09:00:00,0.18,29.42,71.78,0.16
2019-11-18 10:00:00,0.16,29.83,69.94,0.41
2019-11-18 11:00:00,0.15,30.17,68.96,0.9
2019-11-18 12:00:00,0.15,30.38,68.75,1.49
2019-11-18 13:00:00,0.16,30.46,69.11,2.05
2019-11-18 14:00:00,0.16,30.42,69.92,2.67
2019-11-18 15:00:00,0.17,30.08,72.01,3.31
2019-11-18 16:00:00,0.18,29.59,75.05,3.68
2019-11-18 17:00:00,0.17,29.01,79.28,3.64
2019-11-18 18:00:00,0.19,28.64,81.9,3.56
2019-11-18 19:00:00,0.21,28.49,82.83,3.42
2019-11-18 20:00:00,0.25,28.37,83.44,3.15
2019-11-18 21:00:00,0.27,28.25,83.98,2.87
2019-11-18 22:00:00,0.31,28.11,84.61,2.7
2019-11-18 23:00:00,0.33,27.97,85.43,2.56
2019-11-19 00:00:00,0.4,27.83,86.25,2.39
2019-11-19 01:00:00,0.44,27.69,87.06,2.17
2019-11-19 02:00:00,0.44,27.51,87.99,1.94
2019-11-19 03:00:00,0.47,27.36,88.64,1.76
2019-11-19 04:00:00,0.48,27.28,88.79,1.57
2019-11-19 05:00:00,0.54,27.25,88.7,1.36
2019-11-19 06:00:00,0.51,27.27,88.46,1.3
2019-11-19 07:00:00,0.48,27.52,86.38,1.76
2019-11-19 08:00:00,0.96,27.9,83.68,2.39
2019-11-19 09:00:00,0.77,28.42,80.61,2.69
2019-11-19 10:00:00,0.71,29.06,76.17,2.54
2019-11-19 11:00:00,0.71,29.62,72.3,2.26
2019-11-19 12:00:00,0.69,30.07,69.49,2.18
2019-11-19 13:00:00,0.63,30.34,67.89,2.38
2019-11-19 14:00:00,0.53,30.38,67.68,2.93
2019-11-19 15:00:00,0.43,30.24,68.68,3.56
2019-11-19 16:00:00,0.39,29.84,71.51,3.98
2019-11-19 17:00:00,0.35,29.17,76.99,3.89
2019-11-19 18:00:00,0.28,28.64,81.14,3.78
2019-11-19 19:00:00,0.28,28.37,82.89,3.63
2019-11-19 20:00:00,0.26,28.17,84.02,3.6
2019-11-19 21:00:00,0.29,28.01,84.75,3.73
2019-11-19 22:00:00,0.31,27.88,85.27,3.86
2019-11-19 23:00:00,0.32,27.78,85.5,3.84
2019-11-20 00:00:00,0.26,27.68,85.49,3.32
2019-11-20 01:00:00,0.23,27.57,85.17,2.72
2019-11-20 02:00:00,0.26,27.55,83.82,2.04
2019-11-20 03:00:00,0.43,27.57,82.19,1.48
2019-11-20 04:00:00,0.75,27.48,81.89,1.33
2019-11-20 05:00:00,1.42,27.4,81.63,1.31
2019-11-20 06:00:00,1.11,27.47,81.04,1.13
2019-11-20 07:00:00,0.89,27.96,78.17,1.04
2019-11-20 08:00:00,0.64,28.45,75.69,1.11
2019-11-20 09:00:00,0.51,28.97,73.36,1.19
2019-11-20 10:00:00,0.44,29.47,70.81,1.13
2019-11-20 11:00:00,0.48,29.9,68.9,1.02
2019-11-20 12:00:00,0.62,30.16,68.17,1.19
2019-11-20 13:00:00,0.77,30.15,68.56,1.63
2019-11-20 14:00:00,0.77,29.97,69.64,2.09
2019-11-20 15:00:00,0.76,29.65,71.81,2.55
2019-11-20 16:00:00,0.8,29.24,74.58,2.79
2019-11-20 17:00:00,0.83,28.73,78.88,2.71
2019-11-20 18:00:00,0.82,28.38,81.95,2.52
2019-11-20 19:00:00,0.85,28.21,83.29,2.23
2019-11-20 20:00:00,0.98,28.07,84.22,2.0
2019-11-20 21:00:00,1.03,27.94,84.96,1.83
2019-11-20 22:00:00,1.1,27.81,85.51,1.58
2019-11-20 23:00:00,0.96,27.7,85.86,1.29
2019-11-21 00:00:00,0.85,27.61,85.74,1.03
2019-11-21 01:00:00,0.8,27.53,85.43,0.94
2019-11-21 02:00:00,0.75,27.45,85.57,1.29
2019-11-21 03:00:00,0.71,27.44,85.48,1.89
2019-11-21 04:00:00,0.49,27.43,84.78,2.53
2019-11-21 05:00:00,0.27,27.38,83.6,2.97
2019-11-21 06:00:00,0.21,27.47,82.09,3.22
2019-11-21 07:00:00,0.1,28.18,76.53,3.8
2019-11-21 08:00:00,0.01,28.63,73.31,4.04
2019-11-21 09:00:00,0.01,29.18,70.2,3.8
2019-11-21 10:00:00,0.0,29.78,67.15,3.29
2019-11-21 11:00:00,0.0,30.31,64.64,2.66
2019-11-21 12:00:00,0.01,30.73,62.55,1.78
2019-11-21 13:00:00,0.04,30.99,61.41,0.8
2019-11-21 14:00:00,0.07,30.98,61.77,0.89
2019-11-21 15:00:00,0.09,30.77,63.24,1.76
2019-11-21 16:00:00,0.1,30.37,66.01,2.49
2019-11-21 17:00:00,0.11,29.7,71.53,2.66
2019-11-21 18:00:00,0.11,29.19,75.48,2.56
2019-11-21 19:00:00,0.1,28.92,76.97,2.26
2019-11-21 20:00:00,0.1,28.7,78.0,1.95
2019-11-21 21:00:00,0.1,28.49,78.7,1.67
2019-11-21 22:00:00,0.1,28.32,79.1,1.42
2019-11-21 23:00:00,0.11,28.14,79.49,1.19
2019-11-22 00:00:00,0.11,27.95,79.74,0.98
2019-11-22 01:00:00,0.11,27.78,79.77,0.8
2019-11-22 02:00:00,0.1,27.64,79.4,0.53
2019-11-22 03:00:00,0.08,27.57,78.69,0.2
2019-11-22 04:00:00,0.06,27.5,78.35,0.28
2019-11-22 05:00:00,0.03,27.46,77.76,0.48
2019-11-22 06:00:00,0.03,27.52,77.16,0.63
2019-11-22 07:00:00,0.03,27.94,73.87,0.82
2019-11-22 08:00:00,0.02,28.39,71.51,0.9
2019-11-22 09:00:00,0.02,28.81,68.99,0.76
2019-11-22 10:00:00,0.02,29.14,67.49,0.4
2019-11-22 11:00:00,0.05,29.38,67.04,0.57
2019-11-22 12:00:00,0.08,29.45,67.56,1.16
2019-11-22 13:00:00,0.1,29.35,68.67,1.74
2019-11-22 14:00:00,0.12,29.17,69.55,2.03
2019-11-22 15:00:00,0.13,28.9,70.93,2.22
2019-11-22 16:00:00,0.13,28.59,72.89,2.3
2019-11-22 17:00:00,0.13,28.16,76.62,2.17
2019-11-22 18:00:00,0.15,27.83,79.82,2.03
2019-11-22 19:00:00,0.16,27.59,81.44,1.74
2019-11-22 20:00:00,0.15,27.35,82.51,1.13
2019-11-22 21:00:00,0.15,27.18,82.21,0.39
2019-11-22 22:00:00,0.13,27.12,80.93,0.11
2019-11-22 23:00:00,0.1,27.11,81.16,0.15
2019-11-23 00:00:00,0.09,27.13,81.26,0.17
2019-11-23 01:00:00,0.08,27.21,80.2,0.43
2019-11-23 02:00:00,0.08,27.29,79.47,0.77
2019-11-23 03:00:00,0.06,27.27,80.56,1.34
2019-11-23 04:00:00,0.06,27.27,81.33,1.82
2019-11-23 05:00:00,0.04,27.31,80.84,2.11
2019-11-23 06:00:00,0.03,27.43,80.02,2.21
2019-11-23 07:00:00,0.02,28.07,75.55,2.56
2019-11-23 08:00:00,0.01,28.57,71.88,2.87
2019-11-23 09:00:00,0.01,29.17,69.62,2.87
2019-11-23 10:00:00,0.01,29.81,66.92,2.39
2019-11-23 11:00:00,0.01,30.36,64.12,1.74
2019-11-23 12:00:00,0.01,30.77,62.1,1.11
2019-11-23 13:00:00,0.01,31.0,61.17,0.73
2019-11-23 14:00:00,0.02,31.07,61.13,0.99
2019-11-23 15:00:00,0.02,31.01,61.54,1.38
2019-11-23 16:00:00,0.03,30.83,62.86,1.68
2019-11-23 17:00:00,0.04,30.3,68.28,1.73
2019-11-23 18:00:00,0.05,29.83,73.33,1.62
2019-11-23 19:00:00,0.05,29.62,74.21,1.4
2019-11-23 20:00:00,0.05,29.46,74.81,1.32
2019-11-23 21:00:00,0.06,29.25,75.65,1.31
2019-11-23 22:00:00,0.05,29.04,76.25,1.1
2019-11-23 23:00:00,0.05,28.79,77.04,1.13
2019-11-24 00:00:00,0.05,28.46,78.94,1.49
2019-11-24 01:00:00,0.05,28.21,79.63,1.58
2019-11-24 02:00:00,0.05,28.04,79.59,1.57
2019-11-24 03:00:00,0.04,27.87,79.66,1.86
2019-11-24 04:00:00,0.03,27.76,79.18,2.22
2019-11-24 05:00:00,0.03,27.7,78.14,2.41
2019-11-24 06:00:00,0.02,27.77,76.98,2.49
2019-11-24 07:00:00,0.01,28.43,71.67,2.87
2019-11-24 08:00:00,0.01,28.9,68.26,3.07
2019-11-24 09:00:00,0.0,29.48,65.43,2.73
2019-11-24 10:00:00,0.0,30.12,61.73,1.96
2019-11-24 11:00:00,0.0,30.7,58.15,1.15
2019-11-24 12:00:00,0.0,31.21,55.3,0.5
2019-11-24 13:00:00,0.01,31.57,54.23,0.3
2019-11-24 14:00:00,0.02,31.72,54.38,0.59
2019-11-24 15:00:00,0.04,31.68,56.02,0.74
2019-11-24 16:00:00,0.05,31.56,57.17,0.85
2019-11-24 17:00:00,0.08,31.06,62.23,0.97
2019-11-24 18:00:00,0.08,30.51,68.8,0.88
2019-11-24 19:00:00,0.1,30.3,70.1,0.67
2019-11-24 20:00:00,0.12,30.06,71.23,0.34
2019-11-24 21:00:00,0.15,29.67,73.7,0.45
2019-11-24 22:00:00,0.16,29.23,76.24,0.99
2019-11-24 23:00:00,0.16,28.83,77.92,1.52
2019-11-25 00:00:00,0.13,28.49,78.88,1.78
2019-11-25 01:00:00,0.1,28.24,78.84,1.77
2019-11-25 02:00:00,0.08,28.08,77.77,1.57
2019-11-25 03:00:00,0.08,27.99,76.81,1.49
2019-11-25 04:00:00,0.07,27.87,76.82,1.78
2019-11-25 05:00:00,0.05,27.75,77.09,2.08
2019-11-25 06:00:00,0.04,27.77,76.75,2.05
2019-11-25 07:00:00,0.04,28.33,71.36,2.21
2019-11-25 08:00:00,0.02,28.75,68.47,2.41
2019-11-25 09:00:00,0.01,29.17,66.55,2.23
2019-11-25 10:00:00,0.01,29.58,64.01,1.59
2019-11-25 11:00:00,0.01,30.0,61.18,0.63
2019-11-25 12:00:00,0.01,30.52,59.02,0.44
2019-11-25 13:00:00,0.01,30.95,58.84,1.52
2019-11-25 14:00:00,0.01,30.97,59.89,2.17
2019-11-25 15:00:00,0.01,30.78,61.24,2.38
2019-11-25 16:00:00,0.01,30.43,63.35,2.4
2019-11-25 17:00:00,0.01,29.8,68.7,2.13
2019-11-25 18:00:00,0.02,29.27,73.25,1.86
2019-11-25 19:00:00,0.02,28.96,74.91,1.5
2019-11-25 20:00:00,0.03,28.73,76.27,1.41
2019-11-25 21:00:00,0.04,28.52,77.61,1.31
2019-11-25 22:00:00,0.03,28.36,78.3,1.06
2019-11-25 23:00:00,0.03,28.25,77.62,0.65
2019-11-26 00:00:00,0.03,28.25,75.72,0.12
2019-11-26 01:00:00,0.03,28.14,75.05,0.31
2019-11-26 02:00:00,0.03,27.95,75.39,0.78
2019-11-26 03:00:00,0.02,27.78,75.73,1.19
2019-11-26 04:00:00,0.02,27.66,75.67,1.48
2019-11-26 05:00:00,0.01,27.51,75.95,1.79
2019-11-26 06:00:00,0.01,27.55,76.34,2.19
2019-11-26 07:00:00,0.0,28.23,71.77,2.9
2019-11-26 08:00:00,0.0,28.76,69.1,3.13
2019-11-26 09:00:00,0.0,29.43,66.35,2.83
2019-11-26 10:00:00,0.0,30.14,63.32,2.23
2019-11-26 11:00:00,0.0,30.74,61.04,1.53
2019-11-26 12:00:00,0.0,31.16,60.3,0.82
2019-11-26 13:00:00,0.01,31.4,61.24,0.23
2019-11-26 14:00:00,0.01,31.47,62.52,0.69
2019-11-26 15:00:00,0.02,31.32,63.81,1.51
2019-11-26 16:00:00,0.02,31.06,64.12,2.19
2019-11-26 17:00:00,0.03,30.45,68.65,2.59
2019-11-26 18:00:00,0.03,29.89,73.73,2.65
2019-11-26 19:00:00,0.04,29.58,76.12,2.49
2019-11-26 20:00:00,0.04,29.36,77.54,1.88
2019-11-26 21:00:00,0.04,29.18,78.01,1.11
2019-11-26 22:00:00,0.05,29.07,76.75,0.61
2019-11-26 23:00:00,0.04,28.96,75.39,0.58
2019-11-27 00:00:00,0.04,28.85,74.39,0.8
2019-11-27 01:00:00,0.03,28.66,74.18,1.04
2019-11-27 02:00:00,0.03,28.43,73.94,1.1
2019-11-27 03:00:00,0.02,28.26,73.26,1.02
2019-11-27 04:00:00,0.02,28.14,72.59,0.99
2019-11-27 05:00:00,0.01,28.01,72.52,1.04
2019-11-27 06:00:00,0.01,27.99,73.06,1.11
2019-11-27 07:00:00,0.01,28.51,70.51,1.29
2019-11-27 08:00:00,0.02,29.04,68.4,1.6
2019-11-27 09:00:00,0.02,29.68,66.42,1.81
2019-11-27 10:00:00,0.02,30.33,64.09,1.72
2019-11-27 11:00:00,0.01,30.92,62.0,1.51
2019-11-27 12:00:00,0.0,31.35,62.19,1.24
2019-11-27 13:00:00,0.0,31.62,63.29,1.21
2019-11-27 14:00:00,0.0,31.76,63.23,1.27
2019-11-27 15:00:00,0.0,31.71,63.9,1.35
2019-11-27 16:00:00,0.01,31.45,65.59,1.54
2019-11-27 17:00:00,0.02,30.83,70.38,1.81
2019-11-27 18:00:00,0.02,30.21,74.82,2.07
2019-11-27 19:00:00,0.05,29.81,76.86,2.16
2019-11-27 20:00:00,0.07,29.54,77.97,1.98
2019-11-27 21:00:00,0.07,29.35,78.37,1.59
2019-11-27 22:00:00,0.08,29.2,78.1,1.15
2019-11-27 23:00:00,0.07,29.13,76.83,0.76
2019-11-28 00:00:00,0.07,29.07,75.52,0.42
2019-11-28 01:00:00,0.05,28.96,74.76,0.17
2019-11-28 02:00:00,0.04,28.82,75.3,0.46
2019-11-28 03:00:00,0.03,28.73,74.88,0.84
2019-11-28 04:00:00,0.03,28.68,74.76,1.06
2019-11-28 05:00:00,0.03,28.69,74.0,1.07
2019-11-28 06:00:00,0.03,28.8,73.22,0.9
2019-11-28 07:00:00,0.07,29.22,70.7,0.78
2019-11-28 08:00:00,0.03,29.6,69.34,0.45
2019-11-28 09:00:00,0.04,29.61,69.81,0.37
2019-11-28 10:00:00,0.04,29.07,72.62,0.53
2019-11-28 11:00:00,0.04,28.74,75.04,0.81
2019-11-28 12:00:00,0.04,28.72,75.79,1.1
2019-11-28 13:00:00,0.03,28.94,74.61,1.04
2019-11-28 14:00:00,0.02,29.37,71.77,0.66
2019-11-28 15:00:00,0.02,29.73,69.46,0.19
2019-11-28 16:00:00,0.03,29.88,68.54,0.29
2019-11-28 17:00:00,0.03,29.7,71.61,0.62
2019-11-28 18:00:00,0.04,29.39,76.14,0.91
2019-11-28 19:00:00,0.05,29.22,76.6,1.13
2019-11-28 20:00:00,0.06,29.07,77.02,1.11
2019-11-28 21:00:00,0.08,28.99,76.31,0.78
2019-11-28 22:00:00,0.12,28.92,75.2,0.43
2019-11-28 23:00:00,0.15,28.69,76.75,0.55
2019-11-29 00:00:00,0.19,28.49,77.16,0.81
2019-11-29 01:00:00,0.25,28.29,77.64,0.91
2019-11-29 02:00:00,0.28,28.17,77.66,0.99
2019-11-29 03:00:00,0.28,28.14,76.81,0.82
2019-11-29 04:00:00,0.24,28.09,76.09,0.61
2019-11-29 05:00:00,0.19,28.07,75.33,0.67
2019-11-29 06:00:00,0.16,28.14,74.29,0.66
2019-11-29 07:00:00,0.13,28.57,71.39,0.65
2019-11-29 08:00:00,0.19,29.1,68.91,1.09
2019-11-29 09:00:00,0.06,29.72,66.26,1.47
2019-11-29 10:00:00,0.05,30.33,63.83,1.53
2019-11-29 11:00:00,0.06,30.83,62.28,1.39
2019-11-29 12:00:00,0.09,31.11,63.0,1.18
2019-11-29 13:00:00,0.13,31.2,64.49,0.94
2019-11-29 14:00:00,0.19,31.26,62.95,0.66
2019-11-29 15:00:00,0.28,31.21,62.88,0.45
2019-11-29 16:00:00,0.32,30.98,65.77,0.58
2019-11-29 17:00:00,0.39,30.59,68.95,1.12
2019-11-29 18:00:00,0.42,30.09,73.78,1.57
2019-11-29 19:00:00,0.37,29.73,76.51,1.75
2019-11-29 20:00:00,0.49,29.48,77.98,1.65
2019-11-29 21:00:00,0.61,29.27,78.95,1.48
2019-11-29 22:00:00,0.64,29.07,79.87,1.31
2019-11-29 23:00:00,0.48,28.95,79.45,0.9
2019-11-30 00:00:00,0.41,28.92,77.42,0.37
2019-11-30 01:00:00,0.28,28.63,79.01,0.95
2019-11-30 02:00:00,0.16,28.35,80.46,1.47
2019-11-30 03:00:00,0.08,28.12,80.2,1.74
2019-11-30 04:00:00,0.06,27.94,79.87,1.99
2019-11-30 05:00:00,0.05,27.85,78.42,1.78
2019-11-30 06:00:00,0.05,27.94,76.55,1.44
2019-11-30 07:00:00,0.07,28.43,72.47,1.53
2019-11-30 08:00:00,0.03,28.84,70.08,1.87
2019-11-30 09:00:00,0.03,29.25,68.61,1.91
2019-11-30 10:00:00,0.07,29.6,66.96,1.49
2019-11-30 11:00:00,0.13,29.92,65.55,0.8
2019-11-30 12:00:00,0.29,30.16,65.13,0.46
2019-11-30 13:00:00,0.37,30.14,66.03,0.57
2019-11-30 14:00:00,0.35,29.9,68.11,0.83
2019-11-30 15:00:00,0.32,29.58,70.69,1.24
2019-11-30 16:00:00,0.32,29.18,74.36,1.45
2019-11-30 17:00:00,0.44,28.77,79.03,1.58
2019-11-30 18:00:00,0.72,28.5,81.56,1.98
2019-11-30 19:00:00,1.0,28.33,82.84,2.35
2019-11-30 20:00:00,1.35,28.14,83.97,2.59
2019-11-30 21:00:00,1.84,27.92,85.01,2.69
2019-11-30 22:00:00,2.17,27.73,85.85,2.76
2019-11-30 23:00:00,1.96,27.6,86.43,2.9
2019-12-01 00:00:00,1.33,27.5,86.67,3.05
2019-12-01 01:00:00,0.8,27.4,86.72,3.08
2019-12-01 02:00:00,0.62,27.29,86.63,2.91
2019-12-01 03:00:00,0.59,27.19,86.11,2.42
2019-12-01 04:00:00,0.61,27.18,84.83,1.96
2019-12-01 05:00:00,0.71,27.2,83.88,1.79
2019-12-01 06:00:00,0.85,27.29,83.5,1.82
2019-12-01 07:00:00,0.94,27.58,83.29,2.41
2019-12-01 08:00:00,0.87,27.5,84.45,3.36
2019-12-01 09:00:00,0.81,27.52,86.18,4.28
2019-12-01 10:00:00,0.71,27.72,85.69,4.88
2019-12-01 11:00:00,0.63,27.9,84.33,5.13
2019-12-01 12:00:00,0.62,28.09,83.02,5.3
2019-12-01 13:00:00,0.59,28.27,81.63,5.65
2019-12-01 14:00:00,0.52,28.39,80.62,6.1
2019-12-01 15:00:00,0.45,28.4,80.48,6.53
2019-12-01 16:00:00,0.41,28.27,81.54,6.62
2019-12-01 17:00:00,0.31,27.94,83.66,6.2
2019-12-01 18:00:00,0.22,27.7,85.08,5.93
2019-12-01 19:00:00,0.17,27.63,85.62,5.94
2019-12-01 20:00:00,0.15,27.58,85.96,5.78
2019-12-01 21:00:00,0.16,27.52,86.22,5.51
2019-12-01 22:00:00,0.19,27.48,86.36,5.31
2019-12-01 23:00:00,0.2,27.42,86.6,5.17
2019-12-02 00:00:00,0.22,27.35,86.84,5.0
2019-12-02 01:00:00,0.23,27.25,87.16,4.83
2019-12-02 02:00:00,0.23,27.19,87.55,4.74
2019-12-02 03:00:00,0.22,27.17,87.84,4.78
2019-12-02 04:00:00,0.2,27.18,88.22,4.84
2019-12-02 05:00:00,0.12,27.2,88.38,5.08
2019-12-02 06:00:00,0.1,27.25,87.67,5.57
2019-12-02 07:00:00,0.11,27.39,85.7,6.26
2019-12-02 08:00:00,0.08,27.5,82.77,6.49
2019-12-02 09:00:00,0.08,27.69,79.22,6.12
2019-12-02 10:00:00,0.08,27.93,76.45,5.44
2019-12-02 11:00:00,0.09,28.09,74.8,4.6
2019-12-02 12:00:00,0.09,28.27,73.58,3.78
2019-12-02 13:00:00,0.09,28.42,73.02,3.25
2019-12-02 14:00:00,0.1,28.57,72.69,2.88
2019-12-02 15:00:00,0.11,28.74,72.28,2.51
2019-12-02 16:00:00,0.12,28.84,72.28,2.03
2019-12-02 17:00:00,0.15,28.55,76.84,1.44
2019-12-02 18:00:00,0.18,28.21,78.98,1.13
2019-12-02 19:00:00,0.2,27.94,80.4,0.87
2019-12-02 20:00:00,0.24,27.64,82.26,0.78
2019-12-02 21:00:00,0.31,27.37,83.84,0.91
2019-12-02 22:00:00,0.38,27.18,85.01,1.19
2019-12-02 23:00:00,0.44,27.05,86.16,1.67
2019-12-03 00:00:00,0.46,27.01,86.08,2.15
2019-12-03 01:00:00,0.44,26.95,85.42,2.59
2019-12-03 02:00:00,0.4,26.89,84.06,2.72
2019-12-03 03:00:00,0.35,26.8,82.16,2.65
2019-12-03 04:00:00,0.3,26.72,79.97,2.48
2019-12-03 05:00:00,0.26,26.64,77.96,2.24
2019-12-03 06:00:00,0.21,26.58,76.97,2.16
2019-12-03 07:00:00,0.15,26.92,73.63,2.15
2019-12-03 08:00:00,0.06,27.28,69.07,2.53
2019-12-03 09:00:00,0.03,27.58,67.4,2.76
2019-12-03 10:00:00,0.02,28.03,65.39,2.66
2019-12-03 11:00:00,0.01,28.57,63.18,2.24
2019-12-03 12:00:00,0.01,29.23,60.47,1.78
2019-12-03 13:00:00,0.02,29.81,58.61,1.33
2019-12-03 14:00:00,0.03,30.16,58.15,0.88
2019-12-03 15:00:00,0.05,30.24,58.76,0.47
2019-12-03 16:00:00,0.07,30.09,60.35,0.34
2019-12-03 17:00:00,0.08,29.6,65.37,0.15
2019-12-03 18:00:00,0.1,28.93,73.01,0.33
2019-12-03 19:00:00,0.11,28.52,75.48,0.44
2019-12-03 20:00:00,0.15,28.12,77.77,0.43
2019-12-03 21:00:00,0.19,27.71,80.05,0.44
2019-12-03 22:00:00,0.22,27.36,80.58,0.79
2019-12-03 23:00:00,0.22,27.07,84.67,1.39
2019-12-04 00:00:00,0.2,26.99,85.68,1.94
2019-12-04 01:00:00,0.15,26.97,84.15,2.32
2019-12-04 02:00:00,0.1,26.91,81.62,2.06
2019-12-04 03:00:00,0.06,26.93,78.18,1.5
2019-12-04 04:00:00,0.05,26.98,75.63,1.23
2019-12-04 05:00:00,0.03,27.02,74.44,1.24
2019-12-04 06:00:00,0.01,27.18,74.17,1.35
2019-12-04 07:00:00,0.01,27.83,71.3,1.64
2019-12-04 08:00:00,0.01,28.41,68.03,1.79
2019-12-04 09:00:00,0.0,28.98,65.26,1.59
2019-12-04 10:00:00,0.0,29.55,62.23,1.1
2019-12-04 11:00:00,0.0,30.08,59.05,0.46
2019-12-04 12:00:00,0.0,30.59,56.54,0.22
2019-12-04 13:00:00,0.0,30.82,55.65,0.8
2019-12-04 14:00:00,0.01,30.9,55.58,0.94
2019-12-04 15:00:00,0.02,30.93,55.91,0.87
2019-12-04 16:00:00,0.06,30.79,57.39,1.1
2019-12-04 17:00:00,0.06,30.24,63.44,1.28
2019-12-04 18:00:00,0.05,29.65,69.8,1.32
2019-12-04 19:00:00,0.03,29.43,70.8,1.15
2019-12-04 20:00:00,0.02,29.4,69.3,0.87
2019-12-04 21:00:00,0.02,29.21,68.89,0.89
2019-12-04 22:00:00,0.01,28.64,72.8,1.41
2019-12-04 23:00:00,0.01,28.11,75.17,2.03
2019-12-05 00:00:00,0.01,27.65,76.37,2.64
2019-12-05 01:00:00,0.02,27.24,77.03,3.04
2019-12-05 02:00:00,0.02,26.93,77.02,2.98
2019-12-05 03:00:00,0.01,26.77,76.58,2.69
2019-12-05 04:00:00,0.01,26.69,76.07,2.47
2019-12-05 05:00:00,0.01,26.65,75.71,2.39
2019-12-05 06:00:00,0.01,26.78,75.32,2.31
2019-12-05 07:00:00,0.0,27.54,70.93,2.65
2019-12-05 08:00:00,0.0,28.15,68.36,3.08
2019-12-05 09:00:00,0.0,28.81,66.36,3.11
2019-12-05 10:00:00,0.0,29.5,63.96,2.76
2019-12-05 11:00:00,0.01,30.08,61.69,2.27
2019-12-05 12:00:00,0.02,30.48,59.97,1.74
2019-12-05 13:00:00,0.03,30.69,59.01,1.19
2019-12-05 14:00:00,0.04,30.69,58.87,0.7
2019-12-05 15:00:00,0.05,30.65,58.83,0.52
2019-12-05 16:00:00,0.05,30.56,59.81,0.54
2019-12-05 17:00:00,0.05,30.31,61.85,0.52
2019-12-05 18:00:00,0.03,29.96,65.32,0.7
2019-12-05 19:00:00,0.02,29.59,68.46,1.13
2019-12-05 20:00:00,0.01,29.17,71.59,1.63
2019-12-05 21:00:00,0.01,28.7,73.45,2.12
2019-12-05 22:00:00,0.01,28.17,75.18,2.59
2019-12-05 23:00:00,0.01,27.65,76.52,2.92
2019-12-06 00:00:00,0.0,27.18,77.42,3.14
2019-12-06 01:00:00,0.0,26.79,77.87,3.32
2019-12-06 02:00:00,0.0,26.47,77.98,3.45
2019-12-06 03:00:00,0.0,26.24,77.73,3.47
2019-12-06 04:00:00,0.0,26.04,77.74,3.39
2019-12-06 05:00:00,0.0,25.89,77.77,3.37
2019-12-06 06:00:00,0.0,25.96,77.5,3.4
2019-12-06 07:00:00,0.0,26.71,73.15,3.8
2019-12-06 08:00:00,0.0,27.37,70.32,3.84
2019-12-06 09:00:00,0.0,28.23,67.4,3.46
2019-12-06 10:00:00,0.0,29.11,64.29,2.76
2019-12-06 11:00:00,0.0,29.85,61.47,2.17
2019-12-06 12:00:00,0.0,30.3,59.99,1.88
2019-12-06 13:00:00,0.0,30.51,60.6,1.73
2019-12-06 14:00:00,0.0,30.51,63.14,1.53
2019-12-06 15:00:00,0.0,30.45,64.47,1.36
2019-12-06 16:00:00,0.0,30.34,65.63,1.15
2019-12-06 17:00:00,0.0,30.06,68.41,0.88
2019-12-06 18:00:00,0.0,29.72,70.75,0.75
2019-12-06 19:00:00,0.0,29.55,69.8,0.66
2019-12-06 20:00:00,0.0,29.33,69.72,0.82
2019-12-06 21:00:00,0.01,29.0,70.68,0.99
2019-12-06 22:00:00,0.01,28.64,71.84,1.22
2019-12-06 23:00:00,0.02,28.23,73.48,1.49
2019-12-07 00:00:00,0.05,27.86,74.63,1.69
2019-12-07 01:00:00,0.07,27.57,75.07,1.78
2019-12-07 02:00:00,0.09,27.31,75.52,1.87
2019-12-07 03:00:00,0.11,27.12,75.81,1.96
2019-12-07 04:00:00,0.11,27.01,75.79,1.99
2019-12-07 05:00:00,0.09,26.97,75.63,2.01
2019-12-07 06:00:00,0.07,27.07,75.64,2.04
2019-12-07 07:00:00,0.05,27.76,71.78,2.42
2019-12-07 08:00:00,0.05,28.3,69.35,2.85
2019-12-07 09:00:00,0.04,28.84,68.49,3.02
2019-12-07 10:00:00,0.03,29.33,67.82,3.09
2019-12-07 11:00:00,0.03,29.76,67.0,2.97
2019-12-07 12:00:00,0.02,30.11,65.78,2.61
2019-12-07 13:00:00,0.02,30.41,64.31,2.02
2019-12-07 14:00:00,0.02,30.5,63.44,1.68
2019-12-07 15:00:00,0.02,30.46,64.28,1.72
2019-12-07 16:00:00,0.03,30.18,66.76,2.02
2019-12-07 17:00:00,0.03,29.55,72.45,2.1
2019-12-07 18:00:00,0.04,29.01,77.41,2.03
2019-12-07 19:00:00,0.05,28.61,79.8,1.99
2019-12-07 20:00:00,0.07,28.22,81.51,2.02
2019-12-07 21:00:00,0.1,27.86,82.41,2.12
2019-12-07 22:00:00,0.15,27.54,82.65,2.25
2019-12-07 23:00:00,0.21,27.27,82.37,2.46
2019-12-08 00:00:00,0.24,27.04,81.53,2.66
2019-12-08 01:00:00,0.25,26.79,80.89,2.87
2019-12-08 02:00:00,0.2,26.52,80.19,2.85
2019-12-08 03:00:00,0.1,26.32,79.3,2.7
2019-12-08 04:00:00,0.04,26.19,78.46,2.7
2019-12-08 05:00:00,0.02,26.06,77.89,2.77
2019-12-08 06:00:00,0.01,26.16,77.25,2.84
2019-12-08 07:00:00,0.0,27.06,72.47,3.3
2019-12-08 08:00:00,0.0,27.73,69.08,3.52
2019-12-08 09:00:00,0.0,28.4,66.3,3.24
2019-12-08 10:00:00,0.0,29.08,62.72,2.49
2019-12-08 11:00:00,0.0,29.67,59.16,1.49
2019-12-08 12:00:00,0.0,30.23,55.75,0.48
2019-12-08 13:00:00,0.0,30.67,54.14,0.71
2019-12-08 14:00:00,0.0,30.74,54.36,1.49
2019-12-08 15:00:00,0.0,30.59,55.66,2.12
2019-12-08 16:00:00,0.0,30.23,58.54,2.58
2019-12-08 17:00:00,0.0,29.47,65.55,2.62
2019-12-08 18:00:00,0.0,28.86,70.84,2.42
2019-12-08 19:00:00,0.0,28.61,71.99,2.05
2019-12-08 20:00:00,0.0,28.44,72.75,1.44
2019-12-08 21:00:00,0.0,28.27,73.52,0.88
2019-12-08 22:00:00,0.0,28.0,74.99,1.06
2019-12-08 23:00:00,0.0,27.68,76.89,1.78
2019-12-09 00:00:00,0.0,27.41,77.98,2.55
2019-12-09 01:00:00,0.0,27.1,78.12,3.13
2019-12-09 02:00:00,0.0,26.77,77.34,3.29
2019-12-09 03:00:00,0.0,26.48,76.19,3.14
2019-12-09 04:00:00,0.0,26.21,75.0,2.96
2019-12-09 05:00:00,0.0,26.0,74.12,2.83
2019-12-09 06:00:00,0.0,26.03,73.76,2.83
2019-12-09 07:00:00,0.0,26.91,69.78,3.37
2019-12-09 08:00:00,0.0,27.61,66.81,3.8
2019-12-09 09:00:00,0.0,28.39,64.24,3.69
2019-12-09 10:00:00,0.0,29.17,60.88,3.13
2019-12-09 11:00:00,0.0,29.84,57.99,2.53
2019-12-09 12:00:00,0.0,30.37,56.28,2.19
2019-12-09 13:00:00,0.0,30.71,55.74,2.03
2019-12-09 14:00:00,0.0,30.86,55.48,1.75
2019-12-09 15:00:00,0.0,30.85,55.5,1.49
2019-12-09 16:00:00,0.0,30.66,56.45,1.4
2019-12-09 17:00:00,0.0,30.0,62.54,1.44
2019-12-09 18:00:00,0.0,29.35,68.12,1.51
2019-12-09 19:00:00,0.0,29.08,69.04,1.45
2019-12-09 20:00:00,0.0,28.94,69.01,1.28
2019-12-09 21:00:00,0.0,28.86,68.35,1.07
2019-12-09 22:00:00,0.0,28.77,67.53,0.89
2019-12-09 23:00:00,0.0,28.67,66.93,0.74
2019-12-10 00:00:00,0.0,28.47,67.43,0.76
2019-12-10 01:00:00,0.0,28.19,68.85,0.99
2019-12-10 02:00:00,0.0,27.98,69.7,1.12
2019-12-10 03:00:00,0.0,27.87,69.39,1.0
2019-12-10 04:00:00,0.0,27.76,69.36,1.07
2019-12-10 05:00:00,0.0,27.61,70.05,1.34
2019-12-10 06:00:00,0.0,27.58,70.95,1.51
2019-12-10 07:00:00,0.0,28.22,67.14,1.79
2019-12-10 08:00:00,0.0,28.82,63.71,1.77
2019-12-10 09:00:00,0.0,29.37,61.98,1.46
2019-12-10 10:00:00,0.0,29.86,60.71,1.22
2019-12-10 11:00:00,0.0,30.28,59.57,1.14
2019-12-10 12:00:00,0.0,30.59,58.97,1.35
2019-12-10 13:00:00,0.0,30.76,58.99,1.74
2019-12-10 14:00:00,0.0,30.72,59.58,2.09
2019-12-10 15:00:00,0.0,30.51,60.62,2.36
2019-12-10 16:00:00,0.0,30.15,62.52,2.48
2019-12-10 17:00:00,0.0,29.58,66.97,2.39
2019-12-10 18:00:00,0.0,29.09,71.58,2.2
2019-12-10 19:00:00,0.0,28.86,73.24,2.08
2019-12-10 20:00:00,0.01,28.65,74.39,1.92
2019-12-10 21:00:00,0.01,28.45,75.23,1.77
2019-12-10 22:00:00,0.01,28.27,76.08,1.77
2019-12-10 23:00:00,0.01,28.08,76.84,1.96
2019-12-11 00:00:00,0.02,27.92,77.42,2.02
2019-12-11 01:00:00,0.02,27.83,77.0,1.54
2019-12-11 02:00:00,0.02,27.71,76.62,1.0
2019-12-11 03:00:00,0.01,27.59,76.59,0.84
2019-12-11 04:00:00,0.01,27.53,76.02,0.75
2019-12-11 05:00:00,0.01,27.46,75.98,0.82
2019-12-11 06:00:00,0.01,27.39,77.36,1.19
2019-12-11 07:00:00,0.01,27.82,74.75,1.79
2019-12-11 08:00:00,0.01,28.12,72.74,1.68
2019-12-11 09:00:00,0.01,28.42,71.36,1.25
2019-12-11 10:00:00,0.01,28.76,69.97,0.98
2019-12-11 11:00:00,0.01,29.09,68.58,1.02
2019-12-11 12:00:00,0.01,29.34,67.61,1.35
2019-12-11 13:00:00,0.01,29.47,66.97,1.81
2019-12-11 14:00:00,0.0,29.53,66.54,2.26
2019-12-11 15:00:00,0.0,29.44,66.9,2.61
2019-12-11 16:00:00,0.0,29.23,68.44,2.9
2019-12-11 17:00:00,0.0,28.84,71.96,2.92
2019-12-11 18:00:00,0.0,28.49,75.57,2.82
2019-12-11 19:00:00,0.0,28.32,76.95,2.77
2019-12-11 20:00:00,0.0,28.17,78.04,2.69
2019-12-11 21:00:00,0.0,27.98,79.31,2.62
2019-12-11 22:00:00,0.0,27.76,80.58,2.56
2019-12-11 23:00:00,0.0,27.56,81.67,2.52
2019-12-12 00:00:00,0.0,27.36,82.58,2.45
2019-12-12 01:00:00,0.01,27.17,83.32,2.29
2019-12-12 02:00:00,0.01,27.02,84.02,2.21
2019-12-12 03:00:00,0.01,26.93,84.46,2.16
2019-12-12 04:00:00,0.01,26.9,84.43,2.04
2019-12-12 05:00:00,0.07,26.86,84.42,1.82
2019-12-12 06:00:00,0.08,26.88,84.35,1.52
2019-12-12 07:00:00,0.07,27.13,81.96,1.41
2019-12-12 08:00:00,0.06,27.27,80.29,1.02
2019-12-12 09:00:00,0.05,27.41,78.77,0.48
2019-12-12 10:00:00,0.04,27.6,77.05,0.67
2019-12-12 11:00:00,0.03,27.81,75.59,1.3
2019-12-12 12:00:00,0.03,28.04,74.22,1.77
2019-12-12 13:00:00,0.03,28.24,72.75,1.99
2019-12-12 14:00:00,0.02,28.36,71.67,2.06
2019-12-12 15:00:00,0.02,28.4,70.87,1.95
2019-12-12 16:00:00,0.01,28.36,70.68,1.68
2019-12-12 17:00:00,0.01,28.14,73.33,1.31
2019-12-12 18:00:00,0.01,27.97,75.66,1.12
2019-12-12 19:00:00,0.01,28.0,74.87,1.12
2019-12-12 20:00:00,0.01,28.03,74.56,1.27
2019-12-12 21:00:00,0.0,28.02,74.82,1.43
2019-12-12 22:00:00,0.01,27.99,75.11,1.49
2019-12-12 23:00:00,0.0,27.92,75.76,1.53
2019-12-13 00:00:00,0.01,27.85,75.77,1.5
2019-12-13 01:00:00,0.01,27.83,75.01,1.32
2019-12-13 02:00:00,0.01,27.84,74.0,1.07
2019-12-13 03:00:00,0.02,27.81,73.37,0.86
2019-12-13 04:00:00,0.02,27.73,73.15,0.71
2019-12-13 05:00:00,0.02,27.66,72.99,0.61
2019-12-13 06:00:00,0.03,27.67,72.98,0.66
2019-12-13 07:00:00,0.03,28.08,70.7,0.78
2019-12-13 08:00:00,0.03,28.54,68.76,0.77
2019-12-13 09:00:00,0.02,28.99,67.11,0.61
2019-12-13 10:00:00,0.02,29.58,64.9,0.21
2019-12-13 11:00:00,0.02,30.12,63.27,0.46
2019-12-13 12:00:00,0.02,30.46,62.49,1.21
2019-12-13 13:00:00,0.02,30.58,62.69,1.93
2019-12-13 14:00:00,0.02,30.45,63.49,2.45
2019-12-13 15:00:00,0.02,30.11,65.37,2.8
2019-12-13 16:00:00,0.02,29.68,68.03,2.96
2019-12-13 17:00:00,0.02,29.12,71.61,2.88
2019-12-13 18:00:00,0.02,28.63,74.9,2.72
2019-12-13 19:00:00,0.03,28.3,76.91,2.43
2019-12-13 20:00:00,0.07,27.95,79.04,2.2
2019-12-13 21:00:00,0.12,27.53,82.0,1.92
2019-12-13 22:00:00,0.18,27.15,84.86,1.67
2019-12-13 23:00:00,0.24,26.85,86.61,1.39
2019-12-14 00:00:00,0.35,26.64,87.6,1.16
2019-12-14 01:00:00,0.55,26.56,87.66,1.27
2019-12-14 02:00:00,0.74,26.53,87.13,1.51
2019-12-14 03:00:00,0.87,26.54,86.07,1.62
2019-12-14 04:00:00,0.99,26.65,84.38,1.56
2019-12-14 05:00:00,1.03,26.83,82.2,1.44
2019-12-14 06:00:00,0.86,27.11,80.35,1.38
2019-12-14 07:00:00,0.61,27.69,77.06,1.68
2019-12-14 08:00:00,5.33,28.21,73.86,1.83
2019-12-14 09:00:00,3.03,28.69,71.83,1.83
2019-12-14 10:00:00,0.99,29.23,69.31,1.77
2019-12-14 11:00:00,0.81,29.67,66.97,1.64
2019-12-14 12:00:00,0.72,29.97,65.3,1.38
2019-12-14 13:00:00,0.93,30.11,64.37,1.04
2019-12-14 14:00:00,1.26,30.23,64.21,0.79
2019-12-14 15:00:00,1.49,30.14,65.28,0.91
2019-12-14 16:00:00,1.99,29.8,68.17,1.27
2019-12-14 17:00:00,1.67,29.26,73.77,1.41
2019-12-14 18:00:00,1.4,28.85,77.91,1.53
2019-12-14 19:00:00,1.01,28.61,79.63,1.9
2019-12-14 20:00:00,0.75,28.33,80.95,2.44
2019-12-14 21:00:00,0.56,28.01,81.81,2.9
2019-12-14 22:00:00,0.47,27.64,82.32,3.17
2019-12-14 23:00:00,0.22,27.21,82.57,3.37
2019-12-15 00:00:00,0.13,26.79,82.41,3.5
2019-12-15 01:00:00,0.17,26.39,82.28,3.63
2019-12-15 02:00:00,0.13,26.08,81.92,3.61
2019-12-15 03:00:00,0.03,25.86,81.28,3.48
2019-12-15 04:00:00,0.03,25.64,80.64,3.38
2019-12-15 05:00:00,0.04,25.45,79.94,3.32
2019-12-15 06:00:00,0.05,25.46,79.18,3.3
2019-12-15 07:00:00,0.03,26.27,75.22,3.68
2019-12-15 08:00:00,0.0,26.94,71.24,3.97
2019-12-15 09:00:00,0.0,27.62,68.36,3.92
2019-12-15 10:00:00,0.0,28.36,65.19,3.61
2019-12-15 11:00:00,0.0,29.11,61.95,3.12
2019-12-15 12:00:00,0.0,29.87,58.92,2.54
2019-12-15 13:00:00,0.0,30.47,57.43,2.04
2019-12-15 14:00:00,0.0,30.68,59.18,1.5
2019-12-15 15:00:00,0.0,30.79,58.4,1.0
2019-12-15 16:00:00,0.0,30.76,57.9,0.55
2019-12-15 17:00:00,0.0,30.33,62.02,0.16
2019-12-15 18:00:00,0.0,29.7,68.0,0.47
2019-12-15 19:00:00,0.01,29.35,69.19,0.8
2019-12-15 20:00:00,0.01,29.05,70.54,0.98
2019-12-15 21:00:00,0.01,28.79,71.53,1.07
2019-12-15 22:00:00,0.02,28.54,72.09,1.07
2019-12-15 23:00:00,0.02,28.32,72.09,0.92
2019-12-16 00:00:00,0.01,28.14,71.44,0.65
2019-12-16 01:00:00,0.01,27.92,71.08,0.55
2019-12-16 02:00:00,0.01,27.65,71.62,0.72
2019-12-16 03:00:00,0.01,27.47,71.88,0.86
2019-12-16 04:00:00,0.01,27.33,71.83,0.97
2019-12-16 05:00:00,0.0,27.23,71.36,1.1
2019-12-16 06:00:00,0.0,27.16,71.48,1.27
2019-12-16 07:00:00,0.0,27.55,70.14,1.67
2019-12-16 08:00:00,0.0,27.98,65.82,2.39
2019-12-16 09:00:00,0.0,28.38,63.94,2.87
2019-12-16 10:00:00,0.0,28.87,61.87,3.04
2019-12-16 11:00:00,0.0,29.36,59.9,2.97
2019-12-16 12:00:00,0.0,29.84,57.86,2.63
2019-12-16 13:00:00,0.0,30.26,56.03,2.14
2019-12-16 14:00:00,0.0,30.48,55.05,1.44
2019-12-16 15:00:00,0.0,30.55,55.0,0.79
2019-12-16 16:00:00,0.0,30.48,55.82,0.38
2019-12-16 17:00:00,0.0,29.93,61.71,0.52
2019-12-16 18:00:00,0.0,29.36,66.11,0.62
2019-12-16 19:00:00,0.0,29.18,65.57,0.55
2019-12-16 20:00:00,0.0,29.11,64.13,0.26
2019-12-16 21:00:00,0.0,28.94,63.7,0.41
2019-12-16 22:00:00,0.0,28.7,64.33,0.66
2019-12-16 23:00:00,0.0,28.44,64.95,0.87
2019-12-17 00:00:00,0.0,28.15,66.02,1.17
2019-12-17 01:00:00,0.0,27.77,68.65,1.52
2019-12-17 02:00:00,0.0,27.44,70.7,1.8
2019-12-17 03:00:00,0.0,27.2,72.28,1.94
2019-12-17 04:00:00,0.0,27.01,73.35,2.0
2019-12-17 05:00:00,0.0,26.8,74.35,2.07
2019-12-17 06:00:00,0.0,26.77,75.21,2.19
2019-12-17 07:00:00,0.0,27.58,71.92,2.6
2019-12-17 08:00:00,0.0,28.28,68.51,2.87
2019-12-17 09:00:00,0.0,28.98,65.74,2.78
2019-12-17 10:00:00,0.0,29.68,62.71,2.29
2019-12-17 11:00:00,0.0,30.28,60.19,1.52
2019-12-17 12:00:00,0.0,30.67,59.37,0.66
2019-12-17 13:00:00,0.01,30.81,62.15,0.4
2019-12-17 14:00:00,0.01,30.75,63.56,0.8
2019-12-17 15:00:00,0.02,30.59,63.02,0.9
2019-12-17 16:00:00,0.02,30.29,63.34,0.88
2019-12-17 17:00:00,0.03,29.77,66.49,0.73
2019-12-17 18:00:00,0.05,29.27,70.68,0.32
2019-12-17 19:00:00,0.06,29.0,70.95,0.6
2019-12-17 20:00:00,0.04,28.63,75.89,1.21
2019-12-17 21:00:00,0.02,28.36,77.84,1.6
2019-12-17 22:00:00,0.02,28.08,77.97,1.85
2019-12-17 23:00:00,0.01,27.73,77.84,2.01
2019-12-18 00:00:00,0.01,27.37,77.5,2.17
2019-12-18 01:00:00,0.0,27.07,77.26,2.3
2019-12-18 02:00:00,0.0,26.81,76.98,2.29
2019-12-18 03:00:00,0.0,26.64,76.34,2.22
2019-12-18 04:00:00,0.0,26.5,75.82,2.17
2019-12-18 05:00:00,0.0,26.36,75.52,2.2
2019-12-18 06:00:00,0.0,26.36,75.61,2.26
2019-12-18 07:00:00,0.0,27.11,71.43,2.71
2019-12-18 08:00:00,0.0,27.77,68.47,3.27
2019-12-18 09:00:00,0.0,28.54,66.07,3.37
2019-12-18 10:00:00,0.0,29.39,63.01,3.07
2019-12-18 11:00:00,0.0,30.16,60.18,2.53
2019-12-18 12:00:00,0.0,30.61,60.57,1.71
2019-12-18 13:00:00,0.0,30.91,60.69,1.06
2019-12-18 14:00:00,0.0,31.08,60.77,0.87
2019-12-18 15:00:00,0.0,31.04,61.68,0.95
2019-12-18 16:00:00,0.0,30.82,63.31,0.99
2019-12-18 17:00:00,0.01,30.25,68.55,0.94
2019-12-18 18:00:00,0.01,29.66,74.18,0.75
2019-12-18 19:00:00,0.02,29.48,72.98,0.46
2019-12-18 20:00:00,0.02,29.4,70.57,0.1
2019-12-18 21:00:00,0.02,29.12,71.77,0.78
2019-12-18 22:00:00,0.01,28.77,74.13,1.39
2019-12-18 23:00:00,0.01,28.42,75.72,1.88
2019-12-19 00:00:00,0.01,28.1,76.2,2.21
2019-12-19 01:00:00,0.0,27.76,76.47,2.52
2019-12-19 02:00:00,0.0,27.47,76.4,2.41
2019-12-19 03:00:00,0.0,27.28,75.92,2.05
2019-12-19 04:00:00,0.0,27.18,75.49,1.84
2019-12-19 05:00:00,0.0,27.11,75.15,1.79
2019-12-19 06:00:00,0.0,27.12,75.08,1.86
2019-12-19 07:00:00,0.0,27.69,70.53,2.47
2019-12-19 08:00:00,0.0,28.3,68.55,3.35
2019-12-19 09:00:00,0.0,29.07,66.61,3.71
2019-12-19 10:00:00,0.0,29.93,63.8,3.45
2019-12-19 11:00:00,0.0,30.65,62.02,2.95
2019-12-19 12:00:00,0.0,31.07,62.28,2.3
2019-12-19 13:00:00,0.0,31.33,61.75,1.75
2019-12-19 14:00:00,0.0,31.45,61.74,1.37
2019-12-19 15:00:00,0.0,31.31,62.98,1.32
2019-12-19 16:00:00,0.0,30.92,65.97,1.46
2019-12-19 17:00:00,0.01,30.23,71.07,1.44
2019-12-19 18:00:00,0.01,29.61,74.47,1.26
2019-12-19 19:00:00,0.01,29.2,76.36,0.84
2019-12-19 20:00:00,0.01,28.93,77.45,0.75
2019-12-19 21:00:00,0.02,28.72,77.48,1.07
2019-12-19 22:00:00,0.02,28.44,78.41,1.49
2019-12-19 23:00:00,0.02,28.12,79.26,1.82
2019-12-20 00:00:00,0.02,27.78,79.61,2.04
2019-12-20 01:00:00,0.01,27.47,79.35,2.22
2019-12-20 02:00:00,0.01,27.21,78.69,2.23
2019-12-20 03:00:00,0.0,27.03,77.88,2.01
2019-12-20 04:00:00,0.0,26.93,77.07,1.89
2019-12-20 05:00:00,0.0,26.86,76.96,2.03
2019-12-20 06:00:00,0.0,26.89,77.04,2.26
2019-12-20 07:00:00,0.0,27.42,73.76,2.13
2019-12-20 08:00:00,0.0,27.79,69.71,1.75
2019-12-20 09:00:00,0.01,28.04,68.06,1.44
2019-12-20 10:00:00,0.03,28.43,66.26,0.97
2019-12-20 11:00:00,0.03,29.03,64.1,0.39
2019-12-20 12:00:00,0.04,29.64,62.54,0.42
2019-12-20 13:00:00,0.04,29.96,62.24,0.94
2019-12-20 14:00:00,0.04,30.0,62.94,1.39
2019-12-20 15:00:00,0.04,29.76,64.72,1.89
2019-12-20 16:00:00,0.05,29.3,67.93,2.24
2019-12-20 17:00:00,0.06,28.69,72.27,2.3
2019-12-20 18:00:00,0.07,28.24,76.11,2.06
2019-12-20 19:00:00,0.09,27.95,78.35,1.75
2019-12-20 20:00:00,0.09,27.78,79.55,1.39
2019-12-20 21:00:00,0.09,27.65,80.65,0.96
2019-12-20 22:00:00,0.07,27.51,81.46,0.56
2019-12-20 23:00:00,0.04,27.41,81.15,0.31
2019-12-21 00:00:00,0.03,27.33,79.34,0.55
2019-12-21 01:00:00,0.02,27.18,79.97,0.93
2019-12-21 02:00:00,0.02,27.02,81.19,1.2
2019-12-21 03:00:00,0.03,26.91,81.56,1.68
2019-12-21 04:00:00,0.04,26.85,80.93,2.25
2019-12-21 05:00:00,0.03,26.75,80.27,2.57
2019-12-21 06:00:00,0.02,26.75,79.33,2.67
2019-12-21 07:00:00,0.01,27.2,75.99,3.04
2019-12-21 08:00:00,0.0,27.61,72.2,3.62
2019-12-21 09:00:00,0.0,28.04,70.16,3.81
2019-12-21 10:00:00,0.0,28.55,68.03,3.76
2019-12-21 11:00:00,0.0,29.06,65.87,3.54
2019-12-21 12:00:00,0.0,29.44,64.17,3.19
2019-12-21 13:00:00,0.0,29.68,63.03,2.83
2019-12-21 14:00:00,0.0,29.73,62.84,2.56
2019-12-21 15:00:00,0.0,29.66,63.32,2.37
2019-12-21 16:00:00,0.0,29.4,65.46,2.28
2019-12-21 17:00:00,0.0,28.87,70.87,2.18
2019-12-21 18:00:00,0.0,28.41,72.82,2.38
2019-12-21 19:00:00,0.0,28.07,73.56,2.62
2019-12-21 20:00:00,0.0,27.77,74.14,2.73
2019-12-21 21:00:00,0.0,27.49,74.73,2.69
2019-12-21 22:00:00,0.0,27.23,75.49,2.64
2019-12-21 23:00:00,0.0,26.98,76.39,2.72
2019-12-22 00:00:00,0.0,26.74,77.33,2.86
2019-12-22 01:00:00,0.0,26.51,77.83,2.98
2019-12-22 02:00:00,0.0,26.33,78.21,3.03
2019-12-22 03:00:00,0.0,26.23,78.2,3.04
2019-12-22 04:00:00,0.0,26.19,77.75,3.0
2019-12-22 05:00:00,0.0,26.17,77.13,2.87
2019-12-22 06:00:00,0.0,26.32,76.41,2.72
2019-12-22 07:00:00,0.0,27.13,72.21,2.91
2019-12-22 08:00:00,0.0,27.91,67.8,2.78
2019-12-22 09:00:00,0.0,28.98,62.28,2.06
2019-12-22 10:00:00,0.0,29.93,58.94,1.12
2019-12-22 11:00:00,0.0,30.48,59.03,0.64
2019-12-22 12:00:00,0.0,30.71,60.97,1.01
2019-12-22 13:00:00,0.0,30.79,62.49,1.62
2019-12-22 14:00:00,0.0,30.76,62.92,2.16
2019-12-22 15:00:00,0.0,30.64,63.42,2.63
2019-12-22 16:00:00,0.0,30.28,65.58,2.89
2019-12-22 17:00:00,0.0,29.66,70.44,2.92
2019-12-22 18:00:00,0.0,29.08,75.5,2.84
2019-12-22 19:00:00,0.0,28.8,77.04,2.7
2019-12-22 20:00:00,0.0,28.58,78.08,2.36
2019-12-22 21:00:00,0.0,28.42,78.49,2.06
2019-12-22 22:00:00,0.0,28.27,78.85,1.86
2019-12-22 23:00:00,0.0,28.15,78.87,1.61
2019-12-23 00:00:00,0.0,28.02,79.0,1.32
2019-12-23 01:00:00,0.01,27.88,79.2,1.08
2019-12-23 02:00:00,0.01,27.71,79.65,0.99
2019-12-23 03:00:00,0.01,27.56,79.75,0.96
2019-12-23 04:00:00,0.01,27.43,79.96,0.99
2019-12-23 05:00:00,0.0,27.32,80.0,1.01
2019-12-23 06:00:00,0.0,27.34,80.06,1.03
2019-12-23 07:00:00,0.0,27.73,78.2,1.39
2019-12-23 08:00:00,0.0,28.03,76.65,1.58
2019-12-23 09:00:00,0.0,28.31,75.42,1.61
2019-12-23 10:00:00,0.0,28.7,73.63,1.73
2019-12-23 11:00:00,0.0,29.09,71.58,1.63
2019-12-23 12:00:00,0.0,29.43,69.79,1.22
2019-12-23 13:00:00,0.0,29.68,69.03,0.85
2019-12-23 14:00:00,0.0,29.83,68.92,1.13
2019-12-23 15:00:00,0.0,29.89,68.68,1.66
2019-12-23 16:00:00,0.0,29.68,70.27,2.11
2019-12-23 17:00:00,0.0,29.25,74.54,2.41
2019-12-23 18:00:00,0.0,28.83,78.7,2.61
2019-12-23 19:00:00,0.0,28.57,79.9,2.85
2019-12-23 20:00:00,0.0,28.31,81.42,2.94
2019-12-23 21:00:00,0.0,28.07,82.9,2.74
2019-12-23 22:00:00,0.0,27.84,84.17,2.31
2019-12-23 23:00:00,0.0,27.64,85.23,2.01
2019-12-24 00:00:00,0.0,27.46,86.05,1.87
2019-12-24 01:00:00,0.0,27.26,86.66,1.64
2019-12-24 02:00:00,0.0,27.11,86.86,1.48
2019-12-24 03:00:00,0.0,26.99,86.81,1.43
2019-12-24 04:00:00,0.0,26.91,86.41,1.28
2019-12-24 05:00:00,0.0,26.89,85.55,1.0
2019-12-24 06:00:00,0.0,26.91,84.95,0.79
2019-12-24 07:00:00,0.0,27.17,82.19,0.91
2019-12-24 08:00:00,0.0,27.42,80.62,1.08
2019-12-24 09:00:00,0.0,27.76,79.13,1.51
2019-12-24 10:00:00,0.0,28.13,77.34,1.98
2019-12-24 11:00:00,0.0,28.36,76.01,2.35
2019-12-24 12:00:00,0.0,28.42,75.72,2.66
2019-12-24 13:00:00,0.0,28.36,76.2,2.92
2019-12-24 14:00:00,0.0,28.2,77.04,3.05
2019-12-24 15:00:00,0.0,28.05,77.67,3.03
2019-12-24 16:00:00,0.0,27.84,78.66,2.88
2019-12-24 17:00:00,0.0,27.52,80.88,2.58
2019-12-24 18:00:00,0.0,27.25,83.1,2.19
2019-12-24 19:00:00,0.0,27.1,83.93,1.87
2019-12-24 20:00:00,0.0,27.01,84.1,1.65
2019-12-24 21:00:00,0.0,26.95,83.85,1.49
2019-12-24 22:00:00,0.0,26.92,83.43,1.37
2019-12-24 23:00:00,0.0,26.94,82.72,1.21
2019-12-25 00:00:00,0.0,26.94,82.49,1.05
2019-12-25 01:00:00,0.0,26.92,82.3,0.89
2019-12-25 02:00:00,0.0,26.89,82.09,0.77
2019-12-25 03:00:00,0.0,26.85,81.93,0.6
2019-12-25 04:00:00,0.0,26.85,81.38,0.34
2019-12-25 05:00:00,0.0,26.81,80.98,0.21
2019-12-25 06:00:00,0.0,26.91,80.69,0.53
2019-12-25 07:00:00,0.0,27.45,77.53,0.91
2019-12-25 08:00:00,0.0,28.09,74.85,1.12
2019-12-25 09:00:00,0.0,28.78,71.9,1.02
2019-12-25 10:00:00,0.01,29.39,69.38,0.48
2019-12-25 11:00:00,0.01,29.91,68.29,0.36
2019-12-25 12:00:00,0.02,30.07,69.01,1.3
2019-12-25 13:00:00,0.02,30.02,69.11,2.2
2019-12-25 14:00:00,0.03,29.79,70.37,2.81
2019-12-25 15:00:00,0.03,29.5,71.95,3.01
2019-12-25 16:00:00,0.04,29.16,73.37,3.0
2019-12-25 17:00:00,0.04,28.75,75.47,2.76
2019-12-25 18:00:00,0.04,28.4,78.19,2.41
2019-12-25 19:00:00,0.04,28.19,79.97,2.0
2019-12-25 20:00:00,0.04,28.04,81.22,1.84
2019-12-25 21:00:00,0.04,27.89,82.45,1.84
2019-12-25 22:00:00,0.04,27.71,83.64,1.8
2019-12-25 23:00:00,0.03,27.53,84.58,1.71
2019-12-26 00:00:00,0.03,27.35,85.3,1.49
2019-12-26 01:00:00,0.03,27.13,85.96,1.24
2019-12-26 02:00:00,0.02,26.91,86.5,0.89
2019-12-26 03:00:00,0.02,26.73,86.69,0.58
2019-12-26 04:00:00,0.01,26.62,86.51,0.56
2019-12-26 05:00:00,0.01,26.56,86.18,0.79
2019-12-26 06:00:00,0.0,26.65,85.82,1.13
2019-12-26 07:00:00,0.0,27.15,82.41,1.68
2019-12-26 08:00:00,0.0,27.61,80.05,1.74
2019-12-26 09:00:00,0.0,28.14,77.32,1.43
2019-12-26 10:00:00,0.0,28.71,74.72,1.17
2019-12-26 11:00:00,0.0,29.19,72.54,1.12
2019-12-26 12:00:00,0.0,29.52,70.98,1.35
2019-12-26 13:00:00,0.0,29.72,70.52,1.75
2019-12-26 14:00:00,0.0,29.69,70.9,2.14
2019-12-26 15:00:00,0.0,29.54,70.55,2.4
2019-12-26 16:00:00,0.0,29.16,72.38,2.57
2019-12-26 17:00:00,0.0,28.7,75.74,2.52
2019-12-26 18:00:00,0.0,28.47,77.18,2.35
2019-12-26 19:00:00,0.0,28.33,78.12,2.01
2019-12-26 20:00:00,0.0,28.21,79.21,1.83
2019-12-26 21:00:00,0.0,28.06,80.2,1.85
2019-12-26 22:00:00,0.0,27.91,80.96,1.89
2019-12-26 23:00:00,0.0,27.76,81.58,1.88
2019-12-27 00:00:00,0.0,27.6,82.25,1.87
2019-12-27 01:00:00,0.0,27.46,82.87,1.9
2019-12-27 02:00:00,0.0,27.32,83.33,1.76
2019-12-27 03:00:00,0.0,27.22,83.51,1.44
2019-12-27 04:00:00,0.0,27.15,83.32,1.05
2019-12-27 05:00:00,0.0,27.11,82.9,0.71
2019-12-27 06:00:00,0.0,27.08,83.37,0.75
2019-12-27 07:00:00,0.0,27.34,81.66,1.49
2019-12-27 08:00:00,0.0,27.57,80.3,1.88
2019-12-27 09:00:00,0.0,27.87,78.64,1.87
2019-12-27 10:00:00,0.0,28.24,76.92,1.72
2019-12-27 11:00:00,0.0,28.63,75.13,1.75
2019-12-27 12:00:00,0.0,28.95,73.59,2.02
2019-12-27 13:00:00,0.0,29.12,72.67,2.37
2019-12-27 14:00:00,0.0,29.15,72.41,2.57
2019-12-27 15:00:00,0.0,29.02,73.14,2.68
2019-12-27 16:00:00,0.0,28.83,74.29,2.55
2019-12-27 17:00:00,0.0,28.5,76.67,2.37
2019-12-27 18:00:00,0.0,28.25,79.33,2.27
2019-12-27 19:00:00,0.0,28.13,80.95,2.13
2019-12-27 20:00:00,0.0,28.06,81.92,2.14
2019-12-27 21:00:00,0.0,27.99,82.53,2.32
2019-12-27 22:00:00,0.0,27.9,82.83,2.57
2019-12-27 23:00:00,0.0,27.76,83.02,2.93
2019-12-28 00:00:00,0.0,27.54,82.97,3.32
2019-12-28 01:00:00,0.0,27.25,82.42,3.62
2019-12-28 02:00:00,0.0,26.93,81.5,3.47
2019-12-28 03:00:00,0.0,26.68,80.64,3.09
2019-12-28 04:00:00,0.0,26.52,79.85,2.86
2019-12-28 05:00:00,0.0,26.45,79.04,2.74
2019-12-28 06:00:00,0.0,26.54,77.95,2.73
2019-12-28 07:00:00,0.0,27.19,72.62,3.11
2019-12-28 08:00:00,0.0,27.82,68.61,3.09
2019-12-28 09:00:00,0.0,28.67,64.6,2.56
2019-12-28 10:00:00,0.0,29.5,61.03,1.65
2019-12-28 11:00:00,0.0,30.04,60.26,0.66
2019-12-28 12:00:00,0.0,30.4,60.65,0.26
2019-12-28 13:00:00,0.0,30.59,60.72,1.06
2019-12-28 14:00:00,0.0,30.57,62.02,1.68
2019-12-28 15:00:00,0.0,30.43,62.99,2.13
2019-12-28 16:00:00,0.0,30.14,64.23,2.48
2019-12-28 17:00:00,0.0,29.6,66.99,2.78
2019-12-28 18:00:00,0.0,29.01,71.6,2.96
2019-12-28 19:00:00,0.0,28.62,74.93,2.96
2019-12-28 20:00:00,0.0,28.31,77.75,2.8
2019-12-28 21:00:00,0.0,28.03,80.03,2.62
2019-12-28 22:00:00,0.0,27.81,80.61,2.57
2019-12-28 23:00:00,0.0,27.6,80.7,2.61
2019-12-29 00:00:00,0.0,27.35,80.58,2.66
2019-12-29 01:00:00,0.0,27.1,80.29,2.68
2019-12-29 02:00:00,0.0,26.86,80.14,2.73
2019-12-29 03:00:00,0.0,26.69,79.91,2.78
2019-12-29 04:00:00,0.0,26.57,79.53,2.83
2019-12-29 05:00:00,0.0,26.46,79.0,2.94
2019-12-29 06:00:00,0.0,26.49,78.21,3.11
2019-12-29 07:00:00,0.0,27.07,73.39,3.75
2019-12-29 08:00:00,0.0,27.69,69.86,3.77
2019-12-29 09:00:00,0.0,28.54,65.29,3.13
2019-12-29 10:00:00,0.0,29.42,60.61,2.22
2019-12-29 11:00:00,0.0,30.07,58.67,1.39
2019-12-29 12:00:00,0.0,30.38,60.53,1.29
2019-12-29 13:00:00,0.0,30.52,60.82,1.94
2019-12-29 14:00:00,0.0,30.45,61.79,2.41
2019-12-29 15:00:00,0.0,30.25,62.42,2.63
2019-12-29 16:00:00,0.0,29.99,63.58,2.74
2019-12-29 17:00:00,0.0,29.49,66.99,2.68
2019-12-29 18:00:00,0.0,28.98,71.23,2.53
2019-12-29 19:00:00,0.0,28.74,72.33,2.19
2019-12-29 20:00:00,0.0,28.57,73.5,1.77
2019-12-29 21:00:00,0.0,28.41,74.6,1.57
2019-12-29 22:00:00,0.0,28.21,75.61,1.64
2019-12-29 23:00:00,0.0,27.97,76.81,1.89
2019-12-30 00:00:00,0.0,27.71,78.02,2.02
2019-12-30 01:00:00,0.0,27.5,78.29,1.96
2019-12-30 02:00:00,0.0,27.33,77.95,1.87
2019-12-30 03:00:00,0.0,27.15,78.03,1.85
2019-12-30 04:00:00,0.0,26.98,77.83,1.8
2019-12-30 05:00:00,0.0,26.84,77.49,1.72
2019-12-30 06:00:00,0.0,26.8,77.38,1.75
2019-12-30 07:00:00,0.0,27.29,72.54,2.09
2019-12-30 08:00:00,0.0,27.81,68.84,2.09
2019-12-30 09:00:00,0.0,28.47,65.7,1.65
2019-12-30 10:00:00,0.0,29.17,63.13,1.0
2019-12-30 11:00:00,0.0,29.81,61.24,0.4
2019-12-30 12:00:00,0.0,30.24,61.7,0.34
2019-12-30 13:00:00,0.0,30.39,63.93,0.92
2019-12-30 14:00:00,0.0,30.43,64.26,1.39
2019-12-30 15:00:00,0.0,30.32,64.19,1.76
2019-12-30 16:00:00,0.0,30.1,64.36,2.03
2019-12-30 17:00:00,0.0,29.68,66.94,2.16
2019-12-30 18:00:00,0.0,29.23,71.3,2.09
2019-12-30 19:00:00,0.0,28.96,73.13,1.87
2019-12-30 20:00:00,0.0,28.71,74.08,1.68
2019-12-30 21:00:00,0.0,28.43,75.72,1.63
2019-12-30 22:00:00,0.0,28.15,77.08,1.67
2019-12-30 23:00:00,0.0,27.87,78.33,1.71
2019-12-31 00:00:00,0.0,27.58,79.36,1.72
2019-12-31 01:00:00,0.0,27.3,80.17,1.64
2019-12-31 02:00:00,0.0,27.05,80.92,1.64
2019-12-31 03:00:00,0.0,26.88,81.25,1.58
2019-12-31 04:00:00,0.0,26.75,81.5,1.78
2019-12-31 05:00:00,0.0,26.66,80.98,1.78
2019-12-31 06:00:00,0.0,26.75,79.64,1.57
2019-12-31 07:00:00,0.0,27.26,74.47,1.77
2019-12-31 08:00:00,0.0,27.7,71.46,1.4
2019-12-31 09:00:00,0.0,28.28,68.45,0.71
2019-12-31 10:00:00,0.0,28.87,66.43,0.31
2019-12-31 11:00:00,0.0,29.23,65.31,0.83
2019-12-31 12:00:00,0.0,29.48,64.61,1.49
2019-12-31 13:00:00,0.0,29.58,65.2,2.09
2019-12-31 14:00:00,0.0,29.51,66.03,2.31
2019-12-31 15:00:00,0.0,29.28,66.9,2.3
2019-12-31 16:00:00,0.0,29.04,67.89,2.23
2019-12-31 17:00:00,0.0,28.71,70.2,2.08
2019-12-31 18:00:00,0.0,28.47,72.15,1.81
2019-12-31 19:00:00,0.0,28.33,73.06,1.44
2019-12-31 20:00:00,0.0,28.21,74.28,1.2
2019-12-31 21:00:00,0.0,28.12,75.15,1.13
2019-12-31 22:00:00,0.0,28.02,75.82,1.11
2019-12-31 23:00:00,0.0,27.86,76.92,1.19
