,rainfall_mm,temperature_c,humidity_pct,wind_speed_ms
2018-01-01 00:00:00,0.0,18.53,90.52,0.28
2018-01-01 01:00:00,0.0,18.02,92.89,0.33
2018-01-01 02:00:00,0.0,17.63,94.69,0.35
2018-01-01 03:00:00,0.0,17.32,96.1,0.35
2018-01-01 04:00:00,0.0,17.18,96.61,0.35
2018-01-01 05:00:00,0.0,17.18,96.38,0.3
2018-01-01 06:00:00,0.0,17.25,94.68,0.22
2018-01-01 07:00:00,0.0,18.79,90.11,0.06
2018-01-01 08:00:00,0.0,21.41,77.14,0.11
2018-01-01 09:00:00,0.0,23.2,69.95,0.16
2018-01-01 10:00:00,0.0,24.59,64.45,0.18
2018-01-01 11:00:00,0.0,25.54,60.84,0.24
2018-01-01 12:00:00,0.0,26.04,59.09,0.31
2018-01-01 13:00:00,0.0,26.11,59.05,0.36
2018-01-01 14:00:00,0.0,25.76,60.51,0.4
2018-01-01 15:00:00,0.0,25.09,64.67,0.39
2018-01-01 16:00:00,0.0,24.05,73.06,0.33
2018-01-01 17:00:00,0.0,22.24,85.77,0.23
2018-01-01 18:00:00,0.0,20.64,92.48,0.34
2018-01-01 19:00:00,0.0,19.95,94.19,0.43
2018-01-01 20:00:00,0.0,19.61,94.95,0.51
2018-01-01 21:00:00,0.0,19.44,94.74,0.51
2018-01-01 22:00:00,0.0,19.25,94.47,0.45
2018-01-01 23:00:00,0.0,19.0,94.44,0.33
2018-01-02 00:00:00,0.0,18.68,94.79,0.23
2018-01-02 01:00:00,0.0,18.36,95.04,0.11
2018-01-02 02:00:00,0.0,18.0,96.03,0.08
2018-01-02 03:00:00,0.0,17.68,96.9,0.19
2018-01-02 04:00:00,0.0,17.34,97.86,0.34
2018-01-02 05:00:00,0.0,16.98,99.19,0.44
2018-01-02 06:00:00,0.0,16.93,97.83,0.47
2018-01-02 07:00:00,0.0,18.71,90.89,0.29
2018-01-02 08:00:00,0.0,21.75,77.17,0.19
2018-01-02 09:00:00,0.0,23.96,67.14,0.16
2018-01-02 10:00:00,0.0,25.23,62.56,0.23
2018-01-02 11:00:00,0.0,25.89,60.68,0.33
2018-01-02 12:00:00,0.0,26.15,60.21,0.4
2018-01-02 13:00:00,0.0,26.07,61.31,0.45
2018-01-02 14:00:00,0.0,25.85,62.69,0.45
2018-01-02 15:00:00,0.0,25.21,66.38,0.41
2018-01-02 16:00:00,0.0,24.23,73.95,0.31
2018-01-02 17:00:00,0.0,22.57,87.14,0.26
2018-01-02 18:00:00,0.0,21.54,89.33,0.55
2018-01-02 19:00:00,0.0,21.31,88.99,0.43
2018-01-02 20:00:00,0.0,20.44,93.15,0.49
2018-01-02 21:00:00,0.0,19.08,100.0,0.48
2018-01-02 22:00:00,0.0,18.35,100.0,0.36
2018-01-02 23:00:00,0.0,18.24,100.0,0.33
2018-01-03 00:00:00,0.0,18.29,100.0,0.33
2018-01-03 01:00:00,0.0,18.27,100.0,0.32
2018-01-03 02:00:00,0.0,18.2,100.0,0.32
2018-01-03 03:00:00,0.0,18.04,100.0,0.36
2018-01-03 04:00:00,0.0,17.8,100.0,0.42
2018-01-03 05:00:00,0.0,17.56,100.0,0.43
2018-01-03 06:00:00,0.0,17.64,100.0,0.39
2018-01-03 07:00:00,0.0,19.67,91.69,0.32
2018-01-03 08:00:00,0.0,22.14,79.81,0.29
2018-01-03 09:00:00,0.0,24.04,70.29,0.2
2018-01-03 10:00:00,0.0,25.45,63.26,0.1
2018-01-03 11:00:00,0.0,26.47,58.68,0.04
2018-01-03 12:00:00,0.0,27.08,55.89,0.17
2018-01-03 13:00:00,0.0,27.22,55.18,0.28
2018-01-03 14:00:00,0.0,26.86,56.66,0.36
2018-01-03 15:00:00,0.0,25.9,64.5,0.4
2018-01-03 16:00:00,0.0,25.09,72.55,0.38
2018-01-03 17:00:00,0.0,23.2,84.42,0.38
2018-01-03 18:00:00,0.0,21.74,88.16,0.61
2018-01-03 19:00:00,0.0,21.1,89.13,0.69
2018-01-03 20:00:00,0.0,20.84,89.37,0.62
2018-01-03 21:00:00,0.0,20.38,91.35,0.42
2018-01-03 22:00:00,0.0,19.37,96.38,0.41
2018-01-03 23:00:00,0.0,18.59,99.84,0.29
2018-01-04 00:00:00,0.0,18.35,100.0,0.29
2018-01-04 01:00:00,0.0,18.03,100.0,0.36
2018-01-04 02:00:00,0.0,17.65,100.0,0.36
2018-01-04 03:00:00,0.0,17.36,100.0,0.3
2018-01-04 04:00:00,0.0,17.19,100.0,0.23
2018-01-04 05:00:00,0.0,17.18,100.0,0.23
2018-01-04 06:00:00,0.0,17.36,97.52,0.28
2018-01-04 07:00:00,0.0,19.02,88.4,0.4
2018-01-04 08:00:00,0.0,21.36,77.29,0.41
2018-01-04 09:00:00,0.0,23.39,68.46,0.38
2018-01-04 10:00:00,0.0,24.85,62.58,0.32
2018-01-04 11:00:00,0.0,25.85,58.65,0.25
2018-01-04 12:00:00,0.0,26.44,56.36,0.2
2018-01-04 13:00:00,0.0,26.58,55.63,0.19
2018-01-04 14:00:00,0.0,26.26,56.47,0.16
2018-01-04 15:00:00,0.0,25.64,61.75,0.14
2018-01-04 16:00:00,0.0,24.71,70.2,0.18
2018-01-04 17:00:00,0.0,23.1,81.37,0.15
2018-01-04 18:00:00,0.0,21.83,84.58,0.2
2018-01-04 19:00:00,0.0,21.01,86.39,0.39
2018-01-04 20:00:00,0.0,20.41,88.1,0.42
2018-01-04 21:00:00,0.0,19.82,90.05,0.38
2018-01-04 22:00:00,0.0,18.99,93.46,0.32
2018-01-04 23:00:00,0.0,18.29,95.85,0.27
2018-01-05 00:00:00,0.0,17.76,97.53,0.28
2018-01-05 01:00:00,0.0,17.39,97.84,0.37
2018-01-05 02:00:00,0.0,16.95,98.44,0.43
2018-01-05 03:00:00,0.0,16.25,100.0,0.37
2018-01-05 04:00:00,0.0,15.86,100.0,0.21
2018-01-05 05:00:00,0.0,16.18,95.55,0.2
2018-01-05 06:00:00,0.0,16.67,90.36,0.27
2018-01-05 07:00:00,0.0,17.68,84.25,0.42
2018-01-05 08:00:00,0.0,19.67,75.13,0.47
2018-01-05 09:00:00,0.0,21.69,66.04,0.46
2018-01-05 10:00:00,0.0,23.29,60.71,0.42
2018-01-05 11:00:00,0.0,24.34,57.75,0.36
2018-01-05 12:00:00,0.0,24.92,56.09,0.29
2018-01-05 13:00:00,0.0,25.21,55.38,0.24
2018-01-05 14:00:00,0.0,25.07,56.13,0.17
2018-01-05 15:00:00,0.0,24.58,60.55,0.11
2018-01-05 16:00:00,0.0,23.64,71.79,0.09
2018-01-05 17:00:00,0.0,22.24,80.55,0.04
2018-01-05 18:00:00,0.0,21.15,79.24,0.14
2018-01-05 19:00:00,0.0,20.39,80.2,0.29
2018-01-05 20:00:00,0.0,19.66,82.47,0.38
2018-01-05 21:00:00,0.0,18.73,86.1,0.48
2018-01-05 22:00:00,0.0,17.65,90.66,0.48
2018-01-05 23:00:00,0.0,16.8,94.4,0.39
2018-01-06 00:00:00,0.0,16.24,96.26,0.4
2018-01-06 01:00:00,0.0,15.68,98.62,0.4
2018-01-06 02:00:00,0.0,15.13,100.0,0.4
2018-01-06 03:00:00,0.0,14.63,100.0,0.35
2018-01-06 04:00:00,0.0,14.38,100.0,0.31
2018-01-06 05:00:00,0.0,14.14,100.0,0.25
2018-01-06 06:00:00,0.0,14.6,97.66,0.23
2018-01-06 07:00:00,0.0,16.55,86.51,0.37
2018-01-06 08:00:00,0.0,19.12,75.5,0.34
2018-01-06 09:00:00,0.0,21.65,65.03,0.22
2018-01-06 10:00:00,0.0,23.39,59.13,0.06
2018-01-06 11:00:00,0.0,24.65,55.77,0.13
2018-01-06 12:00:00,0.0,25.21,54.37,0.25
2018-01-06 13:00:00,0.0,25.18,54.68,0.34
2018-01-06 14:00:00,0.0,24.5,58.35,0.37
2018-01-06 15:00:00,0.0,24.1,62.9,0.37
2018-01-06 16:00:00,0.0,23.31,71.13,0.36
2018-01-06 17:00:00,0.0,21.86,80.7,0.43
2018-01-06 18:00:00,0.0,20.59,84.04,0.61
2018-01-06 19:00:00,0.0,19.7,87.99,0.65
2018-01-06 20:00:00,0.0,19.02,92.06,0.64
2018-01-06 21:00:00,0.0,18.54,96.13,0.68
2018-01-06 22:00:00,0.0,18.3,98.75,0.69
2018-01-06 23:00:00,0.0,18.37,98.9,0.64
2018-01-07 00:00:00,0.0,18.43,98.67,0.57
2018-01-07 01:00:00,0.0,18.48,98.22,0.49
2018-01-07 02:00:00,0.0,18.56,97.67,0.38
2018-01-07 03:00:00,0.0,18.51,97.77,0.33
2018-01-07 04:00:00,0.0,18.33,98.22,0.38
2018-01-07 05:00:00,0.0,18.13,98.7,0.46
2018-01-07 06:00:00,0.0,17.95,96.92,0.46
2018-01-07 07:00:00,0.0,18.76,93.92,0.28
2018-01-07 08:00:00,0.0,20.72,82.78,0.2
2018-01-07 09:00:00,0.0,22.46,71.84,0.23
2018-01-07 10:00:00,0.0,23.61,65.29,0.28
2018-01-07 11:00:00,0.0,24.38,61.6,0.35
2018-01-07 12:00:00,0.0,24.67,60.43,0.38
2018-01-07 13:00:00,0.0,24.65,60.73,0.41
2018-01-07 14:00:00,0.0,24.34,62.61,0.43
2018-01-07 15:00:00,0.0,23.69,67.56,0.43
2018-01-07 16:00:00,0.0,22.82,77.06,0.39
2018-01-07 17:00:00,0.0,21.59,86.47,0.32
2018-01-07 18:00:00,0.0,20.46,91.98,0.43
2018-01-07 19:00:00,0.0,19.84,94.83,0.49
2018-01-07 20:00:00,0.0,19.63,96.27,0.51
2018-01-07 21:00:00,0.0,19.45,96.58,0.31
2018-01-07 22:00:00,0.0,18.67,99.04,0.3
2018-01-07 23:00:00,0.0,17.89,100.0,0.11
2018-01-08 00:00:00,0.0,17.61,99.29,0.08
2018-01-08 01:00:00,0.0,17.21,98.3,0.16
2018-01-08 02:00:00,0.0,16.84,97.36,0.18
2018-01-08 03:00:00,0.0,16.38,96.45,0.2
2018-01-08 04:00:00,0.0,15.89,95.57,0.21
2018-01-08 05:00:00,0.0,15.39,95.05,0.21
2018-01-08 06:00:00,0.0,15.21,93.27,0.26
2018-01-08 07:00:00,0.0,16.57,84.41,0.41
2018-01-08 08:00:00,0.0,19.08,70.9,0.48
2018-01-08 09:00:00,0.0,21.18,60.84,0.47
2018-01-08 10:00:00,0.0,22.67,55.13,0.4
2018-01-08 11:00:00,0.0,23.68,51.91,0.35
2018-01-08 12:00:00,0.0,24.35,50.0,0.28
2018-01-08 13:00:00,0.0,24.64,49.43,0.21
2018-01-08 14:00:00,0.0,24.5,50.83,0.16
2018-01-08 15:00:00,0.0,24.03,55.2,0.14
2018-01-08 16:00:00,0.0,23.1,63.16,0.13
2018-01-08 17:00:00,0.0,21.17,74.9,0.18
2018-01-08 18:00:00,0.0,19.81,74.75,0.37
2018-01-08 19:00:00,0.0,18.67,78.73,0.47
2018-01-08 20:00:00,0.0,17.51,83.19,0.49
2018-01-08 21:00:00,0.0,16.69,85.69,0.42
2018-01-08 22:00:00,0.0,16.24,86.25,0.38
2018-01-08 23:00:00,0.0,15.85,87.82,0.37
2018-01-09 00:00:00,0.0,15.39,89.73,0.35
2018-01-09 01:00:00,0.0,14.76,91.9,0.31
2018-01-09 02:00:00,0.0,14.33,93.73,0.23
2018-01-09 03:00:00,0.0,14.14,95.83,0.25
2018-01-09 04:00:00,0.0,13.79,99.21,0.24
2018-01-09 05:00:00,0.0,13.72,100.0,0.24
2018-01-09 06:00:00,0.0,14.26,97.37,0.27
2018-01-09 07:00:00,0.0,16.35,87.52,0.4
2018-01-09 08:00:00,0.0,19.22,75.1,0.41
2018-01-09 09:00:00,0.0,21.89,61.27,0.25
2018-01-09 10:00:00,0.02,23.78,52.43,0.1
2018-01-09 11:00:00,0.04,24.92,49.96,0.08
2018-01-09 12:00:00,0.03,25.54,50.49,0.12
2018-01-09 13:00:00,0.05,25.57,52.84,0.16
2018-01-09 14:00:00,0.08,25.11,56.99,0.21
2018-01-09 15:00:00,0.03,24.36,63.28,0.23
2018-01-09 16:00:00,0.01,23.51,73.15,0.22
2018-01-09 17:00:00,0.02,22.34,82.02,0.18
2018-01-09 18:00:00,0.02,21.35,85.3,0.17
2018-01-09 19:00:00,0.02,20.82,85.92,0.08
2018-01-09 20:00:00,0.03,20.17,88.95,0.15
2018-01-09 21:00:00,0.07,19.45,91.58,0.25
2018-01-09 22:00:00,0.13,18.82,93.24,0.25
2018-01-09 23:00:00,0.18,18.37,94.94,0.24
2018-01-10 00:00:00,0.21,18.1,96.29,0.24
2018-01-10 01:00:00,0.32,18.01,96.98,0.25
2018-01-10 02:00:00,0.28,18.02,97.22,0.29
2018-01-10 03:00:00,0.26,18.15,97.07,0.35
2018-01-10 04:00:00,0.19,18.3,96.83,0.37
2018-01-10 05:00:00,0.14,18.4,96.56,0.36
2018-01-10 06:00:00,0.13,18.57,96.38,0.39
2018-01-10 07:00:00,0.12,19.48,95.7,0.39
2018-01-10 08:00:00,0.04,20.8,91.49,0.44
2018-01-10 09:00:00,0.03,22.85,79.54,0.52
2018-01-10 10:00:00,0.02,24.8,68.93,0.5
2018-01-10 11:00:00,0.02,25.89,64.41,0.43
2018-01-10 12:00:00,0.02,26.44,62.5,0.38
2018-01-10 13:00:00,0.02,26.66,61.84,0.35
2018-01-10 14:00:00,0.02,26.48,63.02,0.36
2018-01-10 15:00:00,0.03,25.76,67.19,0.35
2018-01-10 16:00:00,0.03,24.64,74.48,0.31
2018-01-10 17:00:00,0.03,23.1,84.38,0.24
2018-01-10 18:00:00,0.02,21.99,90.23,0.21
2018-01-10 19:00:00,0.02,21.45,92.52,0.17
2018-01-10 20:00:00,0.02,21.01,94.28,0.13
2018-01-10 21:00:00,0.02,20.61,95.01,0.11
2018-01-10 22:00:00,0.01,20.16,96.29,0.12
2018-01-10 23:00:00,0.02,19.79,97.46,0.13
2018-01-11 00:00:00,0.02,19.63,97.21,0.14
2018-01-11 01:00:00,0.02,19.46,96.81,0.15
2018-01-11 02:00:00,0.02,19.23,96.84,0.16
2018-01-11 03:00:00,0.01,19.03,96.86,0.18
2018-01-11 04:00:00,0.01,18.88,96.87,0.19
2018-01-11 05:00:00,0.01,18.75,96.84,0.19
2018-01-11 06:00:00,0.01,18.88,96.08,0.23
2018-01-11 07:00:00,0.01,19.9,91.9,0.37
2018-01-11 08:00:00,0.0,21.59,82.85,0.47
2018-01-11 09:00:00,0.0,23.32,72.91,0.47
2018-01-11 10:00:00,0.0,24.82,65.87,0.41
2018-01-11 11:00:00,0.0,26.0,61.39,0.34
2018-01-11 12:00:00,0.0,26.73,58.6,0.27
2018-01-11 13:00:00,0.0,27.04,57.68,0.21
2018-01-11 14:00:00,0.0,27.02,58.33,0.16
2018-01-11 15:00:00,0.0,26.5,62.26,0.13
2018-01-11 16:00:00,0.0,25.65,69.21,0.11
2018-01-11 17:00:00,0.0,24.0,79.48,0.09
2018-01-11 18:00:00,0.0,22.66,84.54,0.13
2018-01-11 19:00:00,0.0,21.87,87.15,0.12
2018-01-11 20:00:00,0.0,21.29,88.9,0.1
2018-01-11 21:00:00,0.0,20.93,89.35,0.2
2018-01-11 22:00:00,0.0,20.5,90.13,0.34
2018-01-11 23:00:00,0.0,20.02,92.37,0.44
2018-01-12 00:00:00,0.0,19.47,95.38,0.49
2018-01-12 01:00:00,0.0,19.03,97.9,0.52
2018-01-12 02:00:00,0.0,18.74,99.52,0.48
2018-01-12 03:00:00,0.0,18.48,100.0,0.42
2018-01-12 04:00:00,0.0,18.24,100.0,0.35
2018-01-12 05:00:00,0.0,18.11,100.0,0.29
2018-01-12 06:00:00,0.0,18.44,99.1,0.33
2018-01-12 07:00:00,0.0,20.46,89.49,0.3
2018-01-12 08:00:00,0.0,22.78,78.38,0.3
2018-01-12 09:00:00,0.0,24.59,70.17,0.27
2018-01-12 10:00:00,0.0,25.83,65.03,0.24
2018-01-12 11:00:00,0.0,26.63,62.0,0.22
2018-01-12 12:00:00,0.0,26.9,61.21,0.19
2018-01-12 13:00:00,0.0,26.93,61.88,0.17
2018-01-12 14:00:00,0.0,26.44,64.76,0.14
2018-01-12 15:00:00,0.01,25.4,71.97,0.14
2018-01-12 16:00:00,0.01,24.37,78.17,0.13
2018-01-12 17:00:00,0.01,23.25,84.45,0.13
2018-01-12 18:00:00,0.01,22.34,88.99,0.12
2018-01-12 19:00:00,0.01,21.75,90.96,0.1
2018-01-12 20:00:00,0.01,21.24,92.21,0.09
2018-01-12 21:00:00,0.01,20.82,93.25,0.09
2018-01-12 22:00:00,0.0,20.48,94.26,0.08
2018-01-12 23:00:00,0.0,20.19,94.92,0.1
2018-01-13 00:00:00,0.0,19.91,94.97,0.11
2018-01-13 01:00:00,0.0,19.6,95.26,0.13
2018-01-13 02:00:00,0.0,19.26,95.4,0.14
2018-01-13 03:00:00,0.0,18.88,95.66,0.14
2018-01-13 04:00:00,0.0,18.51,95.85,0.16
2018-01-13 05:00:00,0.0,18.21,95.69,0.17
2018-01-13 06:00:00,0.0,18.21,94.44,0.22
2018-01-13 07:00:00,0.0,19.58,86.25,0.35
2018-01-13 08:00:00,0.0,21.8,74.94,0.41
2018-01-13 09:00:00,0.0,23.97,65.16,0.46
2018-01-13 10:00:00,0.0,25.58,59.51,0.46
2018-01-13 11:00:00,0.0,26.56,57.07,0.44
2018-01-13 12:00:00,0.0,27.05,56.33,0.44
2018-01-13 13:00:00,0.0,27.07,56.83,0.43
2018-01-13 14:00:00,0.0,26.63,58.66,0.41
2018-01-13 15:00:00,0.0,25.82,62.67,0.37
2018-01-13 16:00:00,0.0,24.68,68.57,0.28
2018-01-13 17:00:00,0.0,23.1,76.4,0.1
2018-01-13 18:00:00,0.0,21.94,79.92,0.05
2018-01-13 19:00:00,0.0,21.07,82.01,0.04
2018-01-13 20:00:00,0.0,20.24,84.89,0.04
2018-01-13 21:00:00,0.0,19.6,87.32,0.09
2018-01-13 22:00:00,0.0,19.06,89.49,0.12
2018-01-13 23:00:00,0.0,18.41,92.41,0.15
2018-01-14 00:00:00,0.0,17.75,94.96,0.17
2018-01-14 01:00:00,0.0,17.3,95.84,0.18
2018-01-14 02:00:00,0.0,16.94,95.63,0.19
2018-01-14 03:00:00,0.0,16.46,94.72,0.2
2018-01-14 04:00:00,0.0,15.75,94.03,0.22
2018-01-14 05:00:00,0.0,14.99,93.94,0.25
2018-01-14 06:00:00,0.0,14.85,92.14,0.31
2018-01-14 07:00:00,0.0,16.78,81.58,0.52
2018-01-14 08:00:00,0.0,19.87,67.56,0.6
2018-01-14 09:00:00,0.0,22.43,54.49,0.66
2018-01-14 10:00:00,0.0,24.03,47.51,0.67
2018-01-14 11:00:00,0.0,25.08,44.48,0.64
2018-01-14 12:00:00,0.0,25.69,44.01,0.57
2018-01-14 13:00:00,0.0,25.95,44.76,0.49
2018-01-14 14:00:00,0.0,25.85,47.3,0.42
2018-01-14 15:00:00,0.0,25.4,52.35,0.36
2018-01-14 16:00:00,0.0,24.29,61.54,0.28
2018-01-14 17:00:00,0.0,22.07,74.59,0.29
2018-01-14 18:00:00,0.0,20.23,78.8,0.47
2018-01-14 19:00:00,0.0,18.99,81.23,0.45
2018-01-14 20:00:00,0.0,17.97,82.19,0.3
2018-01-14 21:00:00,0.0,17.55,81.61,0.27
2018-01-14 22:00:00,0.0,16.83,85.08,0.29
2018-01-14 23:00:00,0.0,16.55,85.54,0.3
2018-01-15 00:00:00,0.0,16.49,86.91,0.32
2018-01-15 01:00:00,0.0,15.98,91.93,0.3
2018-01-15 02:00:00,0.0,15.59,96.06,0.3
2018-01-15 03:00:00,0.0,15.47,97.4,0.3
2018-01-15 04:00:00,0.0,15.42,97.68,0.3
2018-01-15 05:00:00,0.0,15.38,97.85,0.3
2018-01-15 06:00:00,0.0,15.64,96.48,0.35
2018-01-15 07:00:00,0.0,17.33,88.9,0.58
2018-01-15 08:00:00,0.0,20.1,75.24,0.67
2018-01-15 09:00:00,0.0,22.73,61.51,0.65
2018-01-15 10:00:00,0.0,24.64,53.73,0.6
2018-01-15 11:00:00,0.0,25.88,49.72,0.53
2018-01-15 12:00:00,0.0,26.56,47.35,0.48
2018-01-15 13:00:00,0.0,26.78,46.68,0.44
2018-01-15 14:00:00,0.0,26.62,48.39,0.39
2018-01-15 15:00:00,0.0,26.09,52.74,0.34
2018-01-15 16:00:00,0.0,24.9,61.16,0.25
2018-01-15 17:00:00,0.0,22.56,75.04,0.22
2018-01-15 18:00:00,0.0,20.53,79.68,0.29
2018-01-15 19:00:00,0.0,19.38,81.79,0.24
2018-01-15 20:00:00,0.0,18.77,82.85,0.23
2018-01-15 21:00:00,0.0,18.26,84.86,0.23
2018-01-15 22:00:00,0.0,17.7,87.0,0.22
2018-01-15 23:00:00,0.0,17.04,90.5,0.21
2018-01-16 00:00:00,0.0,16.46,93.44,0.22
2018-01-16 01:00:00,0.0,16.01,95.6,0.22
2018-01-16 02:00:00,0.0,15.72,96.93,0.24
2018-01-16 03:00:00,0.0,15.52,97.43,0.32
2018-01-16 04:00:00,0.0,15.27,97.42,0.32
2018-01-16 05:00:00,0.0,15.29,95.58,0.27
2018-01-16 06:00:00,0.0,15.78,91.88,0.29
2018-01-16 07:00:00,0.0,17.73,81.54,0.46
2018-01-16 08:00:00,0.0,20.58,70.02,0.45
2018-01-16 09:00:00,0.0,23.47,58.14,0.44
2018-01-16 10:00:00,0.0,25.26,53.52,0.39
2018-01-16 11:00:00,0.0,26.36,51.03,0.33
2018-01-16 12:00:00,0.0,26.98,50.3,0.24
2018-01-16 13:00:00,0.0,27.16,50.69,0.13
2018-01-16 14:00:00,0.0,26.95,53.02,0.05
2018-01-16 15:00:00,0.0,26.4,58.05,0.06
2018-01-16 16:00:00,0.0,25.44,65.77,0.14
2018-01-16 17:00:00,0.0,24.06,76.05,0.1
2018-01-16 18:00:00,0.0,23.43,71.93,0.13
2018-01-16 19:00:00,0.0,22.98,71.78,0.31
2018-01-16 20:00:00,0.0,22.31,75.41,0.46
2018-01-16 21:00:00,0.0,21.26,82.7,0.51
2018-01-16 22:00:00,0.0,20.25,88.99,0.47
2018-01-16 23:00:00,0.0,19.63,91.73,0.46
2018-01-17 00:00:00,0.0,19.25,92.93,0.48
2018-01-17 01:00:00,0.0,18.93,93.92,0.5
2018-01-17 02:00:00,0.0,18.59,95.27,0.47
2018-01-17 03:00:00,0.0,18.22,97.06,0.41
2018-01-17 04:00:00,0.0,17.84,98.8,0.34
2018-01-17 05:00:00,0.0,17.53,99.93,0.24
2018-01-17 06:00:00,0.0,17.69,98.31,0.22
2018-01-17 07:00:00,0.0,19.28,89.27,0.34
2018-01-17 08:00:00,0.0,21.36,78.86,0.3
2018-01-17 09:00:00,0.0,23.26,69.41,0.28
2018-01-17 10:00:00,0.0,24.61,63.57,0.27
2018-01-17 11:00:00,0.0,25.6,59.69,0.26
2018-01-17 12:00:00,0.0,26.13,57.68,0.25
2018-01-17 13:00:00,0.0,26.18,57.53,0.26
2018-01-17 14:00:00,0.0,25.75,60.18,0.26
2018-01-17 15:00:00,0.0,25.17,64.67,0.26
2018-01-17 16:00:00,0.0,24.27,72.39,0.25
2018-01-17 17:00:00,0.0,23.09,80.95,0.16
2018-01-17 18:00:00,0.0,22.04,83.48,0.13
2018-01-17 19:00:00,0.0,21.35,86.39,0.26
2018-01-17 20:00:00,0.0,20.8,88.39,0.27
2018-01-17 21:00:00,0.0,20.16,90.71,0.24
2018-01-17 22:00:00,0.0,19.34,93.24,0.17
2018-01-17 23:00:00,0.0,18.86,93.46,0.11
2018-01-18 00:00:00,0.0,18.5,93.38,0.14
2018-01-18 01:00:00,0.0,18.2,92.77,0.18
2018-01-18 02:00:00,0.0,17.75,92.57,0.2
2018-01-18 03:00:00,0.0,17.19,92.83,0.21
2018-01-18 04:00:00,0.0,16.61,93.3,0.22
2018-01-18 05:00:00,0.0,16.18,92.66,0.24
2018-01-18 06:00:00,0.0,16.1,90.47,0.31
2018-01-18 07:00:00,0.0,17.62,81.11,0.5
2018-01-18 08:00:00,0.0,20.34,67.74,0.6
2018-01-18 09:00:00,0.0,22.51,58.16,0.6
2018-01-18 10:00:00,0.0,23.97,52.97,0.54
2018-01-18 11:00:00,0.0,25.01,50.43,0.47
2018-01-18 12:00:00,0.0,25.74,48.76,0.39
2018-01-18 13:00:00,0.0,26.12,47.81,0.33
2018-01-18 14:00:00,0.0,26.06,48.35,0.28
2018-01-18 15:00:00,0.0,25.63,51.52,0.24
2018-01-18 16:00:00,0.0,24.61,57.68,0.17
2018-01-18 17:00:00,0.0,22.55,69.93,0.21
2018-01-18 18:00:00,0.0,20.78,73.23,0.42
2018-01-18 19:00:00,0.0,19.02,78.52,0.4
2018-01-18 20:00:00,0.0,17.79,79.63,0.28
2018-01-18 21:00:00,0.0,17.23,79.57,0.27
2018-01-18 22:00:00,0.0,16.52,82.67,0.28
2018-01-18 23:00:00,0.0,15.75,86.05,0.23
2018-01-19 00:00:00,0.0,15.22,88.55,0.22
2018-01-19 01:00:00,0.0,14.83,91.01,0.23
2018-01-19 02:00:00,0.0,14.45,93.87,0.23
2018-01-19 03:00:00,0.0,14.0,97.03,0.22
2018-01-19 04:00:00,0.0,13.82,98.23,0.22
2018-01-19 05:00:00,0.0,13.96,96.67,0.23
2018-01-19 06:00:00,0.0,14.43,93.03,0.26
2018-01-19 07:00:00,0.0,16.28,83.4,0.41
2018-01-19 08:00:00,0.0,19.08,69.86,0.41
2018-01-19 09:00:00,0.0,21.77,57.45,0.3
2018-01-19 10:00:00,0.0,23.7,49.75,0.23
2018-01-19 11:00:00,0.0,24.95,45.84,0.19
2018-01-19 12:00:00,0.0,25.69,43.96,0.17
2018-01-19 13:00:00,0.0,26.0,43.61,0.18
2018-01-19 14:00:00,0.0,25.82,45.34,0.19
2018-01-19 15:00:00,0.0,25.28,49.66,0.2
2018-01-19 16:00:00,0.0,24.15,56.83,0.17
2018-01-19 17:00:00,0.0,22.02,70.2,0.14
2018-01-19 18:00:00,0.0,20.41,71.14,0.33
2018-01-19 19:00:00,0.0,19.24,76.11,0.49
2018-01-19 20:00:00,0.0,18.1,80.73,0.54
2018-01-19 21:00:00,0.0,17.17,83.95,0.54
2018-01-19 22:00:00,0.0,16.48,85.87,0.54
2018-01-19 23:00:00,0.0,15.77,88.07,0.5
2018-01-20 00:00:00,0.0,15.03,90.54,0.42
2018-01-20 01:00:00,0.0,14.48,92.05,0.32
2018-01-20 02:00:00,0.0,14.24,92.72,0.26
2018-01-20 03:00:00,0.0,14.16,93.21,0.26
2018-01-20 04:00:00,0.0,13.9,95.11,0.25
2018-01-20 05:00:00,0.0,13.64,96.98,0.24
2018-01-20 06:00:00,0.0,13.91,95.75,0.26
2018-01-20 07:00:00,0.0,16.34,83.72,0.35
2018-01-20 08:00:00,0.0,19.7,70.0,0.3
2018-01-20 09:00:00,0.0,22.61,59.25,0.22
2018-01-20 10:00:00,0.0,24.53,53.17,0.21
2018-01-20 11:00:00,0.0,25.79,49.63,0.21
2018-01-20 12:00:00,0.0,26.53,47.66,0.22
2018-01-20 13:00:00,0.0,26.83,46.8,0.22
2018-01-20 14:00:00,0.0,26.66,48.13,0.21
2018-01-20 15:00:00,0.0,26.17,52.23,0.17
2018-01-20 16:00:00,0.0,25.19,59.47,0.16
2018-01-20 17:00:00,0.0,23.17,69.87,0.11
2018-01-20 18:00:00,0.0,21.44,71.06,0.18
2018-01-20 19:00:00,0.0,20.19,74.95,0.33
2018-01-20 20:00:00,0.0,19.12,79.07,0.45
2018-01-20 21:00:00,0.0,18.14,82.3,0.48
2018-01-20 22:00:00,0.0,17.45,83.69,0.54
2018-01-20 23:00:00,0.0,16.89,84.59,0.61
2018-01-21 00:00:00,0.0,16.21,86.74,0.64
2018-01-21 01:00:00,0.0,15.37,89.86,0.58
2018-01-21 02:00:00,0.0,14.54,93.5,0.47
2018-01-21 03:00:00,0.0,13.93,96.81,0.35
2018-01-21 04:00:00,0.0,13.63,98.65,0.21
2018-01-21 05:00:00,0.0,13.68,98.59,0.17
2018-01-21 06:00:00,0.0,14.02,96.71,0.21
2018-01-21 07:00:00,0.0,16.48,83.99,0.31
2018-01-21 08:00:00,0.0,19.65,70.34,0.29
2018-01-21 09:00:00,0.0,22.32,59.52,0.23
2018-01-21 10:00:00,0.0,24.12,52.96,0.22
2018-01-21 11:00:00,0.0,25.3,49.08,0.21
2018-01-21 12:00:00,0.0,26.06,46.68,0.17
2018-01-21 13:00:00,0.0,26.41,45.37,0.12
2018-01-21 14:00:00,0.0,26.31,45.82,0.03
2018-01-21 15:00:00,0.0,25.87,49.19,0.06
2018-01-21 16:00:00,0.0,24.93,55.59,0.18
2018-01-21 17:00:00,0.0,22.9,69.76,0.18
2018-01-21 18:00:00,0.0,21.57,68.55,0.37
2018-01-21 19:00:00,0.0,20.8,69.47,0.52
2018-01-21 20:00:00,0.0,20.17,72.02,0.59
2018-01-21 21:00:00,0.0,19.2,77.57,0.64
2018-01-21 22:00:00,0.0,17.98,84.42,0.59
2018-01-21 23:00:00,0.0,17.32,87.07,0.54
2018-01-22 00:00:00,0.0,16.98,87.54,0.59
2018-01-22 01:00:00,0.0,16.46,89.0,0.63
2018-01-22 02:00:00,0.0,15.63,93.55,0.61
2018-01-22 03:00:00,0.0,14.76,98.49,0.51
2018-01-22 04:00:00,0.0,14.12,100.0,0.37
2018-01-22 05:00:00,0.0,14.06,100.0,0.23
2018-01-22 06:00:00,0.0,14.78,96.65,0.27
2018-01-22 07:00:00,0.0,17.12,84.19,0.35
2018-01-22 08:00:00,0.0,20.34,71.73,0.23
2018-01-22 09:00:00,0.0,23.06,60.94,0.09
2018-01-22 10:00:00,0.0,24.99,52.52,0.06
2018-01-22 11:00:00,0.0,26.35,47.19,0.15
2018-01-22 12:00:00,0.0,27.12,44.64,0.28
2018-01-22 13:00:00,0.0,27.34,44.26,0.4
2018-01-22 14:00:00,0.0,26.99,46.55,0.47
2018-01-22 15:00:00,0.0,26.21,51.47,0.49
2018-01-22 16:00:00,0.0,25.01,60.63,0.47
2018-01-22 17:00:00,0.0,22.82,73.99,0.43
2018-01-22 18:00:00,0.0,20.97,82.74,0.52
2018-01-22 19:00:00,0.0,20.15,86.56,0.63
2018-01-22 20:00:00,0.0,20.02,85.82,0.69
2018-01-22 21:00:00,0.0,19.77,86.79,0.53
2018-01-22 22:00:00,0.0,18.7,92.96,0.56
2018-01-22 23:00:00,0.0,17.81,97.83,0.46
2018-01-23 00:00:00,0.0,17.51,98.59,0.43
2018-01-23 01:00:00,0.0,17.54,97.23,0.45
2018-01-23 02:00:00,0.0,17.55,96.08,0.41
2018-01-23 03:00:00,0.0,17.32,96.43,0.42
2018-01-23 04:00:00,0.0,16.85,98.22,0.44
2018-01-23 05:00:00,0.0,16.44,99.23,0.35
2018-01-23 06:00:00,0.0,16.61,96.77,0.25
2018-01-23 07:00:00,0.0,18.44,85.17,0.36
2018-01-23 08:00:00,0.0,21.13,73.17,0.26
2018-01-23 09:00:00,0.0,23.69,62.62,0.13
2018-01-23 10:00:00,0.0,25.61,54.05,0.13
2018-01-23 11:00:00,0.0,26.89,49.23,0.23
2018-01-23 12:00:00,0.0,27.53,47.57,0.34
2018-01-23 13:00:00,0.0,27.65,47.82,0.43
2018-01-23 14:00:00,0.0,27.24,50.18,0.51
2018-01-23 15:00:00,0.0,26.22,55.73,0.53
2018-01-23 16:00:00,0.0,24.85,64.65,0.52
2018-01-23 17:00:00,0.0,23.11,74.89,0.39
2018-01-23 18:00:00,0.0,21.79,82.56,0.34
2018-01-23 19:00:00,0.0,21.03,87.58,0.36
2018-01-23 20:00:00,0.0,20.53,90.74,0.36
2018-01-23 21:00:00,0.0,20.15,93.15,0.36
2018-01-23 22:00:00,0.0,20.01,93.73,0.4
2018-01-23 23:00:00,0.0,20.01,93.43,0.33
2018-01-24 00:00:00,0.0,19.85,94.09,0.3
2018-01-24 01:00:00,0.0,19.58,95.46,0.4
2018-01-24 02:00:00,0.0,19.29,96.96,0.52
2018-01-24 03:00:00,0.0,18.96,98.64,0.59
2018-01-24 04:00:00,0.0,18.67,99.86,0.64
2018-01-24 05:00:00,0.0,18.46,100.0,0.66
2018-01-24 06:00:00,0.0,18.52,98.83,0.65
2018-01-24 07:00:00,0.0,19.88,92.35,0.43
2018-01-24 08:00:00,0.0,21.95,79.69,0.4
2018-01-24 09:00:00,0.0,23.64,69.9,0.38
2018-01-24 10:00:00,0.0,25.11,62.66,0.35
2018-01-24 11:00:00,0.0,26.26,57.82,0.35
2018-01-24 12:00:00,0.0,26.76,56.16,0.39
2018-01-24 13:00:00,0.0,26.81,56.52,0.43
2018-01-24 14:00:00,0.0,26.46,58.6,0.45
2018-01-24 15:00:00,0.0,25.77,62.59,0.45
2018-01-24 16:00:00,0.0,24.85,69.84,0.42
2018-01-24 17:00:00,0.0,23.7,78.98,0.35
2018-01-24 18:00:00,0.0,22.68,83.91,0.36
2018-01-24 19:00:00,0.0,21.99,86.14,0.25
2018-01-24 20:00:00,0.0,21.19,90.7,0.08
2018-01-24 21:00:00,0.0,20.5,93.49,0.03
2018-01-24 22:00:00,0.0,20.13,94.31,0.05
2018-01-24 23:00:00,0.0,19.87,94.7,0.01
2018-01-25 00:00:00,0.0,19.56,95.63,0.02
2018-01-25 01:00:00,0.0,19.19,96.86,0.13
2018-01-25 02:00:00,0.0,18.93,97.4,0.23
2018-01-25 03:00:00,0.0,18.83,97.02,0.29
2018-01-25 04:00:00,0.0,18.83,96.19,0.23
2018-01-25 05:00:00,0.0,18.72,96.37,0.22
2018-01-25 06:00:00,0.0,18.66,96.34,0.31
2018-01-25 07:00:00,0.0,19.84,90.03,0.27
2018-01-25 08:00:00,0.01,22.26,76.2,0.32
2018-01-25 09:00:00,0.02,24.47,64.65,0.39
2018-01-25 10:00:00,0.02,26.04,57.4,0.4
2018-01-25 11:00:00,0.02,27.2,52.77,0.38
2018-01-25 12:00:00,0.02,27.86,49.69,0.37
2018-01-25 13:00:00,0.02,27.95,48.86,0.37
2018-01-25 14:00:00,0.01,27.92,49.33,0.38
2018-01-25 15:00:00,0.01,27.35,53.05,0.4
2018-01-25 16:00:00,0.02,26.35,58.47,0.42
2018-01-25 17:00:00,0.02,24.83,69.79,0.32
2018-01-25 18:00:00,0.01,23.67,67.91,0.36
2018-01-25 19:00:00,0.0,22.49,74.24,0.56
2018-01-25 20:00:00,0.0,21.75,78.4,0.5
2018-01-25 21:00:00,0.0,21.18,80.79,0.15
2018-01-25 22:00:00,0.0,19.93,87.2,0.38
2018-01-25 23:00:00,0.01,18.87,91.71,0.38
2018-01-26 00:00:00,0.01,18.29,93.23,0.4
2018-01-26 01:00:00,0.02,17.79,94.29,0.43
2018-01-26 02:00:00,0.02,17.3,95.3,0.43
2018-01-26 03:00:00,0.01,16.85,95.99,0.4
2018-01-26 04:00:00,0.01,16.41,96.47,0.39
2018-01-26 05:00:00,0.01,15.92,96.92,0.38
2018-01-26 06:00:00,0.01,15.9,95.49,0.29
2018-01-26 07:00:00,0.01,18.17,83.33,0.4
2018-01-26 08:00:00,0.0,20.94,66.97,0.41
2018-01-26 09:00:00,0.0,23.51,51.9,0.39
2018-01-26 10:00:00,0.0,25.2,46.51,0.29
2018-01-26 11:00:00,0.0,26.39,44.03,0.2
2018-01-26 12:00:00,0.0,27.12,42.82,0.1
2018-01-26 13:00:00,0.0,27.49,42.42,0.03
2018-01-26 14:00:00,0.0,27.48,43.7,0.12
2018-01-26 15:00:00,0.0,27.16,46.24,0.21
2018-01-26 16:00:00,0.0,26.24,50.73,0.3
2018-01-26 17:00:00,0.0,24.31,62.79,0.26
2018-01-26 18:00:00,0.0,22.75,64.95,0.49
2018-01-26 19:00:00,0.0,21.58,71.49,0.7
2018-01-26 20:00:00,0.0,20.62,79.0,0.75
2018-01-26 21:00:00,0.0,20.09,83.35,0.69
2018-01-26 22:00:00,0.0,19.69,86.93,0.51
2018-01-26 23:00:00,0.0,19.19,90.64,0.39
2018-01-27 00:00:00,0.0,18.8,92.87,0.36
2018-01-27 01:00:00,0.0,18.47,94.11,0.46
2018-01-27 02:00:00,0.0,17.99,95.65,0.6
2018-01-27 03:00:00,0.0,17.41,97.36,0.67
2018-01-27 04:00:00,0.0,16.89,98.03,0.63
2018-01-27 05:00:00,0.0,16.34,98.39,0.58
2018-01-27 06:00:00,0.0,16.1,96.92,0.46
2018-01-27 07:00:00,0.0,18.62,82.78,0.42
2018-01-27 08:00:00,0.0,21.73,65.96,0.39
2018-01-27 09:00:00,0.0,24.09,54.91,0.29
2018-01-27 10:00:00,0.0,25.87,48.65,0.16
2018-01-27 11:00:00,0.0,27.12,45.2,0.02
2018-01-27 12:00:00,0.0,27.85,43.57,0.13
2018-01-27 13:00:00,0.0,28.08,43.48,0.25
2018-01-27 14:00:00,0.0,27.74,45.87,0.33
2018-01-27 15:00:00,0.0,27.17,49.99,0.38
2018-01-27 16:00:00,0.0,26.23,56.31,0.43
2018-01-27 17:00:00,0.0,24.42,67.6,0.46
2018-01-27 18:00:00,0.0,22.84,75.54,0.6
2018-01-27 19:00:00,0.0,21.75,82.1,0.6
2018-01-27 20:00:00,0.0,20.93,87.76,0.52
2018-01-27 21:00:00,0.0,20.43,90.7,0.5
2018-01-27 22:00:00,0.0,20.2,91.53,0.48
2018-01-27 23:00:00,0.01,19.9,93.85,0.33
2018-01-28 00:00:00,0.03,19.43,96.77,0.31
2018-01-28 01:00:00,0.04,19.09,97.83,0.24
2018-01-28 02:00:00,0.08,18.95,97.42,0.21
2018-01-28 03:00:00,0.08,18.71,97.4,0.24
2018-01-28 04:00:00,0.07,18.37,97.66,0.22
2018-01-28 05:00:00,0.06,18.09,97.62,0.13
2018-01-28 06:00:00,0.05,18.19,96.41,0.19
2018-01-28 07:00:00,0.05,18.91,93.06,0.31
2018-01-28 08:00:00,0.0,20.61,82.23,0.35
2018-01-28 09:00:00,0.0,23.13,67.06,0.31
2018-01-28 10:00:00,0.0,25.13,58.57,0.17
2018-01-28 11:00:00,0.0,26.48,53.8,0.07
2018-01-28 12:00:00,0.0,27.17,51.68,0.15
2018-01-28 13:00:00,0.0,27.33,51.62,0.28
2018-01-28 14:00:00,0.0,27.09,53.14,0.35
2018-01-28 15:00:00,0.0,26.52,56.48,0.35
2018-01-28 16:00:00,0.0,25.6,63.65,0.32
2018-01-28 17:00:00,0.0,24.38,73.32,0.23
2018-01-28 18:00:00,0.0,23.44,74.94,0.1
2018-01-28 19:00:00,0.0,22.8,75.59,0.07
2018-01-28 20:00:00,0.0,21.88,79.59,0.22
2018-01-28 21:00:00,0.0,20.43,87.07,0.3
2018-01-28 22:00:00,0.0,19.45,88.72,0.08
2018-01-28 23:00:00,0.0,19.07,88.33,0.13
2018-01-29 00:00:00,0.0,18.62,88.86,0.18
2018-01-29 01:00:00,0.0,18.15,90.04,0.19
2018-01-29 02:00:00,0.0,17.62,91.66,0.22
2018-01-29 03:00:00,0.0,17.19,92.31,0.2
2018-01-29 04:00:00,0.0,16.88,92.35,0.19
2018-01-29 05:00:00,0.0,16.64,92.45,0.2
2018-01-29 06:00:00,0.0,16.82,90.57,0.26
2018-01-29 07:00:00,0.0,18.59,79.64,0.43
2018-01-29 08:00:00,0.0,21.31,63.94,0.46
2018-01-29 09:00:00,0.0,23.84,52.83,0.38
2018-01-29 10:00:00,0.0,25.72,47.55,0.28
2018-01-29 11:00:00,0.0,27.14,44.59,0.19
2018-01-29 12:00:00,0.0,28.06,43.22,0.13
2018-01-29 13:00:00,0.0,28.52,42.67,0.07
2018-01-29 14:00:00,0.0,28.52,42.87,0.03
2018-01-29 15:00:00,0.0,28.18,44.27,0.0
2018-01-29 16:00:00,0.0,27.08,47.64,0.04
2018-01-29 17:00:00,0.0,24.91,60.95,0.12
2018-01-29 18:00:00,0.0,23.02,65.99,0.16
2018-01-29 19:00:00,0.0,21.83,68.75,0.23
2018-01-29 20:00:00,0.0,20.6,73.21,0.32
2018-01-29 21:00:00,0.0,19.43,77.48,0.25
2018-01-29 22:00:00,0.0,19.06,77.59,0.21
2018-01-29 23:00:00,0.0,18.63,79.94,0.23
2018-01-30 00:00:00,0.0,18.35,80.8,0.24
2018-01-30 01:00:00,0.0,17.85,83.68,0.25
2018-01-30 02:00:00,0.0,17.24,87.0,0.22
2018-01-30 03:00:00,0.0,16.78,89.43,0.18
2018-01-30 04:00:00,0.0,16.42,91.46,0.21
2018-01-30 05:00:00,0.0,16.26,91.75,0.22
2018-01-30 06:00:00,0.0,16.43,90.38,0.31
2018-01-30 07:00:00,0.0,18.27,79.33,0.52
2018-01-30 08:00:00,0.0,21.34,61.82,0.56
2018-01-30 09:00:00,0.0,24.26,48.16,0.46
2018-01-30 10:00:00,0.0,26.39,41.8,0.32
2018-01-30 11:00:00,0.0,27.86,38.98,0.21
2018-01-30 12:00:00,0.0,28.83,37.49,0.13
2018-01-30 13:00:00,0.0,29.3,37.31,0.08
2018-01-30 14:00:00,0.0,29.26,38.49,0.09
2018-01-30 15:00:00,0.0,28.88,40.27,0.12
2018-01-30 16:00:00,0.0,27.78,45.37,0.13
2018-01-30 17:00:00,0.0,25.49,58.83,0.11
2018-01-30 18:00:00,0.0,23.61,62.77,0.17
2018-01-30 19:00:00,0.0,22.34,65.83,0.37
2018-01-30 20:00:00,0.0,21.22,69.9,0.51
2018-01-30 21:00:00,0.0,20.28,72.96,0.57
2018-01-30 22:00:00,0.0,19.36,75.91,0.62
2018-01-30 23:00:00,0.0,18.62,77.94,0.67
2018-01-31 00:00:00,0.0,17.98,79.2,0.68
2018-01-31 01:00:00,0.0,17.11,82.09,0.61
2018-01-31 02:00:00,0.0,16.24,85.11,0.46
2018-01-31 03:00:00,0.0,16.0,84.8,0.33
2018-01-31 04:00:00,0.0,16.16,82.21,0.25
2018-01-31 05:00:00,0.0,16.23,81.18,0.25
2018-01-31 06:00:00,0.0,16.39,80.44,0.33
2018-01-31 07:00:00,0.0,17.5,75.65,0.54
2018-01-31 08:00:00,0.0,19.63,66.25,0.62
2018-01-31 09:00:00,0.0,22.12,55.5,0.61
2018-01-31 10:00:00,0.0,24.29,48.2,0.56
2018-01-31 11:00:00,0.0,26.04,43.99,0.5
2018-01-31 12:00:00,0.0,27.47,40.83,0.43
2018-01-31 13:00:00,0.0,28.31,38.83,0.37
2018-01-31 14:00:00,0.0,28.57,38.23,0.33
2018-01-31 15:00:00,0.0,28.39,38.94,0.27
2018-01-31 16:00:00,0.0,27.27,42.61,0.2
2018-01-31 17:00:00,0.0,24.99,55.65,0.2
2018-01-31 18:00:00,0.0,22.94,60.48,0.43
2018-01-31 19:00:00,0.0,21.34,64.12,0.54
2018-01-31 20:00:00,0.0,19.73,69.05,0.57
2018-01-31 21:00:00,0.0,18.27,72.89,0.52
2018-01-31 22:00:00,0.0,17.1,73.65,0.43
2018-01-31 23:00:00,0.0,16.55,71.03,0.37
2018-02-01 00:00:00,0.0,16.16,70.1,0.34
2018-02-01 01:00:00,0.0,15.64,70.66,0.27
2018-02-01 02:00:00,0.0,15.2,72.49,0.27
2018-02-01 03:00:00,0.0,14.95,74.89,0.28
2018-02-01 04:00:00,0.0,14.72,77.64,0.28
2018-02-01 05:00:00,0.0,14.53,78.76,0.29
2018-02-01 06:00:00,0.0,14.89,76.6,0.34
2018-02-01 07:00:00,0.0,17.27,65.18,0.55
2018-02-01 08:00:00,0.0,21.05,48.84,0.63
2018-02-01 09:00:00,0.0,24.29,36.78,0.57
2018-02-01 10:00:00,0.0,26.43,31.32,0.45
2018-02-01 11:00:00,0.0,27.91,28.17,0.36
2018-02-01 12:00:00,0.0,28.9,26.57,0.26
2018-02-01 13:00:00,0.0,29.31,26.64,0.18
2018-02-01 14:00:00,0.0,29.28,26.85,0.09
2018-02-01 15:00:00,0.0,28.78,28.81,0.04
2018-02-01 16:00:00,0.0,27.67,34.86,0.14
2018-02-01 17:00:00,0.0,25.53,50.3,0.13
2018-02-01 18:00:00,0.0,24.41,50.18,0.18
2018-02-01 19:00:00,0.0,23.61,50.82,0.39
2018-02-01 20:00:00,0.0,22.82,53.71,0.46
2018-02-01 21:00:00,0.0,22.0,57.35,0.48
2018-02-01 22:00:00,0.0,21.17,60.3,0.56
2018-02-01 23:00:00,0.0,20.4,62.81,0.62
2018-02-02 00:00:00,0.0,19.65,64.44,0.73
2018-02-02 01:00:00,0.0,18.8,66.51,0.81
2018-02-02 02:00:00,0.0,17.87,68.81,0.84
2018-02-02 03:00:00,0.0,16.88,71.17,0.78
2018-02-02 04:00:00,0.0,15.91,73.04,0.66
2018-02-02 05:00:00,0.0,15.01,74.15,0.53
2018-02-02 06:00:00,0.0,14.99,72.24,0.37
2018-02-02 07:00:00,0.0,18.24,56.47,0.46
2018-02-02 08:00:00,0.0,21.8,43.72,0.48
2018-02-02 09:00:00,0.0,24.73,34.63,0.4
2018-02-02 10:00:00,0.0,26.8,30.69,0.29
2018-02-02 11:00:00,0.0,28.31,28.69,0.17
2018-02-02 12:00:00,0.0,29.35,27.49,0.06
2018-02-02 13:00:00,0.0,29.79,27.94,0.12
2018-02-02 14:00:00,0.0,29.71,29.32,0.18
2018-02-02 15:00:00,0.0,29.35,31.5,0.19
2018-02-02 16:00:00,0.0,28.28,35.33,0.22
2018-02-02 17:00:00,0.0,25.78,54.13,0.16
2018-02-02 18:00:00,0.0,24.23,54.74,0.1
2018-02-02 19:00:00,0.0,23.32,55.13,0.33
2018-02-02 20:00:00,0.0,21.89,60.62,0.62
2018-02-02 21:00:00,0.0,20.12,68.09,0.72
2018-02-02 22:00:00,0.0,18.73,72.56,0.69
2018-02-02 23:00:00,0.0,17.74,73.88,0.71
2018-02-03 00:00:00,0.0,16.76,74.81,0.7
2018-02-03 01:00:00,0.0,15.64,76.71,0.6
2018-02-03 02:00:00,0.0,14.75,77.69,0.51
2018-02-03 03:00:00,0.0,13.94,78.92,0.4
2018-02-03 04:00:00,0.0,13.51,77.2,0.24
2018-02-03 05:00:00,0.0,13.47,75.18,0.24
2018-02-03 06:00:00,0.0,14.26,70.13,0.32
2018-02-03 07:00:00,0.0,16.61,60.84,0.49
2018-02-03 08:00:00,0.0,20.38,46.81,0.53
2018-02-03 09:00:00,0.0,23.71,35.16,0.49
2018-02-03 10:00:00,0.0,26.04,30.26,0.38
2018-02-03 11:00:00,0.0,27.7,27.94,0.28
2018-02-03 12:00:00,0.0,28.85,26.69,0.22
2018-02-03 13:00:00,0.0,29.52,26.32,0.2
2018-02-03 14:00:00,0.0,29.56,27.56,0.17
2018-02-03 15:00:00,0.0,28.75,32.25,0.12
2018-02-03 16:00:00,0.0,27.49,37.65,0.11
2018-02-03 17:00:00,0.0,25.01,51.21,0.16
2018-02-03 18:00:00,0.0,22.96,54.09,0.11
2018-02-03 19:00:00,0.0,21.41,57.09,0.43
2018-02-03 20:00:00,0.0,19.37,65.8,0.62
2018-02-03 21:00:00,0.0,17.87,69.54,0.61
2018-02-03 22:00:00,0.0,16.78,71.36,0.56
2018-02-03 23:00:00,0.0,15.73,72.7,0.37
2018-02-04 00:00:00,0.0,15.37,71.71,0.26
2018-02-04 01:00:00,0.0,15.22,72.96,0.29
2018-02-04 02:00:00,0.0,14.86,76.14,0.28
2018-02-04 03:00:00,0.0,14.32,80.65,0.29
2018-02-04 04:00:00,0.0,13.89,85.29,0.29
2018-02-04 05:00:00,0.0,13.61,89.2,0.3
2018-02-04 06:00:00,0.0,14.1,87.94,0.4
2018-02-04 07:00:00,0.0,16.16,77.56,0.55
2018-02-04 08:00:00,0.0,18.65,64.99,0.56
2018-02-04 09:00:00,0.0,21.18,52.5,0.49
2018-02-04 10:00:00,0.0,23.92,40.99,0.42
2018-02-04 11:00:00,0.0,26.62,32.62,0.32
2018-02-04 12:00:00,0.0,28.45,28.6,0.17
2018-02-04 13:00:00,0.0,29.36,27.43,0.01
2018-02-04 14:00:00,0.0,29.52,27.69,0.1
2018-02-04 15:00:00,0.0,29.06,29.91,0.13
2018-02-04 16:00:00,0.0,27.99,33.92,0.13
2018-02-04 17:00:00,0.0,25.25,52.81,0.14
2018-02-04 18:00:00,0.0,23.11,56.26,0.15
2018-02-04 19:00:00,0.0,21.88,56.5,0.3
2018-02-04 20:00:00,0.0,20.07,63.12,0.61
2018-02-04 21:00:00,0.0,18.11,69.84,0.57
2018-02-04 22:00:00,0.0,16.98,71.02,0.47
2018-02-04 23:00:00,0.0,16.31,71.2,0.34
2018-02-05 00:00:00,0.0,16.2,71.91,0.28
2018-02-05 01:00:00,0.0,15.9,76.23,0.29
2018-02-05 02:00:00,0.0,16.07,77.41,0.27
2018-02-05 03:00:00,0.0,16.03,79.65,0.24
2018-02-05 04:00:00,0.0,15.9,82.56,0.24
2018-02-05 05:00:00,0.0,15.78,85.66,0.25
2018-02-05 06:00:00,0.0,16.08,85.97,0.36
2018-02-05 07:00:00,0.0,18.09,75.96,0.53
2018-02-05 08:00:00,0.0,21.37,59.03,0.53
2018-02-05 09:00:00,0.0,24.47,45.69,0.39
2018-02-05 10:00:00,0.0,26.82,38.0,0.28
2018-02-05 11:00:00,0.0,28.48,33.61,0.21
2018-02-05 12:00:00,0.0,29.63,30.87,0.14
2018-02-05 13:00:00,0.0,30.3,29.91,0.05
2018-02-05 14:00:00,0.0,30.35,30.8,0.11
2018-02-05 15:00:00,0.0,29.8,33.38,0.22
2018-02-05 16:00:00,0.0,28.5,39.73,0.27
2018-02-05 17:00:00,0.0,26.0,55.01,0.25
2018-02-05 18:00:00,0.0,23.76,65.05,0.34
2018-02-05 19:00:00,0.0,22.88,66.88,0.41
2018-02-05 20:00:00,0.0,22.09,69.9,0.52
2018-02-05 21:00:00,0.0,21.16,74.01,0.6
2018-02-05 22:00:00,0.0,20.27,78.29,0.6
2018-02-05 23:00:00,0.0,19.82,80.85,0.57
2018-02-06 00:00:00,0.0,19.4,83.18,0.49
2018-02-06 01:00:00,0.0,18.81,85.34,0.41
2018-02-06 02:00:00,0.0,18.1,87.27,0.31
2018-02-06 03:00:00,0.0,17.69,87.79,0.18
2018-02-06 04:00:00,0.0,17.58,88.2,0.21
2018-02-06 05:00:00,0.0,17.57,88.37,0.21
2018-02-06 06:00:00,0.0,17.79,87.78,0.32
2018-02-06 07:00:00,0.0,20.02,76.47,0.46
2018-02-06 08:00:00,0.01,23.6,61.42,0.46
2018-02-06 09:00:00,0.01,26.53,52.86,0.37
2018-02-06 10:00:00,0.01,28.55,47.4,0.22
2018-02-06 11:00:00,0.01,30.04,44.19,0.07
2018-02-06 12:00:00,0.04,30.74,43.1,0.05
2018-02-06 13:00:00,0.07,30.84,43.5,0.14
2018-02-06 14:00:00,0.1,30.46,45.16,0.27
2018-02-06 15:00:00,0.1,29.58,48.64,0.37
2018-02-06 16:00:00,0.11,28.11,56.54,0.43
2018-02-06 17:00:00,0.12,26.25,67.95,0.43
2018-02-06 18:00:00,0.13,24.53,79.26,0.45
2018-02-06 19:00:00,0.13,23.47,85.55,0.48
2018-02-06 20:00:00,0.13,22.93,87.35,0.48
2018-02-06 21:00:00,0.14,22.74,87.05,0.42
2018-02-06 22:00:00,0.16,22.24,90.37,0.13
2018-02-06 23:00:00,0.17,21.79,90.69,0.14
2018-02-07 00:00:00,0.15,21.35,93.03,0.29
2018-02-07 01:00:00,0.14,20.92,94.84,0.37
2018-02-07 02:00:00,0.13,20.62,95.7,0.42
2018-02-07 03:00:00,0.12,20.39,96.27,0.44
2018-02-07 04:00:00,0.1,20.29,96.21,0.47
2018-02-07 05:00:00,0.05,20.08,96.53,0.48
2018-02-07 06:00:00,0.04,20.01,97.02,0.42
2018-02-07 07:00:00,0.04,21.15,95.2,0.32
2018-02-07 08:00:00,0.08,22.62,88.8,0.28
2018-02-07 09:00:00,0.12,24.64,75.82,0.29
2018-02-07 10:00:00,0.14,26.58,64.06,0.3
2018-02-07 11:00:00,0.18,27.57,58.5,0.3
2018-02-07 12:00:00,0.26,27.51,57.4,0.33
2018-02-07 13:00:00,0.32,27.18,58.55,0.38
2018-02-07 14:00:00,0.35,26.73,60.81,0.39
2018-02-07 15:00:00,0.31,26.2,65.12,0.39
2018-02-07 16:00:00,0.33,25.36,70.94,0.39
2018-02-07 17:00:00,0.39,23.87,82.25,0.31
2018-02-07 18:00:00,0.5,22.73,89.24,0.33
2018-02-07 19:00:00,0.52,22.13,90.04,0.33
2018-02-07 20:00:00,0.48,21.51,91.16,0.3
2018-02-07 21:00:00,0.45,20.87,93.92,0.26
2018-02-07 22:00:00,0.4,20.42,95.86,0.19
2018-02-07 23:00:00,0.32,20.23,96.38,0.24
2018-02-08 00:00:00,0.25,20.07,96.94,0.27
2018-02-08 01:00:00,0.15,19.96,97.33,0.29
2018-02-08 02:00:00,0.09,19.89,97.45,0.27
2018-02-08 03:00:00,0.11,19.79,97.72,0.23
2018-02-08 04:00:00,0.14,19.67,98.04,0.18
2018-02-08 05:00:00,0.23,19.56,97.99,0.14
2018-02-08 06:00:00,0.35,19.56,97.69,0.14
2018-02-08 07:00:00,0.45,19.95,96.76,0.18
2018-02-08 08:00:00,0.13,20.84,93.97,0.21
2018-02-08 09:00:00,0.06,22.59,81.81,0.2
2018-02-08 10:00:00,0.03,24.97,64.03,0.18
2018-02-08 11:00:00,0.01,26.35,55.41,0.12
2018-02-08 12:00:00,0.01,26.98,52.21,0.07
2018-02-08 13:00:00,0.01,27.0,52.41,0.09
2018-02-08 14:00:00,0.02,26.62,55.41,0.14
2018-02-08 15:00:00,0.04,26.09,58.52,0.16
2018-02-08 16:00:00,0.06,25.25,65.24,0.15
2018-02-08 17:00:00,0.03,24.16,75.29,0.15
2018-02-08 18:00:00,0.03,23.37,76.75,0.16
2018-02-08 19:00:00,0.02,22.7,77.95,0.29
2018-02-08 20:00:00,0.01,21.93,81.07,0.41
2018-02-08 21:00:00,0.0,21.24,83.7,0.44
2018-02-08 22:00:00,0.0,20.63,87.67,0.42
2018-02-08 23:00:00,0.0,20.22,88.56,0.37
2018-02-09 00:00:00,0.01,19.97,88.68,0.35
2018-02-09 01:00:00,0.01,19.91,88.52,0.36
2018-02-09 02:00:00,0.01,20.16,85.77,0.34
2018-02-09 03:00:00,0.01,20.31,84.19,0.24
2018-02-09 04:00:00,0.01,20.19,84.29,0.25
2018-02-09 05:00:00,0.0,19.93,85.07,0.39
2018-02-09 06:00:00,0.0,19.59,87.52,0.51
2018-02-09 07:00:00,0.0,20.8,84.62,0.28
2018-02-09 08:00:00,0.0,23.56,70.04,0.09
2018-02-09 09:00:00,0.0,26.18,58.47,0.11
2018-02-09 10:00:00,0.0,27.53,53.21,0.16
2018-02-09 11:00:00,0.0,28.02,51.85,0.18
2018-02-09 12:00:00,0.01,28.18,51.84,0.18
2018-02-09 13:00:00,0.02,28.11,52.74,0.2
2018-02-09 14:00:00,0.03,27.79,55.36,0.22
2018-02-09 15:00:00,0.03,27.16,59.81,0.27
2018-02-09 16:00:00,0.04,26.18,65.18,0.34
2018-02-09 17:00:00,0.04,24.71,75.64,0.31
2018-02-09 18:00:00,0.03,23.77,81.9,0.28
2018-02-09 19:00:00,0.02,23.44,82.66,0.16
2018-02-09 20:00:00,0.02,22.82,85.51,0.19
2018-02-09 21:00:00,0.02,22.34,86.42,0.26
2018-02-09 22:00:00,0.01,21.79,88.22,0.25
2018-02-09 23:00:00,0.01,21.42,88.29,0.27
2018-02-10 00:00:00,0.01,21.09,88.34,0.29
2018-02-10 01:00:00,0.0,20.76,88.58,0.3
2018-02-10 02:00:00,0.0,20.52,88.58,0.31
2018-02-10 03:00:00,0.0,20.34,88.45,0.33
2018-02-10 04:00:00,0.0,20.18,88.18,0.41
2018-02-10 05:00:00,0.0,19.88,88.68,0.5
2018-02-10 06:00:00,0.0,19.69,89.61,0.49
2018-02-10 07:00:00,0.0,20.52,87.1,0.22
2018-02-10 08:00:00,0.0,22.19,76.36,0.17
2018-02-10 09:00:00,0.0,24.97,61.41,0.16
2018-02-10 10:00:00,0.0,27.2,51.15,0.17
2018-02-10 11:00:00,0.0,28.5,46.29,0.16
2018-02-10 12:00:00,0.0,29.26,43.63,0.13
2018-02-10 13:00:00,0.0,29.52,42.5,0.12
2018-02-10 14:00:00,0.0,29.28,43.58,0.1
2018-02-10 15:00:00,0.0,28.69,45.91,0.08
2018-02-10 16:00:00,0.0,27.6,51.82,0.1
2018-02-10 17:00:00,0.0,25.65,64.27,0.13
2018-02-10 18:00:00,0.0,23.95,74.52,0.12
2018-02-10 19:00:00,0.0,22.86,77.5,0.24
2018-02-10 20:00:00,0.0,21.92,79.59,0.27
2018-02-10 21:00:00,0.0,21.12,81.37,0.26
2018-02-10 22:00:00,0.0,20.48,81.13,0.19
2018-02-10 23:00:00,0.0,20.0,81.21,0.15
2018-02-11 00:00:00,0.0,19.47,82.3,0.14
2018-02-11 01:00:00,0.0,19.02,83.18,0.17
2018-02-11 02:00:00,0.0,18.75,84.08,0.16
2018-02-11 03:00:00,0.0,18.45,85.82,0.16
2018-02-11 04:00:00,0.0,18.16,88.0,0.16
2018-02-11 05:00:00,0.0,17.94,89.87,0.18
2018-02-11 06:00:00,0.0,18.14,89.1,0.27
2018-02-11 07:00:00,0.0,19.68,80.47,0.44
2018-02-11 08:00:00,0.0,22.31,64.98,0.45
2018-02-11 09:00:00,0.0,24.98,49.08,0.38
2018-02-11 10:00:00,0.0,26.61,40.86,0.29
2018-02-11 11:00:00,0.0,27.48,37.74,0.24
2018-02-11 12:00:00,0.0,27.9,37.53,0.23
2018-02-11 13:00:00,0.0,28.03,38.46,0.25
2018-02-11 14:00:00,0.0,27.9,40.42,0.28
2018-02-11 15:00:00,0.0,27.47,43.26,0.3
2018-02-11 16:00:00,0.0,26.48,48.78,0.25
2018-02-11 17:00:00,0.0,24.62,61.58,0.16
2018-02-11 18:00:00,0.0,22.73,71.0,0.16
2018-02-11 19:00:00,0.0,21.72,76.72,0.19
2018-02-11 20:00:00,0.0,21.1,79.7,0.24
2018-02-11 21:00:00,0.01,20.7,81.21,0.29
2018-02-11 22:00:00,0.02,20.45,81.22,0.32
2018-02-11 23:00:00,0.02,20.21,81.76,0.35
2018-02-12 00:00:00,0.07,19.72,84.73,0.34
2018-02-12 01:00:00,0.11,19.16,88.07,0.3
2018-02-12 02:00:00,0.14,18.67,91.32,0.24
2018-02-12 03:00:00,0.14,18.3,94.09,0.18
2018-02-12 04:00:00,0.18,18.09,95.74,0.2
2018-02-12 05:00:00,0.18,17.96,96.96,0.2
2018-02-12 06:00:00,0.17,18.26,96.72,0.23
2018-02-12 07:00:00,0.16,19.2,94.88,0.28
2018-02-12 08:00:00,0.0,20.39,92.22,0.29
2018-02-12 09:00:00,0.0,22.4,81.12,0.3
2018-02-12 10:00:00,0.0,24.5,67.34,0.26
2018-02-12 11:00:00,0.0,25.7,60.35,0.23
2018-02-12 12:00:00,0.0,26.35,56.42,0.21
2018-02-12 13:00:00,0.0,26.6,54.22,0.21
2018-02-12 14:00:00,0.0,26.61,53.98,0.19
2018-02-12 15:00:00,0.0,26.35,54.43,0.16
2018-02-12 16:00:00,0.0,25.64,59.4,0.07
2018-02-12 17:00:00,0.0,24.48,68.26,0.01
2018-02-12 18:00:00,0.0,23.41,69.16,0.1
2018-02-12 19:00:00,0.0,22.62,72.61,0.11
2018-02-12 20:00:00,0.0,21.76,76.68,0.14
2018-02-12 21:00:00,0.0,20.86,82.72,0.2
2018-02-12 22:00:00,0.0,20.16,86.02,0.21
2018-02-12 23:00:00,0.0,19.92,85.6,0.23
2018-02-13 00:00:00,0.0,19.51,87.02,0.27
2018-02-13 01:00:00,0.0,19.03,89.22,0.27
2018-02-13 02:00:00,0.0,18.65,90.86,0.27
2018-02-13 03:00:00,0.0,18.34,91.95,0.23
2018-02-13 04:00:00,0.0,18.18,92.07,0.19
2018-02-13 05:00:00,0.0,18.1,92.12,0.19
2018-02-13 06:00:00,0.0,18.32,90.88,0.25
2018-02-13 07:00:00,0.0,19.28,86.53,0.4
2018-02-13 08:00:00,0.0,21.05,77.14,0.49
2018-02-13 09:00:00,0.0,22.71,66.48,0.47
2018-02-13 10:00:00,0.0,23.81,58.39,0.42
2018-02-13 11:00:00,0.0,24.55,53.01,0.38
2018-02-13 12:00:00,0.0,25.08,49.34,0.35
2018-02-13 13:00:00,0.0,25.35,47.18,0.35
2018-02-13 14:00:00,0.0,25.33,46.97,0.32
2018-02-13 15:00:00,0.0,24.95,48.75,0.29
2018-02-13 16:00:00,0.0,24.1,53.58,0.21
2018-02-13 17:00:00,0.0,22.47,65.43,0.16
2018-02-13 18:00:00,0.0,21.18,70.21,0.26
2018-02-13 19:00:00,0.0,20.4,73.93,0.29
2018-02-13 20:00:00,0.0,19.5,78.16,0.3
2018-02-13 21:00:00,0.0,18.55,81.88,0.31
2018-02-13 22:00:00,0.0,17.79,84.96,0.32
2018-02-13 23:00:00,0.0,17.42,86.98,0.28
2018-02-14 00:00:00,0.0,17.29,89.05,0.27
2018-02-14 01:00:00,0.0,17.35,91.1,0.26
2018-02-14 02:00:00,0.0,17.35,92.41,0.26
2018-02-14 03:00:00,0.0,17.26,93.71,0.26
2018-02-14 04:00:00,0.0,17.23,94.31,0.26
2018-02-14 05:00:00,0.0,17.19,94.62,0.27
2018-02-14 06:00:00,0.0,17.51,92.79,0.36
2018-02-14 07:00:00,0.0,19.24,83.29,0.6
2018-02-14 08:00:00,0.0,21.89,67.71,0.66
2018-02-14 09:00:00,0.0,24.38,52.7,0.55
2018-02-14 10:00:00,0.0,26.05,43.68,0.42
2018-02-14 11:00:00,0.0,27.41,38.36,0.35
2018-02-14 12:00:00,0.0,28.43,35.91,0.32
2018-02-14 13:00:00,0.0,29.04,35.03,0.29
2018-02-14 14:00:00,0.0,28.62,37.2,0.28
2018-02-14 15:00:00,0.0,27.75,41.28,0.21
2018-02-14 16:00:00,0.0,26.66,48.95,0.06
2018-02-14 17:00:00,0.0,24.97,61.41,0.04
2018-02-14 18:00:00,0.0,23.59,64.53,0.17
2018-02-14 19:00:00,0.0,22.52,68.31,0.25
2018-02-14 20:00:00,0.0,21.97,70.57,0.32
2018-02-14 21:00:00,0.0,21.49,72.73,0.36
2018-02-14 22:00:00,0.0,20.42,79.27,0.35
2018-02-14 23:00:00,0.0,19.77,84.22,0.32
2018-02-15 00:00:00,0.0,19.26,88.13,0.31
2018-02-15 01:00:00,0.0,19.0,89.64,0.27
2018-02-15 02:00:00,0.0,19.01,89.14,0.29
2018-02-15 03:00:00,0.0,18.8,89.63,0.29
2018-02-15 04:00:00,0.0,18.53,90.56,0.29
2018-02-15 05:00:00,0.0,18.34,91.28,0.31
2018-02-15 06:00:00,0.0,18.43,90.28,0.37
2018-02-15 07:00:00,0.0,19.52,83.87,0.61
2018-02-15 08:00:00,0.0,21.92,69.85,0.73
2018-02-15 09:00:00,0.0,25.1,55.57,0.69
2018-02-15 10:00:00,0.0,27.29,47.28,0.53
2018-02-15 11:00:00,0.0,28.41,43.47,0.35
2018-02-15 12:00:00,0.0,28.95,41.42,0.21
2018-02-15 13:00:00,0.0,28.82,41.63,0.13
2018-02-15 14:00:00,0.0,28.22,43.78,0.16
2018-02-15 15:00:00,0.0,27.59,46.11,0.21
2018-02-15 16:00:00,0.0,26.88,49.39,0.23
2018-02-15 17:00:00,0.0,25.06,59.18,0.14
2018-02-15 18:00:00,0.0,22.93,68.42,0.17
2018-02-15 19:00:00,0.0,21.78,72.01,0.16
2018-02-15 20:00:00,0.0,20.87,75.41,0.14
2018-02-15 21:00:00,0.0,20.16,78.05,0.13
2018-02-15 22:00:00,0.0,19.49,80.77,0.19
2018-02-15 23:00:00,0.0,18.99,82.9,0.23
2018-02-16 00:00:00,0.0,18.66,85.2,0.26
2018-02-16 01:00:00,0.0,18.41,87.81,0.29
2018-02-16 02:00:00,0.0,18.21,90.22,0.29
2018-02-16 03:00:00,0.0,18.22,91.29,0.3
2018-02-16 04:00:00,0.0,18.2,91.71,0.31
2018-02-16 05:00:00,0.0,18.11,91.86,0.33
2018-02-16 06:00:00,0.0,18.35,89.99,0.42
2018-02-16 07:00:00,0.0,19.76,80.78,0.65
2018-02-16 08:00:00,0.0,21.96,65.12,0.69
2018-02-16 09:00:00,0.0,24.33,49.94,0.68
2018-02-16 10:00:00,0.0,26.15,40.45,0.65
2018-02-16 11:00:00,0.0,27.27,36.26,0.6
2018-02-16 12:00:00,0.0,27.87,34.65,0.56
2018-02-16 13:00:00,0.0,28.2,33.84,0.53
2018-02-16 14:00:00,0.0,28.35,33.68,0.49
2018-02-16 15:00:00,0.0,28.18,34.63,0.44
2018-02-16 16:00:00,0.0,27.37,38.91,0.35
2018-02-16 17:00:00,0.0,25.1,50.23,0.19
2018-02-16 18:00:00,0.0,22.43,59.79,0.29
2018-02-16 19:00:00,0.0,20.93,64.31,0.3
2018-02-16 20:00:00,0.0,20.07,66.77,0.23
2018-02-16 21:00:00,0.0,19.56,68.79,0.22
2018-02-16 22:00:00,0.0,19.39,67.4,0.21
2018-02-16 23:00:00,0.0,19.22,68.15,0.21
2018-02-17 00:00:00,0.0,18.61,71.43,0.18
2018-02-17 01:00:00,0.0,18.02,74.44,0.17
2018-02-17 02:00:00,0.0,17.56,76.61,0.17
2018-02-17 03:00:00,0.0,17.21,77.8,0.18
2018-02-17 04:00:00,0.0,17.07,77.9,0.18
2018-02-17 05:00:00,0.0,16.87,79.1,0.16
2018-02-17 06:00:00,0.0,17.12,79.29,0.17
2018-02-17 07:00:00,0.0,19.09,70.03,0.28
2018-02-17 08:00:00,0.0,22.29,56.59,0.27
2018-02-17 09:00:00,0.0,25.33,44.69,0.12
2018-02-17 10:00:00,0.0,27.36,38.27,0.08
2018-02-17 11:00:00,0.0,28.26,35.66,0.18
2018-02-17 12:00:00,0.0,28.55,34.59,0.2
2018-02-17 13:00:00,0.0,28.82,33.68,0.16
2018-02-17 14:00:00,0.0,29.0,33.16,0.1
2018-02-17 15:00:00,0.0,28.88,33.68,0.07
2018-02-17 16:00:00,0.0,28.01,37.23,0.09
2018-02-17 17:00:00,0.0,25.67,52.6,0.11
2018-02-17 18:00:00,0.0,23.45,63.48,0.09
2018-02-17 19:00:00,0.0,22.58,62.75,0.21
2018-02-17 20:00:00,0.0,21.6,65.28,0.49
2018-02-17 21:00:00,0.0,20.24,71.78,0.64
2018-02-17 22:00:00,0.0,19.24,75.29,0.63
2018-02-17 23:00:00,0.0,18.7,76.46,0.66
2018-02-18 00:00:00,0.0,18.6,75.99,0.67
2018-02-18 01:00:00,0.0,18.73,73.9,0.64
2018-02-18 02:00:00,0.0,18.78,72.03,0.57
2018-02-18 03:00:00,0.0,18.61,71.85,0.52
2018-02-18 04:00:00,0.0,18.32,72.5,0.52
2018-02-18 05:00:00,0.0,17.79,74.66,0.58
2018-02-18 06:00:00,0.0,17.54,77.31,0.55
2018-02-18 07:00:00,0.0,19.64,69.19,0.24
2018-02-18 08:00:00,0.0,23.64,52.68,0.09
2018-02-18 09:00:00,0.0,26.73,42.94,0.12
2018-02-18 10:00:00,0.0,28.75,36.97,0.13
2018-02-18 11:00:00,0.0,30.31,33.06,0.13
2018-02-18 12:00:00,0.0,31.39,30.31,0.13
2018-02-18 13:00:00,0.0,31.89,29.05,0.15
2018-02-18 14:00:00,0.0,31.77,28.69,0.2
2018-02-18 15:00:00,0.0,31.16,30.2,0.26
2018-02-18 16:00:00,0.0,29.85,34.64,0.34
2018-02-18 17:00:00,0.0,27.3,50.44,0.38
2018-02-18 18:00:00,0.0,25.51,54.39,0.36
2018-02-18 19:00:00,0.0,24.56,56.62,0.45
2018-02-18 20:00:00,0.0,23.26,64.22,0.64
2018-02-18 21:00:00,0.0,21.81,73.59,0.72
2018-02-18 22:00:00,0.0,20.69,80.44,0.7
2018-02-18 23:00:00,0.0,19.89,84.52,0.63
2018-02-19 00:00:00,0.0,19.52,85.5,0.55
2018-02-19 01:00:00,0.0,19.33,86.13,0.48
2018-02-19 02:00:00,0.0,18.88,87.96,0.47
2018-02-19 03:00:00,0.0,18.31,89.84,0.43
2018-02-19 04:00:00,0.0,17.89,90.56,0.36
2018-02-19 05:00:00,0.0,17.52,90.87,0.25
2018-02-19 06:00:00,0.0,17.89,87.33,0.24
2018-02-19 07:00:00,0.0,20.37,74.74,0.24
2018-02-19 08:00:00,0.0,23.93,60.78,0.17
2018-02-19 09:00:00,0.0,26.75,47.77,0.18
2018-02-19 10:00:00,0.0,28.82,38.44,0.22
2018-02-19 11:00:00,0.0,30.43,32.41,0.25
2018-02-19 12:00:00,0.0,31.48,28.95,0.29
2018-02-19 13:00:00,0.0,31.92,27.15,0.3
2018-02-19 14:00:00,0.0,31.75,26.83,0.3
2018-02-19 15:00:00,0.0,31.03,27.96,0.26
2018-02-19 16:00:00,0.0,29.73,30.84,0.22
2018-02-19 17:00:00,0.0,27.11,43.31,0.26
2018-02-19 18:00:00,0.0,24.28,55.32,0.32
2018-02-19 19:00:00,0.0,22.87,58.05,0.17
2018-02-19 20:00:00,0.0,21.59,64.47,0.28
2018-02-19 21:00:00,0.0,20.2,71.99,0.43
2018-02-19 22:00:00,0.0,19.2,76.92,0.46
2018-02-19 23:00:00,0.0,18.65,79.65,0.53
2018-02-20 00:00:00,0.0,18.44,79.68,0.65
2018-02-20 01:00:00,0.0,18.04,79.74,0.69
2018-02-20 02:00:00,0.0,17.18,82.5,0.63
2018-02-20 03:00:00,0.0,16.24,86.31,0.47
2018-02-20 04:00:00,0.0,15.54,89.71,0.31
2018-02-20 05:00:00,0.0,15.31,90.94,0.19
2018-02-20 06:00:00,0.0,16.11,86.87,0.26
2018-02-20 07:00:00,0.0,19.09,72.5,0.35
2018-02-20 08:00:00,0.0,23.27,50.61,0.38
2018-02-20 09:00:00,0.0,26.48,36.16,0.4
2018-02-20 10:00:00,0.0,28.5,31.42,0.36
2018-02-20 11:00:00,0.0,29.96,29.26,0.29
2018-02-20 12:00:00,0.0,31.02,27.7,0.19
2018-02-20 13:00:00,0.0,31.57,26.95,0.08
2018-02-20 14:00:00,0.0,31.53,27.44,0.05
2018-02-20 15:00:00,0.0,30.93,29.11,0.11
2018-02-20 16:00:00,0.0,29.65,33.21,0.18
2018-02-20 17:00:00,0.0,27.02,48.43,0.27
2018-02-20 18:00:00,0.0,24.43,62.97,0.16
2018-02-20 19:00:00,0.0,23.53,63.74,0.04
2018-02-20 20:00:00,0.0,22.82,65.63,0.25
2018-02-20 21:00:00,0.0,21.61,71.19,0.48
2018-02-20 22:00:00,0.0,20.7,75.09,0.55
2018-02-20 23:00:00,0.0,20.09,77.13,0.55
2018-02-21 00:00:00,0.0,19.58,78.39,0.59
2018-02-21 01:00:00,0.0,18.94,80.16,0.65
2018-02-21 02:00:00,0.0,18.25,82.25,0.64
2018-02-21 03:00:00,0.0,17.35,85.48,0.56
2018-02-21 04:00:00,0.0,16.44,89.4,0.41
2018-02-21 05:00:00,0.0,15.87,91.8,0.24
2018-02-21 06:00:00,0.0,16.4,88.43,0.29
2018-02-21 07:00:00,0.0,19.31,72.55,0.42
2018-02-21 08:00:00,0.0,23.12,49.06,0.43
2018-02-21 09:00:00,0.0,26.2,37.23,0.42
2018-02-21 10:00:00,0.0,28.28,33.47,0.34
2018-02-21 11:00:00,0.0,29.81,31.2,0.24
2018-02-21 12:00:00,0.0,30.92,29.27,0.12
2018-02-21 13:00:00,0.0,31.49,28.44,0.03
2018-02-21 14:00:00,0.0,31.42,28.47,0.1
2018-02-21 15:00:00,0.0,30.84,29.62,0.16
2018-02-21 16:00:00,0.0,29.63,32.89,0.23
2018-02-21 17:00:00,0.0,27.04,46.88,0.32
2018-02-21 18:00:00,0.0,24.46,61.21,0.14
2018-02-21 19:00:00,0.0,23.67,60.93,0.1
2018-02-21 20:00:00,0.0,23.19,61.28,0.33
2018-02-21 21:00:00,0.0,22.32,65.68,0.59
2018-02-21 22:00:00,0.0,21.41,70.82,0.71
2018-02-21 23:00:00,0.0,20.94,72.99,0.72
2018-02-22 00:00:00,0.0,20.72,74.29,0.62
2018-02-22 01:00:00,0.0,20.4,76.09,0.31
2018-02-22 02:00:00,0.0,19.62,80.55,0.45
2018-02-22 03:00:00,0.0,18.57,86.41,0.65
2018-02-22 04:00:00,0.0,17.63,91.56,0.67
2018-02-22 05:00:00,0.0,16.87,94.91,0.58
2018-02-22 06:00:00,0.0,16.85,93.33,0.46
2018-02-22 07:00:00,0.0,20.04,76.15,0.3
2018-02-22 08:00:00,0.0,23.97,52.13,0.38
2018-02-22 09:00:00,0.0,26.7,35.98,0.47
2018-02-22 10:00:00,0.0,28.57,29.49,0.46
2018-02-22 11:00:00,0.0,30.01,26.55,0.39
2018-02-22 12:00:00,0.0,31.01,24.74,0.32
2018-02-22 13:00:00,0.0,31.51,23.96,0.25
2018-02-22 14:00:00,0.0,31.45,24.02,0.19
2018-02-22 15:00:00,0.0,30.87,24.96,0.14
2018-02-22 16:00:00,0.0,29.6,28.63,0.16
2018-02-22 17:00:00,0.0,26.92,44.63,0.25
2018-02-22 18:00:00,0.0,24.76,55.26,0.09
2018-02-22 19:00:00,0.0,23.92,54.84,0.26
2018-02-22 20:00:00,0.0,22.46,61.0,0.5
2018-02-22 21:00:00,0.0,21.12,66.65,0.58
2018-02-22 22:00:00,0.0,20.23,69.74,0.6
2018-02-22 23:00:00,0.0,19.63,71.19,0.66
2018-02-23 00:00:00,0.0,19.21,71.11,0.73
2018-02-23 01:00:00,0.0,18.64,71.58,0.77
2018-02-23 02:00:00,0.0,17.71,73.89,0.75
2018-02-23 03:00:00,0.0,16.49,77.85,0.65
2018-02-23 04:00:00,0.0,15.36,81.42,0.48
2018-02-23 05:00:00,0.0,14.67,83.3,0.27
2018-02-23 06:00:00,0.0,15.33,79.81,0.29
2018-02-23 07:00:00,0.0,18.63,64.09,0.38
2018-02-23 08:00:00,0.0,22.95,42.52,0.35
2018-02-23 09:00:00,0.0,26.67,27.63,0.4
2018-02-23 10:00:00,0.0,28.83,24.68,0.41
2018-02-23 11:00:00,0.0,30.19,23.73,0.35
2018-02-23 12:00:00,0.0,31.14,22.81,0.25
2018-02-23 13:00:00,0.0,31.66,22.22,0.15
2018-02-23 14:00:00,0.0,31.67,22.32,0.06
2018-02-23 15:00:00,0.0,31.07,23.87,0.06
2018-02-23 16:00:00,0.0,29.68,28.17,0.14
2018-02-23 17:00:00,0.0,26.98,43.09,0.26
2018-02-23 18:00:00,0.0,24.38,55.63,0.14
2018-02-23 19:00:00,0.0,23.39,56.39,0.28
2018-02-23 20:00:00,0.0,22.34,60.14,0.62
2018-02-23 21:00:00,0.0,20.59,68.19,0.73
2018-02-23 22:00:00,0.0,19.17,74.54,0.62
2018-02-23 23:00:00,0.0,18.47,77.72,0.61
2018-02-24 00:00:00,0.0,17.68,80.69,0.51
2018-02-24 01:00:00,0.0,16.99,82.66,0.33
2018-02-24 02:00:00,0.0,16.72,83.69,0.27
2018-02-24 03:00:00,0.0,16.39,85.65,0.29
2018-02-24 04:00:00,0.0,15.96,88.74,0.34
2018-02-24 05:00:00,0.0,15.61,91.91,0.37
2018-02-24 06:00:00,0.0,16.22,89.11,0.51
2018-02-24 07:00:00,0.0,18.99,75.28,0.65
2018-02-24 08:00:00,0.0,22.81,53.98,0.62
2018-02-24 09:00:00,0.0,26.19,38.59,0.53
2018-02-24 10:00:00,0.0,28.59,31.3,0.44
2018-02-24 11:00:00,0.0,30.26,27.94,0.35
2018-02-24 12:00:00,0.0,31.47,25.6,0.28
2018-02-24 13:00:00,0.0,32.16,24.5,0.19
2018-02-24 14:00:00,0.0,32.25,24.23,0.15
2018-02-24 15:00:00,0.0,31.7,25.27,0.13
2018-02-24 16:00:00,0.0,30.39,29.21,0.13
2018-02-24 17:00:00,0.0,27.76,41.05,0.08
2018-02-24 18:00:00,0.0,24.74,52.08,0.15
2018-02-24 19:00:00,0.0,23.21,57.1,0.24
2018-02-24 20:00:00,0.0,22.41,59.88,0.3
2018-02-24 21:00:00,0.0,21.6,63.8,0.32
2018-02-24 22:00:00,0.0,20.75,68.97,0.3
2018-02-24 23:00:00,0.0,19.9,74.39,0.2
2018-02-25 00:00:00,0.0,19.4,78.38,0.19
2018-02-25 01:00:00,0.0,19.03,82.31,0.18
2018-02-25 02:00:00,0.0,18.61,86.47,0.17
2018-02-25 03:00:00,0.0,18.33,89.06,0.17
2018-02-25 04:00:00,0.0,18.08,90.8,0.17
2018-02-25 05:00:00,0.0,17.82,92.1,0.17
2018-02-25 06:00:00,0.0,18.19,89.71,0.27
2018-02-25 07:00:00,0.0,20.41,76.15,0.42
2018-02-25 08:00:00,0.0,23.59,58.02,0.36
2018-02-25 09:00:00,0.0,26.65,43.26,0.26
2018-02-25 10:00:00,0.0,28.95,34.78,0.2
2018-02-25 11:00:00,0.0,30.66,29.9,0.15
2018-02-25 12:00:00,0.0,31.84,27.52,0.09
2018-02-25 13:00:00,0.0,32.51,26.46,0.03
2018-02-25 14:00:00,0.0,32.56,26.52,0.01
2018-02-25 15:00:00,0.0,31.98,27.62,0.01
2018-02-25 16:00:00,0.0,30.75,30.93,0.02
2018-02-25 17:00:00,0.0,28.36,42.02,0.09
2018-02-25 18:00:00,0.0,25.51,54.34,0.12
2018-02-25 19:00:00,0.0,23.76,60.4,0.14
2018-02-25 20:00:00,0.0,22.83,63.95,0.22
2018-02-25 21:00:00,0.0,22.13,67.47,0.3
2018-02-25 22:00:00,0.0,21.56,70.76,0.29
2018-02-25 23:00:00,0.0,20.91,74.62,0.27
2018-02-26 00:00:00,0.0,20.26,77.67,0.26
2018-02-26 01:00:00,0.0,19.61,80.49,0.28
2018-02-26 02:00:00,0.0,19.05,82.86,0.29
2018-02-26 03:00:00,0.0,18.57,85.12,0.29
2018-02-26 04:00:00,0.0,18.09,87.64,0.3
2018-02-26 05:00:00,0.0,17.69,89.52,0.3
2018-02-26 06:00:00,0.0,18.03,87.62,0.34
2018-02-26 07:00:00,0.0,20.86,72.44,0.32
2018-02-26 08:00:00,0.0,24.88,52.13,0.33
2018-02-26 09:00:00,0.0,27.78,42.69,0.3
2018-02-26 10:00:00,0.0,29.76,37.46,0.25
2018-02-26 11:00:00,0.0,31.28,33.96,0.19
2018-02-26 12:00:00,0.0,32.35,31.86,0.14
2018-02-26 13:00:00,0.0,32.72,31.35,0.14
2018-02-26 14:00:00,0.0,32.38,32.3,0.2
2018-02-26 15:00:00,0.0,31.63,34.47,0.29
2018-02-26 16:00:00,0.0,30.09,40.28,0.37
2018-02-26 17:00:00,0.0,28.16,50.4,0.43
2018-02-26 18:00:00,0.0,26.36,61.29,0.43
2018-02-26 19:00:00,0.0,25.07,66.32,0.37
2018-02-26 20:00:00,0.0,24.0,71.64,0.31
2018-02-26 21:00:00,0.0,23.25,74.71,0.29
2018-02-26 22:00:00,0.0,22.64,77.61,0.28
2018-02-26 23:00:00,0.0,22.02,80.33,0.24
2018-02-27 00:00:00,0.0,21.45,83.57,0.28
2018-02-27 01:00:00,0.0,20.84,85.82,0.28
2018-02-27 02:00:00,0.0,20.25,87.44,0.2
2018-02-27 03:00:00,0.0,19.84,88.11,0.15
2018-02-27 04:00:00,0.0,19.58,88.35,0.18
2018-02-27 05:00:00,0.0,19.42,88.25,0.2
2018-02-27 06:00:00,0.0,19.71,85.71,0.33
2018-02-27 07:00:00,0.0,22.17,69.95,0.46
2018-02-27 08:00:00,0.0,25.38,51.55,0.56
2018-02-27 09:00:00,0.0,27.73,45.07,0.58
2018-02-27 10:00:00,0.0,29.44,40.88,0.5
2018-02-27 11:00:00,0.0,30.79,37.19,0.4
2018-02-27 12:00:00,0.0,31.76,35.02,0.3
2018-02-27 13:00:00,0.0,32.11,34.64,0.23
2018-02-27 14:00:00,0.0,31.98,35.52,0.21
2018-02-27 15:00:00,0.0,31.38,37.36,0.22
2018-02-27 16:00:00,0.0,29.99,41.74,0.23
2018-02-27 17:00:00,0.0,28.17,48.73,0.21
2018-02-27 18:00:00,0.0,26.49,56.19,0.18
2018-02-27 19:00:00,0.0,25.48,60.97,0.16
2018-02-27 20:00:00,0.0,24.65,65.11,0.13
2018-02-27 21:00:00,0.0,23.8,69.79,0.1
2018-02-27 22:00:00,0.0,23.08,73.31,0.07
2018-02-27 23:00:00,0.0,22.39,76.64,0.11
2018-02-28 00:00:00,0.0,21.76,79.42,0.16
2018-02-28 01:00:00,0.0,21.2,81.96,0.19
2018-02-28 02:00:00,0.0,20.65,84.51,0.21
2018-02-28 03:00:00,0.0,20.11,86.96,0.22
2018-02-28 04:00:00,0.0,19.62,89.03,0.21
2018-02-28 05:00:00,0.0,19.23,90.29,0.2
2018-02-28 06:00:00,0.0,19.48,87.21,0.28
2018-02-28 07:00:00,0.0,21.68,70.62,0.28
2018-02-28 08:00:00,0.0,25.17,46.05,0.23
2018-02-28 09:00:00,0.0,28.18,32.86,0.23
2018-02-28 10:00:00,0.0,30.12,29.87,0.22
2018-02-28 11:00:00,0.0,31.6,28.4,0.19
2018-02-28 12:00:00,0.0,32.62,27.68,0.14
2018-02-28 13:00:00,0.0,33.08,27.87,0.1
2018-02-28 14:00:00,0.0,32.67,29.4,0.1
2018-02-28 15:00:00,0.0,31.42,33.12,0.13
2018-02-28 16:00:00,0.01,29.96,38.66,0.16
2018-02-28 17:00:00,0.02,27.96,48.56,0.22
2018-02-28 18:00:00,0.03,25.86,60.16,0.27
2018-02-28 19:00:00,0.18,24.55,68.4,0.25
2018-02-28 20:00:00,0.19,23.57,74.22,0.21
2018-02-28 21:00:00,0.14,22.74,78.91,0.18
2018-02-28 22:00:00,0.16,21.98,82.97,0.16
2018-02-28 23:00:00,0.12,21.22,86.99,0.16
2018-03-01 00:00:00,0.11,20.54,90.21,0.18
2018-03-01 01:00:00,0.03,19.97,92.74,0.22
2018-03-01 02:00:00,0.06,19.55,93.93,0.24
2018-03-01 03:00:00,0.05,19.24,94.31,0.24
2018-03-01 04:00:00,0.09,18.91,94.61,0.25
2018-03-01 05:00:00,0.33,18.56,95.05,0.26
2018-03-01 06:00:00,0.61,18.59,94.41,0.38
2018-03-01 07:00:00,0.35,20.04,88.9,0.5
2018-03-01 08:00:00,0.0,23.42,69.26,0.61
2018-03-01 09:00:00,0.0,26.8,51.43,0.62
2018-03-01 10:00:00,0.0,29.01,43.15,0.55
2018-03-01 11:00:00,0.0,30.62,38.88,0.45
2018-03-01 12:00:00,0.0,31.76,36.08,0.34
2018-03-01 13:00:00,0.0,32.33,34.72,0.23
2018-03-01 14:00:00,0.0,32.25,34.79,0.14
2018-03-01 15:00:00,0.0,31.63,36.03,0.06
2018-03-01 16:00:00,0.0,30.28,39.57,0.04
2018-03-01 17:00:00,0.0,28.29,48.26,0.12
2018-03-01 18:00:00,0.0,26.09,61.83,0.09
2018-03-01 19:00:00,0.0,25.04,66.48,0.12
2018-03-01 20:00:00,0.0,24.18,71.05,0.25
2018-03-01 21:00:00,0.0,23.15,75.27,0.26
2018-03-01 22:00:00,0.0,22.33,78.02,0.29
2018-03-01 23:00:00,0.0,21.71,80.26,0.37
2018-03-02 00:00:00,0.0,21.47,80.26,0.48
2018-03-02 01:00:00,0.0,21.46,78.77,0.5
2018-03-02 02:00:00,0.0,21.31,78.62,0.4
2018-03-02 03:00:00,0.0,20.9,80.62,0.33
2018-03-02 04:00:00,0.0,20.36,83.13,0.36
2018-03-02 05:00:00,0.0,19.68,86.1,0.44
2018-03-02 06:00:00,0.0,19.48,86.73,0.43
2018-03-02 07:00:00,0.0,22.35,70.12,0.22
2018-03-02 08:00:00,0.0,26.05,43.5,0.3
2018-03-02 09:00:00,0.0,28.53,29.89,0.36
2018-03-02 10:00:00,0.0,30.38,23.39,0.36
2018-03-02 11:00:00,0.0,31.8,20.28,0.35
2018-03-02 12:00:00,0.0,32.68,18.71,0.32
2018-03-02 13:00:00,0.0,33.06,18.06,0.3
2018-03-02 14:00:00,0.0,32.9,18.3,0.28
2018-03-02 15:00:00,0.0,32.2,19.34,0.27
2018-03-02 16:00:00,0.0,30.92,22.25,0.23
2018-03-02 17:00:00,0.0,28.35,33.45,0.11
2018-03-02 18:00:00,0.0,25.25,46.42,0.26
2018-03-02 19:00:00,0.0,23.6,53.78,0.49
2018-03-02 20:00:00,0.0,22.13,58.4,0.59
2018-03-02 21:00:00,0.0,20.9,63.05,0.59
2018-03-02 22:00:00,0.0,20.26,67.14,0.62
2018-03-02 23:00:00,0.0,19.69,70.17,0.59
2018-03-03 00:00:00,0.0,19.23,71.76,0.56
2018-03-03 01:00:00,0.0,18.54,73.57,0.53
2018-03-03 02:00:00,0.0,17.73,75.65,0.57
2018-03-03 03:00:00,0.0,17.05,77.23,0.59
2018-03-03 04:00:00,0.0,16.55,77.55,0.57
2018-03-03 05:00:00,0.0,16.26,77.29,0.59
2018-03-03 06:00:00,0.0,16.57,76.07,0.55
2018-03-03 07:00:00,0.0,19.99,62.24,0.26
2018-03-03 08:00:00,0.0,24.94,37.96,0.23
2018-03-03 09:00:00,0.0,28.64,23.03,0.24
2018-03-03 10:00:00,0.0,30.9,17.54,0.22
2018-03-03 11:00:00,0.0,32.52,15.1,0.2
2018-03-03 12:00:00,0.0,33.53,14.37,0.23
2018-03-03 13:00:00,0.0,33.93,14.57,0.32
2018-03-03 14:00:00,0.0,33.73,15.52,0.4
2018-03-03 15:00:00,0.0,32.98,17.12,0.44
2018-03-03 16:00:00,0.0,31.52,21.19,0.5
2018-03-03 17:00:00,0.0,28.96,36.72,0.64
2018-03-03 18:00:00,0.0,25.77,49.65,0.98
2018-03-03 19:00:00,0.0,23.29,64.11,0.96
2018-03-03 20:00:00,0.0,22.01,74.38,0.84
2018-03-03 21:00:00,0.0,21.44,79.43,0.64
2018-03-03 22:00:00,0.01,21.14,82.49,0.48
2018-03-03 23:00:00,0.01,20.96,85.03,0.36
2018-03-04 00:00:00,0.01,20.79,87.23,0.22
2018-03-04 01:00:00,0.02,20.58,89.5,0.11
2018-03-04 02:00:00,0.01,20.41,91.2,0.03
2018-03-04 03:00:00,0.01,20.29,92.25,0.11
2018-03-04 04:00:00,0.0,20.13,93.25,0.26
2018-03-04 05:00:00,0.0,19.85,94.64,0.46
2018-03-04 06:00:00,0.0,19.78,94.7,0.56
2018-03-04 07:00:00,0.0,21.92,83.14,0.33
2018-03-04 08:00:00,0.0,25.4,61.17,0.32
2018-03-04 09:00:00,0.0,28.4,42.87,0.31
2018-03-04 10:00:00,0.0,30.64,32.37,0.24
2018-03-04 11:00:00,0.0,32.4,25.93,0.16
2018-03-04 12:00:00,0.0,33.58,22.33,0.13
2018-03-04 13:00:00,0.0,34.17,20.64,0.22
2018-03-04 14:00:00,0.0,34.13,20.29,0.29
2018-03-04 15:00:00,0.0,33.44,21.0,0.34
2018-03-04 16:00:00,0.0,31.99,24.75,0.43
2018-03-04 17:00:00,0.0,29.28,41.13,0.45
2018-03-04 18:00:00,0.0,27.39,44.78,0.45
2018-03-04 19:00:00,0.0,26.01,49.9,0.58
2018-03-04 20:00:00,0.0,24.17,61.66,0.75
2018-03-04 21:00:00,0.0,22.48,72.12,0.73
2018-03-04 22:00:00,0.0,21.5,76.91,0.6
2018-03-04 23:00:00,0.0,21.06,79.16,0.57
2018-03-05 00:00:00,0.0,20.79,80.19,0.48
2018-03-05 01:00:00,0.0,20.41,82.1,0.32
2018-03-05 02:00:00,0.0,19.89,85.52,0.22
2018-03-05 03:00:00,0.0,19.35,89.83,0.3
2018-03-05 04:00:00,0.0,19.04,93.16,0.46
2018-03-05 05:00:00,0.0,18.95,94.5,0.56
2018-03-05 06:00:00,0.0,19.19,93.05,0.62
2018-03-05 07:00:00,0.0,21.38,82.61,0.3
2018-03-05 08:00:00,0.0,25.06,61.8,0.24
2018-03-05 09:00:00,0.0,28.04,42.87,0.24
2018-03-05 10:00:00,0.0,30.43,30.94,0.24
2018-03-05 11:00:00,0.0,32.29,24.4,0.24
2018-03-05 12:00:00,0.0,33.5,20.82,0.25
2018-03-05 13:00:00,0.0,34.09,19.07,0.28
2018-03-05 14:00:00,0.0,34.06,18.37,0.3
2018-03-05 15:00:00,0.0,33.43,18.68,0.29
2018-03-05 16:00:00,0.0,32.03,21.8,0.34
2018-03-05 17:00:00,0.0,29.04,39.72,0.41
2018-03-05 18:00:00,0.0,26.82,49.05,0.48
2018-03-05 19:00:00,0.0,26.04,49.06,0.57
2018-03-05 20:00:00,0.0,24.99,53.25,0.68
2018-03-05 21:00:00,0.0,23.53,62.44,0.74
2018-03-05 22:00:00,0.0,22.22,71.02,0.68
2018-03-05 23:00:00,0.0,21.26,77.45,0.59
2018-03-06 00:00:00,0.0,20.65,81.4,0.5
2018-03-06 01:00:00,0.0,20.14,84.63,0.43
2018-03-06 02:00:00,0.0,19.69,87.0,0.43
2018-03-06 03:00:00,0.0,19.29,88.42,0.45
2018-03-06 04:00:00,0.0,18.83,89.6,0.55
2018-03-06 05:00:00,0.0,18.26,90.88,0.64
2018-03-06 06:00:00,0.0,18.2,89.67,0.56
2018-03-06 07:00:00,0.0,21.38,72.96,0.22
2018-03-06 08:00:00,0.0,25.67,51.95,0.17
2018-03-06 09:00:00,0.0,28.86,36.12,0.15
2018-03-06 10:00:00,0.0,31.22,27.31,0.09
2018-03-06 11:00:00,0.0,32.87,22.62,0.03
2018-03-06 12:00:00,0.0,33.93,19.97,0.13
2018-03-06 13:00:00,0.0,34.4,18.75,0.23
2018-03-06 14:00:00,0.0,34.25,18.62,0.32
2018-03-06 15:00:00,0.0,33.47,19.44,0.39
2018-03-06 16:00:00,0.0,31.95,23.24,0.47
2018-03-06 17:00:00,0.0,29.15,40.5,0.53
2018-03-06 18:00:00,0.0,27.01,47.87,0.73
2018-03-06 19:00:00,0.0,25.53,55.33,0.89
2018-03-06 20:00:00,0.0,24.39,61.99,0.84
2018-03-06 21:00:00,0.0,23.45,67.2,0.58
2018-03-06 22:00:00,0.0,22.22,73.02,0.45
2018-03-06 23:00:00,0.0,21.28,75.25,0.45
2018-03-07 00:00:00,0.0,20.74,76.59,0.51
2018-03-07 01:00:00,0.0,20.19,77.38,0.62
2018-03-07 02:00:00,0.0,19.61,77.27,0.7
2018-03-07 03:00:00,0.0,18.98,77.26,0.72
2018-03-07 04:00:00,0.0,18.34,77.23,0.74
2018-03-07 05:00:00,0.0,17.81,76.71,0.74
2018-03-07 06:00:00,0.0,17.74,76.68,0.62
2018-03-07 07:00:00,0.0,20.6,64.51,0.14
2018-03-07 08:00:00,0.0,25.49,39.46,0.07
2018-03-07 09:00:00,0.0,29.0,25.74,0.04
2018-03-07 10:00:00,0.0,31.33,19.71,0.03
2018-03-07 11:00:00,0.0,33.05,16.45,0.1
2018-03-07 12:00:00,0.0,34.18,15.12,0.19
2018-03-07 13:00:00,0.0,34.68,15.07,0.28
2018-03-07 14:00:00,0.0,34.54,16.04,0.36
2018-03-07 15:00:00,0.0,33.81,17.79,0.41
2018-03-07 16:00:00,0.0,32.37,21.82,0.46
2018-03-07 17:00:00,0.0,29.75,36.3,0.49
2018-03-07 18:00:00,0.0,27.14,47.24,0.69
2018-03-07 19:00:00,0.0,25.47,55.72,0.81
2018-03-07 20:00:00,0.0,24.54,61.64,0.78
2018-03-07 21:00:00,0.0,23.89,65.47,0.57
2018-03-07 22:00:00,0.0,22.9,70.92,0.43
2018-03-07 23:00:00,0.0,21.96,75.79,0.38
2018-03-08 00:00:00,0.0,21.25,78.51,0.35
2018-03-08 01:00:00,0.0,20.65,80.55,0.4
2018-03-08 02:00:00,0.0,20.05,82.51,0.44
2018-03-08 03:00:00,0.0,19.43,84.59,0.5
2018-03-08 04:00:00,0.0,18.87,85.55,0.55
2018-03-08 05:00:00,0.0,18.26,86.91,0.54
2018-03-08 06:00:00,0.0,18.37,85.91,0.39
2018-03-08 07:00:00,0.0,21.65,68.07,0.22
2018-03-08 08:00:00,0.0,25.78,43.68,0.21
2018-03-08 09:00:00,0.0,28.8,28.91,0.22
2018-03-08 10:00:00,0.0,31.01,21.63,0.19
2018-03-08 11:00:00,0.0,32.69,17.69,0.14
2018-03-08 12:00:00,0.0,33.8,16.31,0.09
2018-03-08 13:00:00,0.0,34.31,16.88,0.09
2018-03-08 14:00:00,0.0,34.21,18.42,0.17
2018-03-08 15:00:00,0.0,33.5,20.82,0.24
2018-03-08 16:00:00,0.0,32.11,25.21,0.35
2018-03-08 17:00:00,0.0,29.5,40.84,0.43
2018-03-08 18:00:00,0.0,27.26,51.98,0.5
2018-03-08 19:00:00,0.0,25.82,55.98,0.69
2018-03-08 20:00:00,0.0,24.6,62.35,0.76
2018-03-08 21:00:00,0.0,23.52,69.41,0.78
2018-03-08 22:00:00,0.0,22.73,75.42,0.78
2018-03-08 23:00:00,0.0,22.27,78.46,0.74
2018-03-09 00:00:00,0.0,21.97,79.86,0.64
2018-03-09 01:00:00,0.0,21.65,81.61,0.48
2018-03-09 02:00:00,0.0,21.33,84.01,0.35
2018-03-09 03:00:00,0.0,21.05,86.7,0.4
2018-03-09 04:00:00,0.0,20.83,88.33,0.42
2018-03-09 05:00:00,0.0,20.46,90.01,0.51
2018-03-09 06:00:00,0.0,20.25,90.09,0.5
2018-03-09 07:00:00,0.0,22.83,76.19,0.25
2018-03-09 08:00:00,0.0,26.15,54.56,0.28
2018-03-09 09:00:00,0.0,28.75,35.79,0.32
2018-03-09 10:00:00,0.0,30.66,25.44,0.32
2018-03-09 11:00:00,0.0,32.1,20.21,0.3
2018-03-09 12:00:00,0.0,33.02,18.25,0.28
2018-03-09 13:00:00,0.0,33.39,17.95,0.23
2018-03-09 14:00:00,0.0,33.15,18.91,0.17
2018-03-09 15:00:00,0.0,32.38,20.96,0.11
2018-03-09 16:00:00,0.0,31.12,24.43,0.03
2018-03-09 17:00:00,0.0,28.74,36.73,0.14
2018-03-09 18:00:00,0.0,25.73,51.24,0.23
2018-03-09 19:00:00,0.0,23.98,56.99,0.3
2018-03-09 20:00:00,0.0,22.86,62.26,0.27
2018-03-09 21:00:00,0.0,22.14,65.79,0.26
2018-03-09 22:00:00,0.0,21.65,68.0,0.26
2018-03-09 23:00:00,0.0,21.13,71.61,0.4
2018-03-10 00:00:00,0.0,20.55,72.86,0.56
2018-03-10 01:00:00,0.0,19.7,74.78,0.63
2018-03-10 02:00:00,0.0,18.77,77.03,0.64
2018-03-10 03:00:00,0.0,17.95,78.65,0.61
2018-03-10 04:00:00,0.0,17.22,79.76,0.57
2018-03-10 05:00:00,0.0,16.58,80.22,0.51
2018-03-10 06:00:00,0.0,16.94,76.72,0.4
2018-03-10 07:00:00,0.0,20.67,57.89,0.41
2018-03-10 08:00:00,0.0,25.34,34.98,0.42
2018-03-10 09:00:00,0.0,28.88,22.81,0.48
2018-03-10 10:00:00,0.0,30.75,21.34,0.47
2018-03-10 11:00:00,0.0,32.09,20.5,0.41
2018-03-10 12:00:00,0.0,32.99,20.26,0.32
2018-03-10 13:00:00,0.0,33.42,20.85,0.19
2018-03-10 14:00:00,0.0,33.37,22.07,0.07
2018-03-10 15:00:00,0.0,32.69,24.03,0.04
2018-03-10 16:00:00,0.0,31.28,27.81,0.17
2018-03-10 17:00:00,0.0,29.01,41.21,0.25
2018-03-10 18:00:00,0.0,26.9,54.18,0.13
2018-03-10 19:00:00,0.0,25.74,58.26,0.22
2018-03-10 20:00:00,0.0,24.53,61.27,0.3
2018-03-10 21:00:00,0.0,23.59,64.29,0.43
2018-03-10 22:00:00,0.0,22.69,68.1,0.5
2018-03-10 23:00:00,0.0,21.77,71.54,0.51
2018-03-11 00:00:00,0.0,21.03,73.9,0.52
2018-03-11 01:00:00,0.0,20.48,75.16,0.54
2018-03-11 02:00:00,0.0,19.94,76.41,0.55
2018-03-11 03:00:00,0.0,19.35,77.89,0.56
2018-03-11 04:00:00,0.0,18.69,79.63,0.54
2018-03-11 05:00:00,0.0,17.99,81.7,0.47
2018-03-11 06:00:00,0.0,18.24,80.51,0.35
2018-03-11 07:00:00,0.0,21.3,66.01,0.39
2018-03-11 08:00:00,0.0,25.18,47.06,0.4
2018-03-11 09:00:00,0.0,28.3,33.73,0.42
2018-03-11 10:00:00,0.0,30.53,26.27,0.42
2018-03-11 11:00:00,0.0,32.15,22.23,0.4
2018-03-11 12:00:00,0.0,33.17,20.35,0.36
2018-03-11 13:00:00,0.0,33.58,20.1,0.31
2018-03-11 14:00:00,0.0,33.36,20.99,0.28
2018-03-11 15:00:00,0.0,32.58,22.71,0.26
2018-03-11 16:00:00,0.0,31.29,25.41,0.22
2018-03-11 17:00:00,0.0,29.01,32.72,0.02
2018-03-11 18:00:00,0.0,26.28,44.78,0.08
2018-03-11 19:00:00,0.0,24.75,49.84,0.16
2018-03-11 20:00:00,0.0,23.71,53.71,0.21
2018-03-11 21:00:00,0.0,22.98,58.42,0.25
2018-03-11 22:00:00,0.0,22.23,64.05,0.28
2018-03-11 23:00:00,0.0,21.36,69.94,0.26
2018-03-12 00:00:00,0.0,20.39,76.02,0.22
2018-03-12 01:00:00,0.0,19.57,81.15,0.24
2018-03-12 02:00:00,0.0,19.0,84.93,0.25
2018-03-12 03:00:00,0.0,18.61,87.6,0.26
2018-03-12 04:00:00,0.0,18.26,89.88,0.24
2018-03-12 05:00:00,0.0,18.18,90.49,0.24
2018-03-12 06:00:00,0.0,18.88,87.23,0.35
2018-03-12 07:00:00,0.0,21.94,72.89,0.49
2018-03-12 08:00:00,0.0,25.65,54.54,0.55
2018-03-12 09:00:00,0.0,28.43,41.82,0.54
2018-03-12 10:00:00,0.0,30.38,36.45,0.51
2018-03-12 11:00:00,0.0,31.68,34.25,0.5
2018-03-12 12:00:00,0.0,32.3,33.58,0.48
2018-03-12 13:00:00,0.01,32.35,34.06,0.43
2018-03-12 14:00:00,0.01,31.9,35.6,0.35
2018-03-12 15:00:00,0.01,30.61,39.28,0.28
2018-03-12 16:00:00,0.01,29.25,43.81,0.27
2018-03-12 17:00:00,0.0,27.67,50.09,0.26
2018-03-12 18:00:00,0.01,26.16,57.5,0.27
2018-03-12 19:00:00,0.0,25.18,62.47,0.27
2018-03-12 20:00:00,0.0,24.38,66.39,0.22
2018-03-12 21:00:00,0.0,23.69,69.61,0.23
2018-03-12 22:00:00,0.0,23.01,72.67,0.27
2018-03-12 23:00:00,0.01,22.37,75.66,0.31
2018-03-13 00:00:00,0.01,21.76,78.75,0.32
2018-03-13 01:00:00,0.01,21.29,81.0,0.32
2018-03-13 02:00:00,0.01,20.9,82.74,0.3
2018-03-13 03:00:00,0.01,20.57,84.92,0.25
2018-03-13 04:00:00,0.02,20.34,87.08,0.25
2018-03-13 05:00:00,0.02,20.25,88.68,0.25
2018-03-13 06:00:00,0.02,20.68,87.57,0.39
2018-03-13 07:00:00,0.03,22.44,79.16,0.5
2018-03-13 08:00:00,0.41,24.62,68.15,0.55
2018-03-13 09:00:00,0.48,26.39,60.52,0.55
2018-03-13 10:00:00,0.62,27.71,55.33,0.55
2018-03-13 11:00:00,0.62,28.62,51.63,0.56
2018-03-13 12:00:00,0.6,28.9,49.94,0.54
2018-03-13 13:00:00,0.64,28.27,52.45,0.48
2018-03-13 14:00:00,0.68,27.39,57.01,0.45
2018-03-13 15:00:00,0.71,26.42,62.5,0.44
2018-03-13 16:00:00,0.6,25.29,69.38,0.42
2018-03-13 17:00:00,0.58,23.96,79.08,0.36
2018-03-13 18:00:00,0.6,22.87,88.74,0.3
2018-03-13 19:00:00,0.56,22.26,92.48,0.24
2018-03-13 20:00:00,0.38,21.81,94.03,0.21
2018-03-13 21:00:00,0.21,21.52,94.64,0.23
2018-03-13 22:00:00,0.11,21.3,95.03,0.25
2018-03-13 23:00:00,0.06,21.13,95.26,0.28
2018-03-14 00:00:00,0.05,20.97,95.4,0.32
2018-03-14 01:00:00,0.05,20.83,95.5,0.36
2018-03-14 02:00:00,0.04,20.7,95.49,0.37
2018-03-14 03:00:00,0.04,20.52,95.52,0.34
2018-03-14 04:00:00,0.04,20.3,95.44,0.32
2018-03-14 05:00:00,0.05,20.04,95.23,0.33
2018-03-14 06:00:00,0.04,20.01,93.3,0.45
2018-03-14 07:00:00,0.03,20.86,84.3,0.6
2018-03-14 08:00:00,0.01,23.11,66.85,0.8
2018-03-14 09:00:00,0.01,25.62,54.02,0.91
2018-03-14 10:00:00,0.01,27.7,46.93,0.91
2018-03-14 11:00:00,0.04,29.01,43.89,0.83
2018-03-14 12:00:00,0.13,29.36,44.09,0.75
2018-03-14 13:00:00,0.29,29.37,45.03,0.72
2018-03-14 14:00:00,0.22,28.92,47.07,0.68
2018-03-14 15:00:00,0.13,28.3,49.6,0.62
2018-03-14 16:00:00,0.05,27.51,52.68,0.55
2018-03-14 17:00:00,0.04,26.28,58.61,0.36
2018-03-14 18:00:00,0.06,24.59,69.0,0.27
2018-03-14 19:00:00,0.05,23.47,75.79,0.25
2018-03-14 20:00:00,0.01,22.74,79.21,0.25
2018-03-14 21:00:00,0.0,22.3,80.49,0.31
2018-03-14 22:00:00,0.01,21.96,81.05,0.39
2018-03-14 23:00:00,0.01,21.66,81.24,0.45
2018-03-15 00:00:00,0.01,21.47,81.1,0.48
2018-03-15 01:00:00,0.01,21.33,81.05,0.46
2018-03-15 02:00:00,0.01,21.13,81.67,0.45
2018-03-15 03:00:00,0.01,20.9,82.67,0.47
2018-03-15 04:00:00,0.01,20.63,83.84,0.5
2018-03-15 05:00:00,0.01,20.31,85.57,0.55
2018-03-15 06:00:00,0.01,20.43,86.05,0.55
2018-03-15 07:00:00,0.01,22.69,75.15,0.36
2018-03-15 08:00:00,0.02,26.02,57.73,0.41
2018-03-15 09:00:00,0.02,28.26,48.74,0.5
2018-03-15 10:00:00,0.02,29.82,43.95,0.56
2018-03-15 11:00:00,0.02,30.43,42.56,0.61
2018-03-15 12:00:00,0.03,30.36,43.29,0.65
2018-03-15 13:00:00,0.04,29.88,45.26,0.67
2018-03-15 14:00:00,0.05,29.14,48.15,0.66
2018-03-15 15:00:00,0.07,28.25,51.62,0.62
2018-03-15 16:00:00,0.07,27.21,56.22,0.56
2018-03-15 17:00:00,0.08,25.9,64.29,0.43
2018-03-15 18:00:00,0.1,24.58,75.45,0.36
2018-03-15 19:00:00,0.09,23.85,81.42,0.36
2018-03-15 20:00:00,0.13,23.29,84.52,0.36
2018-03-15 21:00:00,0.16,22.77,87.04,0.34
2018-03-15 22:00:00,0.18,22.38,88.62,0.34
2018-03-15 23:00:00,0.17,22.11,88.98,0.31
2018-03-16 00:00:00,0.11,21.9,89.54,0.22
2018-03-16 01:00:00,0.05,21.65,91.13,0.1
2018-03-16 02:00:00,0.02,21.37,91.86,0.27
2018-03-16 03:00:00,0.01,20.99,93.14,0.39
2018-03-16 04:00:00,0.0,20.61,94.4,0.41
2018-03-16 05:00:00,0.0,20.3,95.11,0.36
2018-03-16 06:00:00,0.0,20.5,94.62,0.3
2018-03-16 07:00:00,0.0,21.62,90.04,0.31
2018-03-16 08:00:00,0.0,23.95,74.71,0.33
2018-03-16 09:00:00,0.0,27.29,55.36,0.35
2018-03-16 10:00:00,0.0,29.33,47.22,0.39
2018-03-16 11:00:00,0.0,30.59,43.2,0.45
2018-03-16 12:00:00,0.0,31.24,41.38,0.53
2018-03-16 13:00:00,0.01,31.15,41.74,0.63
2018-03-16 14:00:00,0.01,30.41,44.26,0.69
2018-03-16 15:00:00,0.01,29.34,48.37,0.7
2018-03-16 16:00:00,0.01,28.11,53.82,0.67
2018-03-16 17:00:00,0.01,26.62,61.6,0.57
2018-03-16 18:00:00,0.01,25.24,69.92,0.5
2018-03-16 19:00:00,0.02,24.29,76.82,0.43
2018-03-16 20:00:00,0.03,23.61,82.85,0.35
2018-03-16 21:00:00,0.03,23.14,87.37,0.28
2018-03-16 22:00:00,0.03,22.82,90.42,0.23
2018-03-16 23:00:00,0.03,22.56,92.6,0.25
2018-03-17 00:00:00,0.04,22.36,94.14,0.3
2018-03-17 01:00:00,0.04,22.23,95.14,0.33
2018-03-17 02:00:00,0.03,22.1,95.9,0.34
2018-03-17 03:00:00,0.03,21.98,96.61,0.35
2018-03-17 04:00:00,0.02,21.87,97.25,0.38
2018-03-17 05:00:00,0.02,21.75,97.89,0.4
2018-03-17 06:00:00,0.02,22.04,96.48,0.35
2018-03-17 07:00:00,0.02,23.64,88.59,0.21
2018-03-17 08:00:00,0.0,25.89,73.22,0.23
2018-03-17 09:00:00,0.0,28.02,59.6,0.26
2018-03-17 10:00:00,0.0,29.54,52.45,0.33
2018-03-17 11:00:00,0.0,30.42,48.78,0.39
2018-03-17 12:00:00,0.0,30.17,49.65,0.42
2018-03-17 13:00:00,0.0,29.53,52.11,0.41
2018-03-17 14:00:00,0.0,28.71,55.62,0.37
2018-03-17 15:00:00,0.01,27.77,60.16,0.27
2018-03-17 16:00:00,0.01,26.75,65.4,0.17
2018-03-17 17:00:00,0.01,25.69,72.16,0.08
2018-03-17 18:00:00,0.01,24.42,81.36,0.11
2018-03-17 19:00:00,0.02,23.62,83.06,0.14
2018-03-17 20:00:00,0.03,23.29,84.78,0.07
2018-03-17 21:00:00,0.06,22.79,87.67,0.09
2018-03-17 22:00:00,0.09,22.2,90.86,0.11
2018-03-17 23:00:00,0.08,21.75,92.99,0.13
2018-03-18 00:00:00,0.06,21.44,93.93,0.13
2018-03-18 01:00:00,0.05,21.15,94.54,0.08
2018-03-18 02:00:00,0.03,20.86,94.95,0.05
2018-03-18 03:00:00,0.02,20.5,95.58,0.04
2018-03-18 04:00:00,0.01,20.14,95.85,0.08
2018-03-18 05:00:00,0.0,19.85,95.77,0.11
2018-03-18 06:00:00,0.0,20.05,93.79,0.21
2018-03-18 07:00:00,0.0,22.07,83.02,0.24
2018-03-18 08:00:00,1.26,25.34,65.21,0.24
2018-03-18 09:00:00,1.01,27.91,54.25,0.16
2018-03-18 10:00:00,1.18,29.97,47.47,0.06
2018-03-18 11:00:00,1.66,31.18,44.12,0.09
2018-03-18 12:00:00,1.84,31.81,42.46,0.2
2018-03-18 13:00:00,1.94,31.84,42.69,0.31
2018-03-18 14:00:00,1.59,31.37,44.23,0.42
2018-03-18 15:00:00,1.12,30.31,48.31,0.5
2018-03-18 16:00:00,0.89,28.53,57.62,0.5
2018-03-18 17:00:00,0.66,26.56,74.8,0.45
2018-03-18 18:00:00,0.47,25.17,84.5,0.36
2018-03-18 19:00:00,0.36,24.27,89.44,0.26
2018-03-18 20:00:00,0.3,23.75,91.73,0.18
2018-03-18 21:00:00,0.19,23.15,93.84,0.09
2018-03-18 22:00:00,0.19,22.59,95.62,0.08
2018-03-18 23:00:00,0.15,22.24,96.64,0.08
2018-03-19 00:00:00,0.19,21.91,97.44,0.07
2018-03-19 01:00:00,0.22,21.63,97.59,0.12
2018-03-19 02:00:00,0.26,21.41,97.51,0.15
2018-03-19 03:00:00,0.25,21.16,97.98,0.14
2018-03-19 04:00:00,0.26,20.93,98.14,0.11
2018-03-19 05:00:00,0.26,20.74,98.54,0.14
2018-03-19 06:00:00,0.28,21.03,97.47,0.27
2018-03-19 07:00:00,0.21,21.98,93.98,0.34
2018-03-19 08:00:00,0.33,24.21,78.32,0.37
2018-03-19 09:00:00,0.33,27.34,60.02,0.31
2018-03-19 10:00:00,0.25,29.44,50.71,0.21
2018-03-19 11:00:00,0.19,30.87,44.55,0.11
2018-03-19 12:00:00,0.12,31.82,40.12,0.06
2018-03-19 13:00:00,0.08,32.3,37.43,0.1
2018-03-19 14:00:00,0.07,32.17,36.42,0.2
2018-03-19 15:00:00,0.03,31.15,38.36,0.33
2018-03-19 16:00:00,0.02,29.82,43.02,0.43
2018-03-19 17:00:00,0.0,28.26,54.37,0.39
2018-03-19 18:00:00,0.0,26.59,66.14,0.33
2018-03-19 19:00:00,0.0,25.34,68.98,0.48
2018-03-19 20:00:00,0.0,24.16,78.03,0.47
2018-03-19 21:00:00,0.02,23.24,83.44,0.41
2018-03-19 22:00:00,0.01,22.51,87.26,0.32
2018-03-19 23:00:00,0.02,22.03,88.85,0.26
2018-03-20 00:00:00,0.02,21.79,88.62,0.3
2018-03-20 01:00:00,0.01,21.56,87.79,0.37
2018-03-20 02:00:00,0.0,21.19,87.24,0.41
2018-03-20 03:00:00,0.0,20.64,87.69,0.43
2018-03-20 04:00:00,0.0,19.97,88.57,0.41
2018-03-20 05:00:00,0.0,19.33,89.14,0.36
2018-03-20 06:00:00,0.0,19.54,85.71,0.28
2018-03-20 07:00:00,0.0,21.88,70.48,0.35
2018-03-20 08:00:00,0.0,25.13,49.71,0.29
2018-03-20 09:00:00,0.0,28.25,31.0,0.24
2018-03-20 10:00:00,0.0,30.6,21.43,0.16
2018-03-20 11:00:00,0.0,32.27,17.75,0.07
2018-03-20 12:00:00,0.0,33.4,17.13,0.1
2018-03-20 13:00:00,0.0,33.89,17.94,0.23
2018-03-20 14:00:00,0.0,33.62,19.93,0.42
2018-03-20 15:00:00,0.0,32.61,23.35,0.59
2018-03-20 16:00:00,0.0,30.93,30.31,0.67
2018-03-20 17:00:00,0.0,28.25,44.95,0.64
2018-03-20 18:00:00,0.0,25.37,62.83,0.55
2018-03-20 19:00:00,0.0,23.91,73.76,0.45
2018-03-20 20:00:00,0.01,23.12,82.44,0.36
2018-03-20 21:00:00,0.01,22.72,88.54,0.3
2018-03-20 22:00:00,0.02,22.48,92.2,0.26
2018-03-20 23:00:00,0.02,22.34,93.68,0.19
2018-03-21 00:00:00,0.05,22.11,95.96,0.21
2018-03-21 01:00:00,0.09,21.92,97.68,0.32
2018-03-21 02:00:00,0.09,21.81,98.86,0.4
2018-03-21 03:00:00,0.1,21.69,99.76,0.45
2018-03-21 04:00:00,0.11,21.59,99.27,0.47
2018-03-21 05:00:00,0.11,21.49,99.26,0.49
2018-03-21 06:00:00,0.1,21.84,98.3,0.45
2018-03-21 07:00:00,0.08,23.0,94.87,0.28
2018-03-21 08:00:00,0.08,24.55,83.0,0.28
2018-03-21 09:00:00,0.03,27.5,61.33,0.27
2018-03-21 10:00:00,0.03,29.88,46.84,0.29
2018-03-21 11:00:00,0.04,31.47,39.65,0.37
2018-03-21 12:00:00,0.07,32.35,36.25,0.47
2018-03-21 13:00:00,0.1,32.52,35.29,0.56
2018-03-21 14:00:00,0.08,31.96,36.45,0.64
2018-03-21 15:00:00,0.1,30.96,39.7,0.71
2018-03-21 16:00:00,0.11,29.32,46.63,0.74
2018-03-21 17:00:00,0.12,27.22,57.74,0.65
2018-03-21 18:00:00,0.21,25.03,72.23,0.46
2018-03-21 19:00:00,0.28,23.47,85.08,0.43
2018-03-21 20:00:00,0.28,22.62,93.31,0.41
2018-03-21 21:00:00,0.3,22.4,95.55,0.39
2018-03-21 22:00:00,0.27,22.26,96.45,0.37
2018-03-21 23:00:00,0.25,22.13,97.04,0.32
2018-03-22 00:00:00,0.22,21.98,97.68,0.29
2018-03-22 01:00:00,0.19,21.85,97.88,0.28
2018-03-22 02:00:00,0.14,21.66,97.79,0.27
2018-03-22 03:00:00,0.11,21.47,98.36,0.26
2018-03-22 04:00:00,0.07,21.22,98.22,0.26
2018-03-22 05:00:00,0.05,20.94,98.27,0.26
2018-03-22 06:00:00,0.04,21.21,96.95,0.32
2018-03-22 07:00:00,0.03,22.25,91.43,0.42
2018-03-22 08:00:00,0.0,24.81,72.75,0.44
2018-03-22 09:00:00,0.0,27.98,54.92,0.45
2018-03-22 10:00:00,0.0,30.48,43.75,0.47
2018-03-22 11:00:00,0.0,32.13,37.51,0.49
2018-03-22 12:00:00,0.0,32.42,35.52,0.56
2018-03-22 13:00:00,0.0,32.25,35.77,0.65
2018-03-22 14:00:00,0.0,31.41,38.35,0.73
2018-03-22 15:00:00,0.0,30.09,43.01,0.76
2018-03-22 16:00:00,0.01,28.71,48.9,0.75
2018-03-22 17:00:00,0.01,27.12,56.72,0.64
2018-03-22 18:00:00,0.01,25.42,66.83,0.5
2018-03-22 19:00:00,0.01,24.13,76.05,0.47
2018-03-22 20:00:00,0.01,23.23,83.38,0.41
2018-03-22 21:00:00,0.01,22.71,88.1,0.34
2018-03-22 22:00:00,0.01,22.43,90.69,0.31
2018-03-22 23:00:00,0.02,22.28,91.86,0.31
2018-03-23 00:00:00,0.02,22.15,92.36,0.3
2018-03-23 01:00:00,0.02,21.99,92.1,0.31
2018-03-23 02:00:00,0.02,21.78,93.42,0.29
2018-03-23 03:00:00,0.02,21.62,93.72,0.28
2018-03-23 04:00:00,0.02,21.51,93.58,0.28
2018-03-23 05:00:00,0.02,21.44,93.46,0.28
2018-03-23 06:00:00,0.01,21.84,91.04,0.35
2018-03-23 07:00:00,0.01,23.35,81.41,0.5
2018-03-23 08:00:00,0.09,25.64,68.23,0.6
2018-03-23 09:00:00,0.07,28.02,56.82,0.64
2018-03-23 10:00:00,0.09,30.01,48.6,0.66
2018-03-23 11:00:00,0.11,31.29,43.65,0.67
2018-03-23 12:00:00,0.16,31.77,40.96,0.66
2018-03-23 13:00:00,0.23,31.69,40.58,0.66
2018-03-23 14:00:00,0.28,30.73,43.51,0.58
2018-03-23 15:00:00,0.24,29.52,48.17,0.51
2018-03-23 16:00:00,0.25,27.97,56.22,0.5
2018-03-23 17:00:00,0.21,26.05,69.62,0.44
2018-03-23 18:00:00,0.3,24.61,80.98,0.4
2018-03-23 19:00:00,0.35,23.9,86.96,0.38
2018-03-23 20:00:00,0.35,23.47,90.77,0.36
2018-03-23 21:00:00,0.28,23.1,93.85,0.36
2018-03-23 22:00:00,0.25,22.81,94.92,0.3
2018-03-23 23:00:00,0.29,22.52,95.96,0.31
2018-03-24 00:00:00,0.31,22.34,94.07,0.36
2018-03-24 01:00:00,0.32,22.0,96.33,0.39
2018-03-24 02:00:00,0.28,21.69,97.47,0.4
2018-03-24 03:00:00,0.14,21.53,98.0,0.48
2018-03-24 04:00:00,0.05,21.58,97.47,0.49
2018-03-24 05:00:00,0.02,21.5,97.2,0.41
2018-03-24 06:00:00,0.01,21.54,96.95,0.41
2018-03-24 07:00:00,0.0,22.49,92.94,0.39
2018-03-24 08:00:00,0.0,25.5,69.8,0.38
2018-03-24 09:00:00,0.0,29.45,44.85,0.33
2018-03-24 10:00:00,0.0,31.66,35.9,0.25
2018-03-24 11:00:00,0.0,33.04,32.3,0.17
2018-03-24 12:00:00,0.0,33.69,31.03,0.11
2018-03-24 13:00:00,0.0,33.91,30.79,0.1
2018-03-24 14:00:00,0.0,33.46,31.81,0.13
2018-03-24 15:00:00,0.0,32.54,34.37,0.2
2018-03-24 16:00:00,0.0,31.22,39.6,0.29
2018-03-24 17:00:00,0.0,29.31,52.65,0.36
2018-03-24 18:00:00,0.0,27.46,66.82,0.33
2018-03-24 19:00:00,0.0,26.26,71.0,0.32
2018-03-24 20:00:00,0.0,24.9,74.99,0.24
2018-03-24 21:00:00,0.0,23.89,75.58,0.17
2018-03-24 22:00:00,0.0,23.31,78.44,0.13
2018-03-24 23:00:00,0.0,22.76,81.05,0.11
2018-03-25 00:00:00,0.0,22.13,83.68,0.08
2018-03-25 01:00:00,0.0,21.46,85.93,0.05
2018-03-25 02:00:00,0.0,20.94,87.39,0.14
2018-03-25 03:00:00,0.0,20.66,86.5,0.25
2018-03-25 04:00:00,0.0,20.31,86.32,0.35
2018-03-25 05:00:00,0.0,19.7,87.76,0.4
2018-03-25 06:00:00,0.0,19.98,85.54,0.36
2018-03-25 07:00:00,0.0,22.93,68.21,0.4
2018-03-25 08:00:00,0.0,26.59,49.69,0.39
2018-03-25 09:00:00,0.0,29.42,38.97,0.39
2018-03-25 10:00:00,0.0,31.31,34.24,0.38
2018-03-25 11:00:00,0.0,32.8,31.03,0.33
2018-03-25 12:00:00,0.0,33.72,29.24,0.25
2018-03-25 13:00:00,0.0,34.03,28.83,0.16
2018-03-25 14:00:00,0.0,33.69,29.54,0.08
2018-03-25 15:00:00,0.0,32.76,31.65,0.16
2018-03-25 16:00:00,0.0,31.36,36.08,0.3
2018-03-25 17:00:00,0.0,29.28,49.8,0.43
2018-03-25 18:00:00,0.0,27.34,64.9,0.42
2018-03-25 19:00:00,0.0,26.19,68.22,0.63
2018-03-25 20:00:00,0.0,25.1,73.5,0.7
2018-03-25 21:00:00,0.0,24.47,75.64,0.66
2018-03-25 22:00:00,0.0,23.95,76.66,0.57
2018-03-25 23:00:00,0.0,23.45,78.46,0.4
2018-03-26 00:00:00,0.0,22.9,81.11,0.16
2018-03-26 01:00:00,0.0,22.11,85.08,0.36
2018-03-26 02:00:00,0.0,21.26,89.86,0.51
2018-03-26 03:00:00,0.0,20.73,93.92,0.55
2018-03-26 04:00:00,0.0,20.4,96.81,0.55
2018-03-26 05:00:00,0.0,20.04,98.23,0.53
2018-03-26 06:00:00,0.0,20.27,95.67,0.36
2018-03-26 07:00:00,0.0,23.18,77.12,0.19
2018-03-26 08:00:00,0.01,26.35,54.15,0.19
2018-03-26 09:00:00,0.01,29.08,36.96,0.2
2018-03-26 10:00:00,0.0,31.32,26.77,0.18
2018-03-26 11:00:00,0.0,33.0,21.48,0.12
2018-03-26 12:00:00,0.0,34.07,18.85,0.05
2018-03-26 13:00:00,0.0,34.52,17.99,0.06
2018-03-26 14:00:00,0.0,34.38,18.47,0.12
2018-03-26 15:00:00,0.0,33.72,20.23,0.23
2018-03-26 16:00:00,0.0,32.4,24.38,0.34
2018-03-26 17:00:00,0.0,29.74,41.05,0.38
2018-03-26 18:00:00,0.0,27.13,57.92,0.36
2018-03-26 19:00:00,0.0,25.99,59.77,0.55
2018-03-26 20:00:00,0.02,24.99,63.67,0.68
2018-03-26 21:00:00,0.04,24.14,67.95,0.75
2018-03-26 22:00:00,0.04,23.44,71.53,0.71
2018-03-26 23:00:00,0.06,22.86,75.04,0.58
2018-03-27 00:00:00,0.06,22.13,80.86,0.38
2018-03-27 01:00:00,0.05,21.36,87.65,0.27
2018-03-27 02:00:00,0.04,20.85,92.37,0.2
2018-03-27 03:00:00,0.06,20.57,95.01,0.12
2018-03-27 04:00:00,0.04,20.47,95.7,0.08
2018-03-27 05:00:00,0.04,20.32,95.84,0.25
2018-03-27 06:00:00,0.06,20.43,95.03,0.29
2018-03-27 07:00:00,0.08,22.24,85.05,0.06
2018-03-27 08:00:00,0.01,25.56,60.72,0.03
2018-03-27 09:00:00,0.01,28.95,42.3,0.04
2018-03-27 10:00:00,0.01,31.34,35.43,0.1
2018-03-27 11:00:00,0.01,33.02,32.19,0.2
2018-03-27 12:00:00,0.01,34.05,30.54,0.3
2018-03-27 13:00:00,0.01,34.37,30.4,0.41
2018-03-27 14:00:00,0.01,33.95,31.79,0.51
2018-03-27 15:00:00,0.01,32.91,34.72,0.62
2018-03-27 16:00:00,0.01,31.36,39.96,0.69
2018-03-27 17:00:00,0.02,29.15,50.28,0.66
2018-03-27 18:00:00,0.02,27.03,61.74,0.59
2018-03-27 19:00:00,0.03,25.61,71.39,0.49
2018-03-27 20:00:00,0.05,24.63,79.5,0.37
2018-03-27 21:00:00,0.06,23.95,86.21,0.29
2018-03-27 22:00:00,0.06,23.51,90.35,0.24
2018-03-27 23:00:00,0.07,23.19,93.08,0.22
2018-03-28 00:00:00,0.07,22.94,95.46,0.21
2018-03-28 01:00:00,0.07,22.67,97.6,0.21
2018-03-28 02:00:00,0.06,22.45,97.19,0.31
2018-03-28 03:00:00,0.05,22.36,95.81,0.41
2018-03-28 04:00:00,0.05,22.2,96.47,0.47
2018-03-28 05:00:00,0.05,22.0,97.33,0.5
2018-03-28 06:00:00,0.04,22.27,96.42,0.43
2018-03-28 07:00:00,0.04,23.54,90.21,0.36
2018-03-28 08:00:00,0.06,25.74,75.27,0.37
2018-03-28 09:00:00,0.05,27.96,61.92,0.37
2018-03-28 10:00:00,0.04,29.53,53.11,0.38
2018-03-28 11:00:00,0.04,30.62,47.8,0.43
2018-03-28 12:00:00,0.04,31.29,44.11,0.49
2018-03-28 13:00:00,0.03,31.43,42.92,0.57
2018-03-28 14:00:00,0.03,30.84,44.49,0.62
2018-03-28 15:00:00,0.01,30.11,46.83,0.61
2018-03-28 16:00:00,0.01,28.96,51.67,0.58
2018-03-28 17:00:00,0.01,27.34,60.45,0.48
2018-03-28 18:00:00,0.01,25.62,71.66,0.33
2018-03-28 19:00:00,0.01,24.62,79.2,0.28
2018-03-28 20:00:00,0.02,23.94,84.92,0.22
2018-03-28 21:00:00,0.03,23.41,89.8,0.19
2018-03-28 22:00:00,0.05,23.08,92.18,0.23
2018-03-28 23:00:00,0.07,22.83,94.12,0.24
2018-03-29 00:00:00,0.08,22.62,95.73,0.25
2018-03-29 01:00:00,0.1,22.46,96.98,0.24
2018-03-29 02:00:00,0.11,22.32,98.05,0.24
2018-03-29 03:00:00,0.11,22.24,98.54,0.26
2018-03-29 04:00:00,0.11,22.2,98.65,0.27
2018-03-29 05:00:00,0.09,22.13,98.87,0.27
2018-03-29 06:00:00,0.06,22.46,97.99,0.33
2018-03-29 07:00:00,0.04,23.33,95.13,0.39
2018-03-29 08:00:00,0.0,24.74,84.02,0.42
2018-03-29 09:00:00,0.0,26.8,69.52,0.4
2018-03-29 10:00:00,0.0,28.0,61.88,0.41
2018-03-29 11:00:00,0.0,28.67,57.67,0.43
2018-03-29 12:00:00,0.0,29.11,54.73,0.47
2018-03-29 13:00:00,0.0,29.18,53.58,0.5
2018-03-29 14:00:00,0.0,28.95,53.82,0.51
2018-03-29 15:00:00,0.0,28.43,55.91,0.54
2018-03-29 16:00:00,0.0,27.52,60.6,0.55
2018-03-29 17:00:00,0.0,26.18,68.72,0.44
2018-03-29 18:00:00,0.0,24.75,78.83,0.36
2018-03-29 19:00:00,0.0,23.83,86.39,0.33
2018-03-29 20:00:00,0.0,23.34,91.08,0.3
2018-03-29 21:00:00,0.0,23.18,92.81,0.28
2018-03-29 22:00:00,0.0,23.08,93.64,0.25
2018-03-29 23:00:00,0.0,22.97,94.48,0.23
2018-03-30 00:00:00,0.0,22.85,95.26,0.22
2018-03-30 01:00:00,0.0,22.75,95.89,0.24
2018-03-30 02:00:00,0.0,22.66,96.22,0.26
2018-03-30 03:00:00,0.0,22.58,96.01,0.27
2018-03-30 04:00:00,0.0,22.46,96.96,0.26
2018-03-30 05:00:00,0.0,22.37,97.66,0.26
2018-03-30 06:00:00,0.0,22.56,96.8,0.29
2018-03-30 07:00:00,0.0,23.43,91.02,0.42
2018-03-30 08:00:00,0.16,24.33,83.33,0.5
2018-03-30 09:00:00,0.11,25.06,78.48,0.5
2018-03-30 10:00:00,0.06,26.1,72.1,0.52
2018-03-30 11:00:00,0.03,27.1,66.57,0.54
2018-03-30 12:00:00,0.03,27.75,62.84,0.54
2018-03-30 13:00:00,0.02,28.0,60.9,0.53
2018-03-30 14:00:00,0.03,28.02,60.21,0.53
2018-03-30 15:00:00,0.01,27.86,60.36,0.52
2018-03-30 16:00:00,0.02,27.3,62.63,0.48
2018-03-30 17:00:00,0.03,26.07,70.02,0.36
2018-03-30 18:00:00,0.02,24.5,80.16,0.29
2018-03-30 19:00:00,0.03,23.54,85.95,0.28
2018-03-30 20:00:00,0.03,22.87,90.13,0.31
2018-03-30 21:00:00,0.04,22.31,93.93,0.31
2018-03-30 22:00:00,0.04,21.99,96.17,0.26
2018-03-30 23:00:00,0.05,21.88,97.04,0.24
2018-03-31 00:00:00,0.05,21.8,97.6,0.24
2018-03-31 01:00:00,0.06,21.73,97.78,0.24
2018-03-31 02:00:00,0.07,21.73,97.51,0.25
2018-03-31 03:00:00,0.08,21.77,97.72,0.26
2018-03-31 04:00:00,0.12,21.81,97.87,0.26
2018-03-31 05:00:00,0.12,21.82,98.08,0.26
2018-03-31 06:00:00,0.14,22.1,97.49,0.3
2018-03-31 07:00:00,0.18,22.8,95.51,0.43
2018-03-31 08:00:00,0.01,23.71,88.61,0.5
2018-03-31 09:00:00,0.01,25.68,72.77,0.48
2018-03-31 10:00:00,0.01,27.85,60.12,0.48
2018-03-31 11:00:00,0.01,29.81,50.89,0.54
2018-03-31 12:00:00,0.01,31.05,45.45,0.63
2018-03-31 13:00:00,0.02,31.39,43.54,0.71
2018-03-31 14:00:00,0.02,31.02,44.17,0.73
2018-03-31 15:00:00,0.02,30.18,46.61,0.69
2018-03-31 16:00:00,0.02,29.15,50.53,0.64
2018-03-31 17:00:00,0.02,27.68,57.44,0.53
2018-03-31 18:00:00,0.04,25.94,67.41,0.42
2018-03-31 19:00:00,0.05,24.8,74.97,0.38
2018-03-31 20:00:00,0.06,23.97,81.6,0.31
2018-03-31 21:00:00,0.08,23.38,86.96,0.23
2018-03-31 22:00:00,0.09,22.94,89.65,0.19
2018-03-31 23:00:00,0.08,22.53,92.0,0.12
2018-04-01 00:00:00,0.07,22.23,93.68,0.09
2018-04-01 01:00:00,0.07,22.05,94.42,0.11
2018-04-01 02:00:00,0.05,21.91,94.76,0.14
2018-04-01 03:00:00,0.06,21.86,94.99,0.17
2018-04-01 04:00:00,0.05,21.87,95.47,0.16
2018-04-01 05:00:00,0.02,21.9,98.16,0.11
2018-04-01 06:00:00,0.02,22.21,94.54,0.14
2018-04-01 07:00:00,0.03,23.01,90.18,0.13
2018-04-01 08:00:00,0.32,24.47,80.29,0.12
2018-04-01 09:00:00,0.17,26.74,61.59,0.09
2018-04-01 10:00:00,0.13,28.74,48.72,0.11
2018-04-01 11:00:00,0.07,30.53,41.21,0.14
2018-04-01 12:00:00,0.06,31.86,36.91,0.19
2018-04-01 13:00:00,0.06,32.75,34.14,0.24
2018-04-01 14:00:00,0.05,32.84,33.26,0.31
2018-04-01 15:00:00,0.04,32.2,34.38,0.33
2018-04-01 16:00:00,0.02,30.87,39.85,0.35
2018-04-01 17:00:00,0.02,29.29,52.61,0.28
2018-04-01 18:00:00,0.04,27.84,59.71,0.26
2018-04-01 19:00:00,0.07,26.29,68.48,0.31
2018-04-01 20:00:00,0.13,24.98,75.84,0.24
2018-04-01 21:00:00,0.17,24.1,82.29,0.23
2018-04-01 22:00:00,0.15,23.51,85.72,0.25
2018-04-01 23:00:00,0.16,22.97,88.15,0.25
2018-04-02 00:00:00,0.15,22.5,90.43,0.28
2018-04-02 01:00:00,0.15,22.08,93.93,0.3
2018-04-02 02:00:00,0.13,21.86,93.44,0.31
2018-04-02 03:00:00,0.15,21.79,93.62,0.27
2018-04-02 04:00:00,0.16,21.59,94.3,0.36
2018-04-02 05:00:00,0.2,21.19,96.02,0.45
2018-04-02 06:00:00,0.24,21.27,96.56,0.34
2018-04-02 07:00:00,0.25,22.44,92.37,0.24
2018-04-02 08:00:00,0.01,24.4,79.28,0.23
2018-04-02 09:00:00,0.0,27.43,59.05,0.21
2018-04-02 10:00:00,0.0,29.69,46.84,0.15
2018-04-02 11:00:00,0.0,31.1,40.02,0.12
2018-04-02 12:00:00,0.0,32.02,35.8,0.19
2018-04-02 13:00:00,0.0,32.59,33.22,0.26
2018-04-02 14:00:00,0.0,32.62,32.3,0.35
2018-04-02 15:00:00,0.0,32.11,33.14,0.44
2018-04-02 16:00:00,0.0,30.89,37.38,0.53
2018-04-02 17:00:00,0.0,28.84,48.8,0.57
2018-04-02 18:00:00,0.0,26.46,62.91,0.49
2018-04-02 19:00:00,0.0,25.12,70.22,0.35
2018-04-02 20:00:00,0.01,24.27,77.1,0.23
2018-04-02 21:00:00,0.01,23.63,82.87,0.18
2018-04-02 22:00:00,0.01,23.13,86.23,0.17
2018-04-02 23:00:00,0.01,22.7,88.25,0.18
2018-04-03 00:00:00,0.02,22.22,90.07,0.18
2018-04-03 01:00:00,0.02,21.75,92.51,0.22
2018-04-03 02:00:00,0.02,21.46,93.95,0.28
2018-04-03 03:00:00,0.02,21.39,94.22,0.33
2018-04-03 04:00:00,0.02,21.39,94.07,0.36
2018-04-03 05:00:00,0.03,21.4,93.73,0.33
2018-04-03 06:00:00,0.03,21.76,92.32,0.25
2018-04-03 07:00:00,0.07,23.39,82.93,0.2
2018-04-03 08:00:00,0.0,25.95,66.86,0.25
2018-04-03 09:00:00,0.0,28.34,55.02,0.31
2018-04-03 10:00:00,0.0,30.12,47.41,0.36
2018-04-03 11:00:00,0.0,31.67,41.18,0.38
2018-04-03 12:00:00,0.0,32.39,37.51,0.4
2018-04-03 13:00:00,0.0,32.65,35.61,0.4
2018-04-03 14:00:00,0.0,32.5,34.95,0.4
2018-04-03 15:00:00,0.0,31.9,35.83,0.42
2018-04-03 16:00:00,0.0,30.91,39.09,0.43
2018-04-03 17:00:00,0.0,29.34,48.35,0.49
2018-04-03 18:00:00,0.0,27.2,64.45,0.6
2018-04-03 19:00:00,0.0,25.64,72.29,0.56
2018-04-03 20:00:00,0.0,24.67,75.77,0.33
2018-04-03 21:00:00,0.0,24.03,79.71,0.2
2018-04-03 22:00:00,0.0,23.42,85.29,0.13
2018-04-03 23:00:00,0.0,22.9,90.16,0.09
2018-04-04 00:00:00,0.0,22.4,90.27,0.17
2018-04-04 01:00:00,0.0,21.91,93.71,0.3
2018-04-04 02:00:00,0.0,21.68,95.68,0.35
2018-04-04 03:00:00,0.0,21.69,96.06,0.38
2018-04-04 04:00:00,0.0,21.73,95.8,0.4
2018-04-04 05:00:00,0.0,21.61,95.77,0.39
2018-04-04 06:00:00,0.0,21.71,94.35,0.3
2018-04-04 07:00:00,0.0,23.1,85.26,0.2
2018-04-04 08:00:00,0.0,25.05,72.62,0.18
2018-04-04 09:00:00,0.0,27.45,57.23,0.19
2018-04-04 10:00:00,0.0,30.06,44.11,0.15
2018-04-04 11:00:00,0.0,32.18,36.23,0.08
2018-04-04 12:00:00,0.0,33.36,32.25,0.13
2018-04-04 13:00:00,0.0,33.83,30.17,0.25
2018-04-04 14:00:00,0.0,33.52,29.76,0.35
2018-04-04 15:00:00,0.0,32.77,30.82,0.44
2018-04-04 16:00:00,0.0,31.45,34.94,0.52
2018-04-04 17:00:00,0.0,29.57,46.57,0.57
2018-04-04 18:00:00,0.0,27.3,62.65,0.68
2018-04-04 19:00:00,0.0,25.3,71.99,0.52
2018-04-04 20:00:00,0.0,24.28,76.48,0.34
2018-04-04 21:00:00,0.0,23.5,83.76,0.23
2018-04-04 22:00:00,0.0,22.98,88.26,0.21
2018-04-04 23:00:00,0.0,22.7,90.1,0.23
2018-04-05 00:00:00,0.0,22.48,93.5,0.22
2018-04-05 01:00:00,0.0,22.43,94.08,0.22
2018-04-05 02:00:00,0.0,22.43,94.04,0.21
2018-04-05 03:00:00,0.0,22.45,93.49,0.05
2018-04-05 04:00:00,0.0,22.3,93.75,0.13
2018-04-05 05:00:00,0.0,22.01,94.6,0.25
2018-04-05 06:00:00,0.0,22.11,93.6,0.16
2018-04-05 07:00:00,0.0,24.07,80.98,0.06
2018-04-05 08:00:00,0.0,26.16,66.98,0.15
2018-04-05 09:00:00,0.0,27.96,54.87,0.15
2018-04-05 10:00:00,0.0,29.45,45.22,0.1
2018-04-05 11:00:00,0.0,30.6,38.87,0.07
2018-04-05 12:00:00,0.0,31.28,35.09,0.11
2018-04-05 13:00:00,0.0,31.85,32.5,0.2
2018-04-05 14:00:00,0.0,32.62,30.23,0.27
2018-04-05 15:00:00,0.0,32.68,30.0,0.33
2018-04-05 16:00:00,0.0,31.71,32.92,0.38
2018-04-05 17:00:00,0.0,29.83,45.13,0.49
2018-04-05 18:00:00,0.0,27.23,62.02,0.65
2018-04-05 19:00:00,0.0,25.31,71.67,0.62
2018-04-05 20:00:00,0.0,24.15,78.75,0.49
2018-04-05 21:00:00,0.0,23.72,80.96,0.38
2018-04-05 22:00:00,0.0,23.4,83.58,0.32
2018-04-05 23:00:00,0.0,23.02,87.0,0.35
2018-04-06 00:00:00,0.0,22.65,90.96,0.36
2018-04-06 01:00:00,0.0,22.58,92.52,0.29
2018-04-06 02:00:00,0.0,22.5,93.02,0.27
2018-04-06 03:00:00,0.0,22.47,92.8,0.29
2018-04-06 04:00:00,0.0,22.28,93.71,0.41
2018-04-06 05:00:00,0.0,22.07,94.83,0.43
2018-04-06 06:00:00,0.0,22.36,93.35,0.37
2018-04-06 07:00:00,0.0,23.99,82.64,0.19
2018-04-06 08:00:00,0.0,25.84,70.6,0.14
2018-04-06 09:00:00,0.0,27.53,59.71,0.09
2018-04-06 10:00:00,0.0,28.82,51.06,0.06
2018-04-06 11:00:00,0.0,29.75,45.0,0.03
2018-04-06 12:00:00,0.0,30.63,39.96,0.06
2018-04-06 13:00:00,0.0,31.19,36.39,0.17
2018-04-06 14:00:00,0.0,31.8,33.76,0.3
2018-04-06 15:00:00,0.0,32.16,32.16,0.38
2018-04-06 16:00:00,0.0,31.41,33.47,0.44
2018-04-06 17:00:00,0.0,29.39,44.64,0.54
2018-04-06 18:00:00,0.0,26.29,62.71,0.57
2018-04-06 19:00:00,0.0,24.61,73.58,0.62
2018-04-06 20:00:00,0.0,24.09,76.07,0.65
2018-04-06 21:00:00,0.0,23.68,76.85,0.54
2018-04-06 22:00:00,0.0,23.04,80.6,0.46
2018-04-06 23:00:00,0.0,22.47,84.1,0.39
2018-04-07 00:00:00,0.0,22.06,86.83,0.32
2018-04-07 01:00:00,0.0,21.72,89.0,0.25
2018-04-07 02:00:00,0.0,21.26,91.76,0.23
2018-04-07 03:00:00,0.0,20.84,94.0,0.27
2018-04-07 04:00:00,0.0,20.56,95.02,0.29
2018-04-07 05:00:00,0.0,20.4,95.42,0.32
2018-04-07 06:00:00,0.0,20.86,92.64,0.28
2018-04-07 07:00:00,0.0,23.6,77.75,0.24
2018-04-07 08:00:00,0.03,26.74,60.65,0.31
2018-04-07 09:00:00,0.01,29.3,47.2,0.31
2018-04-07 10:00:00,0.01,31.3,38.06,0.28
2018-04-07 11:00:00,0.01,32.98,31.52,0.22
2018-04-07 12:00:00,0.01,34.19,27.42,0.16
2018-04-07 13:00:00,0.01,34.9,25.11,0.13
2018-04-07 14:00:00,0.01,34.98,24.35,0.2
2018-04-07 15:00:00,0.01,34.43,25.04,0.31
2018-04-07 16:00:00,0.01,33.11,28.4,0.45
2018-04-07 17:00:00,0.01,30.86,40.61,0.53
2018-04-07 18:00:00,0.01,28.7,55.03,0.56
2018-04-07 19:00:00,0.05,26.68,67.29,0.54
2018-04-07 20:00:00,0.13,25.36,70.6,0.39
2018-04-07 21:00:00,0.18,24.41,78.26,0.32
2018-04-07 22:00:00,0.2,23.71,85.07,0.28
2018-04-07 23:00:00,0.19,23.2,90.25,0.26
2018-04-08 00:00:00,0.17,22.85,93.12,0.26
2018-04-08 01:00:00,0.17,22.64,94.67,0.27
2018-04-08 02:00:00,0.19,22.47,95.67,0.24
2018-04-08 03:00:00,0.21,22.41,95.81,0.25
2018-04-08 04:00:00,0.18,22.38,95.87,0.25
2018-04-08 05:00:00,0.14,22.11,96.3,0.23
2018-04-08 06:00:00,0.1,22.1,95.99,0.19
2018-04-08 07:00:00,0.11,22.89,93.14,0.2
2018-04-08 08:00:00,0.01,24.3,82.32,0.27
2018-04-08 09:00:00,0.0,26.7,63.58,0.28
2018-04-08 10:00:00,0.0,28.44,51.16,0.25
2018-04-08 11:00:00,0.0,29.85,43.13,0.18
2018-04-08 12:00:00,0.0,31.07,37.89,0.11
2018-04-08 13:00:00,0.0,31.96,34.74,0.13
2018-04-08 14:00:00,0.0,32.16,33.55,0.18
2018-04-08 15:00:00,0.0,31.28,35.52,0.25
2018-04-08 16:00:00,0.0,30.05,41.06,0.3
2018-04-08 17:00:00,0.0,28.42,53.99,0.29
2018-04-08 18:00:00,0.01,26.64,68.51,0.25
2018-04-08 19:00:00,0.01,25.44,73.36,0.24
2018-04-08 20:00:00,0.02,24.63,74.77,0.19
2018-04-08 21:00:00,0.02,24.03,78.51,0.18
2018-04-08 22:00:00,0.03,23.44,82.15,0.2
2018-04-08 23:00:00,0.03,22.81,86.04,0.21
2018-04-09 00:00:00,0.03,22.31,88.9,0.24
2018-04-09 01:00:00,0.02,21.93,90.31,0.3
2018-04-09 02:00:00,0.02,21.59,91.79,0.3
2018-04-09 03:00:00,0.02,21.19,93.74,0.24
2018-04-09 04:00:00,0.01,20.95,94.89,0.17
2018-04-09 05:00:00,0.01,20.83,95.25,0.09
2018-04-09 06:00:00,0.01,21.27,93.52,0.17
2018-04-09 07:00:00,0.01,22.45,87.04,0.19
2018-04-09 08:00:00,0.87,24.35,73.89,0.26
2018-04-09 09:00:00,0.48,25.99,61.56,0.31
2018-04-09 10:00:00,0.27,27.39,53.02,0.32
2018-04-09 11:00:00,0.17,28.67,46.88,0.3
2018-04-09 12:00:00,0.09,29.81,42.3,0.26
2018-04-09 13:00:00,0.07,30.6,39.31,0.18
2018-04-09 14:00:00,0.06,31.0,37.9,0.09
2018-04-09 15:00:00,0.04,31.04,37.44,0.1
2018-04-09 16:00:00,0.02,30.39,39.26,0.21
2018-04-09 17:00:00,0.02,28.58,49.62,0.36
2018-04-09 18:00:00,0.03,26.33,67.24,0.45
2018-04-09 19:00:00,0.08,25.02,74.06,0.56
2018-04-09 20:00:00,0.11,23.98,80.39,0.48
2018-04-09 21:00:00,0.16,23.16,85.13,0.38
2018-04-09 22:00:00,0.22,22.48,88.94,0.33
2018-04-09 23:00:00,0.21,21.97,91.83,0.31
2018-04-10 00:00:00,0.26,21.67,93.25,0.34
2018-04-10 01:00:00,0.3,21.51,93.87,0.32
2018-04-10 02:00:00,0.33,21.33,94.87,0.24
2018-04-10 03:00:00,0.34,21.13,95.8,0.18
2018-04-10 04:00:00,0.28,20.92,96.54,0.16
2018-04-10 05:00:00,0.22,20.7,97.05,0.13
2018-04-10 06:00:00,0.13,21.12,95.98,0.21
2018-04-10 07:00:00,0.08,22.38,90.7,0.25
2018-04-10 08:00:00,0.01,25.03,71.85,0.31
2018-04-10 09:00:00,0.01,27.84,53.67,0.32
2018-04-10 10:00:00,0.03,29.76,44.65,0.28
2018-04-10 11:00:00,0.08,31.18,39.99,0.21
2018-04-10 12:00:00,0.17,32.2,37.27,0.14
2018-04-10 13:00:00,0.23,32.67,36.11,0.09
2018-04-10 14:00:00,0.27,32.47,36.79,0.1
2018-04-10 15:00:00,0.3,31.51,39.91,0.17
2018-04-10 16:00:00,0.33,29.87,47.09,0.3
2018-04-10 17:00:00,0.37,27.7,64.3,0.37
2018-04-10 18:00:00,0.49,25.77,79.4,0.38
2018-04-10 19:00:00,0.56,24.67,85.84,0.35
2018-04-10 20:00:00,0.51,23.98,90.47,0.29
2018-04-10 21:00:00,0.45,23.39,93.64,0.26
2018-04-10 22:00:00,0.38,22.91,95.82,0.24
2018-04-10 23:00:00,0.32,22.58,97.33,0.23
2018-04-11 00:00:00,0.36,22.43,97.99,0.26
2018-04-11 01:00:00,0.51,22.4,97.94,0.31
2018-04-11 02:00:00,0.57,22.46,97.51,0.34
2018-04-11 03:00:00,0.51,22.5,97.06,0.29
2018-04-11 04:00:00,0.41,22.44,96.87,0.2
2018-04-11 05:00:00,0.35,22.22,97.04,0.21
2018-04-11 06:00:00,0.27,22.14,97.25,0.19
2018-04-11 07:00:00,0.24,22.68,96.31,0.09
2018-04-11 08:00:00,0.12,23.38,93.27,0.12
2018-04-11 09:00:00,0.12,24.71,82.01,0.16
2018-04-11 10:00:00,0.1,26.75,65.74,0.17
2018-04-11 11:00:00,0.09,28.2,57.2,0.14
2018-04-11 12:00:00,0.09,29.16,52.22,0.09
2018-04-11 13:00:00,0.08,29.62,49.52,0.04
2018-04-11 14:00:00,0.06,29.58,48.82,0.11
2018-04-11 15:00:00,0.04,29.36,49.06,0.23
2018-04-11 16:00:00,0.03,28.74,52.68,0.35
2018-04-11 17:00:00,0.05,27.39,63.9,0.46
2018-04-11 18:00:00,0.05,25.83,74.51,0.46
2018-04-11 19:00:00,0.04,24.5,82.24,0.38
2018-04-11 20:00:00,0.06,23.74,88.14,0.32
2018-04-11 21:00:00,0.09,23.31,91.73,0.28
2018-04-11 22:00:00,0.17,22.97,94.29,0.23
2018-04-11 23:00:00,0.17,22.71,96.48,0.18
2018-04-12 00:00:00,0.18,22.53,97.5,0.14
2018-04-12 01:00:00,0.14,22.36,98.06,0.11
2018-04-12 02:00:00,0.14,22.28,97.99,0.16
2018-04-12 03:00:00,0.16,22.31,97.15,0.18
2018-04-12 04:00:00,0.13,22.36,96.26,0.11
2018-04-12 05:00:00,0.13,22.28,96.23,0.22
2018-04-12 06:00:00,0.16,22.31,96.61,0.32
2018-04-12 07:00:00,0.14,23.05,95.0,0.22
2018-04-12 08:00:00,0.15,23.98,90.41,0.21
2018-04-12 09:00:00,0.12,25.74,76.61,0.18
2018-04-12 10:00:00,0.1,27.51,63.25,0.16
2018-04-12 11:00:00,0.08,28.75,55.15,0.12
2018-04-12 12:00:00,0.08,29.6,49.91,0.07
2018-04-12 13:00:00,0.09,29.98,47.57,0.01
2018-04-12 14:00:00,0.08,29.9,47.47,0.11
2018-04-12 15:00:00,0.07,29.57,48.47,0.21
2018-04-12 16:00:00,0.06,28.78,52.74,0.29
2018-04-12 17:00:00,0.04,27.28,67.66,0.3
2018-04-12 18:00:00,0.06,25.74,74.14,0.47
2018-04-12 19:00:00,0.09,24.42,83.68,0.4
2018-04-12 20:00:00,0.11,23.65,88.46,0.24
2018-04-12 21:00:00,0.18,23.22,91.14,0.17
2018-04-12 22:00:00,0.22,22.87,93.63,0.15
2018-04-12 23:00:00,0.22,22.63,95.43,0.13
2018-04-13 00:00:00,0.17,22.5,96.44,0.12
2018-04-13 01:00:00,0.15,22.42,96.72,0.11
2018-04-13 02:00:00,0.1,22.37,96.7,0.11
2018-04-13 03:00:00,0.07,22.31,96.89,0.12
2018-04-13 04:00:00,0.05,22.21,97.04,0.15
2018-04-13 05:00:00,0.04,22.1,97.64,0.17
2018-04-13 06:00:00,0.02,22.24,96.63,0.27
2018-04-13 07:00:00,0.01,22.92,92.92,0.38
2018-04-13 08:00:00,0.1,24.46,80.43,0.5
2018-04-13 09:00:00,0.07,26.36,65.23,0.61
2018-04-13 10:00:00,0.06,28.06,55.08,0.6
2018-04-13 11:00:00,0.09,29.48,48.38,0.44
2018-04-13 12:00:00,0.16,30.42,44.63,0.34
2018-04-13 13:00:00,0.7,30.12,45.31,0.4
2018-04-13 14:00:00,0.91,29.22,48.86,0.5
2018-04-13 15:00:00,1.09,28.21,53.83,0.52
2018-04-13 16:00:00,1.11,26.95,61.55,0.49
2018-04-13 17:00:00,0.96,25.47,73.79,0.41
2018-04-13 18:00:00,0.66,24.07,85.67,0.31
2018-04-13 19:00:00,0.69,23.38,90.43,0.3
2018-04-13 20:00:00,0.96,23.14,89.73,0.25
2018-04-13 21:00:00,1.15,22.82,90.46,0.13
2018-04-13 22:00:00,0.94,22.26,93.53,0.23
2018-04-13 23:00:00,0.64,21.76,95.31,0.19
2018-04-14 00:00:00,0.78,21.36,96.26,0.17
2018-04-14 01:00:00,1.09,21.0,96.45,0.18
2018-04-14 02:00:00,1.01,20.73,96.09,0.25
2018-04-14 03:00:00,0.86,20.55,95.69,0.33
2018-04-14 04:00:00,0.48,20.41,95.5,0.39
2018-04-14 05:00:00,0.34,20.2,95.99,0.42
2018-04-14 06:00:00,0.26,20.79,96.02,0.31
2018-04-14 07:00:00,0.34,22.54,91.25,0.19
2018-04-14 08:00:00,0.06,25.72,71.18,0.17
2018-04-14 09:00:00,0.11,28.95,54.24,0.13
2018-04-14 10:00:00,0.18,30.95,46.15,0.09
2018-04-14 11:00:00,0.32,32.25,41.61,0.14
2018-04-14 12:00:00,0.47,32.93,39.53,0.25
2018-04-14 13:00:00,0.59,32.59,40.27,0.39
2018-04-14 14:00:00,0.56,31.5,43.94,0.52
2018-04-14 15:00:00,0.49,30.21,49.3,0.57
2018-04-14 16:00:00,0.45,28.68,56.73,0.57
2018-04-14 17:00:00,0.42,26.69,68.28,0.49
2018-04-14 18:00:00,0.47,24.78,82.54,0.38
2018-04-14 19:00:00,0.46,23.81,89.96,0.35
2018-04-14 20:00:00,0.46,23.29,93.33,0.32
2018-04-14 21:00:00,0.48,22.96,95.16,0.29
2018-04-14 22:00:00,0.38,22.67,96.48,0.25
2018-04-14 23:00:00,0.37,22.39,97.38,0.2
2018-04-15 00:00:00,0.38,22.19,97.57,0.25
2018-04-15 01:00:00,0.36,22.06,97.28,0.29
2018-04-15 02:00:00,0.4,21.88,97.31,0.28
2018-04-15 03:00:00,0.45,21.66,97.62,0.28
2018-04-15 04:00:00,0.55,21.4,98.08,0.25
2018-04-15 05:00:00,0.6,21.22,98.31,0.23
2018-04-15 06:00:00,0.68,21.76,97.1,0.24
2018-04-15 07:00:00,0.7,23.0,93.04,0.27
2018-04-15 08:00:00,0.07,25.05,80.0,0.32
2018-04-15 09:00:00,0.08,27.2,67.26,0.35
2018-04-15 10:00:00,0.09,27.95,64.2,0.35
2018-04-15 11:00:00,0.09,28.1,64.4,0.38
2018-04-15 12:00:00,0.07,28.14,64.26,0.41
2018-04-15 13:00:00,0.06,27.89,64.67,0.46
2018-04-15 14:00:00,0.06,27.5,65.77,0.47
2018-04-15 15:00:00,0.07,27.08,67.45,0.44
2018-04-15 16:00:00,0.06,26.42,70.92,0.4
2018-04-15 17:00:00,0.07,25.41,78.73,0.35
2018-04-15 18:00:00,0.08,24.47,84.96,0.32
2018-04-15 19:00:00,0.07,23.91,88.77,0.25
2018-04-15 20:00:00,0.07,23.49,90.76,0.11
2018-04-15 21:00:00,0.06,23.22,91.67,0.13
2018-04-15 22:00:00,0.06,22.98,93.06,0.22
2018-04-15 23:00:00,0.06,22.85,93.71,0.23
2018-04-16 00:00:00,0.06,22.7,94.34,0.18
2018-04-16 01:00:00,0.05,22.51,94.81,0.06
2018-04-16 02:00:00,0.04,22.3,95.17,0.11
2018-04-16 03:00:00,0.04,22.14,95.34,0.13
2018-04-16 04:00:00,0.03,21.96,95.71,0.2
2018-04-16 05:00:00,0.02,21.79,95.94,0.25
2018-04-16 06:00:00,0.01,22.08,95.32,0.26
2018-04-16 07:00:00,0.01,23.32,91.47,0.12
2018-04-16 08:00:00,0.15,25.88,73.16,0.16
2018-04-16 09:00:00,0.06,28.63,57.04,0.17
2018-04-16 10:00:00,0.07,30.76,47.84,0.2
2018-04-16 11:00:00,0.09,32.28,42.19,0.24
2018-04-16 12:00:00,0.21,33.11,39.63,0.29
2018-04-16 13:00:00,0.39,32.95,40.44,0.36
2018-04-16 14:00:00,0.55,32.31,43.26,0.41
2018-04-16 15:00:00,0.57,31.24,47.51,0.4
2018-04-16 16:00:00,0.49,29.57,55.56,0.38
2018-04-16 17:00:00,0.45,27.54,68.75,0.34
2018-04-16 18:00:00,0.39,25.66,82.66,0.29
2018-04-16 19:00:00,0.3,24.72,88.58,0.28
2018-04-16 20:00:00,0.29,24.13,91.25,0.25
2018-04-16 21:00:00,0.23,23.68,92.6,0.22
2018-04-16 22:00:00,0.18,23.27,94.25,0.21
2018-04-16 23:00:00,0.12,22.82,96.01,0.19
2018-04-17 00:00:00,0.12,22.43,97.04,0.24
2018-04-17 01:00:00,0.11,22.15,97.54,0.34
2018-04-17 02:00:00,0.11,21.95,98.08,0.36
2018-04-17 03:00:00,0.13,21.78,98.44,0.35
2018-04-17 04:00:00,0.1,21.72,98.12,0.35
2018-04-17 05:00:00,0.09,21.62,97.88,0.36
2018-04-17 06:00:00,0.09,22.03,96.75,0.26
2018-04-17 07:00:00,0.08,23.44,90.58,0.17
2018-04-17 08:00:00,0.01,26.25,71.28,0.22
2018-04-17 09:00:00,0.01,28.92,57.02,0.2
2018-04-17 10:00:00,0.01,30.65,49.98,0.15
2018-04-17 11:00:00,0.01,31.79,45.89,0.06
2018-04-17 12:00:00,0.02,32.41,43.62,0.11
2018-04-17 13:00:00,0.02,32.47,42.89,0.25
2018-04-17 14:00:00,0.02,32.04,43.61,0.39
2018-04-17 15:00:00,0.02,31.24,45.65,0.47
2018-04-17 16:00:00,0.02,30.09,51.24,0.51
2018-04-17 17:00:00,0.02,28.52,61.83,0.5
2018-04-17 18:00:00,0.02,26.45,75.16,0.52
2018-04-17 19:00:00,0.03,24.95,81.48,0.45
2018-04-17 20:00:00,0.03,24.1,87.54,0.27
2018-04-17 21:00:00,0.04,23.46,91.89,0.27
2018-04-17 22:00:00,0.1,22.94,95.35,0.29
2018-04-17 23:00:00,0.12,22.65,97.65,0.31
2018-04-18 00:00:00,0.13,22.53,98.67,0.31
2018-04-18 01:00:00,0.15,22.47,99.13,0.37
2018-04-18 02:00:00,0.16,22.46,99.3,0.43
2018-04-18 03:00:00,0.18,22.39,99.57,0.44
2018-04-18 04:00:00,0.18,22.34,99.91,0.41
2018-04-18 05:00:00,0.17,22.37,99.8,0.44
2018-04-18 06:00:00,0.16,22.86,98.42,0.42
2018-04-18 07:00:00,0.17,23.92,95.5,0.36
2018-04-18 08:00:00,0.11,25.26,85.37,0.38
2018-04-18 09:00:00,0.1,27.62,67.8,0.35
2018-04-18 10:00:00,0.1,29.52,56.4,0.33
2018-04-18 11:00:00,0.12,30.95,48.99,0.36
2018-04-18 12:00:00,0.14,31.83,44.79,0.4
2018-04-18 13:00:00,0.14,32.04,43.59,0.46
2018-04-18 14:00:00,0.11,31.63,44.82,0.54
2018-04-18 15:00:00,0.09,30.63,48.84,0.58
2018-04-18 16:00:00,0.07,29.1,55.72,0.57
2018-04-18 17:00:00,0.06,27.27,66.33,0.49
2018-04-18 18:00:00,0.06,25.65,77.29,0.37
2018-04-18 19:00:00,0.05,24.62,85.38,0.32
2018-04-18 20:00:00,0.05,24.02,90.86,0.27
2018-04-18 21:00:00,0.04,23.72,94.19,0.23
2018-04-18 22:00:00,0.05,23.54,95.64,0.24
2018-04-18 23:00:00,0.06,23.29,97.14,0.23
2018-04-19 00:00:00,0.06,23.09,98.24,0.23
2018-04-19 01:00:00,0.06,22.93,99.02,0.24
2018-04-19 02:00:00,0.05,22.82,99.52,0.31
2018-04-19 03:00:00,0.05,22.71,99.96,0.37
2018-04-19 04:00:00,0.03,22.67,99.97,0.44
2018-04-19 05:00:00,0.04,22.68,99.64,0.52
2018-04-19 06:00:00,0.03,22.99,98.42,0.45
2018-04-19 07:00:00,0.03,24.06,93.76,0.25
2018-04-19 08:00:00,0.0,25.64,80.96,0.24
2018-04-19 09:00:00,0.0,28.11,62.22,0.21
2018-04-19 10:00:00,0.0,30.27,48.99,0.22
2018-04-19 11:00:00,0.0,31.95,41.19,0.27
2018-04-19 12:00:00,0.0,32.97,37.35,0.37
2018-04-19 13:00:00,0.0,33.36,36.17,0.49
2018-04-19 14:00:00,0.0,32.96,37.46,0.59
2018-04-19 15:00:00,0.0,31.91,41.14,0.66
2018-04-19 16:00:00,0.0,30.09,49.21,0.7
2018-04-19 17:00:00,0.0,27.83,61.36,0.64
2018-04-19 18:00:00,0.0,25.96,73.73,0.48
2018-04-19 19:00:00,0.0,24.76,83.61,0.42
2018-04-19 20:00:00,0.0,24.12,89.78,0.36
2018-04-19 21:00:00,0.0,23.87,92.62,0.31
2018-04-19 22:00:00,0.0,23.72,93.84,0.29
2018-04-19 23:00:00,0.0,23.58,94.53,0.28
2018-04-20 00:00:00,0.0,23.45,94.8,0.31
2018-04-20 01:00:00,0.0,23.4,94.98,0.34
2018-04-20 02:00:00,0.0,23.37,95.05,0.33
2018-04-20 03:00:00,0.0,23.27,95.0,0.3
2018-04-20 04:00:00,0.0,23.17,94.75,0.27
2018-04-20 05:00:00,0.0,23.07,94.4,0.25
2018-04-20 06:00:00,0.0,23.23,92.78,0.31
2018-04-20 07:00:00,0.0,23.99,87.38,0.4
2018-04-20 08:00:00,0.11,25.09,79.15,0.42
2018-04-20 09:00:00,0.07,26.17,72.05,0.4
2018-04-20 10:00:00,0.04,27.27,65.25,0.39
2018-04-20 11:00:00,0.04,28.15,59.68,0.4
2018-04-20 12:00:00,0.04,28.74,55.76,0.43
2018-04-20 13:00:00,0.03,29.1,53.06,0.45
2018-04-20 14:00:00,0.04,29.18,51.9,0.5
2018-04-20 15:00:00,0.05,28.81,53.15,0.54
2018-04-20 16:00:00,0.06,27.98,57.37,0.58
2018-04-20 17:00:00,0.08,26.54,65.96,0.47
2018-04-20 18:00:00,0.11,24.96,76.25,0.36
2018-04-20 19:00:00,0.13,23.97,83.62,0.33
2018-04-20 20:00:00,0.2,23.27,89.79,0.27
2018-04-20 21:00:00,0.22,22.95,92.79,0.24
2018-04-20 22:00:00,0.19,22.79,94.0,0.23
2018-04-20 23:00:00,0.16,22.61,95.0,0.21
2018-04-21 00:00:00,0.13,22.42,95.82,0.19
2018-04-21 01:00:00,0.08,22.2,96.7,0.21
2018-04-21 02:00:00,0.04,22.04,97.16,0.27
2018-04-21 03:00:00,0.04,21.93,97.37,0.34
2018-04-21 04:00:00,0.02,21.92,97.02,0.39
2018-04-21 05:00:00,0.01,21.89,96.69,0.33
2018-04-21 06:00:00,0.01,22.22,95.86,0.19
2018-04-21 07:00:00,0.01,23.6,88.08,0.19
2018-04-21 08:00:00,0.05,26.66,67.69,0.2
2018-04-21 09:00:00,0.03,29.98,48.89,0.21
2018-04-21 10:00:00,0.02,32.16,38.93,0.24
2018-04-21 11:00:00,0.03,33.65,34.15,0.28
2018-04-21 12:00:00,0.04,34.55,32.09,0.36
2018-04-21 13:00:00,0.05,34.71,31.72,0.42
2018-04-21 14:00:00,0.08,34.32,32.79,0.49
2018-04-21 15:00:00,0.09,33.44,35.72,0.55
2018-04-21 16:00:00,0.08,31.78,42.17,0.61
2018-04-21 17:00:00,0.1,29.47,52.83,0.57
2018-04-21 18:00:00,0.15,26.95,66.91,0.41
2018-04-21 19:00:00,0.26,25.39,77.85,0.29
2018-04-21 20:00:00,0.27,24.36,86.8,0.21
2018-04-21 21:00:00,0.34,23.82,91.24,0.21
2018-04-21 22:00:00,0.32,23.55,93.69,0.18
2018-04-21 23:00:00,0.4,23.37,94.46,0.2
2018-04-22 00:00:00,0.42,23.15,95.69,0.22
2018-04-22 01:00:00,0.47,22.85,97.21,0.22
2018-04-22 02:00:00,0.43,22.58,98.02,0.24
2018-04-22 03:00:00,0.41,22.42,98.16,0.29
2018-04-22 04:00:00,0.38,22.31,98.12,0.38
2018-04-22 05:00:00,0.43,22.25,98.0,0.43
2018-04-22 06:00:00,0.45,22.71,97.49,0.32
2018-04-22 07:00:00,0.48,23.64,95.06,0.21
2018-04-22 08:00:00,0.0,25.26,83.19,0.25
2018-04-22 09:00:00,0.0,27.97,63.8,0.27
2018-04-22 10:00:00,0.0,29.99,52.26,0.31
2018-04-22 11:00:00,0.0,31.34,45.8,0.37
2018-04-22 12:00:00,0.0,32.01,42.65,0.46
2018-04-22 13:00:00,0.0,31.89,42.43,0.55
2018-04-22 14:00:00,0.0,31.21,44.88,0.62
2018-04-22 15:00:00,0.0,30.01,49.96,0.65
2018-04-22 16:00:00,0.0,28.49,57.28,0.64
2018-04-22 17:00:00,0.0,26.93,65.68,0.53
2018-04-22 18:00:00,0.0,25.45,75.18,0.36
2018-04-22 19:00:00,0.0,24.46,82.2,0.3
2018-04-22 20:00:00,0.0,23.78,86.92,0.23
2018-04-22 21:00:00,0.0,23.39,89.34,0.21
2018-04-22 22:00:00,0.0,23.14,90.39,0.19
2018-04-22 23:00:00,0.0,22.9,91.04,0.17
2018-04-23 00:00:00,0.0,22.58,92.38,0.16
2018-04-23 01:00:00,0.0,22.3,93.61,0.13
2018-04-23 02:00:00,0.0,21.99,94.68,0.14
2018-04-23 03:00:00,0.0,21.68,95.7,0.15
2018-04-23 04:00:00,0.0,21.44,96.35,0.22
2018-04-23 05:00:00,0.0,21.19,96.96,0.29
2018-04-23 06:00:00,0.0,21.88,92.96,0.27
2018-04-23 07:00:00,0.0,24.23,78.18,0.38
2018-04-23 08:00:00,0.01,27.06,63.25,0.45
2018-04-23 09:00:00,0.01,29.59,52.77,0.47
2018-04-23 10:00:00,0.0,31.56,45.44,0.47
2018-04-23 11:00:00,0.01,32.95,40.07,0.45
2018-04-23 12:00:00,0.01,33.85,36.43,0.45
2018-04-23 13:00:00,0.01,33.95,35.36,0.5
2018-04-23 14:00:00,0.01,33.39,36.51,0.62
2018-04-23 15:00:00,0.01,32.53,39.42,0.72
2018-04-23 16:00:00,0.01,31.12,44.63,0.73
2018-04-23 17:00:00,0.01,29.02,54.64,0.67
2018-04-23 18:00:00,0.04,26.9,66.92,0.48
2018-04-23 19:00:00,0.05,25.47,76.96,0.37
2018-04-23 20:00:00,0.09,24.45,85.07,0.3
2018-04-23 21:00:00,0.1,23.82,90.51,0.27
2018-04-23 22:00:00,0.11,23.51,93.57,0.24
2018-04-23 23:00:00,0.12,23.28,95.44,0.24
2018-04-24 00:00:00,0.13,23.07,96.73,0.22
2018-04-24 01:00:00,0.14,22.87,97.77,0.26
2018-04-24 02:00:00,0.14,22.72,98.41,0.31
2018-04-24 03:00:00,0.12,22.57,98.67,0.34
2018-04-24 04:00:00,0.11,22.46,99.01,0.36
2018-04-24 05:00:00,0.08,22.33,99.52,0.39
2018-04-24 06:00:00,0.07,22.84,97.23,0.36
2018-04-24 07:00:00,0.06,23.98,93.15,0.45
2018-04-24 08:00:00,0.08,25.91,79.87,0.54
2018-04-24 09:00:00,0.07,28.11,65.45,0.57
2018-04-24 10:00:00,0.05,29.79,55.16,0.57
2018-04-24 11:00:00,0.04,31.08,47.81,0.57
2018-04-24 12:00:00,0.03,31.8,43.96,0.59
2018-04-24 13:00:00,0.04,31.94,42.67,0.61
2018-04-24 14:00:00,0.03,31.57,43.38,0.63
2018-04-24 15:00:00,0.04,30.76,46.47,0.69
2018-04-24 16:00:00,0.04,29.41,53.01,0.71
2018-04-24 17:00:00,0.07,27.66,62.8,0.64
2018-04-24 18:00:00,0.09,25.9,74.36,0.47
2018-04-24 19:00:00,0.09,24.74,83.46,0.38
2018-04-24 20:00:00,0.1,24.04,89.59,0.3
2018-04-24 21:00:00,0.1,23.66,93.15,0.24
2018-04-24 22:00:00,0.1,23.48,94.76,0.22
2018-04-24 23:00:00,0.1,23.32,95.78,0.24
2018-04-25 00:00:00,0.11,23.14,96.6,0.26
2018-04-25 01:00:00,0.11,22.98,97.2,0.26
2018-04-25 02:00:00,0.11,22.82,97.99,0.25
2018-04-25 03:00:00,0.1,22.69,98.6,0.25
2018-04-25 04:00:00,0.1,22.64,98.52,0.24
2018-04-25 05:00:00,0.1,22.56,98.1,0.24
2018-04-25 06:00:00,0.1,22.93,96.66,0.29
2018-04-25 07:00:00,0.11,23.76,92.81,0.37
2018-04-25 08:00:00,0.05,25.2,81.99,0.41
2018-04-25 09:00:00,0.05,27.24,68.54,0.41
2018-04-25 10:00:00,0.05,29.08,58.48,0.44
2018-04-25 11:00:00,0.06,30.25,52.62,0.49
2018-04-25 12:00:00,0.07,31.02,49.19,0.53
2018-04-25 13:00:00,0.09,31.38,47.31,0.55
2018-04-25 14:00:00,0.09,31.18,47.1,0.58
2018-04-25 15:00:00,0.08,30.2,50.51,0.62
2018-04-25 16:00:00,0.07,28.97,56.11,0.61
2018-04-25 17:00:00,0.08,27.36,64.48,0.51
2018-04-25 18:00:00,0.09,25.61,75.6,0.34
2018-04-25 19:00:00,0.1,24.5,83.68,0.33
2018-04-25 20:00:00,0.09,23.79,89.66,0.33
2018-04-25 21:00:00,0.12,23.46,93.02,0.29
2018-04-25 22:00:00,0.14,23.3,94.64,0.28
2018-04-25 23:00:00,0.16,23.17,95.53,0.28
2018-04-26 00:00:00,0.18,23.04,96.05,0.28
2018-04-26 01:00:00,0.19,22.99,96.32,0.29
2018-04-26 02:00:00,0.16,22.95,96.61,0.27
2018-04-26 03:00:00,0.14,22.86,97.03,0.24
2018-04-26 04:00:00,0.12,22.73,97.55,0.23
2018-04-26 05:00:00,0.09,22.56,97.65,0.22
2018-04-26 06:00:00,0.06,22.79,96.67,0.28
2018-04-26 07:00:00,0.04,23.55,92.41,0.34
2018-04-26 08:00:00,0.1,25.18,80.52,0.34
2018-04-26 09:00:00,0.06,27.8,64.49,0.35
2018-04-26 10:00:00,0.05,30.2,52.34,0.37
2018-04-26 11:00:00,0.08,31.85,44.68,0.41
2018-04-26 12:00:00,0.1,32.87,40.69,0.45
2018-04-26 13:00:00,0.15,33.19,39.57,0.49
2018-04-26 14:00:00,0.16,32.51,41.32,0.54
2018-04-26 15:00:00,0.19,31.32,45.73,0.57
2018-04-26 16:00:00,0.19,29.73,53.68,0.55
2018-04-26 17:00:00,0.21,27.74,65.28,0.45
2018-04-26 18:00:00,0.25,25.87,77.54,0.36
2018-04-26 19:00:00,0.22,24.85,85.58,0.31
2018-04-26 20:00:00,0.22,24.28,90.78,0.26
2018-04-26 21:00:00,0.21,23.91,94.03,0.24
2018-04-26 22:00:00,0.25,23.69,95.53,0.26
2018-04-26 23:00:00,0.36,23.53,96.57,0.24
2018-04-27 00:00:00,0.54,23.45,97.18,0.26
2018-04-27 01:00:00,0.6,23.41,97.57,0.28
2018-04-27 02:00:00,0.68,23.34,98.04,0.26
2018-04-27 03:00:00,0.59,23.27,98.4,0.25
2018-04-27 04:00:00,0.53,23.21,98.64,0.28
2018-04-27 05:00:00,0.46,23.19,98.52,0.33
2018-04-27 06:00:00,0.44,23.33,98.06,0.38
2018-04-27 07:00:00,0.45,23.81,96.43,0.35
2018-04-27 08:00:00,0.12,24.58,91.85,0.3
2018-04-27 09:00:00,0.1,26.16,80.34,0.23
2018-04-27 10:00:00,0.1,27.79,69.19,0.19
2018-04-27 11:00:00,0.08,28.86,61.29,0.18
2018-04-27 12:00:00,0.08,29.77,55.3,0.2
2018-04-27 13:00:00,0.08,30.29,51.83,0.27
2018-04-27 14:00:00,0.08,30.35,50.27,0.32
2018-04-27 15:00:00,0.1,29.95,51.36,0.36
2018-04-27 16:00:00,0.09,29.11,56.11,0.4
2018-04-27 17:00:00,0.1,27.8,66.51,0.42
2018-04-27 18:00:00,0.11,26.28,77.58,0.32
2018-04-27 19:00:00,0.11,25.03,84.34,0.26
2018-04-27 20:00:00,0.13,24.11,90.39,0.25
2018-04-27 21:00:00,0.11,23.63,92.67,0.27
2018-04-27 22:00:00,0.1,23.33,93.53,0.24
2018-04-27 23:00:00,0.09,23.07,94.24,0.19
2018-04-28 00:00:00,0.07,22.79,95.3,0.14
2018-04-28 01:00:00,0.05,22.54,96.27,0.11
2018-04-28 02:00:00,0.07,22.29,96.94,0.17
2018-04-28 03:00:00,0.06,22.02,97.67,0.27
2018-04-28 04:00:00,0.04,21.7,98.75,0.29
2018-04-28 05:00:00,0.04,21.45,99.54,0.29
2018-04-28 06:00:00,0.03,22.05,97.53,0.23
2018-04-28 07:00:00,0.03,23.64,90.51,0.28
2018-04-28 08:00:00,0.0,26.38,73.2,0.26
2018-04-28 09:00:00,0.0,28.94,57.98,0.19
2018-04-28 10:00:00,0.0,30.66,49.08,0.13
2018-04-28 11:00:00,0.0,31.78,43.62,0.07
2018-04-28 12:00:00,0.0,32.4,40.74,0.08
2018-04-28 13:00:00,0.0,32.58,39.63,0.17
2018-04-28 14:00:00,0.0,32.22,40.42,0.3
2018-04-28 15:00:00,0.0,31.38,43.32,0.43
2018-04-28 16:00:00,0.0,30.16,49.0,0.52
2018-04-28 17:00:00,0.0,28.59,58.05,0.5
2018-04-28 18:00:00,0.0,26.7,71.22,0.43
2018-04-28 19:00:00,0.0,25.38,80.42,0.35
2018-04-28 20:00:00,0.0,24.58,85.44,0.32
2018-04-28 21:00:00,0.0,24.12,88.43,0.32
2018-04-28 22:00:00,0.0,23.84,90.56,0.3
2018-04-28 23:00:00,0.0,23.58,92.53,0.27
2018-04-29 00:00:00,0.0,23.39,93.87,0.27
2018-04-29 01:00:00,0.0,23.15,95.48,0.27
2018-04-29 02:00:00,0.0,22.92,96.94,0.24
2018-04-29 03:00:00,0.0,22.78,97.76,0.3
2018-04-29 04:00:00,0.0,22.69,98.18,0.36
2018-04-29 05:00:00,0.0,22.56,98.87,0.4
2018-04-29 06:00:00,0.0,22.96,97.25,0.35
2018-04-29 07:00:00,0.0,24.64,87.03,0.33
2018-04-29 08:00:00,0.02,26.41,75.28,0.33
2018-04-29 09:00:00,0.02,28.26,64.13,0.33
2018-04-29 10:00:00,0.02,29.96,54.73,0.33
2018-04-29 11:00:00,0.01,31.33,47.87,0.36
2018-04-29 12:00:00,0.01,32.3,43.06,0.43
2018-04-29 13:00:00,0.01,32.76,40.64,0.52
2018-04-29 14:00:00,0.01,32.55,40.58,0.6
2018-04-29 15:00:00,0.01,31.56,43.97,0.68
2018-04-29 16:00:00,0.02,29.77,52.47,0.72
2018-04-29 17:00:00,0.03,27.78,63.76,0.58
2018-04-29 18:00:00,0.03,25.99,75.83,0.38
2018-04-29 19:00:00,0.04,24.87,84.92,0.34
2018-04-29 20:00:00,0.03,24.26,90.72,0.31
2018-04-29 21:00:00,0.03,23.98,93.32,0.29
2018-04-29 22:00:00,0.03,23.8,94.63,0.31
2018-04-29 23:00:00,0.04,23.63,95.54,0.32
2018-04-30 00:00:00,0.05,23.5,96.0,0.33
2018-04-30 01:00:00,0.05,23.36,96.33,0.32
2018-04-30 02:00:00,0.04,23.27,96.66,0.3
2018-04-30 03:00:00,0.03,23.19,96.31,0.28
2018-04-30 04:00:00,0.02,23.11,96.1,0.26
2018-04-30 05:00:00,0.02,23.02,96.33,0.24
2018-04-30 06:00:00,0.01,23.3,95.45,0.28
2018-04-30 07:00:00,0.01,24.18,89.49,0.41
2018-04-30 08:00:00,0.06,25.51,79.79,0.48
2018-04-30 09:00:00,0.04,27.01,70.82,0.49
2018-04-30 10:00:00,0.05,28.28,64.24,0.51
2018-04-30 11:00:00,0.08,29.1,60.2,0.53
2018-04-30 12:00:00,0.15,29.49,58.13,0.56
2018-04-30 13:00:00,0.29,29.46,57.82,0.56
2018-04-30 14:00:00,0.45,29.14,58.86,0.57
2018-04-30 15:00:00,0.55,28.46,61.92,0.57
2018-04-30 16:00:00,0.64,27.36,68.13,0.57
2018-04-30 17:00:00,0.65,25.82,78.47,0.47
2018-04-30 18:00:00,0.48,24.33,89.22,0.39
2018-04-30 19:00:00,0.49,23.73,94.18,0.38
2018-04-30 20:00:00,0.4,23.6,95.73,0.38
2018-04-30 21:00:00,0.38,23.53,96.33,0.37
2018-04-30 22:00:00,0.48,23.41,96.63,0.38
2018-04-30 23:00:00,0.51,23.3,96.97,0.38
2018-05-01 00:00:00,0.54,23.12,96.92,0.39
2018-05-01 01:00:00,0.68,22.8,96.65,0.38
2018-05-01 02:00:00,0.51,22.43,97.15,0.33
2018-05-01 03:00:00,0.41,22.05,97.18,0.29
2018-05-01 04:00:00,0.26,21.6,96.7,0.26
2018-05-01 05:00:00,0.15,21.18,97.42,0.21
2018-05-01 06:00:00,0.04,21.44,95.2,0.22
2018-05-01 07:00:00,0.01,22.69,85.18,0.26
2018-05-01 08:00:00,0.0,25.32,68.24,0.29
2018-05-01 09:00:00,0.0,27.81,56.96,0.34
2018-05-01 10:00:00,0.0,29.84,49.82,0.37
2018-05-01 11:00:00,0.0,31.51,45.06,0.42
2018-05-01 12:00:00,0.0,32.59,42.26,0.49
2018-05-01 13:00:00,0.0,33.09,40.84,0.56
2018-05-01 14:00:00,0.0,32.7,41.72,0.63
2018-05-01 15:00:00,0.0,31.53,45.7,0.68
2018-05-01 16:00:00,0.01,29.99,52.55,0.7
2018-05-01 17:00:00,0.01,28.11,61.88,0.6
2018-05-01 18:00:00,0.01,26.38,72.01,0.46
2018-05-01 19:00:00,0.0,25.22,79.98,0.41
2018-05-01 20:00:00,0.0,24.46,86.32,0.35
2018-05-01 21:00:00,0.0,24.01,90.54,0.29
2018-05-01 22:00:00,0.0,23.78,93.03,0.28
2018-05-01 23:00:00,0.0,23.63,94.67,0.28
2018-05-02 00:00:00,0.0,23.5,95.82,0.28
2018-05-02 01:00:00,0.01,23.41,96.47,0.3
2018-05-02 02:00:00,0.01,23.32,97.0,0.3
2018-05-02 03:00:00,0.01,23.31,97.11,0.3
2018-05-02 04:00:00,0.01,23.25,97.55,0.3
2018-05-02 05:00:00,0.01,23.17,98.07,0.29
2018-05-02 06:00:00,0.01,23.61,95.92,0.39
2018-05-02 07:00:00,0.01,24.56,89.3,0.51
2018-05-02 08:00:00,0.17,25.52,81.37,0.55
2018-05-02 09:00:00,0.16,26.54,74.97,0.55
2018-05-02 10:00:00,0.15,27.6,69.01,0.54
2018-05-02 11:00:00,0.17,28.55,63.83,0.55
2018-05-02 12:00:00,0.23,29.07,60.65,0.56
2018-05-02 13:00:00,0.39,29.26,59.11,0.57
2018-05-02 14:00:00,0.69,29.13,59.3,0.55
2018-05-02 15:00:00,1.27,28.67,61.03,0.53
2018-05-02 16:00:00,2.05,27.66,65.84,0.51
2018-05-02 17:00:00,2.46,25.99,77.51,0.4
2018-05-02 18:00:00,2.05,24.26,90.84,0.3
2018-05-02 19:00:00,1.36,23.33,95.76,0.25
2018-05-02 20:00:00,0.67,22.9,97.79,0.25
2018-05-02 21:00:00,0.33,22.77,98.49,0.3
2018-05-02 22:00:00,0.3,22.79,98.21,0.31
2018-05-02 23:00:00,0.43,22.83,98.25,0.3
2018-05-03 00:00:00,0.44,22.83,98.18,0.29
2018-05-03 01:00:00,0.42,22.81,98.33,0.28
2018-05-03 02:00:00,0.31,22.82,98.34,0.25
2018-05-03 03:00:00,0.25,22.74,98.62,0.23
2018-05-03 04:00:00,0.19,22.6,98.87,0.21
2018-05-03 05:00:00,0.13,22.45,99.18,0.2
2018-05-03 06:00:00,0.07,22.95,97.88,0.23
2018-05-03 07:00:00,0.04,23.79,94.49,0.27
2018-05-03 08:00:00,0.24,25.08,83.87,0.34
2018-05-03 09:00:00,0.28,27.2,70.7,0.32
2018-05-03 10:00:00,0.48,29.05,61.38,0.33
2018-05-03 11:00:00,0.64,30.59,53.3,0.36
2018-05-03 12:00:00,1.1,31.53,48.26,0.39
2018-05-03 13:00:00,1.12,31.9,45.94,0.42
2018-05-03 14:00:00,1.19,31.56,46.68,0.45
2018-05-03 15:00:00,1.02,30.61,50.82,0.52
2018-05-03 16:00:00,0.98,29.32,59.27,0.55
2018-05-03 17:00:00,0.91,27.72,71.02,0.51
2018-05-03 18:00:00,0.83,26.3,81.62,0.45
2018-05-03 19:00:00,0.55,25.29,86.64,0.38
2018-05-03 20:00:00,0.42,24.42,89.79,0.34
2018-05-03 21:00:00,0.57,23.75,92.93,0.31
2018-05-03 22:00:00,0.71,23.27,94.88,0.32
2018-05-03 23:00:00,1.1,22.99,94.93,0.32
2018-05-04 00:00:00,1.21,22.72,95.41,0.27
2018-05-04 01:00:00,1.7,22.48,95.98,0.26
2018-05-04 02:00:00,1.85,22.11,97.5,0.29
2018-05-04 03:00:00,1.72,21.82,98.73,0.25
2018-05-04 04:00:00,1.52,21.75,98.96,0.22
2018-05-04 05:00:00,1.35,21.75,98.84,0.25
2018-05-04 06:00:00,1.19,22.12,97.96,0.37
2018-05-04 07:00:00,1.0,22.85,95.99,0.47
2018-05-04 08:00:00,0.04,24.21,89.21,0.44
2018-05-04 09:00:00,0.05,26.35,72.44,0.36
2018-05-04 10:00:00,0.06,28.24,56.78,0.24
2018-05-04 11:00:00,0.06,29.96,46.82,0.1
2018-05-04 12:00:00,0.06,31.45,40.18,0.06
2018-05-04 13:00:00,0.06,32.22,36.96,0.19
2018-05-04 14:00:00,0.04,32.34,36.44,0.31
2018-05-04 15:00:00,0.04,31.81,38.35,0.41
2018-05-04 16:00:00,0.03,30.88,44.53,0.49
2018-05-04 17:00:00,0.04,29.1,56.22,0.54
2018-05-04 18:00:00,0.04,26.84,68.57,0.59
2018-05-04 19:00:00,0.06,25.35,78.54,0.52
2018-05-04 20:00:00,0.06,24.34,87.3,0.39
2018-05-04 21:00:00,0.09,23.7,92.16,0.27
2018-05-04 22:00:00,0.1,23.33,94.49,0.2
2018-05-04 23:00:00,0.12,23.12,95.9,0.19
2018-05-05 00:00:00,0.15,23.04,96.33,0.21
2018-05-05 01:00:00,0.17,22.93,96.74,0.23
2018-05-05 02:00:00,0.2,22.79,97.26,0.28
2018-05-05 03:00:00,0.23,22.7,97.2,0.43
2018-05-05 04:00:00,0.27,22.67,97.0,0.52
2018-05-05 05:00:00,0.3,22.68,96.69,0.56
2018-05-05 06:00:00,0.35,22.94,96.62,0.42
2018-05-05 07:00:00,0.38,23.66,94.95,0.25
2018-05-05 08:00:00,1.96,24.87,85.99,0.25
2018-05-05 09:00:00,1.63,26.91,69.21,0.21
2018-05-05 10:00:00,1.15,28.43,59.05,0.2
2018-05-05 11:00:00,0.81,29.58,52.85,0.23
2018-05-05 12:00:00,0.6,30.39,48.84,0.3
2018-05-05 13:00:00,0.46,30.65,47.37,0.37
2018-05-05 14:00:00,0.37,30.32,48.79,0.44
2018-05-05 15:00:00,0.31,29.48,53.05,0.49
2018-05-05 16:00:00,0.28,28.0,62.41,0.53
2018-05-05 17:00:00,0.26,26.09,74.53,0.47
2018-05-05 18:00:00,0.3,24.46,85.46,0.4
2018-05-05 19:00:00,0.28,23.67,91.55,0.38
2018-05-05 20:00:00,0.27,23.28,94.66,0.36
2018-05-05 21:00:00,0.29,23.07,96.06,0.34
2018-05-05 22:00:00,0.32,22.91,96.82,0.34
2018-05-05 23:00:00,0.29,22.76,97.38,0.32
2018-05-06 00:00:00,0.33,22.62,97.85,0.3
2018-05-06 01:00:00,0.34,22.47,98.18,0.28
2018-05-06 02:00:00,0.34,22.33,98.38,0.26
2018-05-06 03:00:00,0.31,22.2,98.45,0.25
2018-05-06 04:00:00,0.27,22.06,98.44,0.3
2018-05-06 05:00:00,0.22,21.94,98.27,0.36
2018-05-06 06:00:00,0.16,22.43,97.39,0.34
2018-05-06 07:00:00,0.15,23.34,93.88,0.33
2018-05-06 08:00:00,0.15,24.79,82.39,0.35
2018-05-06 09:00:00,0.11,27.08,66.69,0.29
2018-05-06 10:00:00,0.1,29.14,56.25,0.25
2018-05-06 11:00:00,0.1,30.48,50.72,0.28
2018-05-06 12:00:00,0.11,30.95,49.19,0.41
2018-05-06 13:00:00,0.13,30.75,50.57,0.53
2018-05-06 14:00:00,0.15,30.0,54.32,0.62
2018-05-06 15:00:00,0.18,28.29,62.34,0.64
2018-05-06 16:00:00,0.22,26.49,72.44,0.59
2018-05-06 17:00:00,0.24,24.94,82.73,0.49
2018-05-06 18:00:00,0.31,23.89,90.94,0.4
2018-05-06 19:00:00,0.3,23.49,94.49,0.38
2018-05-06 20:00:00,0.28,23.37,95.74,0.36
2018-05-06 21:00:00,0.24,23.3,96.48,0.36
2018-05-06 22:00:00,0.21,23.22,96.93,0.35
2018-05-06 23:00:00,0.16,23.15,97.14,0.35
2018-05-07 00:00:00,0.13,23.04,97.35,0.34
2018-05-07 01:00:00,0.1,22.87,97.12,0.34
2018-05-07 02:00:00,0.1,22.64,97.06,0.32
2018-05-07 03:00:00,0.11,22.4,97.55,0.25
2018-05-07 04:00:00,0.13,22.21,97.84,0.22
2018-05-07 05:00:00,0.14,22.06,97.9,0.2
2018-05-07 06:00:00,0.16,22.37,96.99,0.22
2018-05-07 07:00:00,0.16,23.06,92.62,0.25
2018-05-07 08:00:00,0.0,24.55,81.01,0.27
2018-05-07 09:00:00,0.0,26.54,68.33,0.29
2018-05-07 10:00:00,0.0,28.12,60.86,0.32
2018-05-07 11:00:00,0.0,29.14,56.87,0.39
2018-05-07 12:00:00,0.01,29.69,54.68,0.45
2018-05-07 13:00:00,0.01,29.7,54.48,0.52
2018-05-07 14:00:00,0.01,29.24,56.49,0.57
2018-05-07 15:00:00,0.01,28.37,60.73,0.59
2018-05-07 16:00:00,0.02,27.09,67.19,0.56
2018-05-07 17:00:00,0.02,25.7,75.34,0.46
2018-05-07 18:00:00,0.02,24.44,83.92,0.33
2018-05-07 19:00:00,0.03,23.68,89.49,0.31
2018-05-07 20:00:00,0.03,23.2,93.39,0.29
2018-05-07 21:00:00,0.02,22.95,95.2,0.29
2018-05-07 22:00:00,0.01,22.81,96.0,0.28
2018-05-07 23:00:00,0.01,22.7,96.32,0.28
2018-05-08 00:00:00,0.01,22.55,96.7,0.28
2018-05-08 01:00:00,0.01,22.42,96.84,0.28
2018-05-08 02:00:00,0.01,22.3,97.14,0.25
2018-05-08 03:00:00,0.0,22.2,97.57,0.24
2018-05-08 04:00:00,0.0,22.13,97.81,0.25
2018-05-08 05:00:00,0.0,22.06,98.29,0.25
2018-05-08 06:00:00,0.0,22.58,96.04,0.33
2018-05-08 07:00:00,0.0,23.62,89.59,0.41
2018-05-08 08:00:00,0.07,24.93,80.58,0.45
2018-05-08 09:00:00,0.07,26.2,72.88,0.48
2018-05-08 10:00:00,0.09,27.09,68.07,0.53
2018-05-08 11:00:00,0.13,27.76,63.81,0.58
2018-05-08 12:00:00,0.2,27.38,65.51,0.63
2018-05-08 13:00:00,0.3,26.77,69.13,0.66
2018-05-08 14:00:00,0.38,26.07,73.51,0.65
2018-05-08 15:00:00,0.44,25.29,78.7,0.61
2018-05-08 16:00:00,0.44,24.48,84.94,0.55
2018-05-08 17:00:00,0.36,23.73,91.39,0.43
2018-05-08 18:00:00,0.25,23.31,95.87,0.35
2018-05-08 19:00:00,0.15,23.22,96.83,0.34
2018-05-08 20:00:00,0.1,23.12,97.17,0.34
2018-05-08 21:00:00,0.07,23.02,97.14,0.39
2018-05-08 22:00:00,0.05,22.97,96.82,0.46
2018-05-08 23:00:00,0.05,22.81,96.82,0.48
2018-05-09 00:00:00,0.04,22.47,97.46,0.51
2018-05-09 01:00:00,0.03,22.09,96.95,0.52
2018-05-09 02:00:00,0.02,21.72,98.04,0.49
2018-05-09 03:00:00,0.01,21.59,97.97,0.46
2018-05-09 04:00:00,0.01,21.55,97.61,0.46
2018-05-09 05:00:00,0.0,21.47,97.81,0.43
2018-05-09 06:00:00,0.0,21.8,97.16,0.34
2018-05-09 07:00:00,0.01,22.79,93.56,0.28
2018-05-09 08:00:00,0.86,23.88,85.72,0.26
2018-05-09 09:00:00,1.29,25.29,75.07,0.14
2018-05-09 10:00:00,1.52,26.65,66.12,0.04
2018-05-09 11:00:00,1.87,27.52,60.88,0.13
2018-05-09 12:00:00,2.36,27.83,59.74,0.22
2018-05-09 13:00:00,2.73,27.75,60.73,0.3
2018-05-09 14:00:00,3.1,27.35,63.44,0.35
2018-05-09 15:00:00,3.62,26.49,69.86,0.36
2018-05-09 16:00:00,3.95,25.51,78.37,0.37
2018-05-09 17:00:00,4.09,24.37,87.2,0.35
2018-05-09 18:00:00,4.23,23.34,93.97,0.3
2018-05-09 19:00:00,3.76,22.85,96.02,0.31
2018-05-09 20:00:00,3.01,22.59,97.12,0.32
2018-05-09 21:00:00,2.33,22.44,97.61,0.3
2018-05-09 22:00:00,1.59,22.31,97.94,0.3
2018-05-09 23:00:00,1.2,22.16,98.25,0.32
2018-05-10 00:00:00,0.96,22.06,98.33,0.33
2018-05-10 01:00:00,0.93,22.0,98.46,0.34
2018-05-10 02:00:00,1.09,21.94,98.56,0.31
2018-05-10 03:00:00,1.17,21.85,98.82,0.28
2018-05-10 04:00:00,0.89,21.75,98.95,0.25
2018-05-10 05:00:00,0.93,21.64,99.0,0.29
2018-05-10 06:00:00,0.59,22.12,98.14,0.28
2018-05-10 07:00:00,0.6,23.03,95.49,0.21
2018-05-10 08:00:00,0.02,24.35,85.54,0.21
2018-05-10 09:00:00,0.02,26.55,69.09,0.19
2018-05-10 10:00:00,0.04,28.07,60.65,0.22
2018-05-10 11:00:00,0.06,28.97,57.34,0.3
2018-05-10 12:00:00,0.1,29.27,56.7,0.4
2018-05-10 13:00:00,0.14,28.97,58.42,0.51
2018-05-10 14:00:00,0.17,27.61,65.46,0.57
2018-05-10 15:00:00,0.22,26.17,73.6,0.57
2018-05-10 16:00:00,0.27,24.93,81.32,0.55
2018-05-10 17:00:00,0.31,23.87,88.9,0.45
2018-05-10 18:00:00,0.37,23.19,94.22,0.38
2018-05-10 19:00:00,0.44,22.94,96.44,0.37
2018-05-10 20:00:00,0.53,22.77,97.28,0.35
2018-05-10 21:00:00,0.63,22.56,97.77,0.33
2018-05-10 22:00:00,0.73,22.29,98.43,0.3
2018-05-10 23:00:00,0.77,22.07,98.86,0.26
2018-05-11 00:00:00,0.74,21.98,98.64,0.25
2018-05-11 01:00:00,0.64,21.91,98.4,0.23
2018-05-11 02:00:00,0.5,21.77,98.3,0.2
2018-05-11 03:00:00,0.34,21.57,98.08,0.21
2018-05-11 04:00:00,0.21,21.45,97.57,0.18
2018-05-11 05:00:00,0.16,21.29,96.9,0.13
2018-05-11 06:00:00,0.15,21.37,96.47,0.1
2018-05-11 07:00:00,0.13,21.84,94.08,0.1
2018-05-11 08:00:00,0.3,22.83,85.93,0.14
2018-05-11 09:00:00,0.34,24.64,73.92,0.19
2018-05-11 10:00:00,0.29,26.37,66.67,0.26
2018-05-11 11:00:00,0.26,27.42,63.44,0.32
2018-05-11 12:00:00,0.24,27.88,62.39,0.38
2018-05-11 13:00:00,0.23,28.06,62.3,0.43
2018-05-11 14:00:00,0.26,27.85,64.01,0.49
2018-05-11 15:00:00,0.34,27.1,68.86,0.5
2018-05-11 16:00:00,0.37,26.05,76.66,0.48
2018-05-11 17:00:00,0.4,24.75,86.55,0.38
2018-05-11 18:00:00,0.34,23.58,93.71,0.27
2018-05-11 19:00:00,0.33,23.08,96.47,0.27
2018-05-11 20:00:00,0.25,22.85,97.46,0.26
2018-05-11 21:00:00,0.23,22.69,98.03,0.27
2018-05-11 22:00:00,0.19,22.59,98.41,0.29
2018-05-11 23:00:00,0.18,22.52,98.5,0.31
2018-05-12 00:00:00,0.21,22.44,98.72,0.32
2018-05-12 01:00:00,0.27,22.4,98.81,0.35
2018-05-12 02:00:00,0.26,22.34,98.97,0.35
2018-05-12 03:00:00,0.31,22.27,98.91,0.34
2018-05-12 04:00:00,0.27,22.21,98.98,0.32
2018-05-12 05:00:00,0.27,22.15,99.15,0.31
2018-05-12 06:00:00,0.26,22.49,98.39,0.38
2018-05-12 07:00:00,0.27,23.09,96.82,0.46
2018-05-12 08:00:00,0.65,23.75,93.1,0.5
2018-05-12 09:00:00,0.63,24.69,84.71,0.53
2018-05-12 10:00:00,0.71,25.57,78.44,0.53
2018-05-12 11:00:00,0.77,26.12,74.54,0.54
2018-05-12 12:00:00,0.77,26.32,72.37,0.55
2018-05-12 13:00:00,0.79,26.19,72.05,0.57
2018-05-12 14:00:00,0.77,25.73,73.64,0.57
2018-05-12 15:00:00,0.88,25.09,76.67,0.55
2018-05-12 16:00:00,0.92,24.12,82.96,0.49
2018-05-12 17:00:00,0.96,23.06,90.92,0.39
2018-05-12 18:00:00,0.9,22.38,96.0,0.27
2018-05-12 19:00:00,0.93,22.13,96.65,0.25
2018-05-12 20:00:00,0.71,21.92,97.32,0.23
2018-05-12 21:00:00,0.67,21.8,97.71,0.21
2018-05-12 22:00:00,0.51,21.64,97.98,0.19
2018-05-12 23:00:00,0.46,21.47,98.13,0.17
2018-05-13 00:00:00,0.48,21.28,98.15,0.16
2018-05-13 01:00:00,0.42,21.14,98.21,0.17
2018-05-13 02:00:00,0.35,21.02,98.42,0.17
2018-05-13 03:00:00,0.25,20.91,98.55,0.17
2018-05-13 04:00:00,0.22,20.82,98.65,0.16
2018-05-13 05:00:00,0.15,20.78,98.61,0.21
2018-05-13 06:00:00,0.12,21.53,97.45,0.22
2018-05-13 07:00:00,0.13,22.74,93.84,0.26
2018-05-13 08:00:00,0.05,24.49,82.2,0.28
2018-05-13 09:00:00,0.07,26.61,69.9,0.28
2018-05-13 10:00:00,0.1,27.99,63.23,0.3
2018-05-13 11:00:00,0.14,28.69,60.03,0.36
2018-05-13 12:00:00,0.16,28.85,59.46,0.44
2018-05-13 13:00:00,0.24,28.39,61.78,0.5
2018-05-13 14:00:00,0.27,27.13,68.75,0.57
2018-05-13 15:00:00,0.37,25.86,76.54,0.58
2018-05-13 16:00:00,0.42,24.68,84.52,0.55
2018-05-13 17:00:00,0.44,23.73,91.65,0.47
2018-05-13 18:00:00,0.42,23.25,95.52,0.43
2018-05-13 19:00:00,0.4,23.06,97.15,0.44
2018-05-13 20:00:00,0.45,22.91,97.79,0.45
2018-05-13 21:00:00,0.45,22.78,98.08,0.43
2018-05-13 22:00:00,0.42,22.68,98.1,0.4
2018-05-13 23:00:00,0.41,22.56,98.08,0.35
2018-05-14 00:00:00,0.41,22.38,98.01,0.3
2018-05-14 01:00:00,0.39,22.15,98.01,0.23
2018-05-14 02:00:00,0.41,21.85,97.88,0.18
2018-05-14 03:00:00,0.42,21.45,97.67,0.16
2018-05-14 04:00:00,0.37,21.11,97.66,0.17
2018-05-14 05:00:00,0.28,20.93,98.1,0.19
2018-05-14 06:00:00,0.15,21.17,97.54,0.22
2018-05-14 07:00:00,0.12,21.81,95.32,0.26
2018-05-14 08:00:00,0.01,22.74,90.58,0.31
2018-05-14 09:00:00,0.01,24.15,81.49,0.33
2018-05-14 10:00:00,0.02,25.32,74.6,0.33
2018-05-14 11:00:00,0.03,26.15,69.76,0.31
2018-05-14 12:00:00,0.04,26.7,66.27,0.31
2018-05-14 13:00:00,0.05,26.78,65.29,0.31
2018-05-14 14:00:00,0.05,26.44,67.17,0.36
2018-05-14 15:00:00,0.05,25.73,72.21,0.41
2018-05-14 16:00:00,0.05,24.8,78.9,0.4
2018-05-14 17:00:00,0.04,23.78,86.95,0.33
2018-05-14 18:00:00,0.03,22.87,93.86,0.28
2018-05-14 19:00:00,0.02,22.41,94.47,0.4
2018-05-14 20:00:00,0.02,22.08,94.61,0.43
2018-05-14 21:00:00,0.02,21.77,95.31,0.4
2018-05-14 22:00:00,0.02,21.49,96.1,0.35
2018-05-14 23:00:00,0.03,21.29,96.54,0.33
2018-05-15 00:00:00,0.04,21.1,96.95,0.31
2018-05-15 01:00:00,0.04,20.94,97.23,0.31
2018-05-15 02:00:00,0.04,20.85,97.18,0.34
2018-05-15 03:00:00,0.03,20.82,96.63,0.36
2018-05-15 04:00:00,0.02,20.67,96.59,0.34
2018-05-15 05:00:00,0.01,20.34,97.45,0.35
2018-05-15 06:00:00,0.01,20.9,95.87,0.3
2018-05-15 07:00:00,0.01,22.45,88.62,0.4
2018-05-15 08:00:00,0.3,24.63,77.69,0.42
2018-05-15 09:00:00,0.27,26.17,69.6,0.43
2018-05-15 10:00:00,0.14,27.0,64.11,0.43
2018-05-15 11:00:00,0.12,27.37,61.56,0.41
2018-05-15 12:00:00,0.14,27.51,60.37,0.4
2018-05-15 13:00:00,0.11,27.52,60.12,0.39
2018-05-15 14:00:00,0.13,27.34,61.76,0.33
2018-05-15 15:00:00,0.2,27.05,65.14,0.26
2018-05-15 16:00:00,0.23,26.32,72.66,0.18
2018-05-15 17:00:00,0.22,25.38,80.96,0.11
2018-05-15 18:00:00,0.23,24.61,82.55,0.04
2018-05-15 19:00:00,0.3,23.92,86.44,0.18
2018-05-15 20:00:00,0.55,23.15,92.31,0.17
2018-05-15 21:00:00,0.44,22.64,94.65,0.17
2018-05-15 22:00:00,0.6,22.32,95.95,0.19
2018-05-15 23:00:00,0.57,22.1,97.25,0.23
2018-05-16 00:00:00,0.53,21.97,97.99,0.29
2018-05-16 01:00:00,0.46,21.91,98.16,0.3
2018-05-16 02:00:00,0.39,21.85,98.52,0.24
2018-05-16 03:00:00,0.41,21.76,99.1,0.19
2018-05-16 04:00:00,0.39,21.71,99.41,0.24
2018-05-16 05:00:00,0.34,21.77,99.09,0.28
2018-05-16 06:00:00,0.32,21.97,98.48,0.34
2018-05-16 07:00:00,0.35,22.4,97.5,0.44
2018-05-16 08:00:00,0.02,23.11,95.92,0.5
2018-05-16 09:00:00,0.02,23.94,91.57,0.5
2018-05-16 10:00:00,0.02,24.55,84.22,0.49
2018-05-16 11:00:00,0.02,24.76,79.18,0.46
2018-05-16 12:00:00,0.03,24.93,76.22,0.42
2018-05-16 13:00:00,0.03,25.14,74.21,0.38
2018-05-16 14:00:00,0.04,25.16,73.98,0.34
2018-05-16 15:00:00,0.05,24.99,75.45,0.29
2018-05-16 16:00:00,0.06,24.5,81.55,0.26
2018-05-16 17:00:00,0.06,23.59,87.52,0.2
2018-05-16 18:00:00,0.07,23.04,89.29,0.2
2018-05-16 19:00:00,0.07,22.83,88.8,0.16
2018-05-16 20:00:00,0.07,22.65,89.28,0.04
2018-05-16 21:00:00,0.07,22.48,89.62,0.17
2018-05-16 22:00:00,0.06,22.32,89.81,0.18
2018-05-16 23:00:00,0.06,22.14,90.3,0.06
2018-05-17 00:00:00,0.06,21.87,91.66,0.25
2018-05-17 01:00:00,0.05,21.44,94.04,0.44
2018-05-17 02:00:00,0.03,21.18,95.52,0.47
2018-05-17 03:00:00,0.02,21.07,96.13,0.45
2018-05-17 04:00:00,0.01,21.02,96.35,0.44
2018-05-17 05:00:00,0.02,20.92,96.82,0.43
2018-05-17 06:00:00,0.02,21.42,96.55,0.3
2018-05-17 07:00:00,0.03,22.69,92.99,0.23
2018-05-17 08:00:00,0.24,24.53,82.19,0.27
2018-05-17 09:00:00,0.28,26.64,70.35,0.3
2018-05-17 10:00:00,0.33,27.98,63.85,0.33
2018-05-17 11:00:00,0.33,28.64,60.66,0.38
2018-05-17 12:00:00,0.29,28.74,59.86,0.45
2018-05-17 13:00:00,0.33,28.02,62.8,0.52
2018-05-17 14:00:00,0.35,27.16,67.72,0.57
2018-05-17 15:00:00,0.46,25.95,74.68,0.59
2018-05-17 16:00:00,0.53,24.76,82.8,0.56
2018-05-17 17:00:00,0.55,23.66,90.99,0.47
2018-05-17 18:00:00,0.52,22.96,95.97,0.38
2018-05-17 19:00:00,0.53,22.74,97.31,0.36
2018-05-17 20:00:00,0.48,22.6,97.81,0.36
2018-05-17 21:00:00,0.4,22.45,97.99,0.36
2018-05-17 22:00:00,0.42,22.26,98.09,0.35
2018-05-17 23:00:00,0.34,22.03,98.1,0.36
2018-05-18 00:00:00,0.22,21.79,98.18,0.36
2018-05-18 01:00:00,0.16,21.61,98.34,0.33
2018-05-18 02:00:00,0.18,21.46,98.45,0.31
2018-05-18 03:00:00,0.12,21.35,98.52,0.28
2018-05-18 04:00:00,0.09,21.24,98.64,0.26
2018-05-18 05:00:00,0.08,21.14,98.71,0.25
2018-05-18 06:00:00,0.09,21.62,97.62,0.3
2018-05-18 07:00:00,0.11,22.49,94.36,0.39
2018-05-18 08:00:00,0.03,23.85,85.07,0.41
2018-05-18 09:00:00,0.03,25.5,75.02,0.38
2018-05-18 10:00:00,0.04,26.47,70.04,0.37
2018-05-18 11:00:00,0.06,27.02,67.32,0.39
2018-05-18 12:00:00,0.09,27.24,66.25,0.41
2018-05-18 13:00:00,0.13,27.25,66.28,0.44
2018-05-18 14:00:00,0.16,27.11,66.83,0.45
2018-05-18 15:00:00,0.16,26.38,70.64,0.44
2018-05-18 16:00:00,0.16,25.35,77.05,0.38
2018-05-18 17:00:00,0.12,24.15,85.69,0.29
2018-05-18 18:00:00,0.09,23.04,94.18,0.18
2018-05-18 19:00:00,0.06,22.41,96.4,0.18
2018-05-18 20:00:00,0.06,22.03,97.38,0.2
2018-05-18 21:00:00,0.07,21.82,97.92,0.22
2018-05-18 22:00:00,0.07,21.68,98.17,0.24
2018-05-18 23:00:00,0.06,21.55,98.21,0.25
2018-05-19 00:00:00,0.06,21.44,98.25,0.24
2018-05-19 01:00:00,0.05,21.27,98.83,0.22
2018-05-19 02:00:00,0.05,21.12,99.17,0.21
2018-05-19 03:00:00,0.05,20.98,99.47,0.21
2018-05-19 04:00:00,0.04,20.92,99.5,0.21
2018-05-19 05:00:00,0.03,20.86,99.47,0.21
2018-05-19 06:00:00,0.03,21.66,97.72,0.3
2018-05-19 07:00:00,0.02,22.86,93.53,0.39
2018-05-19 08:00:00,0.02,24.55,81.85,0.41
2018-05-19 09:00:00,0.02,26.61,70.78,0.4
2018-05-19 10:00:00,0.02,28.1,64.33,0.43
2018-05-19 11:00:00,0.03,29.02,60.35,0.46
2018-05-19 12:00:00,0.04,29.44,58.14,0.51
2018-05-19 13:00:00,0.05,29.45,57.95,0.56
2018-05-19 14:00:00,0.06,28.83,60.44,0.61
2018-05-19 15:00:00,0.07,27.64,66.82,0.66
2018-05-19 16:00:00,0.09,26.14,75.97,0.64
2018-05-19 17:00:00,0.1,24.67,86.02,0.54
2018-05-19 18:00:00,0.09,23.71,92.94,0.45
2018-05-19 19:00:00,0.09,23.42,95.0,0.42
2018-05-19 20:00:00,0.1,23.28,96.02,0.39
2018-05-19 21:00:00,0.1,23.16,96.43,0.38
2018-05-19 22:00:00,0.1,23.0,96.58,0.39
2018-05-19 23:00:00,0.1,22.84,96.83,0.4
2018-05-20 00:00:00,0.09,22.71,97.03,0.4
2018-05-20 01:00:00,0.09,22.62,97.21,0.4
2018-05-20 02:00:00,0.08,22.51,97.18,0.36
2018-05-20 03:00:00,0.06,22.36,97.48,0.32
2018-05-20 04:00:00,0.05,22.25,97.74,0.29
2018-05-20 05:00:00,0.04,22.18,97.89,0.27
2018-05-20 06:00:00,0.04,22.51,96.87,0.33
2018-05-20 07:00:00,0.04,23.15,93.78,0.41
2018-05-20 08:00:00,0.18,24.06,87.7,0.48
2018-05-20 09:00:00,0.2,25.23,80.88,0.53
2018-05-20 10:00:00,0.25,26.16,75.87,0.59
2018-05-20 11:00:00,0.31,26.62,73.01,0.65
2018-05-20 12:00:00,0.3,26.76,72.18,0.7
2018-05-20 13:00:00,0.34,26.67,72.76,0.75
2018-05-20 14:00:00,0.34,26.4,73.76,0.76
2018-05-20 15:00:00,0.46,25.72,77.65,0.73
2018-05-20 16:00:00,0.48,24.68,84.88,0.66
2018-05-20 17:00:00,0.6,23.65,92.75,0.54
2018-05-20 18:00:00,0.56,23.12,96.51,0.45
2018-05-20 19:00:00,0.38,22.95,97.22,0.42
2018-05-20 20:00:00,0.3,22.61,96.84,0.44
2018-05-20 21:00:00,0.19,22.27,96.99,0.43
2018-05-20 22:00:00,0.13,22.04,97.14,0.42
2018-05-20 23:00:00,0.12,21.85,97.15,0.42
2018-05-21 00:00:00,0.11,21.7,97.0,0.42
2018-05-21 01:00:00,0.09,21.57,97.14,0.4
2018-05-21 02:00:00,0.08,21.52,97.63,0.33
2018-05-21 03:00:00,0.06,21.43,97.65,0.31
2018-05-21 04:00:00,0.05,21.4,98.04,0.29
2018-05-21 05:00:00,0.04,21.38,98.06,0.26
2018-05-21 06:00:00,0.04,21.67,97.32,0.3
2018-05-21 07:00:00,0.04,22.23,94.62,0.3
2018-05-21 08:00:00,0.04,22.99,89.31,0.3
2018-05-21 09:00:00,0.05,24.03,81.64,0.33
2018-05-21 10:00:00,0.07,24.76,77.24,0.38
2018-05-21 11:00:00,0.09,25.28,74.79,0.44
2018-05-21 12:00:00,0.13,25.5,74.13,0.48
2018-05-21 13:00:00,0.17,25.37,74.93,0.49
2018-05-21 14:00:00,0.2,25.01,76.2,0.47
2018-05-21 15:00:00,0.24,24.42,78.63,0.42
2018-05-21 16:00:00,0.24,23.6,83.29,0.33
2018-05-21 17:00:00,0.26,22.62,89.97,0.22
2018-05-21 18:00:00,0.22,21.84,94.51,0.14
2018-05-21 19:00:00,0.2,21.57,95.29,0.11
2018-05-21 20:00:00,0.18,21.37,95.4,0.12
2018-05-21 21:00:00,0.15,21.11,95.49,0.17
2018-05-21 22:00:00,0.17,20.78,96.24,0.2
2018-05-21 23:00:00,0.27,20.6,96.95,0.22
2018-05-22 00:00:00,0.38,20.65,97.59,0.25
2018-05-22 01:00:00,0.42,20.84,97.76,0.26
2018-05-22 02:00:00,0.41,20.98,97.91,0.24
2018-05-22 03:00:00,0.34,20.98,97.79,0.22
2018-05-22 04:00:00,0.29,20.88,97.75,0.21
2018-05-22 05:00:00,0.27,20.82,97.73,0.2
2018-05-22 06:00:00,0.26,21.16,96.88,0.22
2018-05-22 07:00:00,0.24,21.94,93.27,0.32
2018-05-22 08:00:00,0.03,23.43,82.39,0.41
2018-05-22 09:00:00,0.03,25.16,71.71,0.43
2018-05-22 10:00:00,0.03,26.48,66.32,0.44
2018-05-22 11:00:00,0.04,27.39,63.26,0.47
2018-05-22 12:00:00,0.04,27.86,61.93,0.51
2018-05-22 13:00:00,0.05,27.89,62.16,0.55
2018-05-22 14:00:00,0.07,27.59,63.62,0.58
2018-05-22 15:00:00,0.08,27.06,66.22,0.59
2018-05-22 16:00:00,0.08,26.05,72.15,0.55
2018-05-22 17:00:00,0.08,24.64,82.18,0.44
2018-05-22 18:00:00,0.07,23.33,91.58,0.3
2018-05-22 19:00:00,0.06,22.77,95.43,0.29
2018-05-22 20:00:00,0.04,22.52,96.88,0.29
2018-05-22 21:00:00,0.04,22.36,97.37,0.29
2018-05-22 22:00:00,0.04,22.26,97.75,0.29
2018-05-22 23:00:00,0.04,22.16,98.2,0.28
2018-05-23 00:00:00,0.05,22.12,98.36,0.29
2018-05-23 01:00:00,0.05,22.14,98.39,0.3
2018-05-23 02:00:00,0.05,22.18,98.37,0.32
2018-05-23 03:00:00,0.06,22.18,98.57,0.33
2018-05-23 04:00:00,0.05,22.26,98.71,0.34
2018-05-23 05:00:00,0.05,22.38,98.79,0.33
2018-05-23 06:00:00,0.05,22.8,98.05,0.38
2018-05-23 07:00:00,0.07,23.62,95.89,0.5
2018-05-23 08:00:00,0.08,24.44,92.14,0.62
2018-05-23 09:00:00,0.07,25.34,83.71,0.7
2018-05-23 10:00:00,0.08,26.06,78.53,0.74
2018-05-23 11:00:00,0.09,26.35,76.29,0.75
2018-05-23 12:00:00,0.08,26.23,77.61,0.75
2018-05-23 13:00:00,0.08,25.8,80.83,0.76
2018-05-23 14:00:00,0.09,25.26,85.13,0.75
2018-05-23 15:00:00,0.1,24.7,89.65,0.69
2018-05-23 16:00:00,0.12,24.26,93.79,0.61
2018-05-23 17:00:00,0.13,23.96,96.26,0.49
2018-05-23 18:00:00,0.13,23.63,97.9,0.43
2018-05-23 19:00:00,0.13,23.58,98.04,0.44
2018-05-23 20:00:00,0.13,23.53,98.01,0.45
2018-05-23 21:00:00,0.13,23.42,98.03,0.47
2018-05-23 22:00:00,0.15,23.34,98.03,0.53
2018-05-23 23:00:00,0.16,23.28,98.17,0.53
2018-05-24 00:00:00,0.18,23.25,98.22,0.51
2018-05-24 01:00:00,0.21,23.21,98.19,0.53
2018-05-24 02:00:00,0.23,23.14,98.23,0.44
2018-05-24 03:00:00,0.24,23.04,98.22,0.35
2018-05-24 04:00:00,0.17,22.87,98.19,0.29
2018-05-24 05:00:00,0.11,22.64,97.99,0.27
2018-05-24 06:00:00,0.06,22.58,97.3,0.31
2018-05-24 07:00:00,0.04,22.92,95.53,0.41
2018-05-24 08:00:00,0.24,23.46,91.67,0.53
2018-05-24 09:00:00,0.32,24.21,86.66,0.6
2018-05-24 10:00:00,0.44,25.06,81.78,0.66
2018-05-24 11:00:00,0.6,25.73,78.31,0.71
2018-05-24 12:00:00,0.69,26.05,76.8,0.74
2018-05-24 13:00:00,0.95,26.11,76.7,0.74
2018-05-24 14:00:00,1.02,25.8,78.34,0.7
2018-05-24 15:00:00,0.89,25.2,81.79,0.63
2018-05-24 16:00:00,0.93,24.43,87.22,0.53
2018-05-24 17:00:00,0.79,23.55,93.2,0.41
2018-05-24 18:00:00,0.62,22.88,95.84,0.34
2018-05-24 19:00:00,0.53,22.52,96.56,0.32
2018-05-24 20:00:00,0.58,22.31,97.09,0.3
2018-05-24 21:00:00,0.73,22.17,97.41,0.3
2018-05-24 22:00:00,0.86,22.03,97.58,0.3
2018-05-24 23:00:00,0.98,21.92,97.67,0.34
2018-05-25 00:00:00,1.01,21.91,97.92,0.36
2018-05-25 01:00:00,1.01,21.98,98.35,0.36
2018-05-25 02:00:00,0.94,22.01,98.87,0.31
2018-05-25 03:00:00,0.93,21.96,99.44,0.29
2018-05-25 04:00:00,0.99,21.99,99.69,0.35
2018-05-25 05:00:00,1.13,22.13,99.3,0.45
2018-05-25 06:00:00,1.31,22.37,98.97,0.38
2018-05-25 07:00:00,1.52,23.02,97.9,0.27
2018-05-25 08:00:00,0.21,23.6,96.58,0.3
2018-05-25 09:00:00,0.23,24.36,93.08,0.45
2018-05-25 10:00:00,0.24,25.29,84.67,0.66
2018-05-25 11:00:00,0.24,25.8,77.99,0.76
2018-05-25 12:00:00,0.23,25.65,77.24,0.83
2018-05-25 13:00:00,0.2,25.35,78.42,0.94
2018-05-25 14:00:00,0.18,25.05,80.29,0.97
2018-05-25 15:00:00,0.18,24.66,83.19,0.92
2018-05-25 16:00:00,0.2,24.04,87.97,0.85
2018-05-25 17:00:00,0.25,23.29,93.3,0.78
2018-05-25 18:00:00,0.29,22.78,96.9,0.64
2018-05-25 19:00:00,0.32,22.55,98.02,0.59
2018-05-25 20:00:00,0.34,22.41,98.36,0.59
2018-05-25 21:00:00,0.33,22.31,98.75,0.6
2018-05-25 22:00:00,0.33,22.3,98.68,0.7
2018-05-25 23:00:00,0.34,22.4,98.13,0.81
2018-05-26 00:00:00,0.34,22.35,98.29,0.9
2018-05-26 01:00:00,0.34,22.13,99.3,0.89
2018-05-26 02:00:00,0.35,21.98,99.99,0.82
2018-05-26 03:00:00,0.34,22.04,99.55,0.77
2018-05-26 04:00:00,0.3,22.09,99.12,0.7
2018-05-26 05:00:00,0.26,22.08,98.84,0.61
2018-05-26 06:00:00,0.24,22.31,98.13,0.59
2018-05-26 07:00:00,0.24,22.96,96.48,0.58
2018-05-26 08:00:00,0.29,24.09,90.22,0.68
2018-05-26 09:00:00,0.28,25.24,81.34,0.77
2018-05-26 10:00:00,0.28,25.78,77.38,0.81
2018-05-26 11:00:00,0.3,25.97,76.55,0.83
2018-05-26 12:00:00,0.32,26.07,76.85,0.83
2018-05-26 13:00:00,0.37,25.89,79.0,0.84
2018-05-26 14:00:00,0.46,25.51,82.22,0.85
2018-05-26 15:00:00,0.54,24.88,86.77,0.84
2018-05-26 16:00:00,0.58,24.17,92.19,0.82
2018-05-26 17:00:00,0.67,23.65,96.2,0.75
2018-05-26 18:00:00,0.8,23.24,98.15,0.71
2018-05-26 19:00:00,0.86,23.08,98.39,0.71
2018-05-26 20:00:00,0.68,22.96,98.56,0.69
2018-05-26 21:00:00,0.42,22.83,98.74,0.69
2018-05-26 22:00:00,0.33,22.71,98.7,0.72
2018-05-26 23:00:00,0.3,22.52,98.72,0.75
2018-05-27 00:00:00,0.27,22.31,98.82,0.76
2018-05-27 01:00:00,0.25,22.11,98.92,0.77
2018-05-27 02:00:00,0.21,21.9,99.1,0.72
2018-05-27 03:00:00,0.16,21.74,99.29,0.68
2018-05-27 04:00:00,0.14,21.7,99.28,0.59
2018-05-27 05:00:00,0.1,21.77,99.08,0.53
2018-05-27 06:00:00,0.09,22.03,98.43,0.49
2018-05-27 07:00:00,0.06,22.4,97.65,0.51
2018-05-27 08:00:00,0.49,23.07,96.14,0.57
2018-05-27 09:00:00,0.37,23.87,92.72,0.67
2018-05-27 10:00:00,0.36,24.63,88.7,0.81
2018-05-27 11:00:00,0.39,25.29,85.45,0.92
2018-05-27 12:00:00,0.49,25.67,83.87,1.0
2018-05-27 13:00:00,0.6,25.67,84.05,1.01
2018-05-27 14:00:00,0.69,25.27,86.68,0.95
2018-05-27 15:00:00,0.68,24.83,89.75,0.86
2018-05-27 16:00:00,0.67,24.33,93.39,0.7
2018-05-27 17:00:00,0.67,23.9,95.85,0.53
2018-05-27 18:00:00,0.67,23.47,97.53,0.39
2018-05-27 19:00:00,0.56,23.17,98.03,0.35
2018-05-27 20:00:00,0.47,22.95,98.18,0.35
2018-05-27 21:00:00,0.38,22.73,98.21,0.34
2018-05-27 22:00:00,0.54,22.57,98.48,0.33
2018-05-27 23:00:00,0.85,22.45,98.46,0.34
2018-05-28 00:00:00,1.6,22.29,98.33,0.39
2018-05-28 01:00:00,2.26,22.07,98.15,0.42
2018-05-28 02:00:00,2.97,21.86,98.43,0.42
2018-05-28 03:00:00,2.69,21.75,98.62,0.44
2018-05-28 04:00:00,2.74,21.72,98.9,0.47
2018-05-28 05:00:00,2.31,21.89,99.0,0.5
2018-05-28 06:00:00,1.12,22.56,98.1,0.61
2018-05-28 07:00:00,0.72,23.54,96.39,0.68
2018-05-28 08:00:00,0.33,24.42,93.24,0.81
2018-05-28 09:00:00,0.32,24.95,89.36,0.9
2018-05-28 10:00:00,0.39,25.05,88.29,0.9
2018-05-28 11:00:00,0.49,24.92,89.13,0.87
2018-05-28 12:00:00,0.61,24.78,89.9,0.84
2018-05-28 13:00:00,0.66,24.67,90.7,0.73
2018-05-28 14:00:00,0.69,24.54,92.11,0.76
2018-05-28 15:00:00,0.7,24.75,91.71,1.17
2018-05-28 16:00:00,0.7,24.66,91.04,1.65
2018-05-28 17:00:00,0.66,23.99,93.93,1.69
2018-05-28 18:00:00,0.59,23.58,95.3,1.55
2018-05-28 19:00:00,0.65,23.47,95.51,1.42
2018-05-28 20:00:00,0.81,23.48,95.8,1.3
2018-05-28 21:00:00,0.96,23.44,95.75,1.09
2018-05-28 22:00:00,1.06,23.23,96.16,0.94
2018-05-28 23:00:00,1.14,23.08,96.83,0.82
2018-05-29 00:00:00,1.16,23.09,97.39,0.68
2018-05-29 01:00:00,1.04,23.13,97.56,0.62
2018-05-29 02:00:00,0.88,23.13,97.52,0.6
2018-05-29 03:00:00,0.69,23.06,97.31,0.6
2018-05-29 04:00:00,0.57,22.9,97.13,0.55
2018-05-29 05:00:00,0.52,22.76,97.41,0.49
2018-05-29 06:00:00,0.49,22.88,97.07,0.6
2018-05-29 07:00:00,0.49,23.3,95.86,0.75
2018-05-29 08:00:00,0.48,23.87,93.2,0.89
2018-05-29 09:00:00,0.4,24.48,88.45,1.04
2018-05-29 10:00:00,0.48,24.97,84.96,1.16
2018-05-29 11:00:00,0.52,25.09,84.5,1.16
2018-05-29 12:00:00,0.52,25.11,84.9,1.11
2018-05-29 13:00:00,0.5,25.19,83.91,1.07
2018-05-29 14:00:00,0.47,24.98,84.01,1.02
2018-05-29 15:00:00,0.4,24.47,85.37,0.95
2018-05-29 16:00:00,0.37,23.76,88.42,0.83
2018-05-29 17:00:00,0.29,22.95,93.67,0.66
2018-05-29 18:00:00,0.21,22.47,96.61,0.53
2018-05-29 19:00:00,0.23,22.35,97.0,0.52
2018-05-29 20:00:00,0.27,22.36,97.33,0.54
2018-05-29 21:00:00,0.3,22.46,97.47,0.55
2018-05-29 22:00:00,0.32,22.51,97.33,0.59
2018-05-29 23:00:00,0.34,22.42,97.05,0.62
2018-05-30 00:00:00,0.32,22.31,96.86,0.68
2018-05-30 01:00:00,0.33,22.23,96.92,0.71
2018-05-30 02:00:00,0.3,22.2,97.04,0.71
2018-05-30 03:00:00,0.29,22.18,97.02,0.71
2018-05-30 04:00:00,0.27,22.08,96.82,0.63
2018-05-30 05:00:00,0.24,21.96,96.75,0.56
2018-05-30 06:00:00,0.24,22.21,95.63,0.65
2018-05-30 07:00:00,0.24,22.84,92.63,0.75
2018-05-30 08:00:00,0.03,23.69,86.49,0.84
2018-05-30 09:00:00,0.04,24.58,81.24,0.92
2018-05-30 10:00:00,0.05,25.27,77.9,0.98
2018-05-30 11:00:00,0.06,25.84,75.52,1.02
2018-05-30 12:00:00,0.07,26.28,74.09,1.07
2018-05-30 13:00:00,0.09,26.18,74.56,1.09
2018-05-30 14:00:00,0.11,25.69,77.09,1.06
2018-05-30 15:00:00,0.1,25.07,80.35,0.98
2018-05-30 16:00:00,0.09,24.23,85.68,0.85
2018-05-30 17:00:00,0.07,23.37,91.47,0.64
2018-05-30 18:00:00,0.06,22.75,95.21,0.46
2018-05-30 19:00:00,0.06,22.54,96.03,0.42
2018-05-30 20:00:00,0.07,22.38,96.69,0.39
2018-05-30 21:00:00,0.07,22.28,97.2,0.38
2018-05-30 22:00:00,0.09,22.2,97.78,0.33
2018-05-30 23:00:00,0.09,22.18,97.73,0.34
2018-05-31 00:00:00,0.11,22.12,97.85,0.33
2018-05-31 01:00:00,0.1,22.07,97.85,0.32
2018-05-31 02:00:00,0.07,22.0,97.79,0.28
2018-05-31 03:00:00,0.05,21.83,97.64,0.25
2018-05-31 04:00:00,0.04,21.71,97.77,0.24
2018-05-31 05:00:00,0.03,21.7,97.53,0.24
2018-05-31 06:00:00,0.02,22.02,96.58,0.29
2018-05-31 07:00:00,0.02,22.68,92.47,0.42
2018-05-31 08:00:00,0.04,23.84,85.22,0.51
2018-05-31 09:00:00,0.05,25.11,79.13,0.59
2018-05-31 10:00:00,0.06,25.96,75.74,0.66
2018-05-31 11:00:00,0.08,26.33,74.44,0.71
2018-05-31 12:00:00,0.12,26.32,74.39,0.76
2018-05-31 13:00:00,0.13,26.05,75.88,0.77
2018-05-31 14:00:00,0.12,25.54,78.45,0.74
2018-05-31 15:00:00,0.09,24.95,82.02,0.68
2018-05-31 16:00:00,0.09,24.26,86.65,0.6
2018-05-31 17:00:00,0.08,23.45,92.33,0.47
2018-05-31 18:00:00,0.07,22.79,96.14,0.35
2018-05-31 19:00:00,0.06,22.52,97.0,0.33
2018-05-31 20:00:00,0.07,22.37,97.56,0.3
2018-05-31 21:00:00,0.07,22.28,97.85,0.28
2018-05-31 22:00:00,0.07,22.2,97.67,0.28
2018-05-31 23:00:00,0.08,22.1,98.06,0.27
2018-06-01 00:00:00,0.09,22.04,98.29,0.28
2018-06-01 01:00:00,0.09,22.01,98.13,0.29
2018-06-01 02:00:00,0.09,21.9,98.65,0.26
2018-06-01 03:00:00,0.1,21.85,98.79,0.25
2018-06-01 04:00:00,0.09,21.86,98.77,0.24
2018-06-01 05:00:00,0.1,21.83,98.84,0.23
2018-06-01 06:00:00,0.13,22.25,98.15,0.27
2018-06-01 07:00:00,0.18,22.99,95.89,0.37
2018-06-01 08:00:00,0.07,23.83,90.99,0.43
2018-06-01 09:00:00,0.09,25.11,82.86,0.46
2018-06-01 10:00:00,0.11,26.16,77.13,0.5
2018-06-01 11:00:00,0.13,26.88,73.42,0.55
2018-06-01 12:00:00,0.16,27.05,72.14,0.56
2018-06-01 13:00:00,0.15,26.91,72.85,0.58
2018-06-01 14:00:00,0.12,26.2,77.0,0.58
2018-06-01 15:00:00,0.1,25.35,82.5,0.58
2018-06-01 16:00:00,0.09,24.48,88.65,0.53
2018-06-01 17:00:00,0.07,23.73,94.21,0.42
2018-06-01 18:00:00,0.06,23.26,97.03,0.3
2018-06-01 19:00:00,0.04,23.03,97.99,0.29
2018-06-01 20:00:00,0.04,22.87,98.48,0.28
2018-06-01 21:00:00,0.03,22.71,98.89,0.27
2018-06-01 22:00:00,0.03,22.6,99.07,0.27
2018-06-01 23:00:00,0.02,22.51,99.18,0.3
2018-06-02 00:00:00,0.03,22.43,99.1,0.3
2018-06-02 01:00:00,0.03,22.39,98.89,0.31
2018-06-02 02:00:00,0.04,22.34,98.78,0.29
2018-06-02 03:00:00,0.04,22.25,99.01,0.27
2018-06-02 04:00:00,0.03,22.15,99.09,0.25
2018-06-02 05:00:00,0.03,22.0,99.28,0.24
2018-06-02 06:00:00,0.03,22.37,98.1,0.3
2018-06-02 07:00:00,0.04,23.05,95.09,0.37
2018-06-02 08:00:00,0.15,23.96,89.57,0.42
2018-06-02 09:00:00,0.18,24.95,82.85,0.46
2018-06-02 10:00:00,0.21,25.65,78.07,0.5
2018-06-02 11:00:00,0.22,25.96,77.21,0.56
2018-06-02 12:00:00,0.25,25.99,78.66,0.65
2018-06-02 13:00:00,0.27,25.73,81.72,0.72
2018-06-02 14:00:00,0.26,25.31,85.54,0.74
2018-06-02 15:00:00,0.23,24.86,89.5,0.73
2018-06-02 16:00:00,0.19,24.29,94.12,0.63
2018-06-02 17:00:00,0.17,23.96,96.49,0.54
2018-06-02 18:00:00,0.14,23.69,97.55,0.47
2018-06-02 19:00:00,0.12,23.57,97.83,0.47
2018-06-02 20:00:00,0.12,23.48,97.97,0.48
2018-06-02 21:00:00,0.12,23.38,98.09,0.49
2018-06-02 22:00:00,0.1,23.28,98.06,0.51
2018-06-02 23:00:00,0.08,23.13,98.02,0.49
2018-06-03 00:00:00,0.08,22.94,97.88,0.51
2018-06-03 01:00:00,0.08,22.7,98.16,0.47
2018-06-03 02:00:00,0.08,22.49,98.34,0.41
2018-06-03 03:00:00,0.09,22.3,98.49,0.35
2018-06-03 04:00:00,0.11,22.14,98.54,0.35
2018-06-03 05:00:00,0.1,22.07,98.61,0.34
2018-06-03 06:00:00,0.1,22.28,97.91,0.42
2018-06-03 07:00:00,0.1,22.68,96.44,0.53
2018-06-03 08:00:00,0.61,23.13,93.95,0.61
2018-06-03 09:00:00,0.61,23.69,90.13,0.71
2018-06-03 10:00:00,0.54,24.29,86.42,0.81
2018-06-03 11:00:00,0.49,24.68,84.21,0.88
2018-06-03 12:00:00,0.48,24.95,82.04,0.9
2018-06-03 13:00:00,0.63,25.14,81.31,0.84
2018-06-03 14:00:00,0.75,24.67,83.93,0.72
2018-06-03 15:00:00,0.79,23.93,88.8,0.62
2018-06-03 16:00:00,0.73,23.35,93.34,0.49
2018-06-03 17:00:00,0.63,22.95,96.18,0.38
2018-06-03 18:00:00,0.63,22.56,97.14,0.34
2018-06-03 19:00:00,0.59,22.39,97.45,0.36
2018-06-03 20:00:00,0.61,22.3,97.7,0.36
2018-06-03 21:00:00,0.56,22.25,98.02,0.36
2018-06-03 22:00:00,0.64,22.24,98.22,0.36
2018-06-03 23:00:00,0.76,22.24,98.39,0.37
2018-06-04 00:00:00,0.86,22.32,98.29,0.4
2018-06-04 01:00:00,1.02,22.38,98.53,0.4
2018-06-04 02:00:00,0.9,22.38,98.76,0.36
2018-06-04 03:00:00,0.61,22.43,98.66,0.36
2018-06-04 04:00:00,0.4,22.45,98.87,0.35
2018-06-04 05:00:00,0.46,22.51,98.92,0.35
2018-06-04 06:00:00,0.38,22.84,98.48,0.44
2018-06-04 07:00:00,0.43,23.4,97.5,0.58
2018-06-04 08:00:00,0.49,24.03,96.06,0.65
2018-06-04 09:00:00,0.54,24.58,92.54,0.72
2018-06-04 10:00:00,0.49,24.99,86.12,0.75
2018-06-04 11:00:00,0.53,25.26,82.46,0.74
2018-06-04 12:00:00,0.42,25.41,79.96,0.75
2018-06-04 13:00:00,0.4,25.27,79.4,0.78
2018-06-04 14:00:00,0.47,24.91,80.38,0.78
2018-06-04 15:00:00,0.57,24.38,82.82,0.73
2018-06-04 16:00:00,0.88,23.66,87.05,0.63
2018-06-04 17:00:00,0.93,22.8,92.89,0.49
2018-06-04 18:00:00,0.59,22.11,95.62,0.4
2018-06-04 19:00:00,0.46,21.82,96.78,0.36
2018-06-04 20:00:00,0.41,21.7,97.43,0.31
2018-06-04 21:00:00,0.4,21.6,97.78,0.3
2018-06-04 22:00:00,0.44,21.54,98.08,0.28
2018-06-04 23:00:00,0.58,21.54,98.38,0.3
2018-06-05 00:00:00,0.57,21.62,98.33,0.33
2018-06-05 01:00:00,0.47,21.67,98.37,0.35
2018-06-05 02:00:00,0.36,21.66,98.39,0.35
2018-06-05 03:00:00,0.27,21.65,98.39,0.34
2018-06-05 04:00:00,0.19,21.63,98.42,0.32
2018-06-05 05:00:00,0.14,21.65,98.46,0.31
2018-06-05 06:00:00,0.12,22.08,97.66,0.36
2018-06-05 07:00:00,0.13,22.8,95.11,0.48
2018-06-05 08:00:00,0.03,23.66,89.34,0.6
2018-06-05 09:00:00,0.05,24.74,82.02,0.65
2018-06-05 10:00:00,0.08,25.41,78.57,0.68
2018-06-05 11:00:00,0.12,25.75,76.65,0.69
2018-06-05 12:00:00,0.16,25.83,76.11,0.69
2018-06-05 13:00:00,0.16,25.75,76.74,0.67
2018-06-05 14:00:00,0.13,25.41,78.28,0.62
2018-06-05 15:00:00,0.1,24.78,80.65,0.54
2018-06-05 16:00:00,0.1,23.96,85.27,0.46
2018-06-05 17:00:00,0.06,23.03,92.1,0.38
2018-06-05 18:00:00,0.03,22.48,95.98,0.33
2018-06-05 19:00:00,0.03,22.31,96.79,0.33
2018-06-05 20:00:00,0.02,22.18,97.18,0.33
2018-06-05 21:00:00,0.03,22.07,97.43,0.34
2018-06-05 22:00:00,0.03,22.01,97.48,0.34
2018-06-05 23:00:00,0.04,21.88,97.18,0.34
2018-06-06 00:00:00,0.06,21.75,97.62,0.34
2018-06-06 01:00:00,0.08,21.67,97.72,0.34
2018-06-06 02:00:00,0.1,21.45,97.21,0.32
2018-06-06 03:00:00,0.12,21.12,96.93,0.26
2018-06-06 04:00:00,0.11,20.91,96.75,0.14
2018-06-06 05:00:00,0.11,20.56,96.54,0.06
2018-06-06 06:00:00,0.08,20.81,95.18,0.15
2018-06-06 07:00:00,0.11,21.78,88.61,0.31
2018-06-06 08:00:00,0.09,23.46,80.26,0.49
2018-06-06 09:00:00,0.1,24.85,75.81,0.63
2018-06-06 10:00:00,0.12,25.72,73.66,0.73
2018-06-06 11:00:00,0.15,26.21,72.26,0.8
2018-06-06 12:00:00,0.19,26.38,71.83,0.84
2018-06-06 13:00:00,0.25,26.21,72.69,0.86
2018-06-06 14:00:00,0.3,25.73,74.75,0.84
2018-06-06 15:00:00,0.33,25.01,78.06,0.78
2018-06-06 16:00:00,0.36,24.16,82.74,0.69
2018-06-06 17:00:00,0.44,23.2,89.83,0.53
2018-06-06 18:00:00,0.5,22.4,95.71,0.39
2018-06-06 19:00:00,0.55,22.14,97.36,0.39
2018-06-06 20:00:00,0.51,22.04,97.89,0.38
2018-06-06 21:00:00,0.55,21.92,98.01,0.38
2018-06-06 22:00:00,0.59,21.84,98.12,0.4
2018-06-06 23:00:00,0.51,21.82,98.01,0.41
2018-06-07 00:00:00,0.47,21.79,97.88,0.41
2018-06-07 01:00:00,0.63,21.71,97.9,0.41
2018-06-07 02:00:00,0.7,21.65,98.05,0.37
2018-06-07 03:00:00,0.73,21.65,98.38,0.34
2018-06-07 04:00:00,0.75,21.74,98.6,0.32
2018-06-07 05:00:00,0.69,21.89,98.62,0.33
2018-06-07 06:00:00,0.56,22.41,97.75,0.46
2018-06-07 07:00:00,0.38,23.23,95.7,0.6
2018-06-07 08:00:00,0.38,24.09,90.08,0.72
2018-06-07 09:00:00,0.28,24.84,82.92,0.78
2018-06-07 10:00:00,0.21,25.3,79.47,0.79
2018-06-07 11:00:00,0.17,25.58,77.53,0.8
2018-06-07 12:00:00,0.17,25.71,76.35,0.81
2018-06-07 13:00:00,0.19,25.62,76.79,0.82
2018-06-07 14:00:00,0.19,25.38,78.26,0.82
2018-06-07 15:00:00,0.23,24.81,81.22,0.82
2018-06-07 16:00:00,0.43,24.05,85.41,0.74
2018-06-07 17:00:00,0.45,23.15,92.58,0.59
2018-06-07 18:00:00,0.53,22.55,96.43,0.5
2018-06-07 19:00:00,0.7,22.4,97.3,0.53
2018-06-07 20:00:00,0.82,22.48,97.29,0.6
2018-06-07 21:00:00,0.76,22.55,97.55,0.63
2018-06-07 22:00:00,0.72,22.62,97.37,0.66
2018-06-07 23:00:00,0.71,22.63,97.22,0.69
2018-06-08 00:00:00,0.72,22.65,97.29,0.74
2018-06-08 01:00:00,0.73,22.72,97.36,0.78
2018-06-08 02:00:00,0.76,22.77,97.26,0.8
2018-06-08 03:00:00,0.79,22.79,97.31,0.83
2018-06-08 04:00:00,0.85,22.76,96.91,0.83
2018-06-08 05:00:00,0.91,22.74,96.99,0.81
2018-06-08 06:00:00,1.1,22.96,96.59,0.83
2018-06-08 07:00:00,1.24,23.63,95.06,0.9
2018-06-08 08:00:00,0.6,24.52,89.45,1.02
2018-06-08 09:00:00,0.55,25.45,82.77,1.12
2018-06-08 10:00:00,0.58,25.87,80.02,1.15
2018-06-08 11:00:00,0.63,26.11,78.16,1.2
2018-06-08 12:00:00,0.69,26.15,77.42,1.24
2018-06-08 13:00:00,0.68,26.08,76.84,1.26
2018-06-08 14:00:00,0.64,25.64,78.48,1.23
2018-06-08 15:00:00,0.59,24.99,82.39,1.16
2018-06-08 16:00:00,0.59,24.28,87.66,1.06
2018-06-08 17:00:00,0.51,23.53,93.79,0.93
2018-06-08 18:00:00,0.5,23.2,95.78,0.86
2018-06-08 19:00:00,0.52,23.01,95.95,0.84
2018-06-08 20:00:00,0.58,22.99,96.47,0.81
2018-06-08 21:00:00,0.62,23.05,96.77,0.8
2018-06-08 22:00:00,0.63,23.12,96.78,0.81
2018-06-08 23:00:00,0.64,23.14,96.71,0.85
2018-06-09 00:00:00,0.55,23.13,96.64,0.92
2018-06-09 01:00:00,0.47,23.14,96.62,0.99
2018-06-09 02:00:00,0.43,23.1,96.46,1.0
2018-06-09 03:00:00,0.38,22.98,96.03,0.98
2018-06-09 04:00:00,0.36,22.82,96.08,0.97
2018-06-09 05:00:00,0.37,22.82,95.96,0.98
2018-06-09 06:00:00,0.41,23.07,95.17,1.06
2018-06-09 07:00:00,0.46,23.66,92.53,1.16
2018-06-09 08:00:00,0.66,24.38,86.7,1.3
2018-06-09 09:00:00,0.61,25.08,82.25,1.37
2018-06-09 10:00:00,0.69,25.38,80.55,1.44
2018-06-09 11:00:00,0.79,25.25,81.62,1.51
2018-06-09 12:00:00,0.87,25.17,82.85,1.51
2018-06-09 13:00:00,0.9,24.79,84.6,1.48
2018-06-09 14:00:00,0.82,24.35,87.11,1.4
2018-06-09 15:00:00,0.71,23.92,89.48,1.26
2018-06-09 16:00:00,0.78,23.48,92.82,1.1
2018-06-09 17:00:00,0.71,23.09,93.85,0.99
2018-06-09 18:00:00,0.76,22.62,95.31,0.86
2018-06-09 19:00:00,0.76,22.57,96.16,0.76
2018-06-09 20:00:00,0.76,22.56,96.54,0.65
2018-06-09 21:00:00,0.74,22.62,97.28,0.58
2018-06-09 22:00:00,0.69,22.82,97.76,0.57
2018-06-09 23:00:00,0.67,23.06,97.99,0.64
2018-06-10 00:00:00,0.59,23.27,97.94,0.7
2018-06-10 01:00:00,0.54,23.37,97.81,0.7
2018-06-10 02:00:00,0.56,23.39,97.69,0.68
2018-06-10 03:00:00,0.56,23.34,97.46,0.66
2018-06-10 04:00:00,0.59,23.29,97.52,0.7
2018-06-10 05:00:00,0.66,23.27,97.48,0.69
2018-06-10 06:00:00,0.62,23.42,97.06,0.77
2018-06-10 07:00:00,0.57,23.73,96.06,0.86
2018-06-10 08:00:00,0.82,24.16,94.58,0.95
2018-06-10 09:00:00,0.66,24.55,90.39,1.04
2018-06-10 10:00:00,0.59,24.88,85.64,1.13
2018-06-10 11:00:00,0.58,25.27,82.08,1.17
2018-06-10 12:00:00,0.63,25.42,80.78,1.16
2018-06-10 13:00:00,0.74,25.43,80.59,1.14
2018-06-10 14:00:00,0.73,25.3,80.69,1.14
2018-06-10 15:00:00,0.74,24.93,82.66,1.09
2018-06-10 16:00:00,0.85,24.29,88.01,0.98
2018-06-10 17:00:00,0.98,23.58,94.29,0.84
2018-06-10 18:00:00,0.98,23.35,96.62,0.73
2018-06-10 19:00:00,1.05,23.32,96.76,0.72
2018-06-10 20:00:00,1.06,23.32,96.86,0.73
2018-06-10 21:00:00,0.99,23.28,96.86,0.75
2018-06-10 22:00:00,0.87,23.24,96.77,0.81
2018-06-10 23:00:00,0.81,23.08,96.73,0.82
2018-06-11 00:00:00,0.83,22.85,96.5,0.82
2018-06-11 01:00:00,0.77,22.68,96.64,0.8
2018-06-11 02:00:00,0.88,22.59,96.76,0.78
2018-06-11 03:00:00,0.92,22.48,96.61,0.79
2018-06-11 04:00:00,0.95,22.37,96.71,0.82
2018-06-11 05:00:00,0.9,22.35,96.78,0.81
2018-06-11 06:00:00,0.82,22.65,95.9,0.9
2018-06-11 07:00:00,0.77,23.33,92.47,1.03
2018-06-11 08:00:00,0.68,24.4,85.13,1.16
2018-06-11 09:00:00,0.67,25.28,80.01,1.24
2018-06-11 10:00:00,0.71,25.85,76.79,1.3
2018-06-11 11:00:00,0.76,26.16,75.51,1.31
2018-06-11 12:00:00,0.93,26.03,76.07,1.31
2018-06-11 13:00:00,1.0,25.65,77.71,1.28
2018-06-11 14:00:00,0.96,25.16,80.19,1.22
2018-06-11 15:00:00,1.05,24.58,83.76,1.11
2018-06-11 16:00:00,1.11,23.9,88.98,1.0
2018-06-11 17:00:00,1.19,23.28,94.19,0.86
2018-06-11 18:00:00,1.05,22.97,95.97,0.79
2018-06-11 19:00:00,1.05,22.86,96.47,0.79
2018-06-11 20:00:00,0.99,22.82,96.77,0.78
2018-06-11 21:00:00,0.92,22.83,97.03,0.73
2018-06-11 22:00:00,0.88,22.75,97.18,0.68
2018-06-11 23:00:00,0.86,22.63,97.15,0.68
2018-06-12 00:00:00,0.82,22.52,97.23,0.68
2018-06-12 01:00:00,0.83,22.41,97.25,0.68
2018-06-12 02:00:00,0.76,22.3,97.31,0.68
2018-06-12 03:00:00,0.8,22.26,97.22,0.75
2018-06-12 04:00:00,0.85,22.22,97.33,0.75
2018-06-12 05:00:00,0.94,22.24,97.35,0.71
2018-06-12 06:00:00,1.01,22.52,96.46,0.79
2018-06-12 07:00:00,0.99,23.12,94.32,0.88
2018-06-12 08:00:00,0.85,23.96,88.37,1.06
2018-06-12 09:00:00,0.76,24.66,83.37,1.13
2018-06-12 10:00:00,0.7,25.23,79.97,1.17
2018-06-12 11:00:00,0.66,25.78,77.22,1.16
2018-06-12 12:00:00,0.59,26.06,76.02,1.14
2018-06-12 13:00:00,0.56,25.97,76.25,1.11
2018-06-12 14:00:00,0.59,25.59,77.82,1.09
2018-06-12 15:00:00,0.56,25.0,81.18,1.03
2018-06-12 16:00:00,0.62,24.25,85.98,0.96
2018-06-12 17:00:00,0.58,23.27,92.88,0.81
2018-06-12 18:00:00,0.5,22.59,96.32,0.66
2018-06-12 19:00:00,0.44,22.27,96.76,0.61
2018-06-12 20:00:00,0.44,22.18,96.97,0.61
2018-06-12 21:00:00,0.44,22.15,96.69,0.63
2018-06-12 22:00:00,0.46,22.08,96.49,0.63
2018-06-12 23:00:00,0.43,22.0,96.48,0.6
2018-06-13 00:00:00,0.43,21.92,96.16,0.61
2018-06-13 01:00:00,0.46,21.82,96.31,0.58
2018-06-13 02:00:00,0.47,21.69,96.31,0.54
2018-06-13 03:00:00,0.45,21.56,96.49,0.53
2018-06-13 04:00:00,0.41,21.45,96.64,0.5
2018-06-13 05:00:00,0.4,21.39,96.75,0.47
2018-06-13 06:00:00,0.41,21.71,96.01,0.52
2018-06-13 07:00:00,0.45,22.4,93.46,0.59
2018-06-13 08:00:00,0.78,23.26,89.48,0.71
2018-06-13 09:00:00,0.87,24.08,85.87,0.84
2018-06-13 10:00:00,0.96,24.74,82.86,0.92
2018-06-13 11:00:00,1.13,24.98,81.55,0.97
2018-06-13 12:00:00,1.15,24.79,82.43,1.01
2018-06-13 13:00:00,1.23,24.38,84.1,1.04
2018-06-13 14:00:00,1.19,23.79,85.87,1.07
2018-06-13 15:00:00,1.24,23.08,87.86,1.06
2018-06-13 16:00:00,1.33,22.53,91.77,0.95
2018-06-13 17:00:00,1.7,22.08,94.14,0.72
2018-06-13 18:00:00,1.51,21.52,95.6,0.48
2018-06-13 19:00:00,1.49,21.22,96.33,0.38
2018-06-13 20:00:00,1.43,21.08,96.91,0.35
2018-06-13 21:00:00,1.17,21.06,97.16,0.35
2018-06-13 22:00:00,1.01,21.11,97.44,0.35
2018-06-13 23:00:00,0.9,21.2,97.61,0.37
2018-06-14 00:00:00,0.98,21.26,97.69,0.39
2018-06-14 01:00:00,1.06,21.32,97.67,0.42
2018-06-14 02:00:00,1.07,21.32,97.57,0.47
2018-06-14 03:00:00,0.95,21.29,97.34,0.52
2018-06-14 04:00:00,0.78,21.21,97.04,0.56
2018-06-14 05:00:00,0.66,21.09,96.81,0.56
2018-06-14 06:00:00,0.44,21.23,95.46,0.67
2018-06-14 07:00:00,0.34,21.73,91.8,0.78
2018-06-14 08:00:00,0.17,22.49,86.07,0.85
2018-06-14 09:00:00,0.15,23.16,81.46,0.87
2018-06-14 10:00:00,0.15,23.57,79.13,0.88
2018-06-14 11:00:00,0.15,23.87,78.16,0.91
2018-06-14 12:00:00,0.22,24.12,77.47,0.94
2018-06-14 13:00:00,0.25,24.23,77.45,0.94
2018-06-14 14:00:00,0.3,24.08,78.91,0.89
2018-06-14 15:00:00,0.36,23.65,81.53,0.83
2018-06-14 16:00:00,0.39,22.93,86.26,0.74
2018-06-14 17:00:00,0.29,22.21,92.22,0.59
2018-06-14 18:00:00,0.23,21.71,95.8,0.47
2018-06-14 19:00:00,0.23,21.47,96.49,0.41
2018-06-14 20:00:00,0.24,21.16,96.72,0.32
2018-06-14 21:00:00,0.27,20.84,96.69,0.21
2018-06-14 22:00:00,0.34,20.44,97.26,0.09
2018-06-14 23:00:00,0.44,20.08,97.95,0.04
2018-06-15 00:00:00,0.59,19.8,98.36,0.09
2018-06-15 01:00:00,0.68,19.68,98.89,0.13
2018-06-15 02:00:00,0.82,19.81,99.65,0.14
2018-06-15 03:00:00,0.82,20.27,99.68,0.17
2018-06-15 04:00:00,0.73,20.69,99.26,0.23
2018-06-15 05:00:00,0.72,20.86,99.17,0.26
2018-06-15 06:00:00,0.67,21.47,97.87,0.34
2018-06-15 07:00:00,0.69,22.33,94.39,0.52
2018-06-15 08:00:00,0.02,23.54,86.6,0.65
2018-06-15 09:00:00,0.02,24.72,79.8,0.71
2018-06-15 10:00:00,0.02,25.5,76.52,0.79
2018-06-15 11:00:00,0.02,25.65,75.54,0.87
2018-06-15 12:00:00,0.02,25.48,76.09,0.88
2018-06-15 13:00:00,0.02,25.22,76.65,0.86
2018-06-15 14:00:00,0.02,24.68,78.53,0.79
2018-06-15 15:00:00,0.02,24.2,80.73,0.7
2018-06-15 16:00:00,0.03,23.62,83.92,0.58
2018-06-15 17:00:00,0.03,22.8,90.47,0.45
2018-06-15 18:00:00,0.03,22.0,96.0,0.3
2018-06-15 19:00:00,0.01,21.65,97.07,0.25
2018-06-15 20:00:00,0.01,21.46,97.66,0.17
2018-06-15 21:00:00,0.01,21.38,98.23,0.13
2018-06-15 22:00:00,0.01,21.3,98.47,0.13
2018-06-15 23:00:00,0.01,21.18,98.64,0.13
2018-06-16 00:00:00,0.02,21.02,98.35,0.16
2018-06-16 01:00:00,0.02,20.91,98.41,0.18
2018-06-16 02:00:00,0.03,20.88,98.84,0.21
2018-06-16 03:00:00,0.02,20.89,99.24,0.22
2018-06-16 04:00:00,0.02,20.87,98.84,0.25
2018-06-16 05:00:00,0.03,20.86,98.77,0.26
2018-06-16 06:00:00,0.03,21.39,97.13,0.32
2018-06-16 07:00:00,0.02,22.28,92.23,0.46
2018-06-16 08:00:00,0.11,23.17,85.26,0.55
2018-06-16 09:00:00,0.09,24.05,79.09,0.62
2018-06-16 10:00:00,0.13,24.54,76.21,0.68
2018-06-16 11:00:00,0.2,24.87,76.13,0.74
2018-06-16 12:00:00,0.24,25.06,75.27,0.79
2018-06-16 13:00:00,0.43,24.91,76.14,0.8
2018-06-16 14:00:00,0.47,24.49,77.76,0.78
2018-06-16 15:00:00,0.56,23.9,80.35,0.74
2018-06-16 16:00:00,0.85,23.09,84.3,0.65
2018-06-16 17:00:00,1.26,22.17,91.05,0.47
2018-06-16 18:00:00,1.51,21.34,96.13,0.33
2018-06-16 19:00:00,1.5,21.03,97.15,0.32
2018-06-16 20:00:00,1.17,20.84,97.51,0.3
2018-06-16 21:00:00,0.83,20.73,98.07,0.29
2018-06-16 22:00:00,0.57,20.69,98.19,0.3
2018-06-16 23:00:00,0.32,20.59,98.15,0.3
2018-06-17 00:00:00,0.12,20.44,98.12,0.29
2018-06-17 01:00:00,0.09,20.33,98.35,0.29
2018-06-17 02:00:00,0.13,20.33,98.87,0.28
2018-06-17 03:00:00,0.18,20.4,98.98,0.3
2018-06-17 04:00:00,0.2,20.43,98.82,0.32
2018-06-17 05:00:00,0.25,20.34,98.42,0.33
2018-06-17 06:00:00,0.44,20.73,97.27,0.45
2018-06-17 07:00:00,0.63,21.4,93.52,0.59
2018-06-17 08:00:00,0.04,22.47,85.16,0.66
2018-06-17 09:00:00,0.05,23.33,78.9,0.71
2018-06-17 10:00:00,0.07,23.67,75.71,0.75
2018-06-17 11:00:00,0.08,23.63,75.0,0.81
2018-06-17 12:00:00,0.08,23.49,75.98,0.85
2018-06-17 13:00:00,0.07,23.25,77.87,0.85
2018-06-17 14:00:00,0.06,22.97,79.78,0.84
2018-06-17 15:00:00,0.04,22.66,81.97,0.76
2018-06-17 16:00:00,0.03,22.17,85.5,0.63
2018-06-17 17:00:00,0.03,21.46,91.09,0.44
2018-06-17 18:00:00,0.04,20.78,94.96,0.29
2018-06-17 19:00:00,0.04,20.5,96.61,0.25
2018-06-17 20:00:00,0.03,20.35,97.25,0.2
2018-06-17 21:00:00,0.02,20.14,98.11,0.16
2018-06-17 22:00:00,0.02,20.03,98.86,0.14
2018-06-17 23:00:00,0.03,20.05,99.45,0.17
2018-06-18 00:00:00,0.02,20.25,99.19,0.24
2018-06-18 01:00:00,0.02,20.49,98.64,0.26
2018-06-18 02:00:00,0.01,20.57,98.36,0.25
2018-06-18 03:00:00,0.01,20.55,98.35,0.24
2018-06-18 04:00:00,0.01,20.53,98.5,0.23
2018-06-18 05:00:00,0.01,20.55,98.43,0.22
2018-06-18 06:00:00,0.01,21.08,96.44,0.28
2018-06-18 07:00:00,0.02,22.1,90.15,0.34
2018-06-18 08:00:00,0.37,23.23,81.06,0.37
2018-06-18 09:00:00,0.34,24.59,69.88,0.43
2018-06-18 10:00:00,0.29,25.41,62.61,0.53
2018-06-18 11:00:00,0.25,25.76,61.77,0.63
2018-06-18 12:00:00,0.23,25.76,64.39,0.71
2018-06-18 13:00:00,0.24,25.51,69.95,0.76
2018-06-18 14:00:00,0.25,25.0,76.57,0.77
2018-06-18 15:00:00,0.24,24.36,81.65,0.76
2018-06-18 16:00:00,0.26,23.61,86.24,0.71
2018-06-18 17:00:00,0.29,22.74,92.67,0.57
2018-06-18 18:00:00,0.27,21.99,96.44,0.45
2018-06-18 19:00:00,0.27,21.65,97.33,0.42
2018-06-18 20:00:00,0.25,21.49,98.11,0.38
2018-06-18 21:00:00,0.23,21.44,98.61,0.37
2018-06-18 22:00:00,0.25,21.43,98.67,0.39
2018-06-18 23:00:00,0.29,21.4,98.63,0.41
2018-06-19 00:00:00,0.32,21.33,98.63,0.43
2018-06-19 01:00:00,0.35,21.25,98.63,0.44
2018-06-19 02:00:00,0.35,21.15,98.61,0.44
2018-06-19 03:00:00,0.37,21.05,98.74,0.44
2018-06-19 04:00:00,0.39,20.99,98.89,0.44
2018-06-19 05:00:00,0.38,20.99,98.75,0.45
2018-06-19 06:00:00,0.41,21.5,97.26,0.62
2018-06-19 07:00:00,0.38,22.31,93.82,0.8
2018-06-19 08:00:00,0.65,23.54,86.06,0.9
2018-06-19 09:00:00,0.65,24.63,80.29,0.99
2018-06-19 10:00:00,0.72,25.37,77.06,1.06
2018-06-19 11:00:00,0.77,25.81,75.37,1.12
2018-06-19 12:00:00,0.84,26.0,74.38,1.15
2018-06-19 13:00:00,0.83,25.92,74.68,1.16
2018-06-19 14:00:00,0.77,25.58,76.13,1.14
2018-06-19 15:00:00,0.7,24.89,79.18,1.05
2018-06-19 16:00:00,0.83,23.77,85.75,0.87
2018-06-19 17:00:00,0.88,22.79,93.76,0.65
2018-06-19 18:00:00,0.66,22.35,97.11,0.5
2018-06-19 19:00:00,0.72,22.24,97.43,0.45
2018-06-19 20:00:00,0.81,22.09,97.56,0.46
2018-06-19 21:00:00,0.89,21.92,97.66,0.48
2018-06-19 22:00:00,1.03,21.77,97.71,0.52
2018-06-19 23:00:00,1.22,21.72,97.89,0.57
2018-06-20 00:00:00,1.28,21.77,98.06,0.61
2018-06-20 01:00:00,1.33,21.89,98.28,0.64
2018-06-20 02:00:00,1.25,22.02,98.3,0.58
2018-06-20 03:00:00,1.22,22.09,98.44,0.52
2018-06-20 04:00:00,1.25,22.13,98.55,0.48
2018-06-20 05:00:00,1.34,22.14,98.37,0.47
2018-06-20 06:00:00,1.2,22.29,97.68,0.55
2018-06-20 07:00:00,1.07,22.68,95.72,0.68
2018-06-20 08:00:00,1.07,23.17,91.64,0.76
2018-06-20 09:00:00,1.1,23.67,87.08,0.85
2018-06-20 10:00:00,1.34,24.27,83.45,0.95
2018-06-20 11:00:00,1.28,24.64,81.15,1.03
2018-06-20 12:00:00,1.24,24.71,80.61,1.07
2018-06-20 13:00:00,1.24,24.5,81.45,1.07
2018-06-20 14:00:00,1.43,23.99,84.38,1.02
2018-06-20 15:00:00,1.31,23.47,88.52,0.93
2018-06-20 16:00:00,1.53,22.9,92.68,0.8
2018-06-20 17:00:00,1.16,22.47,95.93,0.61
2018-06-20 18:00:00,0.99,22.01,96.76,0.48
2018-06-20 19:00:00,0.9,21.63,97.15,0.43
2018-06-20 20:00:00,0.9,21.55,97.77,0.42
2018-06-20 21:00:00,0.94,21.6,97.93,0.43
2018-06-20 22:00:00,1.06,21.67,98.05,0.42
2018-06-20 23:00:00,1.08,21.72,98.15,0.42
2018-06-21 00:00:00,1.08,21.77,98.28,0.43
2018-06-21 01:00:00,1.09,21.87,98.4,0.43
2018-06-21 02:00:00,1.1,21.98,98.44,0.43
2018-06-21 03:00:00,1.05,21.92,98.15,0.4
2018-06-21 04:00:00,1.13,21.89,98.37,0.37
2018-06-21 05:00:00,1.22,21.87,98.28,0.34
2018-06-21 06:00:00,1.27,22.06,97.73,0.41
2018-06-21 07:00:00,1.24,22.55,96.05,0.55
2018-06-21 08:00:00,0.68,22.88,91.56,0.68
2018-06-21 09:00:00,0.69,23.55,86.11,0.77
2018-06-21 10:00:00,0.74,24.22,81.49,0.83
2018-06-21 11:00:00,0.72,24.73,78.6,0.88
2018-06-21 12:00:00,0.68,24.9,77.18,0.9
2018-06-21 13:00:00,0.75,24.76,77.64,0.92
2018-06-21 14:00:00,0.73,24.38,79.29,0.93
2018-06-21 15:00:00,0.85,23.69,82.53,0.9
2018-06-21 16:00:00,0.84,22.83,87.42,0.81
2018-06-21 17:00:00,0.63,22.0,93.19,0.65
2018-06-21 18:00:00,0.59,21.4,95.8,0.54
2018-06-21 19:00:00,0.45,21.13,96.76,0.49
2018-06-21 20:00:00,0.31,21.05,97.05,0.42
2018-06-21 21:00:00,0.2,20.92,97.27,0.41
2018-06-21 22:00:00,0.13,20.8,97.39,0.39
2018-06-21 23:00:00,0.09,20.67,97.52,0.4
2018-06-22 00:00:00,0.09,20.56,97.58,0.43
2018-06-22 01:00:00,0.11,20.44,97.59,0.41
2018-06-22 02:00:00,0.13,20.33,97.56,0.38
2018-06-22 03:00:00,0.16,20.27,97.6,0.34
2018-06-22 04:00:00,0.19,20.22,97.69,0.29
2018-06-22 05:00:00,0.26,20.22,97.68,0.25
2018-06-22 06:00:00,0.24,20.67,96.76,0.27
2018-06-22 07:00:00,0.23,21.45,93.1,0.4
2018-06-22 08:00:00,0.33,22.23,86.72,0.51
2018-06-22 09:00:00,0.4,23.15,80.31,0.58
2018-06-22 10:00:00,0.47,24.0,75.88,0.66
2018-06-22 11:00:00,0.58,24.6,73.58,0.73
2018-06-22 12:00:00,0.68,24.8,73.53,0.78
2018-06-22 13:00:00,0.49,24.8,74.63,0.81
2018-06-22 14:00:00,0.35,24.66,76.17,0.85
2018-06-22 15:00:00,0.35,24.19,78.76,0.85
2018-06-22 16:00:00,0.47,23.35,82.86,0.78
2018-06-22 17:00:00,0.51,22.23,89.99,0.58
2018-06-22 18:00:00,0.37,21.28,95.47,0.4
2018-06-22 19:00:00,0.37,20.92,97.01,0.37
2018-06-22 20:00:00,0.31,20.8,97.47,0.38
2018-06-22 21:00:00,0.34,20.65,97.72,0.38
2018-06-22 22:00:00,0.37,20.56,97.9,0.36
2018-06-22 23:00:00,0.36,20.45,97.91,0.35
2018-06-23 00:00:00,0.34,20.3,97.83,0.34
2018-06-23 01:00:00,0.31,20.14,97.7,0.31
2018-06-23 02:00:00,0.24,19.99,97.66,0.28
2018-06-23 03:00:00,0.18,19.92,97.71,0.25
2018-06-23 04:00:00,0.16,19.91,97.97,0.25
2018-06-23 05:00:00,0.12,19.98,98.27,0.23
2018-06-23 06:00:00,0.1,20.67,96.99,0.33
2018-06-23 07:00:00,0.08,21.65,92.39,0.54
2018-06-23 08:00:00,0.0,22.79,84.12,0.66
2018-06-23 09:00:00,0.0,23.95,77.36,0.69
2018-06-23 10:00:00,0.01,24.81,73.31,0.7
2018-06-23 11:00:00,0.01,25.37,71.04,0.72
2018-06-23 12:00:00,0.01,25.45,71.1,0.72
2018-06-23 13:00:00,0.01,25.26,72.27,0.75
2018-06-23 14:00:00,0.01,24.85,74.63,0.78
2018-06-23 15:00:00,0.01,24.23,78.36,0.79
2018-06-23 16:00:00,0.01,23.52,82.79,0.78
2018-06-23 17:00:00,0.01,22.57,89.92,0.63
2018-06-23 18:00:00,0.01,21.77,95.99,0.44
2018-06-23 19:00:00,0.02,21.5,97.33,0.38
2018-06-23 20:00:00,0.02,21.47,98.05,0.4
2018-06-23 21:00:00,0.03,21.61,98.03,0.42
2018-06-23 22:00:00,0.03,21.7,97.77,0.43
2018-06-23 23:00:00,0.03,21.66,97.82,0.41
2018-06-24 00:00:00,0.04,21.57,97.73,0.46
2018-06-24 01:00:00,0.03,21.34,97.34,0.45
2018-06-24 02:00:00,0.03,21.01,97.21,0.39
2018-06-24 03:00:00,0.02,20.69,97.28,0.34
2018-06-24 04:00:00,0.02,20.38,97.47,0.28
2018-06-24 05:00:00,0.02,20.1,97.71,0.23
2018-06-24 06:00:00,0.02,20.44,95.62,0.24
2018-06-24 07:00:00,0.02,21.31,89.18,0.3
2018-06-24 08:00:00,0.15,22.45,82.1,0.4
2018-06-24 09:00:00,0.17,23.35,79.14,0.47
2018-06-24 10:00:00,0.17,24.08,78.21,0.53
2018-06-24 11:00:00,0.18,24.64,78.09,0.61
2018-06-24 12:00:00,0.15,24.98,78.22,0.7
2018-06-24 13:00:00,0.13,25.12,78.76,0.77
2018-06-24 14:00:00,0.12,25.02,79.93,0.82
2018-06-24 15:00:00,0.12,24.68,81.38,0.82
2018-06-24 16:00:00,0.14,24.01,85.13,0.76
2018-06-24 17:00:00,0.17,23.06,92.48,0.6
2018-06-24 18:00:00,0.11,22.28,96.91,0.42
2018-06-24 19:00:00,0.08,21.91,97.48,0.39
2018-06-24 20:00:00,0.08,21.66,97.8,0.34
2018-06-24 21:00:00,0.07,21.39,98.14,0.3
2018-06-24 22:00:00,0.05,21.13,98.37,0.27
2018-06-24 23:00:00,0.05,20.91,98.42,0.25
2018-06-25 00:00:00,0.06,20.74,98.3,0.24
2018-06-25 01:00:00,0.05,20.53,98.25,0.21
2018-06-25 02:00:00,0.05,20.33,97.95,0.17
2018-06-25 03:00:00,0.04,20.08,98.03,0.14
2018-06-25 04:00:00,0.05,19.82,98.43,0.09
2018-06-25 05:00:00,0.07,19.61,98.72,0.05
2018-06-25 06:00:00,0.07,20.06,97.06,0.07
2018-06-25 07:00:00,0.1,21.01,90.76,0.17
2018-06-25 08:00:00,0.2,22.1,80.03,0.41
2018-06-25 09:00:00,0.23,22.75,76.05,0.49
2018-06-25 10:00:00,0.26,23.14,75.08,0.57
2018-06-25 11:00:00,0.24,23.17,75.72,0.65
2018-06-25 12:00:00,0.26,22.99,77.11,0.69
2018-06-25 13:00:00,0.34,22.72,79.01,0.7
2018-06-25 14:00:00,0.31,22.43,81.35,0.73
2018-06-25 15:00:00,0.3,21.99,84.87,0.74
2018-06-25 16:00:00,0.34,21.48,89.63,0.69
2018-06-25 17:00:00,0.32,21.0,94.48,0.57
2018-06-25 18:00:00,0.33,20.52,96.38,0.5
2018-06-25 19:00:00,0.41,20.23,97.19,0.5
2018-06-25 20:00:00,0.52,20.01,97.45,0.47
2018-06-25 21:00:00,0.61,19.9,97.57,0.42
2018-06-25 22:00:00,0.8,19.78,97.54,0.34
2018-06-25 23:00:00,0.92,19.57,97.36,0.3
2018-06-26 00:00:00,0.98,19.27,96.95,0.25
2018-06-26 01:00:00,1.04,18.84,96.68,0.22
2018-06-26 02:00:00,0.95,18.43,96.59,0.19
2018-06-26 03:00:00,0.64,18.1,96.75,0.18
2018-06-26 04:00:00,0.34,17.91,97.14,0.14
2018-06-26 05:00:00,0.16,17.97,98.03,0.09
2018-06-26 06:00:00,0.1,19.21,97.29,0.01
2018-06-26 07:00:00,0.1,20.95,94.62,0.22
2018-06-26 08:00:00,0.14,22.6,89.37,0.66
2018-06-26 09:00:00,0.1,23.64,83.63,0.91
2018-06-26 10:00:00,0.11,24.19,80.98,1.03
2018-06-26 11:00:00,0.13,24.63,79.25,1.06
2018-06-26 12:00:00,0.16,24.86,78.36,1.08
2018-06-26 13:00:00,0.16,24.86,78.41,1.09
2018-06-26 14:00:00,0.17,24.59,79.32,1.07
2018-06-26 15:00:00,0.18,23.82,82.12,0.98
2018-06-26 16:00:00,0.21,23.02,86.58,0.8
2018-06-26 17:00:00,0.21,22.27,93.27,0.58
2018-06-26 18:00:00,0.22,21.72,96.96,0.4
2018-06-26 19:00:00,0.23,21.57,97.92,0.35
2018-06-26 20:00:00,0.29,21.46,97.87,0.38
2018-06-26 21:00:00,0.35,21.3,97.77,0.41
2018-06-26 22:00:00,0.47,21.21,97.61,0.49
2018-06-26 23:00:00,0.46,21.1,97.1,0.57
2018-06-27 00:00:00,0.49,20.91,96.92,0.54
2018-06-27 01:00:00,0.53,20.82,97.21,0.51
2018-06-27 02:00:00,0.45,20.79,97.15,0.48
2018-06-27 03:00:00,0.42,20.76,97.26,0.44
2018-06-27 04:00:00,0.42,20.74,97.21,0.4
2018-06-27 05:00:00,0.41,20.78,97.47,0.41
2018-06-27 06:00:00,0.45,21.21,96.48,0.5
2018-06-27 07:00:00,0.43,21.96,93.58,0.63
2018-06-27 08:00:00,0.7,22.76,88.07,0.77
2018-06-27 09:00:00,0.67,23.36,84.44,0.84
2018-06-27 10:00:00,0.53,23.58,82.35,0.89
2018-06-27 11:00:00,0.42,23.63,81.96,0.9
2018-06-27 12:00:00,0.37,23.62,82.41,0.91
2018-06-27 13:00:00,0.31,23.56,83.06,0.91
2018-06-27 14:00:00,0.34,23.44,84.13,0.91
2018-06-27 15:00:00,0.35,23.18,85.31,0.87
2018-06-27 16:00:00,0.33,22.68,88.5,0.76
2018-06-27 17:00:00,0.4,22.06,94.54,0.58
2018-06-27 18:00:00,0.43,21.61,96.55,0.44
2018-06-27 19:00:00,0.47,21.39,97.19,0.36
2018-06-27 20:00:00,0.55,21.28,97.51,0.31
2018-06-27 21:00:00,0.54,21.19,97.73,0.27
2018-06-27 22:00:00,0.55,21.09,97.86,0.26
2018-06-27 23:00:00,0.57,20.99,97.94,0.28
2018-06-28 00:00:00,0.63,20.88,97.88,0.28
2018-06-28 01:00:00,0.7,20.8,98.0,0.3
2018-06-28 02:00:00,0.63,20.77,98.16,0.29
2018-06-28 03:00:00,0.67,20.81,98.22,0.3
2018-06-28 04:00:00,0.61,20.86,98.23,0.3
2018-06-28 05:00:00,0.59,20.88,97.89,0.32
2018-06-28 06:00:00,0.65,21.14,97.16,0.38
2018-06-28 07:00:00,0.67,21.67,94.68,0.48
2018-06-28 08:00:00,0.64,22.07,90.29,0.56
2018-06-28 09:00:00,0.71,22.45,85.37,0.61
2018-06-28 10:00:00,0.92,22.76,82.34,0.6
2018-06-28 11:00:00,1.18,22.88,81.13,0.58
2018-06-28 12:00:00,1.43,22.83,81.07,0.57
2018-06-28 13:00:00,1.36,22.66,81.8,0.58
2018-06-28 14:00:00,1.13,22.51,82.78,0.58
2018-06-28 15:00:00,1.02,22.29,84.26,0.56
2018-06-28 16:00:00,0.79,21.85,87.14,0.49
2018-06-28 17:00:00,0.51,21.17,92.63,0.38
2018-06-28 18:00:00,0.38,20.55,96.69,0.27
2018-06-28 19:00:00,0.19,20.33,97.75,0.25
2018-06-28 20:00:00,0.08,20.26,98.1,0.22
2018-06-28 21:00:00,0.03,20.19,98.37,0.18
2018-06-28 22:00:00,0.02,20.16,98.36,0.16
2018-06-28 23:00:00,0.04,20.13,98.36,0.16
2018-06-29 00:00:00,0.07,20.14,98.29,0.16
2018-06-29 01:00:00,0.12,20.12,98.34,0.16
2018-06-29 02:00:00,0.17,20.08,98.36,0.17
2018-06-29 03:00:00,0.2,20.02,98.45,0.17
2018-06-29 04:00:00,0.22,19.96,98.52,0.19
2018-06-29 05:00:00,0.26,19.92,98.56,0.21
2018-06-29 06:00:00,0.29,20.3,97.68,0.26
2018-06-29 07:00:00,0.31,20.98,94.98,0.36
2018-06-29 08:00:00,0.69,21.65,89.5,0.46
2018-06-29 09:00:00,0.42,22.5,83.32,0.56
2018-06-29 10:00:00,0.39,23.04,79.61,0.69
2018-06-29 11:00:00,0.4,23.19,78.67,0.77
2018-06-29 12:00:00,0.35,23.14,78.94,0.82
2018-06-29 13:00:00,0.31,22.97,79.59,0.85
2018-06-29 14:00:00,0.31,22.73,80.29,0.83
2018-06-29 15:00:00,0.39,22.33,82.09,0.77
2018-06-29 16:00:00,0.45,21.8,85.38,0.66
2018-06-29 17:00:00,0.35,21.02,91.9,0.45
2018-06-29 18:00:00,0.28,20.3,96.33,0.29
2018-06-29 19:00:00,0.2,19.97,97.58,0.25
2018-06-29 20:00:00,0.16,19.79,98.34,0.23
2018-06-29 21:00:00,0.09,19.64,99.22,0.19
2018-06-29 22:00:00,0.08,19.51,99.43,0.19
2018-06-29 23:00:00,0.09,19.39,99.15,0.2
2018-06-30 00:00:00,0.1,19.25,99.15,0.19
2018-06-30 01:00:00,0.09,19.1,99.42,0.17
2018-06-30 02:00:00,0.1,18.97,99.8,0.11
2018-06-30 03:00:00,0.08,18.81,99.59,0.06
2018-06-30 04:00:00,0.07,18.64,99.23,0.02
2018-06-30 05:00:00,0.06,18.47,99.18,0.02
2018-06-30 06:00:00,0.06,19.03,98.05,0.09
2018-06-30 07:00:00,0.09,20.21,95.42,0.13
2018-06-30 08:00:00,0.13,21.8,89.46,0.33
2018-06-30 09:00:00,0.21,23.49,80.5,0.42
2018-06-30 10:00:00,0.38,24.38,75.94,0.47
2018-06-30 11:00:00,0.64,24.72,74.45,0.53
2018-06-30 12:00:00,0.76,24.69,75.31,0.61
2018-06-30 13:00:00,0.75,24.42,77.52,0.71
2018-06-30 14:00:00,0.6,23.94,80.14,0.8
2018-06-30 15:00:00,0.47,23.16,84.1,0.83
2018-06-30 16:00:00,0.68,22.27,89.35,0.76
2018-06-30 17:00:00,0.91,21.42,94.0,0.62
2018-06-30 18:00:00,0.69,20.72,95.68,0.49
2018-06-30 19:00:00,0.3,20.33,96.84,0.37
2018-06-30 20:00:00,0.13,20.12,97.03,0.31
2018-06-30 21:00:00,0.07,19.86,97.16,0.24
2018-06-30 22:00:00,0.05,19.71,96.9,0.18
2018-06-30 23:00:00,0.07,19.48,96.42,0.12
2018-07-01 00:00:00,0.1,19.18,96.06,0.09
2018-07-01 01:00:00,0.14,18.82,96.04,0.06
2018-07-01 02:00:00,0.14,18.42,96.15,0.06
2018-07-01 03:00:00,0.15,18.05,96.27,0.06
2018-07-01 04:00:00,0.15,17.71,96.55,0.06
2018-07-01 05:00:00,0.15,17.45,96.56,0.05
2018-07-01 06:00:00,0.14,17.87,96.46,0.02
2018-07-01 07:00:00,0.13,19.0,92.6,0.08
2018-07-01 08:00:00,0.04,20.71,86.4,0.26
2018-07-01 09:00:00,0.04,22.85,77.04,0.37
2018-07-01 10:00:00,0.07,24.56,70.87,0.44
2018-07-01 11:00:00,0.15,25.57,68.31,0.49
2018-07-01 12:00:00,0.24,25.78,69.37,0.53
2018-07-01 13:00:00,0.41,25.5,72.34,0.57
2018-07-01 14:00:00,0.43,25.06,75.53,0.61
2018-07-01 15:00:00,0.38,24.45,79.43,0.62
2018-07-01 16:00:00,0.46,23.63,84.56,0.59
2018-07-01 17:00:00,0.56,22.6,92.43,0.48
2018-07-01 18:00:00,0.57,21.81,97.32,0.34
2018-07-01 19:00:00,0.5,21.5,97.76,0.32
2018-07-01 20:00:00,0.59,21.34,97.8,0.28
2018-07-01 21:00:00,0.71,21.04,97.71,0.25
2018-07-01 22:00:00,0.79,20.71,97.85,0.23
2018-07-01 23:00:00,0.62,20.48,98.04,0.2
2018-07-02 00:00:00,0.39,20.23,98.05,0.2
2018-07-02 01:00:00,0.33,20.13,98.39,0.22
2018-07-02 02:00:00,0.51,20.09,98.65,0.22
2018-07-02 03:00:00,0.59,19.98,99.18,0.21
2018-07-02 04:00:00,0.6,19.82,99.36,0.21
2018-07-02 05:00:00,0.69,19.68,99.63,0.22
2018-07-02 06:00:00,0.88,20.23,98.19,0.25
2018-07-02 07:00:00,1.06,20.98,95.29,0.35
2018-07-02 08:00:00,3.68,21.82,89.94,0.44
2018-07-02 09:00:00,2.3,22.87,83.86,0.47
2018-07-02 10:00:00,1.19,23.77,79.21,0.5
2018-07-02 11:00:00,0.58,24.42,76.43,0.57
2018-07-02 12:00:00,0.31,24.73,75.64,0.61
2018-07-02 13:00:00,0.16,24.83,75.42,0.66
2018-07-02 14:00:00,0.13,24.63,76.67,0.71
2018-07-02 15:00:00,0.25,23.99,80.35,0.74
2018-07-02 16:00:00,0.38,23.1,85.53,0.7
2018-07-02 17:00:00,0.5,22.15,92.74,0.54
2018-07-02 18:00:00,0.39,21.48,96.79,0.38
2018-07-02 19:00:00,0.57,21.14,97.63,0.33
2018-07-02 20:00:00,0.71,20.95,98.48,0.26
2018-07-02 21:00:00,0.65,20.81,98.77,0.23
2018-07-02 22:00:00,0.73,20.73,98.59,0.23
2018-07-02 23:00:00,0.87,20.64,98.61,0.22
2018-07-03 00:00:00,1.17,20.58,98.36,0.21
2018-07-03 01:00:00,1.66,20.5,98.13,0.2
2018-07-03 02:00:00,1.94,20.47,98.17,0.19
2018-07-03 03:00:00,2.29,20.45,98.22,0.18
2018-07-03 04:00:00,2.14,20.41,98.34,0.2
2018-07-03 05:00:00,1.92,20.39,98.31,0.21
2018-07-03 06:00:00,1.38,20.79,97.63,0.24
2018-07-03 07:00:00,1.73,21.49,95.46,0.31
2018-07-03 08:00:00,0.04,22.32,89.84,0.36
2018-07-03 09:00:00,0.03,23.38,82.06,0.37
2018-07-03 10:00:00,0.02,24.29,76.63,0.37
2018-07-03 11:00:00,0.03,25.04,73.51,0.41
2018-07-03 12:00:00,0.04,25.42,73.14,0.47
2018-07-03 13:00:00,0.05,25.26,75.53,0.52
2018-07-03 14:00:00,0.06,24.71,79.38,0.57
2018-07-03 15:00:00,0.05,24.08,83.35,0.59
2018-07-03 16:00:00,0.05,23.36,87.78,0.56
2018-07-03 17:00:00,0.04,22.54,93.79,0.46
2018-07-03 18:00:00,0.03,21.9,97.14,0.36
2018-07-03 19:00:00,0.03,21.6,97.86,0.36
2018-07-03 20:00:00,0.02,21.46,98.34,0.33
2018-07-03 21:00:00,0.02,21.31,98.76,0.32
2018-07-03 22:00:00,0.02,21.19,99.2,0.32
2018-07-03 23:00:00,0.02,21.19,98.93,0.31
2018-07-04 00:00:00,0.02,21.13,98.99,0.3
2018-07-04 01:00:00,0.03,21.08,98.95,0.29
2018-07-04 02:00:00,0.03,21.01,99.05,0.28
2018-07-04 03:00:00,0.03,20.96,99.1,0.28
2018-07-04 04:00:00,0.03,20.93,99.12,0.28
2018-07-04 05:00:00,0.03,20.91,99.28,0.28
2018-07-04 06:00:00,0.03,21.49,97.82,0.36
2018-07-04 07:00:00,0.04,22.39,94.23,0.5
2018-07-04 08:00:00,0.0,23.61,86.26,0.62
2018-07-04 09:00:00,0.0,24.78,79.72,0.68
2018-07-04 10:00:00,0.0,25.59,76.21,0.71
2018-07-04 11:00:00,0.0,26.07,74.03,0.75
2018-07-04 12:00:00,0.0,26.16,74.1,0.76
2018-07-04 13:00:00,0.0,25.9,75.52,0.77
2018-07-04 14:00:00,0.0,25.32,78.31,0.79
2018-07-04 15:00:00,0.0,24.52,81.99,0.78
2018-07-04 16:00:00,0.0,23.74,86.2,0.69
2018-07-04 17:00:00,0.0,22.83,92.13,0.51
2018-07-04 18:00:00,0.0,22.02,96.12,0.38
2018-07-04 19:00:00,0.0,21.67,96.8,0.36
2018-07-04 20:00:00,0.0,21.46,97.13,0.33
2018-07-04 21:00:00,0.0,21.2,98.07,0.28
2018-07-04 22:00:00,0.0,20.95,98.91,0.26
2018-07-04 23:00:00,0.0,20.73,99.61,0.25
2018-07-05 00:00:00,0.0,20.52,100.0,0.23
2018-07-05 01:00:00,0.0,20.35,100.0,0.23
2018-07-05 02:00:00,0.0,20.22,100.0,0.23
2018-07-05 03:00:00,0.0,20.1,100.0,0.21
2018-07-05 04:00:00,0.0,20.03,100.0,0.22
2018-07-05 05:00:00,0.0,20.01,100.0,0.21
2018-07-05 06:00:00,0.0,20.87,97.93,0.26
2018-07-05 07:00:00,0.0,22.37,90.63,0.44
2018-07-05 08:00:00,0.13,23.74,84.01,0.58
2018-07-05 09:00:00,0.1,24.87,79.58,0.65
2018-07-05 10:00:00,0.09,25.63,76.92,0.7
2018-07-05 11:00:00,0.09,26.08,74.95,0.76
2018-07-05 12:00:00,0.11,26.18,74.7,0.8
2018-07-05 13:00:00,0.11,25.96,75.49,0.81
2018-07-05 14:00:00,0.09,25.49,77.38,0.81
2018-07-05 15:00:00,0.14,24.84,80.34,0.81
2018-07-05 16:00:00,0.18,24.03,84.4,0.73
2018-07-05 17:00:00,0.2,22.97,91.43,0.56
2018-07-05 18:00:00,0.12,22.02,96.8,0.37
2018-07-05 19:00:00,0.14,21.65,97.89,0.35
2018-07-05 20:00:00,0.19,21.42,98.34,0.35
2018-07-05 21:00:00,0.23,21.27,98.9,0.35
2018-07-05 22:00:00,0.26,21.19,98.86,0.35
2018-07-05 23:00:00,0.24,21.09,98.96,0.34
2018-07-06 00:00:00,0.21,20.95,98.98,0.33
2018-07-06 01:00:00,0.18,20.82,99.02,0.31
2018-07-06 02:00:00,0.19,20.7,99.12,0.3
2018-07-06 03:00:00,0.16,20.65,99.18,0.28
2018-07-06 04:00:00,0.17,20.66,99.12,0.29
2018-07-06 05:00:00,0.18,20.69,99.01,0.31
2018-07-06 06:00:00,0.2,21.32,97.26,0.47
2018-07-06 07:00:00,0.23,22.24,92.93,0.67
2018-07-06 08:00:00,0.22,23.45,85.09,0.77
2018-07-06 09:00:00,0.22,24.34,80.49,0.82
2018-07-06 10:00:00,0.21,24.92,78.19,0.84
2018-07-06 11:00:00,0.21,25.18,76.93,0.88
2018-07-06 12:00:00,0.23,25.25,77.0,0.9
2018-07-06 13:00:00,0.25,25.2,77.52,0.92
2018-07-06 14:00:00,0.25,24.91,79.2,0.98
2018-07-06 15:00:00,0.25,24.29,82.26,1.01
2018-07-06 16:00:00,0.29,23.4,86.26,0.92
2018-07-06 17:00:00,0.36,22.42,91.82,0.74
2018-07-06 18:00:00,0.28,21.63,95.07,0.58
2018-07-06 19:00:00,0.17,21.27,95.87,0.54
2018-07-06 20:00:00,0.11,21.14,96.22,0.5
2018-07-06 21:00:00,0.1,21.15,96.54,0.5
2018-07-06 22:00:00,0.13,21.19,96.78,0.54
2018-07-06 23:00:00,0.15,21.21,96.77,0.57
2018-07-07 00:00:00,0.19,21.16,96.71,0.58
2018-07-07 01:00:00,0.2,21.08,96.72,0.59
2018-07-07 02:00:00,0.23,21.01,96.76,0.57
2018-07-07 03:00:00,0.23,20.94,96.83,0.57
2018-07-07 04:00:00,0.26,20.83,96.79,0.55
2018-07-07 05:00:00,0.26,20.71,96.7,0.53
2018-07-07 06:00:00,0.33,20.91,95.58,0.6
2018-07-07 07:00:00,0.45,21.39,92.52,0.69
2018-07-07 08:00:00,0.18,21.79,88.3,0.75
2018-07-07 09:00:00,0.18,22.09,84.44,0.84
2018-07-07 10:00:00,0.19,22.31,81.11,0.93
2018-07-07 11:00:00,0.2,22.47,79.24,0.96
2018-07-07 12:00:00,0.21,22.4,79.68,0.94
2018-07-07 13:00:00,0.26,22.25,81.32,0.9
2018-07-07 14:00:00,0.29,22.12,84.07,0.92
2018-07-07 15:00:00,0.29,21.91,88.47,0.93
2018-07-07 16:00:00,0.36,21.76,92.9,0.92
2018-07-07 17:00:00,0.34,21.5,94.84,0.91
2018-07-07 18:00:00,0.37,20.83,95.39,0.86
2018-07-07 19:00:00,0.33,20.35,95.43,0.79
2018-07-07 20:00:00,0.36,20.11,95.59,0.73
2018-07-07 21:00:00,0.42,20.24,96.26,0.73
2018-07-07 22:00:00,0.44,20.64,96.62,0.8
2018-07-07 23:00:00,0.52,20.87,96.41,0.85
2018-07-08 00:00:00,0.52,20.83,95.98,0.86
2018-07-08 01:00:00,0.51,20.71,95.91,0.85
2018-07-08 02:00:00,0.49,20.63,95.99,0.8
2018-07-08 03:00:00,0.57,20.44,95.63,0.77
2018-07-08 04:00:00,0.57,20.28,96.06,0.68
2018-07-08 05:00:00,0.54,20.28,96.29,0.6
2018-07-08 06:00:00,0.47,20.59,95.8,0.65
2018-07-08 07:00:00,0.35,21.1,93.72,0.74
2018-07-08 08:00:00,0.46,21.71,90.41,0.83
2018-07-08 09:00:00,0.4,22.38,86.35,0.93
2018-07-08 10:00:00,0.36,22.88,83.43,0.98
2018-07-08 11:00:00,0.34,23.2,82.4,1.02
2018-07-08 12:00:00,0.38,23.36,83.06,1.06
2018-07-08 13:00:00,0.43,23.33,86.09,1.08
2018-07-08 14:00:00,0.46,23.32,87.79,1.07
2018-07-08 15:00:00,0.57,22.94,91.19,0.96
2018-07-08 16:00:00,0.61,22.48,94.78,0.82
2018-07-08 17:00:00,0.69,22.18,96.47,0.72
2018-07-08 18:00:00,0.66,21.91,97.28,0.61
2018-07-08 19:00:00,0.62,21.85,97.69,0.48
2018-07-08 20:00:00,0.7,21.88,98.06,0.48
2018-07-08 21:00:00,0.77,22.01,98.24,0.55
2018-07-08 22:00:00,0.95,22.15,98.32,0.53
2018-07-08 23:00:00,0.96,22.19,98.31,0.52
2018-07-09 00:00:00,0.96,22.12,98.17,0.54
2018-07-09 01:00:00,1.22,22.03,98.09,0.56
2018-07-09 02:00:00,1.45,22.03,98.21,0.62
2018-07-09 03:00:00,1.57,22.12,98.21,0.66
2018-07-09 04:00:00,1.8,22.19,98.14,0.74
2018-07-09 05:00:00,1.79,22.21,98.03,0.73
2018-07-09 06:00:00,1.58,22.3,97.42,0.76
2018-07-09 07:00:00,1.49,22.6,96.21,0.81
2018-07-09 08:00:00,1.63,23.09,93.68,0.86
2018-07-09 09:00:00,1.43,23.54,88.9,0.96
2018-07-09 10:00:00,1.62,23.97,86.3,1.03
2018-07-09 11:00:00,1.71,24.18,85.84,1.09
2018-07-09 12:00:00,1.53,24.08,86.39,1.16
2018-07-09 13:00:00,1.42,23.7,88.0,1.13
2018-07-09 14:00:00,1.26,23.24,90.37,1.06
2018-07-09 15:00:00,1.23,22.91,92.01,0.96
2018-07-09 16:00:00,1.36,22.51,93.07,0.8
2018-07-09 17:00:00,1.46,21.83,95.54,0.61
2018-07-09 18:00:00,1.21,21.22,97.11,0.51
2018-07-09 19:00:00,1.24,21.04,97.78,0.48
2018-07-09 20:00:00,1.36,21.12,98.36,0.37
2018-07-09 21:00:00,1.58,21.32,98.64,0.33
2018-07-09 22:00:00,1.78,21.53,98.67,0.39
2018-07-09 23:00:00,2.0,21.66,98.74,0.43
2018-07-10 00:00:00,1.95,21.78,98.67,0.48
2018-07-10 01:00:00,1.58,21.89,98.72,0.53
2018-07-10 02:00:00,1.51,21.98,98.54,0.61
2018-07-10 03:00:00,1.24,21.96,98.38,0.64
2018-07-10 04:00:00,0.89,21.91,98.26,0.63
2018-07-10 05:00:00,0.72,21.8,98.04,0.6
2018-07-10 06:00:00,0.68,21.81,97.44,0.62
2018-07-10 07:00:00,0.74,21.95,96.02,0.71
2018-07-10 08:00:00,0.56,22.24,94.12,0.79
2018-07-10 09:00:00,0.53,22.64,90.92,0.88
2018-07-10 10:00:00,0.56,22.96,89.0,0.96
2018-07-10 11:00:00,0.61,23.22,88.22,1.01
2018-07-10 12:00:00,0.7,23.27,88.14,1.04
2018-07-10 13:00:00,0.69,23.07,88.9,1.04
2018-07-10 14:00:00,0.72,22.91,89.68,1.0
2018-07-10 15:00:00,0.82,22.56,91.81,0.91
2018-07-10 16:00:00,1.15,22.29,95.1,0.8
2018-07-10 17:00:00,1.39,22.1,96.8,0.72
2018-07-10 18:00:00,2.02,21.91,97.62,0.72
2018-07-10 19:00:00,2.72,21.93,97.88,0.73
2018-07-10 20:00:00,3.3,21.96,97.59,0.76
2018-07-10 21:00:00,3.4,21.85,97.34,0.77
2018-07-10 22:00:00,2.91,21.45,97.03,0.75
2018-07-10 23:00:00,2.32,21.04,97.11,0.62
2018-07-11 00:00:00,1.49,20.79,97.18,0.6
2018-07-11 01:00:00,0.94,20.61,97.17,0.62
2018-07-11 02:00:00,0.73,20.55,97.49,0.61
2018-07-11 03:00:00,0.72,20.61,97.49,0.54
2018-07-11 04:00:00,0.82,20.66,97.38,0.5
2018-07-11 05:00:00,1.04,20.71,97.36,0.55
2018-07-11 06:00:00,1.39,21.0,96.94,0.65
2018-07-11 07:00:00,2.17,21.46,95.8,0.77
2018-07-11 08:00:00,2.66,21.99,94.29,0.88
2018-07-11 09:00:00,2.39,22.45,91.0,0.98
2018-07-11 10:00:00,1.86,23.03,86.78,1.08
2018-07-11 11:00:00,1.37,23.56,84.04,1.15
2018-07-11 12:00:00,1.0,23.73,82.91,1.18
2018-07-11 13:00:00,0.81,23.59,83.95,1.18
2018-07-11 14:00:00,0.73,23.11,86.09,1.14
2018-07-11 15:00:00,0.74,22.56,88.63,1.05
2018-07-11 16:00:00,1.17,21.93,91.86,0.9
2018-07-11 17:00:00,1.75,21.44,95.57,0.72
2018-07-11 18:00:00,1.87,21.22,96.88,0.63
2018-07-11 19:00:00,1.32,21.26,97.4,0.63
2018-07-11 20:00:00,1.1,21.36,97.47,0.64
2018-07-11 21:00:00,0.74,21.3,97.27,0.59
2018-07-11 22:00:00,0.51,21.05,97.17,0.52
2018-07-11 23:00:00,0.42,20.75,97.26,0.43
2018-07-12 00:00:00,0.41,20.53,97.48,0.37
2018-07-12 01:00:00,0.41,20.41,97.76,0.38
2018-07-12 02:00:00,0.39,20.39,98.01,0.38
2018-07-12 03:00:00,0.37,20.41,98.06,0.4
2018-07-12 04:00:00,0.36,20.47,98.14,0.45
2018-07-12 05:00:00,0.44,20.62,98.16,0.51
2018-07-12 06:00:00,0.44,21.0,97.2,0.63
2018-07-12 07:00:00,0.47,21.48,94.79,0.7
2018-07-12 08:00:00,0.4,22.17,90.37,0.81
2018-07-12 09:00:00,0.34,22.88,86.62,0.91
2018-07-12 10:00:00,0.37,23.48,84.12,0.98
2018-07-12 11:00:00,0.38,23.79,82.32,1.02
2018-07-12 12:00:00,0.42,23.86,81.32,1.04
2018-07-12 13:00:00,0.45,23.62,81.79,1.05
2018-07-12 14:00:00,0.44,23.25,84.0,0.99
2018-07-12 15:00:00,0.46,22.73,87.1,0.88
2018-07-12 16:00:00,0.48,22.15,90.95,0.75
2018-07-12 17:00:00,0.49,21.62,94.68,0.58
2018-07-12 18:00:00,0.5,21.16,96.69,0.45
2018-07-12 19:00:00,0.51,21.08,97.64,0.4
2018-07-12 20:00:00,0.55,21.19,97.95,0.4
2018-07-12 21:00:00,0.59,21.26,98.01,0.42
2018-07-12 22:00:00,0.61,21.25,98.12,0.39
2018-07-12 23:00:00,0.63,21.26,98.17,0.35
2018-07-13 00:00:00,0.6,21.23,98.03,0.36
2018-07-13 01:00:00,0.65,21.24,98.29,0.4
2018-07-13 02:00:00,0.64,21.38,98.62,0.43
2018-07-13 03:00:00,0.64,21.51,98.4,0.49
2018-07-13 04:00:00,0.65,21.61,98.34,0.47
2018-07-13 05:00:00,0.6,21.65,98.11,0.5
2018-07-13 06:00:00,0.61,21.73,97.26,0.58
2018-07-13 07:00:00,0.58,21.95,95.96,0.73
2018-07-13 08:00:00,0.4,22.5,93.32,0.82
2018-07-13 09:00:00,0.44,23.02,88.45,0.93
2018-07-13 10:00:00,0.51,23.51,84.88,1.02
2018-07-13 11:00:00,0.56,23.87,83.21,1.07
2018-07-13 12:00:00,0.65,24.03,82.51,1.12
2018-07-13 13:00:00,0.71,23.95,82.66,1.14
2018-07-13 14:00:00,0.72,23.64,84.22,1.11
2018-07-13 15:00:00,0.75,23.29,86.77,1.02
2018-07-13 16:00:00,0.81,22.85,91.37,0.89
2018-07-13 17:00:00,0.7,22.51,96.06,0.69
2018-07-13 18:00:00,0.6,22.23,97.54,0.55
2018-07-13 19:00:00,0.53,22.12,97.98,0.47
2018-07-13 20:00:00,0.55,22.04,98.17,0.45
2018-07-13 21:00:00,0.55,22.01,98.27,0.45
2018-07-13 22:00:00,0.55,22.0,98.34,0.5
2018-07-13 23:00:00,0.51,21.97,98.41,0.54
2018-07-14 00:00:00,0.51,21.93,98.25,0.59
2018-07-14 01:00:00,0.5,21.87,98.42,0.58
2018-07-14 02:00:00,0.5,21.84,98.39,0.6
2018-07-14 03:00:00,0.55,21.82,98.2,0.64
2018-07-14 04:00:00,0.57,21.82,98.15,0.64
2018-07-14 05:00:00,0.54,21.88,98.16,0.59
2018-07-14 06:00:00,0.6,22.08,97.52,0.66
2018-07-14 07:00:00,0.62,22.5,96.04,0.76
2018-07-14 08:00:00,0.87,23.0,92.9,0.87
2018-07-14 09:00:00,0.71,23.29,88.74,0.95
2018-07-14 10:00:00,0.57,23.5,86.29,0.98
2018-07-14 11:00:00,0.5,23.71,84.87,0.97
2018-07-14 12:00:00,0.46,23.74,84.81,0.94
2018-07-14 13:00:00,0.35,23.67,85.36,0.89
2018-07-14 14:00:00,0.24,23.43,86.96,0.86
2018-07-14 15:00:00,0.2,23.12,89.47,0.81
2018-07-14 16:00:00,0.26,22.79,92.45,0.72
2018-07-14 17:00:00,0.48,22.32,95.93,0.57
2018-07-14 18:00:00,0.56,22.06,97.95,0.42
2018-07-14 19:00:00,0.67,22.02,98.07,0.41
2018-07-14 20:00:00,0.75,22.03,98.12,0.4
2018-07-14 21:00:00,0.85,22.06,98.25,0.39
2018-07-14 22:00:00,0.9,22.09,98.28,0.4
2018-07-14 23:00:00,0.9,22.09,98.38,0.44
2018-07-15 00:00:00,1.01,22.07,97.98,0.51
2018-07-15 01:00:00,1.26,22.01,97.92,0.53
2018-07-15 02:00:00,1.56,21.97,97.77,0.6
2018-07-15 03:00:00,1.81,21.91,97.68,0.65
2018-07-15 04:00:00,1.94,21.83,97.64,0.66
2018-07-15 05:00:00,1.86,21.84,97.91,0.67
2018-07-15 06:00:00,1.6,22.22,97.25,0.78
2018-07-15 07:00:00,1.51,22.76,95.87,0.91
2018-07-15 08:00:00,2.78,23.28,94.42,1.02
2018-07-15 09:00:00,2.68,23.61,91.92,1.17
2018-07-15 10:00:00,2.85,23.66,90.63,1.26
2018-07-15 11:00:00,2.77,23.56,89.83,1.27
2018-07-15 12:00:00,3.26,23.22,89.03,1.23
2018-07-15 13:00:00,3.63,22.93,89.05,1.15
2018-07-15 14:00:00,3.48,22.83,90.12,1.01
2018-07-15 15:00:00,2.99,22.82,92.78,0.8
2018-07-15 16:00:00,2.73,22.74,95.44,0.63
2018-07-15 17:00:00,2.93,22.51,97.39,0.59
2018-07-15 18:00:00,2.67,22.4,98.21,0.69
2018-07-15 19:00:00,2.49,22.28,97.92,0.69
2018-07-15 20:00:00,2.62,21.87,97.44,0.62
2018-07-15 21:00:00,2.46,21.32,97.2,0.59
2018-07-15 22:00:00,2.52,20.96,97.3,0.51
2018-07-15 23:00:00,2.2,20.81,97.67,0.48
2018-07-16 00:00:00,2.13,20.74,97.64,0.47
2018-07-16 01:00:00,2.32,20.65,97.8,0.46
2018-07-16 02:00:00,2.7,20.7,97.93,0.48
2018-07-16 03:00:00,2.7,20.83,97.96,0.53
2018-07-16 04:00:00,2.8,20.99,97.94,0.61
2018-07-16 05:00:00,3.01,21.09,98.01,0.61
2018-07-16 06:00:00,3.34,21.31,97.45,0.63
2018-07-16 07:00:00,3.78,21.83,96.09,0.71
2018-07-16 08:00:00,1.74,22.4,93.3,0.81
2018-07-16 09:00:00,1.39,22.82,88.98,0.93
2018-07-16 10:00:00,1.2,23.0,87.74,0.99
2018-07-16 11:00:00,0.75,23.12,86.01,1.07
2018-07-16 12:00:00,0.64,22.9,86.36,1.09
2018-07-16 13:00:00,0.66,22.55,87.35,1.09
2018-07-16 14:00:00,0.64,22.22,89.08,1.03
2018-07-16 15:00:00,0.65,22.07,91.38,0.96
2018-07-16 16:00:00,0.71,21.98,93.95,0.88
2018-07-16 17:00:00,0.56,21.81,96.1,0.76
2018-07-16 18:00:00,0.48,21.33,96.6,0.68
2018-07-16 19:00:00,0.43,21.02,97.11,0.65
2018-07-16 20:00:00,0.45,20.91,97.29,0.59
2018-07-16 21:00:00,0.46,20.83,97.52,0.55
2018-07-16 22:00:00,0.51,20.79,97.36,0.52
2018-07-16 23:00:00,0.56,20.62,97.51,0.5
2018-07-17 00:00:00,0.67,20.36,96.99,0.5
2018-07-17 01:00:00,0.8,19.96,96.65,0.53
2018-07-17 02:00:00,0.88,19.65,96.95,0.6
2018-07-17 03:00:00,0.87,19.63,97.26,0.59
2018-07-17 04:00:00,0.78,19.73,97.24,0.57
2018-07-17 05:00:00,0.58,19.79,96.9,0.59
2018-07-17 06:00:00,0.39,20.14,95.99,0.65
2018-07-17 07:00:00,0.3,20.97,92.85,0.74
2018-07-17 08:00:00,0.25,21.89,88.3,0.86
2018-07-17 09:00:00,0.18,22.7,85.38,0.94
2018-07-17 10:00:00,0.17,23.2,84.04,1.01
2018-07-17 11:00:00,0.23,23.67,83.23,1.06
2018-07-17 12:00:00,0.26,23.9,82.97,1.07
2018-07-17 13:00:00,0.26,23.8,83.85,1.07
2018-07-17 14:00:00,0.17,23.55,85.53,1.07
2018-07-17 15:00:00,0.14,23.21,87.76,1.05
2018-07-17 16:00:00,0.29,22.77,91.59,0.93
2018-07-17 17:00:00,0.47,22.29,95.45,0.74
2018-07-17 18:00:00,0.72,21.85,97.4,0.55
2018-07-17 19:00:00,1.07,21.8,97.94,0.49
2018-07-17 20:00:00,1.42,21.89,98.19,0.47
2018-07-17 21:00:00,1.84,21.96,98.13,0.47
2018-07-17 22:00:00,1.99,21.93,98.19,0.48
2018-07-17 23:00:00,2.26,21.88,98.08,0.54
2018-07-18 00:00:00,2.51,21.81,98.09,0.63
2018-07-18 01:00:00,2.44,21.76,97.93,0.69
2018-07-18 02:00:00,1.88,21.68,97.81,0.78
2018-07-18 03:00:00,1.37,21.45,97.55,0.8
2018-07-18 04:00:00,1.25,21.06,97.25,0.8
2018-07-18 05:00:00,1.21,20.8,97.44,0.74
2018-07-18 06:00:00,1.23,20.95,96.86,0.74
2018-07-18 07:00:00,1.25,21.2,95.17,0.75
2018-07-18 08:00:00,0.39,21.39,92.77,0.79
2018-07-18 09:00:00,0.27,21.68,90.28,0.83
2018-07-18 10:00:00,0.26,22.05,87.62,0.84
2018-07-18 11:00:00,0.28,22.43,85.78,0.83
2018-07-18 12:00:00,0.31,22.84,83.87,0.85
2018-07-18 13:00:00,0.32,23.0,83.76,0.85
2018-07-18 14:00:00,0.24,22.65,85.78,0.84
2018-07-18 15:00:00,0.2,22.14,89.05,0.81
2018-07-18 16:00:00,0.37,21.69,92.45,0.75
2018-07-18 17:00:00,0.44,21.21,95.43,0.63
2018-07-18 18:00:00,0.37,20.76,97.15,0.52
2018-07-18 19:00:00,0.4,20.64,97.81,0.5
2018-07-18 20:00:00,0.45,20.74,98.28,0.44
2018-07-18 21:00:00,0.5,20.87,98.54,0.36
2018-07-18 22:00:00,0.51,20.92,98.29,0.41
2018-07-18 23:00:00,0.62,20.82,98.13,0.45
2018-07-19 00:00:00,0.69,20.62,98.01,0.52
2018-07-19 01:00:00,0.78,20.46,98.14,0.5
2018-07-19 02:00:00,1.04,20.32,98.23,0.44
2018-07-19 03:00:00,1.09,20.29,98.47,0.38
2018-07-19 04:00:00,0.95,20.43,98.73,0.4
2018-07-19 05:00:00,0.68,20.71,98.92,0.46
2018-07-19 06:00:00,0.41,21.29,98.28,0.62
2018-07-19 07:00:00,0.3,21.98,96.48,0.8
2018-07-19 08:00:00,0.12,22.49,92.16,0.95
2018-07-19 09:00:00,0.17,22.98,88.32,1.03
2018-07-19 10:00:00,0.21,23.41,86.35,1.06
2018-07-19 11:00:00,0.27,23.69,85.36,1.1
2018-07-19 12:00:00,0.44,23.87,84.72,1.14
2018-07-19 13:00:00,0.67,23.82,84.53,1.17
2018-07-19 14:00:00,0.77,23.52,86.09,1.13
2018-07-19 15:00:00,0.86,22.97,89.32,1.05
2018-07-19 16:00:00,0.86,22.37,92.72,0.94
2018-07-19 17:00:00,0.81,21.85,96.51,0.73
2018-07-19 18:00:00,0.74,21.49,97.6,0.57
2018-07-19 19:00:00,0.67,21.27,98.02,0.5
2018-07-19 20:00:00,0.6,21.24,98.25,0.5
2018-07-19 21:00:00,0.54,21.28,98.25,0.51
2018-07-19 22:00:00,0.61,21.27,98.27,0.55
2018-07-19 23:00:00,0.75,21.17,98.16,0.56
2018-07-20 00:00:00,0.74,21.0,98.17,0.54
2018-07-20 01:00:00,0.7,20.95,98.36,0.51
2018-07-20 02:00:00,0.51,20.92,98.16,0.52
2018-07-20 03:00:00,0.38,20.88,98.04,0.57
2018-07-20 04:00:00,0.31,20.86,98.07,0.55
2018-07-20 05:00:00,0.29,20.82,97.99,0.48
2018-07-20 06:00:00,0.26,20.92,97.62,0.48
2018-07-20 07:00:00,0.23,21.23,95.95,0.61
2018-07-20 08:00:00,0.01,21.75,92.65,0.71
2018-07-20 09:00:00,0.02,22.38,88.59,0.82
2018-07-20 10:00:00,0.02,22.81,86.55,0.91
2018-07-20 11:00:00,0.02,23.2,85.3,0.99
2018-07-20 12:00:00,0.03,23.39,84.47,1.04
2018-07-20 13:00:00,0.03,23.48,84.37,1.01
2018-07-20 14:00:00,0.03,23.11,86.81,0.99
2018-07-20 15:00:00,0.03,22.61,89.58,0.93
2018-07-20 16:00:00,0.04,22.14,92.81,0.81
2018-07-20 17:00:00,0.03,21.68,95.91,0.65
2018-07-20 18:00:00,0.02,21.27,97.14,0.55
2018-07-20 19:00:00,0.02,21.13,97.47,0.52
2018-07-20 20:00:00,0.02,21.15,97.58,0.52
2018-07-20 21:00:00,0.02,21.22,97.71,0.5
2018-07-20 22:00:00,0.02,21.24,97.52,0.51
2018-07-20 23:00:00,0.03,21.12,97.54,0.51
2018-07-21 00:00:00,0.03,20.98,97.35,0.53
2018-07-21 01:00:00,0.03,20.88,97.82,0.51
2018-07-21 02:00:00,0.02,20.88,97.9,0.52
2018-07-21 03:00:00,0.02,20.92,97.83,0.55
2018-07-21 04:00:00,0.01,20.93,97.61,0.57
2018-07-21 05:00:00,0.01,20.84,97.32,0.57
2018-07-21 06:00:00,0.01,20.92,96.55,0.65
2018-07-21 07:00:00,0.01,21.25,94.69,0.76
2018-07-21 08:00:00,0.23,21.65,92.16,0.83
2018-07-21 09:00:00,0.22,22.14,89.58,0.89
2018-07-21 10:00:00,0.22,22.56,86.94,0.94
2018-07-21 11:00:00,0.22,22.74,85.84,0.96
2018-07-21 12:00:00,0.22,22.77,85.26,0.98
2018-07-21 13:00:00,0.22,22.62,85.51,0.97
2018-07-21 14:00:00,0.19,22.37,86.72,0.93
2018-07-21 15:00:00,0.17,22.04,88.75,0.88
2018-07-21 16:00:00,0.15,21.67,92.1,0.76
2018-07-21 17:00:00,0.13,21.32,95.95,0.59
2018-07-21 18:00:00,0.1,20.99,97.74,0.4
2018-07-21 19:00:00,0.1,20.94,97.97,0.33
2018-07-21 20:00:00,0.13,20.97,98.19,0.29
2018-07-21 21:00:00,0.16,21.06,98.27,0.27
2018-07-21 22:00:00,0.17,21.16,98.25,0.3
2018-07-21 23:00:00,0.17,21.18,98.07,0.35
2018-07-22 00:00:00,0.17,21.02,97.89,0.42
2018-07-22 01:00:00,0.17,20.84,98.02,0.42
2018-07-22 02:00:00,0.18,20.67,98.03,0.4
2018-07-22 03:00:00,0.16,20.51,97.96,0.41
2018-07-22 04:00:00,0.11,20.4,97.85,0.41
2018-07-22 05:00:00,0.06,20.34,97.89,0.4
2018-07-22 06:00:00,0.04,20.69,97.0,0.46
2018-07-22 07:00:00,0.04,21.39,94.48,0.63
2018-07-22 08:00:00,0.03,22.29,90.06,0.81
2018-07-22 09:00:00,0.04,23.07,86.32,0.92
2018-07-22 10:00:00,0.05,23.54,84.38,0.99
2018-07-22 11:00:00,0.07,23.8,83.32,1.06
2018-07-22 12:00:00,0.09,24.04,82.39,1.11
2018-07-22 13:00:00,0.11,24.05,82.55,1.12
2018-07-22 14:00:00,0.11,23.86,83.55,1.08
2018-07-22 15:00:00,0.1,23.47,85.57,0.99
2018-07-22 16:00:00,0.1,22.85,89.76,0.86
2018-07-22 17:00:00,0.09,22.12,95.03,0.67
2018-07-22 18:00:00,0.1,21.61,97.64,0.48
2018-07-22 19:00:00,0.11,21.41,98.1,0.41
2018-07-22 20:00:00,0.12,21.37,98.33,0.39
2018-07-22 21:00:00,0.15,21.37,98.52,0.38
2018-07-22 22:00:00,0.18,21.4,98.63,0.38
2018-07-22 23:00:00,0.21,21.44,98.68,0.41
2018-07-23 00:00:00,0.22,21.41,98.44,0.45
2018-07-23 01:00:00,0.18,21.27,98.35,0.48
2018-07-23 02:00:00,0.17,21.15,98.27,0.49
2018-07-23 03:00:00,0.15,21.01,97.93,0.51
2018-07-23 04:00:00,0.13,20.87,98.02,0.52
2018-07-23 05:00:00,0.11,20.82,97.95,0.52
2018-07-23 06:00:00,0.11,21.09,96.99,0.64
2018-07-23 07:00:00,0.09,21.76,94.24,0.78
2018-07-23 08:00:00,0.3,22.6,89.74,0.93
2018-07-23 09:00:00,0.37,23.27,86.54,1.02
2018-07-23 10:00:00,0.41,23.74,84.59,1.06
2018-07-23 11:00:00,0.43,24.1,83.15,1.08
2018-07-23 12:00:00,0.44,24.26,82.62,1.09
2018-07-23 13:00:00,0.43,24.21,82.7,1.08
2018-07-23 14:00:00,0.36,23.99,83.56,1.02
2018-07-23 15:00:00,0.24,23.55,85.44,0.93
2018-07-23 16:00:00,0.28,22.9,88.94,0.78
2018-07-23 17:00:00,0.24,22.12,94.37,0.55
2018-07-23 18:00:00,0.19,21.47,97.46,0.34
2018-07-23 19:00:00,0.25,21.09,97.97,0.29
2018-07-23 20:00:00,0.32,20.88,98.35,0.27
2018-07-23 21:00:00,0.44,20.78,98.57,0.28
2018-07-23 22:00:00,0.51,20.72,98.65,0.28
2018-07-23 23:00:00,0.54,20.68,98.62,0.3
2018-07-24 00:00:00,0.62,20.61,98.62,0.34
2018-07-24 01:00:00,0.5,20.48,98.57,0.39
2018-07-24 02:00:00,0.33,20.39,98.66,0.41
2018-07-24 03:00:00,0.19,20.36,98.67,0.42
2018-07-24 04:00:00,0.15,20.44,98.76,0.43
2018-07-24 05:00:00,0.21,20.56,98.61,0.45
2018-07-24 06:00:00,0.31,21.0,97.46,0.59
2018-07-24 07:00:00,0.33,21.68,94.44,0.77
2018-07-24 08:00:00,0.31,22.51,89.17,0.94
2018-07-24 09:00:00,0.39,23.31,85.05,1.03
2018-07-24 10:00:00,0.48,23.97,82.25,1.09
2018-07-24 11:00:00,0.61,24.51,80.15,1.14
2018-07-24 12:00:00,0.7,24.7,79.48,1.16
2018-07-24 13:00:00,0.75,24.57,79.96,1.16
2018-07-24 14:00:00,0.57,24.21,81.48,1.14
2018-07-24 15:00:00,0.37,23.48,85.19,1.09
2018-07-24 16:00:00,0.5,22.86,88.68,0.96
2018-07-24 17:00:00,0.4,21.99,94.44,0.73
2018-07-24 18:00:00,0.2,21.43,96.93,0.52
2018-07-24 19:00:00,0.16,21.14,97.39,0.46
2018-07-24 20:00:00,0.18,21.0,97.62,0.42
2018-07-24 21:00:00,0.21,20.89,97.81,0.42
2018-07-24 22:00:00,0.28,20.79,97.97,0.43
2018-07-24 23:00:00,0.36,20.69,98.11,0.4
2018-07-25 00:00:00,0.55,20.61,98.18,0.37
2018-07-25 01:00:00,0.67,20.53,98.31,0.35
2018-07-25 02:00:00,0.56,20.46,98.46,0.36
2018-07-25 03:00:00,0.45,20.43,98.51,0.36
2018-07-25 04:00:00,0.42,20.42,98.64,0.38
2018-07-25 05:00:00,0.38,20.45,98.65,0.39
2018-07-25 06:00:00,0.4,20.86,97.79,0.51
2018-07-25 07:00:00,0.37,21.55,96.07,0.66
2018-07-25 08:00:00,0.16,22.34,92.45,0.81
2018-07-25 09:00:00,0.2,23.2,87.86,0.9
2018-07-25 10:00:00,0.27,23.98,84.2,0.94
2018-07-25 11:00:00,0.34,24.49,81.63,0.98
2018-07-25 12:00:00,0.35,24.67,80.98,1.0
2018-07-25 13:00:00,0.41,24.75,80.25,1.03
2018-07-25 14:00:00,0.31,24.48,81.05,1.01
2018-07-25 15:00:00,0.23,23.82,83.72,0.97
2018-07-25 16:00:00,0.24,23.12,87.4,0.84
2018-07-25 17:00:00,0.19,22.17,93.77,0.64
2018-07-25 18:00:00,0.12,21.39,97.15,0.42
2018-07-25 19:00:00,0.15,21.09,98.21,0.33
2018-07-25 20:00:00,0.18,21.02,98.7,0.29
2018-07-25 21:00:00,0.25,21.02,98.86,0.28
2018-07-25 22:00:00,0.33,21.07,98.86,0.3
2018-07-25 23:00:00,0.41,21.12,98.87,0.33
2018-07-26 00:00:00,0.44,21.09,98.8,0.36
2018-07-26 01:00:00,0.44,21.04,98.75,0.38
2018-07-26 02:00:00,0.42,20.94,98.62,0.41
2018-07-26 03:00:00,0.42,20.82,98.45,0.45
2018-07-26 04:00:00,0.34,20.7,98.35,0.47
2018-07-26 05:00:00,0.31,20.58,98.34,0.47
2018-07-26 06:00:00,0.27,20.85,97.37,0.6
2018-07-26 07:00:00,0.23,21.47,94.61,0.77
2018-07-26 08:00:00,0.06,22.35,89.32,0.89
2018-07-26 09:00:00,0.06,23.07,85.62,0.93
2018-07-26 10:00:00,0.06,23.43,84.18,0.95
2018-07-26 11:00:00,0.06,23.36,84.7,0.95
2018-07-26 12:00:00,0.05,23.18,85.72,0.94
2018-07-26 13:00:00,0.04,23.02,86.79,0.93
2018-07-26 14:00:00,0.03,22.82,88.12,0.9
2018-07-26 15:00:00,0.04,22.52,90.14,0.84
2018-07-26 16:00:00,0.07,22.09,93.05,0.72
2018-07-26 17:00:00,0.05,21.57,95.81,0.55
2018-07-26 18:00:00,0.06,21.01,97.47,0.43
2018-07-26 19:00:00,0.06,20.81,97.97,0.41
2018-07-26 20:00:00,0.07,20.71,98.15,0.4
2018-07-26 21:00:00,0.09,20.64,98.31,0.38
2018-07-26 22:00:00,0.12,20.59,98.43,0.36
2018-07-26 23:00:00,0.13,20.56,98.55,0.36
2018-07-27 00:00:00,0.15,20.57,98.69,0.38
2018-07-27 01:00:00,0.13,20.59,98.67,0.38
2018-07-27 02:00:00,0.11,20.56,98.68,0.35
2018-07-27 03:00:00,0.08,20.51,98.78,0.33
2018-07-27 04:00:00,0.06,20.49,98.91,0.32
2018-07-27 05:00:00,0.04,20.51,98.99,0.31
2018-07-27 06:00:00,0.04,21.06,97.75,0.45
2018-07-27 07:00:00,0.03,21.97,94.19,0.66
2018-07-27 08:00:00,0.03,23.13,87.72,0.86
2018-07-27 09:00:00,0.03,24.09,83.54,0.98
2018-07-27 10:00:00,0.04,24.7,81.18,1.03
2018-07-27 11:00:00,0.04,24.99,79.75,1.07
2018-07-27 12:00:00,0.04,24.9,79.37,1.07
2018-07-27 13:00:00,0.04,24.57,79.95,1.03
2018-07-27 14:00:00,0.04,23.91,82.21,0.98
2018-07-27 15:00:00,0.04,23.15,85.29,0.91
2018-07-27 16:00:00,0.05,22.44,89.35,0.75
2018-07-27 17:00:00,0.06,21.78,94.04,0.55
2018-07-27 18:00:00,0.04,21.09,96.76,0.39
2018-07-27 19:00:00,0.04,20.73,97.61,0.37
2018-07-27 20:00:00,0.04,20.63,97.95,0.34
2018-07-27 21:00:00,0.05,20.57,98.16,0.31
2018-07-27 22:00:00,0.06,20.53,98.4,0.3
2018-07-27 23:00:00,0.06,20.48,98.47,0.3
2018-07-28 00:00:00,0.07,20.4,98.45,0.33
2018-07-28 01:00:00,0.08,20.31,98.43,0.34
2018-07-28 02:00:00,0.07,20.23,98.48,0.33
2018-07-28 03:00:00,0.06,20.2,98.44,0.32
2018-07-28 04:00:00,0.04,20.18,98.5,0.31
2018-07-28 05:00:00,0.03,20.18,98.71,0.28
2018-07-28 06:00:00,0.02,20.65,97.68,0.36
2018-07-28 07:00:00,0.02,21.46,94.43,0.52
2018-07-28 08:00:00,0.07,22.36,89.3,0.69
2018-07-28 09:00:00,0.08,23.24,85.17,0.81
2018-07-28 10:00:00,0.08,24.0,82.21,0.88
2018-07-28 11:00:00,0.12,24.66,79.45,0.93
2018-07-28 12:00:00,0.22,24.95,78.21,0.96
2018-07-28 13:00:00,0.36,24.85,78.62,0.96
2018-07-28 14:00:00,0.4,24.4,80.64,0.94
2018-07-28 15:00:00,0.31,23.81,83.29,0.91
2018-07-28 16:00:00,0.37,23.01,87.59,0.82
2018-07-28 17:00:00,0.31,22.03,93.58,0.63
2018-07-28 18:00:00,0.21,21.31,97.24,0.43
2018-07-28 19:00:00,0.21,20.99,97.85,0.37
2018-07-28 20:00:00,0.21,20.83,98.22,0.31
2018-07-28 21:00:00,0.24,20.76,98.61,0.3
2018-07-28 22:00:00,0.27,20.76,98.77,0.3
2018-07-28 23:00:00,0.29,20.78,98.88,0.31
2018-07-29 00:00:00,0.31,20.79,99.02,0.34
2018-07-29 01:00:00,0.31,20.8,98.98,0.35
2018-07-29 02:00:00,0.29,20.78,98.98,0.36
2018-07-29 03:00:00,0.26,20.71,99.02,0.37
2018-07-29 04:00:00,0.26,20.65,98.98,0.37
2018-07-29 05:00:00,0.27,20.62,99.01,0.35
2018-07-29 06:00:00,0.3,21.01,98.01,0.48
2018-07-29 07:00:00,0.31,21.73,95.36,0.65
2018-07-29 08:00:00,0.02,22.67,89.87,0.82
2018-07-29 09:00:00,0.03,23.8,84.44,0.9
2018-07-29 10:00:00,0.03,24.64,81.11,0.96
2018-07-29 11:00:00,0.04,25.1,79.33,1.0
2018-07-29 12:00:00,0.05,25.04,79.61,1.03
2018-07-29 13:00:00,0.07,24.54,82.36,1.01
2018-07-29 14:00:00,0.09,23.96,85.23,0.97
2018-07-29 15:00:00,0.13,23.36,88.45,0.89
2018-07-29 16:00:00,0.15,22.77,92.43,0.75
2018-07-29 17:00:00,0.14,22.25,95.88,0.61
2018-07-29 18:00:00,0.11,21.88,97.75,0.42
2018-07-29 19:00:00,0.09,21.73,98.12,0.36
2018-07-29 20:00:00,0.1,21.62,98.4,0.33
2018-07-29 21:00:00,0.1,21.53,98.63,0.32
2018-07-29 22:00:00,0.11,21.48,98.7,0.32
2018-07-29 23:00:00,0.11,21.41,98.83,0.34
2018-07-30 00:00:00,0.1,21.36,98.83,0.35
2018-07-30 01:00:00,0.08,21.33,98.94,0.36
2018-07-30 02:00:00,0.07,21.34,98.9,0.37
2018-07-30 03:00:00,0.05,21.33,98.96,0.33
2018-07-30 04:00:00,0.04,21.36,98.91,0.34
2018-07-30 05:00:00,0.03,21.44,98.97,0.38
2018-07-30 06:00:00,0.03,21.77,98.45,0.49
2018-07-30 07:00:00,0.02,22.33,96.97,0.66
2018-07-30 08:00:00,0.52,22.79,94.04,0.75
2018-07-30 09:00:00,0.48,23.2,88.24,0.85
2018-07-30 10:00:00,0.45,23.6,85.01,0.91
2018-07-30 11:00:00,0.44,23.79,83.95,0.92
2018-07-30 12:00:00,0.55,23.83,83.68,0.94
2018-07-30 13:00:00,0.8,23.78,84.0,0.96
2018-07-30 14:00:00,0.91,23.58,85.12,0.95
2018-07-30 15:00:00,1.21,23.21,87.29,0.89
2018-07-30 16:00:00,1.58,22.66,91.39,0.78
2018-07-30 17:00:00,1.52,22.1,95.88,0.62
2018-07-30 18:00:00,1.26,21.69,97.98,0.45
2018-07-30 19:00:00,1.02,21.48,98.36,0.39
2018-07-30 20:00:00,1.09,21.39,98.7,0.34
2018-07-30 21:00:00,1.16,21.38,99.09,0.31
2018-07-30 22:00:00,1.2,21.43,99.23,0.33
2018-07-30 23:00:00,1.16,21.47,99.06,0.36
2018-07-31 00:00:00,1.29,21.4,98.89,0.38
2018-07-31 01:00:00,1.36,21.36,98.67,0.39
2018-07-31 02:00:00,1.62,21.31,98.59,0.39
2018-07-31 03:00:00,1.81,21.33,98.7,0.41
2018-07-31 04:00:00,1.78,21.37,98.65,0.42
2018-07-31 05:00:00,1.61,21.38,98.63,0.39
2018-07-31 06:00:00,1.44,21.61,98.28,0.47
2018-07-31 07:00:00,1.44,22.09,97.39,0.58
2018-07-31 08:00:00,0.91,22.56,95.78,0.67
2018-07-31 09:00:00,0.86,22.67,92.02,0.76
2018-07-31 10:00:00,0.94,22.95,88.46,0.83
2018-07-31 11:00:00,1.08,23.32,86.34,0.89
2018-07-31 12:00:00,1.01,23.58,85.18,0.94
2018-07-31 13:00:00,0.82,23.63,84.91,0.95
2018-07-31 14:00:00,0.61,23.41,85.97,0.93
2018-07-31 15:00:00,0.47,23.02,87.65,0.85
2018-07-31 16:00:00,0.39,22.41,91.36,0.73
2018-07-31 17:00:00,0.36,21.75,95.63,0.51
2018-07-31 18:00:00,0.23,21.29,97.58,0.33
2018-07-31 19:00:00,0.28,20.97,97.75,0.31
2018-07-31 20:00:00,0.38,20.76,98.18,0.29
2018-07-31 21:00:00,0.43,20.7,98.39,0.27
2018-07-31 22:00:00,0.45,20.63,98.56,0.25
2018-07-31 23:00:00,0.51,20.55,98.76,0.25
2018-08-01 00:00:00,0.59,20.5,98.8,0.27
2018-08-01 01:00:00,0.56,20.47,98.84,0.29
2018-08-01 02:00:00,0.53,20.44,98.93,0.27
2018-08-01 03:00:00,0.47,20.47,98.87,0.23
2018-08-01 04:00:00,0.41,20.52,98.81,0.23
2018-08-01 05:00:00,0.4,20.54,98.9,0.23
2018-08-01 06:00:00,0.38,20.97,98.22,0.28
2018-08-01 07:00:00,0.36,21.8,95.79,0.43
2018-08-01 08:00:00,0.25,22.54,90.96,0.64
2018-08-01 09:00:00,0.26,23.34,86.62,0.78
2018-08-01 10:00:00,0.31,23.91,84.02,0.88
2018-08-01 11:00:00,0.33,24.23,82.44,0.92
2018-08-01 12:00:00,0.3,24.3,81.66,0.92
2018-08-01 13:00:00,0.21,24.16,82.11,0.86
2018-08-01 14:00:00,0.17,23.71,84.43,0.79
2018-08-01 15:00:00,0.13,23.26,86.53,0.7
2018-08-01 16:00:00,0.13,22.67,90.22,0.57
2018-08-01 17:00:00,0.1,21.98,95.08,0.38
2018-08-01 18:00:00,0.11,21.32,97.37,0.25
2018-08-01 19:00:00,0.11,21.04,98.08,0.21
2018-08-01 20:00:00,0.14,20.79,97.75,0.17
2018-08-01 21:00:00,0.19,20.53,97.72,0.14
2018-08-01 22:00:00,0.26,20.29,97.81,0.13
2018-08-01 23:00:00,0.34,20.13,98.3,0.1
2018-08-02 00:00:00,0.38,20.06,98.34,0.1
2018-08-02 01:00:00,0.39,19.98,98.32,0.08
2018-08-02 02:00:00,0.36,19.88,98.2,0.08
2018-08-02 03:00:00,0.3,19.79,98.11,0.09
2018-08-02 04:00:00,0.22,19.7,98.22,0.09
2018-08-02 05:00:00,0.17,19.61,98.48,0.08
2018-08-02 06:00:00,0.14,20.02,97.69,0.14
2018-08-02 07:00:00,0.13,20.9,94.19,0.28
2018-08-02 08:00:00,0.26,22.1,87.87,0.42
2018-08-02 09:00:00,0.2,23.45,81.97,0.5
2018-08-02 10:00:00,0.18,24.49,78.51,0.53
2018-08-02 11:00:00,0.2,25.15,77.31,0.54
2018-08-02 12:00:00,0.15,25.51,77.23,0.56
2018-08-02 13:00:00,0.09,25.35,79.22,0.62
2018-08-02 14:00:00,0.03,24.95,81.52,0.67
2018-08-02 15:00:00,0.01,24.31,84.8,0.7
2018-08-02 16:00:00,0.02,23.54,89.06,0.66
2018-08-02 17:00:00,0.09,22.7,94.84,0.53
2018-08-02 18:00:00,0.19,22.02,97.66,0.4
2018-08-02 19:00:00,0.37,21.7,98.42,0.38
2018-08-02 20:00:00,0.8,21.51,98.61,0.36
2018-08-02 21:00:00,1.1,21.31,98.81,0.32
2018-08-02 22:00:00,1.15,21.15,99.02,0.3
2018-08-02 23:00:00,1.04,21.0,98.7,0.31
2018-08-03 00:00:00,1.05,20.83,98.65,0.31
2018-08-03 01:00:00,0.8,20.66,98.67,0.31
2018-08-03 02:00:00,0.67,20.51,98.64,0.3
2018-08-03 03:00:00,0.54,20.38,98.7,0.29
2018-08-03 04:00:00,0.46,20.23,98.77,0.28
2018-08-03 05:00:00,0.47,20.15,98.69,0.28
2018-08-03 06:00:00,0.44,20.47,97.85,0.33
2018-08-03 07:00:00,0.37,21.16,95.08,0.45
2018-08-03 08:00:00,0.03,22.11,89.59,0.51
2018-08-03 09:00:00,0.03,22.99,83.84,0.58
2018-08-03 10:00:00,0.04,23.49,81.23,0.63
2018-08-03 11:00:00,0.07,23.82,79.59,0.69
2018-08-03 12:00:00,0.11,23.98,79.65,0.76
2018-08-03 13:00:00,0.19,23.88,80.42,0.82
2018-08-03 14:00:00,0.29,23.46,81.93,0.88
2018-08-03 15:00:00,0.46,22.8,85.09,0.9
2018-08-03 16:00:00,0.59,22.02,89.03,0.83
2018-08-03 17:00:00,0.36,21.13,93.53,0.66
2018-08-03 18:00:00,0.13,20.41,96.18,0.46
2018-08-03 19:00:00,0.07,20.01,96.51,0.34
2018-08-03 20:00:00,0.07,19.66,95.97,0.26
2018-08-03 21:00:00,0.09,19.28,95.99,0.19
2018-08-03 22:00:00,0.16,19.0,96.41,0.17
2018-08-03 23:00:00,0.3,18.79,96.67,0.16
2018-08-04 00:00:00,0.4,18.59,96.42,0.11
2018-08-04 01:00:00,0.41,18.42,96.4,0.06
2018-08-04 02:00:00,0.34,18.23,96.6,0.06
2018-08-04 03:00:00,0.32,18.07,97.01,0.05
2018-08-04 04:00:00,0.3,17.96,97.92,0.06
2018-08-04 05:00:00,0.21,18.01,98.85,0.06
2018-08-04 06:00:00,0.13,18.81,98.27,0.11
2018-08-04 07:00:00,0.09,20.22,95.42,0.32
2018-08-04 08:00:00,0.03,21.71,89.47,0.51
2018-08-04 09:00:00,0.03,22.91,83.75,0.61
2018-08-04 10:00:00,0.04,23.7,80.53,0.68
2018-08-04 11:00:00,0.05,24.02,80.17,0.75
2018-08-04 12:00:00,0.07,24.09,80.61,0.79
2018-08-04 13:00:00,0.07,23.95,81.77,0.81
2018-08-04 14:00:00,0.07,23.66,83.68,0.84
2018-08-04 15:00:00,0.06,23.23,86.23,0.83
2018-08-04 16:00:00,0.06,22.66,90.26,0.73
2018-08-04 17:00:00,0.06,21.93,95.2,0.57
2018-08-04 18:00:00,0.04,21.33,97.78,0.44
2018-08-04 19:00:00,0.04,21.16,98.39,0.4
2018-08-04 20:00:00,0.04,21.07,98.4,0.37
2018-08-04 21:00:00,0.04,21.01,98.57,0.34
2018-08-04 22:00:00,0.03,20.94,98.58,0.34
2018-08-04 23:00:00,0.03,20.86,98.6,0.32
2018-08-05 00:00:00,0.03,20.71,98.61,0.29
2018-08-05 01:00:00,0.03,20.57,98.73,0.3
2018-08-05 02:00:00,0.02,20.52,98.76,0.31
2018-08-05 03:00:00,0.02,20.54,98.81,0.32
2018-08-05 04:00:00,0.02,20.56,98.58,0.34
2018-08-05 05:00:00,0.02,20.57,98.54,0.35
2018-08-05 06:00:00,0.03,20.89,97.69,0.41
2018-08-05 07:00:00,0.03,21.54,95.25,0.53
2018-08-05 08:00:00,0.1,22.26,90.04,0.68
2018-08-05 09:00:00,0.12,23.03,85.83,0.78
2018-08-05 10:00:00,0.14,23.79,81.77,0.87
2018-08-05 11:00:00,0.19,24.38,79.35,0.95
2018-08-05 12:00:00,0.18,24.66,78.49,1.02
2018-08-05 13:00:00,0.2,24.58,78.86,1.06
2018-08-05 14:00:00,0.18,24.17,80.73,1.04
2018-08-05 15:00:00,0.16,23.51,83.73,0.99
2018-08-05 16:00:00,0.19,22.74,88.49,0.88
2018-08-05 17:00:00,0.21,21.85,94.24,0.7
2018-08-05 18:00:00,0.15,21.15,97.2,0.51
2018-08-05 19:00:00,0.17,20.92,98.06,0.42
2018-08-05 20:00:00,0.19,20.85,98.31,0.38
2018-08-05 21:00:00,0.21,20.86,98.41,0.38
2018-08-05 22:00:00,0.25,20.86,98.36,0.41
2018-08-05 23:00:00,0.3,20.84,98.31,0.45
2018-08-06 00:00:00,0.33,20.8,98.18,0.48
2018-08-06 01:00:00,0.34,20.73,98.15,0.48
2018-08-06 02:00:00,0.32,20.6,98.16,0.48
2018-08-06 03:00:00,0.25,20.48,98.18,0.47
2018-08-06 04:00:00,0.21,20.42,98.3,0.46
2018-08-06 05:00:00,0.15,20.42,98.33,0.45
2018-08-06 06:00:00,0.11,20.87,97.19,0.59
2018-08-06 07:00:00,0.11,21.66,94.02,0.78
2018-08-06 08:00:00,0.08,22.6,89.04,0.95
2018-08-06 09:00:00,0.08,23.37,85.09,1.03
2018-08-06 10:00:00,0.09,23.94,82.0,1.09
2018-08-06 11:00:00,0.09,24.13,80.82,1.1
2018-08-06 12:00:00,0.09,24.05,80.84,1.11
2018-08-06 13:00:00,0.11,23.75,81.84,1.11
2018-08-06 14:00:00,0.1,23.4,83.19,1.08
2018-08-06 15:00:00,0.09,23.03,85.11,1.0
2018-08-06 16:00:00,0.1,22.41,88.56,0.9
2018-08-06 17:00:00,0.12,21.56,93.32,0.73
2018-08-06 18:00:00,0.07,20.7,96.59,0.53
2018-08-06 19:00:00,0.08,20.41,97.73,0.47
2018-08-06 20:00:00,0.12,20.36,98.09,0.42
2018-08-06 21:00:00,0.13,20.28,98.06,0.38
2018-08-06 22:00:00,0.18,20.18,98.22,0.38
2018-08-06 23:00:00,0.22,20.11,98.26,0.39
2018-08-07 00:00:00,0.21,20.06,98.47,0.4
2018-08-07 01:00:00,0.22,20.03,98.46,0.4
2018-08-07 02:00:00,0.24,20.01,98.66,0.39
2018-08-07 03:00:00,0.25,19.98,98.5,0.38
2018-08-07 04:00:00,0.26,19.96,98.69,0.36
2018-08-07 05:00:00,0.26,20.0,98.67,0.35
2018-08-07 06:00:00,0.26,20.56,97.49,0.49
2018-08-07 07:00:00,0.24,21.43,94.48,0.69
2018-08-07 08:00:00,0.33,22.47,88.81,0.89
2018-08-07 09:00:00,0.3,23.4,84.66,0.98
2018-08-07 10:00:00,0.24,23.97,82.36,1.03
2018-08-07 11:00:00,0.16,24.19,81.32,1.07
2018-08-07 12:00:00,0.14,24.18,81.35,1.09
2018-08-07 13:00:00,0.15,24.07,81.68,1.1
2018-08-07 14:00:00,0.28,23.84,82.24,1.11
2018-08-07 15:00:00,0.52,23.44,83.88,1.08
2018-08-07 16:00:00,0.79,22.74,87.75,0.97
2018-08-07 17:00:00,0.84,21.83,94.21,0.75
2018-08-07 18:00:00,0.81,21.27,96.87,0.59
2018-08-07 19:00:00,0.88,21.0,97.37,0.52
2018-08-07 20:00:00,0.8,20.92,97.73,0.52
2018-08-07 21:00:00,0.83,20.89,97.7,0.55
2018-08-07 22:00:00,0.9,20.74,97.46,0.55
2018-08-07 23:00:00,1.02,20.45,97.32,0.54
2018-08-08 00:00:00,1.45,20.21,97.35,0.57
2018-08-08 01:00:00,1.86,20.02,97.24,0.57
2018-08-08 02:00:00,2.04,19.84,97.22,0.57
2018-08-08 03:00:00,2.03,19.69,97.17,0.6
2018-08-08 04:00:00,2.01,19.61,97.36,0.58
2018-08-08 05:00:00,1.54,19.54,97.45,0.58
2018-08-08 06:00:00,1.08,19.78,97.08,0.64
2018-08-08 07:00:00,0.99,20.33,95.14,0.77
2018-08-08 08:00:00,1.92,21.11,91.54,0.84
2018-08-08 09:00:00,2.03,21.77,88.48,0.93
2018-08-08 10:00:00,2.59,22.23,86.81,1.01
2018-08-08 11:00:00,2.84,22.5,85.81,1.08
2018-08-08 12:00:00,2.21,22.63,85.33,1.12
2018-08-08 13:00:00,1.43,22.49,85.85,1.11
2018-08-08 14:00:00,0.98,22.23,87.3,1.05
2018-08-08 15:00:00,0.87,21.99,89.08,0.95
2018-08-08 16:00:00,0.9,21.63,91.88,0.82
2018-08-08 17:00:00,0.91,21.19,96.01,0.66
2018-08-08 18:00:00,0.88,20.86,97.52,0.55
2018-08-08 19:00:00,0.88,20.76,97.96,0.51
2018-08-08 20:00:00,0.86,20.71,98.08,0.43
2018-08-08 21:00:00,0.88,20.59,97.99,0.39
2018-08-08 22:00:00,1.13,20.43,97.99,0.35
2018-08-08 23:00:00,1.18,20.26,98.17,0.35
2018-08-09 00:00:00,1.3,20.11,98.22,0.31
2018-08-09 01:00:00,1.6,19.97,98.29,0.28
2018-08-09 02:00:00,1.8,19.91,98.45,0.3
2018-08-09 03:00:00,2.0,19.87,98.51,0.34
2018-08-09 04:00:00,2.11,19.8,98.47,0.37
2018-08-09 05:00:00,2.04,19.73,98.5,0.37
2018-08-09 06:00:00,1.9,20.04,97.62,0.46
2018-08-09 07:00:00,1.9,20.71,95.42,0.61
2018-08-09 08:00:00,1.06,21.5,90.82,0.74
2018-08-09 09:00:00,0.76,22.23,87.25,0.78
2018-08-09 10:00:00,0.58,22.85,84.63,0.85
2018-08-09 11:00:00,0.42,23.42,82.68,0.91
2018-08-09 12:00:00,0.32,23.83,81.5,0.97
2018-08-09 13:00:00,0.25,23.89,81.84,1.0
2018-08-09 14:00:00,0.23,23.58,83.31,1.01
2018-08-09 15:00:00,0.32,22.89,86.68,0.99
2018-08-09 16:00:00,0.56,22.19,90.69,0.87
2018-08-09 17:00:00,0.49,21.47,95.41,0.65
2018-08-09 18:00:00,0.32,20.92,97.15,0.51
2018-08-09 19:00:00,0.41,20.61,97.76,0.49
2018-08-09 20:00:00,0.46,20.6,98.11,0.44
2018-08-09 21:00:00,0.55,20.64,98.15,0.4
2018-08-09 22:00:00,0.65,20.69,98.19,0.38
2018-08-09 23:00:00,0.67,20.67,98.27,0.4
2018-08-10 00:00:00,0.63,20.65,98.31,0.41
2018-08-10 01:00:00,0.7,20.64,98.31,0.42
2018-08-10 02:00:00,0.82,20.63,98.34,0.4
2018-08-10 03:00:00,0.97,20.62,98.29,0.39
2018-08-10 04:00:00,1.27,20.59,98.35,0.37
2018-08-10 05:00:00,1.54,20.57,98.33,0.43
2018-08-10 06:00:00,1.6,20.74,97.97,0.47
2018-08-10 07:00:00,1.62,21.16,96.55,0.57
2018-08-10 08:00:00,0.68,21.71,93.97,0.65
2018-08-10 09:00:00,0.69,22.5,89.19,0.77
2018-08-10 10:00:00,0.55,23.13,86.03,0.82
2018-08-10 11:00:00,0.39,23.39,84.69,0.84
2018-08-10 12:00:00,0.35,23.5,84.16,0.84
2018-08-10 13:00:00,0.34,23.43,84.81,0.84
2018-08-10 14:00:00,0.27,23.22,86.37,0.86
2018-08-10 15:00:00,0.24,22.86,88.83,0.83
2018-08-10 16:00:00,0.32,22.32,92.26,0.76
2018-08-10 17:00:00,0.31,21.76,96.09,0.62
2018-08-10 18:00:00,0.26,21.29,97.4,0.5
2018-08-10 19:00:00,0.22,21.03,97.68,0.45
2018-08-10 20:00:00,0.25,20.9,97.99,0.43
2018-08-10 21:00:00,0.26,20.85,98.12,0.41
2018-08-10 22:00:00,0.25,20.79,98.33,0.39
2018-08-10 23:00:00,0.22,20.72,98.57,0.35
2018-08-11 00:00:00,0.21,20.67,98.73,0.33
2018-08-11 01:00:00,0.21,20.6,98.76,0.35
2018-08-11 02:00:00,0.23,20.58,99.0,0.36
2018-08-11 03:00:00,0.26,20.69,99.04,0.37
2018-08-11 04:00:00,0.27,20.78,98.59,0.39
2018-08-11 05:00:00,0.31,20.73,98.64,0.43
2018-08-11 06:00:00,0.28,20.95,97.84,0.57
2018-08-11 07:00:00,0.24,21.32,96.41,0.73
2018-08-11 08:00:00,0.12,21.92,93.21,0.81
2018-08-11 09:00:00,0.12,22.72,88.1,0.91
2018-08-11 10:00:00,0.12,23.32,84.67,0.99
2018-08-11 11:00:00,0.12,23.53,83.79,1.02
2018-08-11 12:00:00,0.11,23.64,83.81,1.0
2018-08-11 13:00:00,0.07,23.53,84.31,0.96
2018-08-11 14:00:00,0.06,23.18,85.46,0.93
2018-08-11 15:00:00,0.05,22.75,87.43,0.93
2018-08-11 16:00:00,0.05,22.18,90.43,0.89
2018-08-11 17:00:00,0.06,21.49,95.12,0.7
2018-08-11 18:00:00,0.07,20.95,97.15,0.54
2018-08-11 19:00:00,0.08,20.71,97.7,0.49
2018-08-11 20:00:00,0.08,20.67,97.85,0.49
2018-08-11 21:00:00,0.06,20.71,98.13,0.49
2018-08-11 22:00:00,0.06,20.73,98.23,0.49
2018-08-11 23:00:00,0.08,20.74,98.24,0.49
2018-08-12 00:00:00,0.09,20.73,98.22,0.5
2018-08-12 01:00:00,0.11,20.67,98.2,0.51
2018-08-12 02:00:00,0.12,20.62,98.2,0.56
2018-08-12 03:00:00,0.15,20.57,98.19,0.6
2018-08-12 04:00:00,0.21,20.53,97.91,0.57
2018-08-12 05:00:00,0.28,20.37,97.63,0.57
2018-08-12 06:00:00,0.34,20.45,97.14,0.64
2018-08-12 07:00:00,0.32,20.86,95.56,0.81
2018-08-12 08:00:00,0.58,21.48,92.66,0.88
2018-08-12 09:00:00,0.52,22.17,89.22,0.93
2018-08-12 10:00:00,0.56,22.64,87.15,0.99
2018-08-12 11:00:00,0.72,22.76,86.99,1.02
2018-08-12 12:00:00,0.89,22.66,87.56,1.02
2018-08-12 13:00:00,1.02,22.47,88.46,1.0
2018-08-12 14:00:00,0.88,22.07,90.33,0.97
2018-08-12 15:00:00,0.69,21.59,92.61,0.94
2018-08-12 16:00:00,0.49,21.02,94.22,0.87
2018-08-12 17:00:00,0.37,20.27,95.35,0.76
2018-08-12 18:00:00,0.42,19.65,96.08,0.59
2018-08-12 19:00:00,0.47,19.19,96.29,0.42
2018-08-12 20:00:00,0.48,18.78,96.65,0.3
2018-08-12 21:00:00,0.46,18.5,97.19,0.23
2018-08-12 22:00:00,0.48,18.57,97.48,0.21
2018-08-12 23:00:00,0.69,18.87,97.89,0.29
2018-08-13 00:00:00,0.78,19.21,98.34,0.37
2018-08-13 01:00:00,0.62,19.58,98.56,0.44
2018-08-13 02:00:00,0.21,19.74,98.19,0.45
2018-08-13 03:00:00,0.1,19.65,97.9,0.41
2018-08-13 04:00:00,0.13,19.46,97.86,0.38
2018-08-13 05:00:00,0.1,19.39,98.08,0.36
2018-08-13 06:00:00,0.03,19.81,97.59,0.37
2018-08-13 07:00:00,0.02,20.68,95.2,0.46
2018-08-13 08:00:00,0.03,21.61,91.6,0.64
2018-08-13 09:00:00,0.02,22.4,88.65,0.8
2018-08-13 10:00:00,0.12,23.11,86.44,0.91
2018-08-13 11:00:00,0.45,23.68,84.83,1.0
2018-08-13 12:00:00,0.62,23.93,84.11,1.06
2018-08-13 13:00:00,0.84,23.9,84.21,1.08
2018-08-13 14:00:00,0.84,23.7,85.01,1.02
2018-08-13 15:00:00,0.85,23.37,86.66,0.93
2018-08-13 16:00:00,0.86,22.8,90.74,0.77
2018-08-13 17:00:00,0.74,22.23,95.74,0.57
2018-08-13 18:00:00,0.67,21.84,97.73,0.43
2018-08-13 19:00:00,0.84,21.71,97.95,0.46
2018-08-13 20:00:00,0.79,21.64,98.3,0.49
2018-08-13 21:00:00,0.63,21.54,97.86,0.54
2018-08-13 22:00:00,0.43,21.37,97.89,0.55
2018-08-13 23:00:00,0.28,21.2,97.63,0.59
2018-08-14 00:00:00,0.19,20.94,97.39,0.66
2018-08-14 01:00:00,0.21,20.66,97.19,0.77
2018-08-14 02:00:00,0.35,20.39,96.57,0.83
2018-08-14 03:00:00,0.55,20.05,95.86,0.79
2018-08-14 04:00:00,0.84,19.77,95.71,0.74
2018-08-14 05:00:00,1.03,19.59,95.79,0.71
2018-08-14 06:00:00,1.04,19.76,95.22,0.76
2018-08-14 07:00:00,0.9,20.53,92.87,0.9
2018-08-14 08:00:00,0.46,21.47,89.48,1.0
2018-08-14 09:00:00,0.38,22.3,86.26,1.08
2018-08-14 10:00:00,0.47,22.93,84.03,1.13
2018-08-14 11:00:00,0.59,23.29,82.88,1.15
2018-08-14 12:00:00,0.78,23.35,82.66,1.17
2018-08-14 13:00:00,0.83,23.22,83.51,1.19
2018-08-14 14:00:00,0.84,22.91,85.57,1.2
2018-08-14 15:00:00,0.96,22.54,88.52,1.15
2018-08-14 16:00:00,1.33,22.19,93.61,1.03
2018-08-14 17:00:00,1.61,22.14,96.59,0.94
2018-08-14 18:00:00,1.67,21.98,97.61,0.87
2018-08-14 19:00:00,1.47,21.9,97.28,0.92
2018-08-14 20:00:00,1.41,21.58,96.87,0.97
2018-08-14 21:00:00,1.2,21.35,97.18,0.98
2018-08-14 22:00:00,1.37,21.4,97.43,1.01
2018-08-14 23:00:00,1.84,21.47,97.65,1.0
2018-08-15 00:00:00,2.37,21.46,97.77,0.96
2018-08-15 01:00:00,2.72,21.45,97.93,0.94
2018-08-15 02:00:00,2.75,21.35,97.73,0.94
2018-08-15 03:00:00,2.87,21.13,97.64,0.93
2018-08-15 04:00:00,2.87,20.87,97.51,0.89
2018-08-15 05:00:00,2.87,20.67,97.61,0.86
2018-08-15 06:00:00,3.01,20.89,97.14,0.9
2018-08-15 07:00:00,3.38,21.49,95.55,0.96
2018-08-15 08:00:00,3.93,22.13,91.94,1.03
2018-08-15 09:00:00,3.61,22.63,88.38,1.13
2018-08-15 10:00:00,3.02,23.04,86.43,1.21
2018-08-15 11:00:00,3.0,23.03,86.09,1.26
2018-08-15 12:00:00,2.77,22.86,87.58,1.25
2018-08-15 13:00:00,2.14,22.7,88.04,1.23
2018-08-15 14:00:00,1.62,22.39,89.39,1.17
2018-08-15 15:00:00,1.45,22.16,91.79,1.11
2018-08-15 16:00:00,1.8,21.95,94.67,1.05
2018-08-15 17:00:00,2.23,21.77,96.68,1.01
2018-08-15 18:00:00,2.54,21.72,97.45,1.04
2018-08-15 19:00:00,2.65,21.81,97.6,1.09
2018-08-15 20:00:00,2.68,21.69,97.08,1.09
2018-08-15 21:00:00,2.5,21.21,96.65,1.07
2018-08-15 22:00:00,2.14,20.76,96.73,1.03
2018-08-15 23:00:00,2.25,20.55,96.84,0.97
2018-08-16 00:00:00,2.8,20.43,96.93,0.92
2018-08-16 01:00:00,3.31,20.41,97.1,0.86
2018-08-16 02:00:00,3.5,20.42,97.23,0.87
2018-08-16 03:00:00,3.37,20.44,97.22,0.91
2018-08-16 04:00:00,3.25,20.4,97.24,0.94
2018-08-16 05:00:00,2.85,20.35,97.16,0.96
2018-08-16 06:00:00,2.31,20.46,97.04,1.0
2018-08-16 07:00:00,1.98,20.86,96.24,1.08
2018-08-16 08:00:00,1.6,21.33,94.99,1.12
2018-08-16 09:00:00,1.44,21.78,92.47,1.17
2018-08-16 10:00:00,1.73,21.99,90.65,1.2
2018-08-16 11:00:00,2.17,22.11,89.92,1.21
2018-08-16 12:00:00,2.52,22.19,89.95,1.21
2018-08-16 13:00:00,2.74,22.26,90.1,1.19
2018-08-16 14:00:00,2.61,22.22,91.32,1.17
2018-08-16 15:00:00,2.34,22.08,93.37,1.13
2018-08-16 16:00:00,2.26,21.94,95.76,1.08
2018-08-16 17:00:00,2.25,21.73,97.0,1.02
2018-08-16 18:00:00,1.95,21.51,97.69,0.96
2018-08-16 19:00:00,1.59,21.51,97.76,0.93
2018-08-16 20:00:00,1.36,21.54,97.82,0.88
2018-08-16 21:00:00,1.33,21.52,97.8,0.86
2018-08-16 22:00:00,1.51,21.46,97.9,0.86
2018-08-16 23:00:00,1.53,21.44,97.95,0.83
2018-08-17 00:00:00,1.43,21.42,97.94,0.82
2018-08-17 01:00:00,1.36,21.39,98.03,0.83
2018-08-17 02:00:00,1.29,21.41,97.97,0.88
2018-08-17 03:00:00,1.3,21.38,97.84,0.92
2018-08-17 04:00:00,1.3,21.26,97.73,0.9
2018-08-17 05:00:00,1.19,21.13,97.69,0.87
2018-08-17 06:00:00,1.29,21.32,97.25,0.92
2018-08-17 07:00:00,1.21,21.99,95.74,1.03
2018-08-17 08:00:00,0.52,22.63,92.76,1.16
2018-08-17 09:00:00,0.6,23.09,89.78,1.25
2018-08-17 10:00:00,0.69,23.4,87.98,1.29
2018-08-17 11:00:00,0.69,23.57,87.03,1.29
2018-08-17 12:00:00,0.64,23.64,86.33,1.28
2018-08-17 13:00:00,0.66,23.6,85.82,1.27
2018-08-17 14:00:00,0.59,23.28,86.89,1.25
2018-08-17 15:00:00,0.61,22.77,89.18,1.17
2018-08-17 16:00:00,0.83,22.14,93.56,1.02
2018-08-17 17:00:00,1.18,21.75,96.6,0.87
2018-08-17 18:00:00,1.39,21.46,97.66,0.78
2018-08-17 19:00:00,1.52,21.39,97.88,0.77
2018-08-17 20:00:00,1.56,21.38,97.89,0.74
2018-08-17 21:00:00,1.58,21.31,97.94,0.72
2018-08-17 22:00:00,1.55,21.23,97.94,0.69
2018-08-17 23:00:00,1.36,21.14,98.13,0.63
2018-08-18 00:00:00,1.08,21.11,98.1,0.63
2018-08-18 01:00:00,0.81,21.14,98.18,0.7
2018-08-18 02:00:00,0.63,21.1,97.97,0.73
2018-08-18 03:00:00,0.53,20.95,97.59,0.81
2018-08-18 04:00:00,0.46,20.7,97.42,0.78
2018-08-18 05:00:00,0.46,20.44,97.48,0.74
2018-08-18 06:00:00,0.45,20.5,97.02,0.77
2018-08-18 07:00:00,0.4,21.03,95.7,0.86
2018-08-18 08:00:00,0.34,21.61,93.15,0.91
2018-08-18 09:00:00,0.37,21.83,90.58,0.94
2018-08-18 10:00:00,0.32,21.86,89.16,0.96
2018-08-18 11:00:00,0.24,21.69,88.83,0.96
2018-08-18 12:00:00,0.19,21.54,88.87,0.96
2018-08-18 13:00:00,0.19,21.41,89.21,0.96
2018-08-18 14:00:00,0.19,21.25,90.0,0.96
2018-08-18 15:00:00,0.2,20.97,91.92,0.91
2018-08-18 16:00:00,0.24,20.64,94.32,0.82
2018-08-18 17:00:00,0.26,20.32,96.61,0.71
2018-08-18 18:00:00,0.24,20.04,97.54,0.65
2018-08-18 19:00:00,0.29,20.07,97.98,0.63
2018-08-18 20:00:00,0.38,20.26,98.19,0.62
2018-08-18 21:00:00,0.46,20.46,98.35,0.61
2018-08-18 22:00:00,0.51,20.61,98.46,0.61
2018-08-18 23:00:00,0.54,20.67,98.4,0.57
2018-08-19 00:00:00,0.56,20.59,98.34,0.49
2018-08-19 01:00:00,0.54,20.5,98.21,0.54
2018-08-19 02:00:00,0.54,20.46,98.35,0.55
2018-08-19 03:00:00,0.52,20.47,98.29,0.57
2018-08-19 04:00:00,0.43,20.45,98.25,0.57
2018-08-19 05:00:00,0.37,20.4,98.18,0.56
2018-08-19 06:00:00,0.32,20.6,97.76,0.69
2018-08-19 07:00:00,0.3,21.16,96.03,0.8
2018-08-19 08:00:00,0.22,21.72,92.65,0.91
2018-08-19 09:00:00,0.23,22.29,89.81,0.99
2018-08-19 10:00:00,0.26,22.63,88.47,1.04
2018-08-19 11:00:00,0.26,22.7,88.09,1.07
2018-08-19 12:00:00,0.27,22.72,88.17,1.09
2018-08-19 13:00:00,0.25,22.62,88.68,1.08
2018-08-19 14:00:00,0.22,22.38,90.27,1.05
2018-08-19 15:00:00,0.17,22.05,92.47,0.99
2018-08-19 16:00:00,0.17,21.75,95.17,0.85
2018-08-19 17:00:00,0.15,21.43,96.82,0.71
2018-08-19 18:00:00,0.13,21.06,97.66,0.55
2018-08-19 19:00:00,0.1,20.87,97.75,0.5
2018-08-19 20:00:00,0.09,20.7,97.76,0.46
2018-08-19 21:00:00,0.09,20.57,97.85,0.43
2018-08-19 22:00:00,0.1,20.49,98.02,0.43
2018-08-19 23:00:00,0.12,20.42,98.13,0.42
2018-08-20 00:00:00,0.13,20.38,98.18,0.41
2018-08-20 01:00:00,0.14,20.35,98.22,0.42
2018-08-20 02:00:00,0.16,20.36,98.31,0.43
2018-08-20 03:00:00,0.16,20.37,98.2,0.46
2018-08-20 04:00:00,0.16,20.34,98.24,0.47
2018-08-20 05:00:00,0.16,20.24,98.22,0.47
2018-08-20 06:00:00,0.18,20.41,97.68,0.52
2018-08-20 07:00:00,0.18,20.85,96.1,0.66
2018-08-20 08:00:00,0.11,21.42,93.49,0.78
2018-08-20 09:00:00,0.11,22.13,90.0,0.9
2018-08-20 10:00:00,0.11,22.92,86.97,0.97
2018-08-20 11:00:00,0.11,23.5,84.93,1.04
2018-08-20 12:00:00,0.1,23.68,84.23,1.09
2018-08-20 13:00:00,0.1,23.59,84.57,1.11
2018-08-20 14:00:00,0.09,23.17,86.09,1.11
2018-08-20 15:00:00,0.09,22.53,88.84,1.05
2018-08-20 16:00:00,0.11,21.83,92.56,0.88
2018-08-20 17:00:00,0.1,21.21,96.11,0.66
2018-08-20 18:00:00,0.07,20.71,97.48,0.53
2018-08-20 19:00:00,0.08,20.56,97.89,0.48
2018-08-20 20:00:00,0.09,20.51,98.02,0.43
2018-08-20 21:00:00,0.1,20.46,98.19,0.38
2018-08-20 22:00:00,0.11,20.4,98.44,0.33
2018-08-20 23:00:00,0.13,20.37,98.53,0.31
2018-08-21 00:00:00,0.14,20.32,98.58,0.31
2018-08-21 01:00:00,0.14,20.27,98.81,0.32
2018-08-21 02:00:00,0.15,20.23,98.76,0.32
2018-08-21 03:00:00,0.13,20.14,98.81,0.33
2018-08-21 04:00:00,0.11,20.1,98.82,0.35
2018-08-21 05:00:00,0.1,20.08,98.81,0.33
2018-08-21 06:00:00,0.09,20.47,97.94,0.42
2018-08-21 07:00:00,0.07,21.29,94.73,0.6
2018-08-21 08:00:00,0.14,22.33,88.75,0.78
2018-08-21 09:00:00,0.16,23.27,84.25,0.86
2018-08-21 10:00:00,0.18,23.88,81.72,0.92
2018-08-21 11:00:00,0.2,24.24,80.06,0.96
2018-08-21 12:00:00,0.17,24.44,79.41,0.96
2018-08-21 13:00:00,0.13,24.38,79.55,0.96
2018-08-21 14:00:00,0.09,24.07,80.58,0.93
2018-08-21 15:00:00,0.06,23.33,82.56,0.89
2018-08-21 16:00:00,0.04,22.21,87.65,0.8
2018-08-21 17:00:00,0.11,21.28,93.75,0.56
2018-08-21 18:00:00,0.07,20.54,97.11,0.34
2018-08-21 19:00:00,0.06,20.31,97.71,0.29
2018-08-21 20:00:00,0.07,20.19,98.3,0.28
2018-08-21 21:00:00,0.09,20.16,98.34,0.26
2018-08-21 22:00:00,0.13,20.05,98.31,0.26
2018-08-21 23:00:00,0.16,20.01,98.51,0.24
2018-08-22 00:00:00,0.18,19.94,98.54,0.25
2018-08-22 01:00:00,0.2,19.85,98.59,0.25
2018-08-22 02:00:00,0.19,19.75,98.58,0.27
2018-08-22 03:00:00,0.18,19.65,98.73,0.28
2018-08-22 04:00:00,0.15,19.59,98.8,0.29
2018-08-22 05:00:00,0.12,19.53,98.82,0.28
2018-08-22 06:00:00,0.09,20.0,97.73,0.36
2018-08-22 07:00:00,0.06,20.86,93.83,0.57
2018-08-22 08:00:00,0.03,21.93,87.31,0.74
2018-08-22 09:00:00,0.02,23.07,82.04,0.81
2018-08-22 10:00:00,0.02,23.98,78.41,0.84
2018-08-22 11:00:00,0.0,24.44,76.75,0.86
2018-08-22 12:00:00,0.0,24.59,76.43,0.85
2018-08-22 13:00:00,0.0,24.53,76.75,0.82
2018-08-22 14:00:00,0.0,24.11,78.58,0.8
2018-08-22 15:00:00,0.0,23.2,82.42,0.78
2018-08-22 16:00:00,0.0,22.18,87.85,0.71
2018-08-22 17:00:00,0.0,21.34,93.57,0.51
2018-08-22 18:00:00,0.0,20.79,96.5,0.36
2018-08-22 19:00:00,0.0,20.54,97.51,0.32
2018-08-22 20:00:00,0.0,20.4,97.81,0.29
2018-08-22 21:00:00,0.0,20.24,97.84,0.26
2018-08-22 22:00:00,0.0,20.07,97.57,0.25
2018-08-22 23:00:00,0.0,19.87,97.35,0.25
2018-08-23 00:00:00,0.0,19.64,97.53,0.27
2018-08-23 01:00:00,0.0,19.52,97.87,0.28
2018-08-23 02:00:00,0.0,19.51,97.96,0.28
2018-08-23 03:00:00,0.0,19.51,97.83,0.29
2018-08-23 04:00:00,0.0,19.45,97.75,0.29
2018-08-23 05:00:00,0.0,19.33,97.8,0.29
2018-08-23 06:00:00,0.0,19.6,96.61,0.37
2018-08-23 07:00:00,0.0,20.46,92.16,0.51
2018-08-23 08:00:00,0.01,21.59,86.65,0.62
2018-08-23 09:00:00,0.01,22.83,82.2,0.7
2018-08-23 10:00:00,0.02,23.96,79.08,0.75
2018-08-23 11:00:00,0.03,24.72,77.34,0.81
2018-08-23 12:00:00,0.07,24.85,77.64,0.86
2018-08-23 13:00:00,0.11,24.56,79.35,0.9
2018-08-23 14:00:00,0.13,23.83,82.56,0.92
2018-08-23 15:00:00,0.09,23.0,86.38,0.85
2018-08-23 16:00:00,0.06,22.27,90.28,0.72
2018-08-23 17:00:00,0.04,21.51,94.85,0.54
2018-08-23 18:00:00,0.02,20.94,97.46,0.39
2018-08-23 19:00:00,0.02,20.69,98.01,0.34
2018-08-23 20:00:00,0.02,20.53,98.5,0.28
2018-08-23 21:00:00,0.02,20.43,98.84,0.26
2018-08-23 22:00:00,0.02,20.34,98.69,0.28
2018-08-23 23:00:00,0.04,20.19,98.63,0.29
2018-08-24 00:00:00,0.06,20.06,98.67,0.3
2018-08-24 01:00:00,0.07,19.92,98.53,0.31
2018-08-24 02:00:00,0.07,19.78,98.45,0.3
2018-08-24 03:00:00,0.04,19.64,98.67,0.3
2018-08-24 04:00:00,0.02,19.54,98.66,0.29
2018-08-24 05:00:00,0.02,19.47,98.93,0.27
2018-08-24 06:00:00,0.03,19.81,98.12,0.31
2018-08-24 07:00:00,0.04,20.46,95.54,0.45
2018-08-24 08:00:00,0.18,21.3,90.83,0.54
2018-08-24 09:00:00,0.09,22.41,85.11,0.59
2018-08-24 10:00:00,0.13,23.44,80.93,0.63
2018-08-24 11:00:00,0.45,24.11,78.9,0.65
2018-08-24 12:00:00,0.65,24.45,77.82,0.7
2018-08-24 13:00:00,0.71,24.45,78.56,0.74
2018-08-24 14:00:00,0.52,24.11,80.52,0.79
2018-08-24 15:00:00,0.2,23.48,83.61,0.79
2018-08-24 16:00:00,0.06,22.71,87.56,0.73
2018-08-24 17:00:00,0.05,21.78,93.66,0.56
2018-08-24 18:00:00,0.04,21.12,97.52,0.38
2018-08-24 19:00:00,0.03,20.84,98.14,0.34
2018-08-24 20:00:00,0.02,20.68,98.75,0.29
2018-08-24 21:00:00,0.03,20.55,99.34,0.26
2018-08-24 22:00:00,0.03,20.4,99.94,0.25
2018-08-24 23:00:00,0.05,20.31,99.94,0.26
2018-08-25 00:00:00,0.14,20.25,99.55,0.28
2018-08-25 01:00:00,0.15,20.2,99.47,0.28
2018-08-25 02:00:00,0.11,20.12,99.23,0.29
2018-08-25 03:00:00,0.08,19.99,99.02,0.31
2018-08-25 04:00:00,0.08,19.85,98.96,0.29
2018-08-25 05:00:00,0.09,19.73,99.3,0.27
2018-08-25 06:00:00,0.09,20.24,98.24,0.33
2018-08-25 07:00:00,0.08,21.18,94.23,0.51
2018-08-25 08:00:00,0.0,22.53,86.72,0.6
2018-08-25 09:00:00,0.0,24.19,79.53,0.62
2018-08-25 10:00:00,0.0,25.39,75.45,0.65
2018-08-25 11:00:00,0.01,26.05,73.72,0.69
2018-08-25 12:00:00,0.02,26.17,74.12,0.75
2018-08-25 13:00:00,0.04,25.83,76.01,0.79
2018-08-25 14:00:00,0.03,25.38,77.67,0.83
2018-08-25 15:00:00,0.02,24.61,81.09,0.84
2018-08-25 16:00:00,0.02,23.43,87.55,0.77
2018-08-25 17:00:00,0.03,22.32,93.97,0.64
2018-08-25 18:00:00,0.02,21.73,97.16,0.47
2018-08-25 19:00:00,0.01,21.36,96.92,0.44
2018-08-25 20:00:00,0.01,21.0,97.2,0.37
2018-08-25 21:00:00,0.01,20.78,97.59,0.34
2018-08-25 22:00:00,0.0,20.58,97.68,0.33
2018-08-25 23:00:00,0.0,20.39,97.72,0.33
2018-08-26 00:00:00,0.0,20.21,97.67,0.34
2018-08-26 01:00:00,0.0,20.03,97.55,0.37
2018-08-26 02:00:00,0.0,19.85,97.39,0.36
2018-08-26 03:00:00,0.0,19.72,97.59,0.33
2018-08-26 04:00:00,0.0,19.66,97.77,0.32
2018-08-26 05:00:00,0.0,19.65,98.0,0.31
2018-08-26 06:00:00,0.0,19.98,97.02,0.35
2018-08-26 07:00:00,0.0,20.72,93.51,0.48
2018-08-26 08:00:00,0.01,21.59,88.69,0.59
2018-08-26 09:00:00,0.01,22.54,84.67,0.68
2018-08-26 10:00:00,0.02,23.31,82.15,0.76
2018-08-26 11:00:00,0.03,24.16,79.5,0.81
2018-08-26 12:00:00,0.08,24.76,77.93,0.84
2018-08-26 13:00:00,0.14,24.59,79.12,0.87
2018-08-26 14:00:00,0.2,23.97,82.02,0.91
2018-08-26 15:00:00,0.12,23.32,84.99,0.86
2018-08-26 16:00:00,0.07,22.56,89.31,0.75
2018-08-26 17:00:00,0.05,21.65,94.84,0.62
2018-08-26 18:00:00,0.04,20.99,97.18,0.48
2018-08-26 19:00:00,0.03,20.71,98.01,0.34
2018-08-26 20:00:00,0.03,20.52,98.22,0.3
2018-08-26 21:00:00,0.03,20.4,98.43,0.28
2018-08-26 22:00:00,0.03,20.28,98.4,0.28
2018-08-26 23:00:00,0.04,20.13,98.22,0.32
2018-08-27 00:00:00,0.05,19.97,98.15,0.34
2018-08-27 01:00:00,0.06,19.92,98.45,0.31
2018-08-27 02:00:00,0.06,19.89,98.3,0.28
2018-08-27 03:00:00,0.06,19.76,97.9,0.27
2018-08-27 04:00:00,0.04,19.58,97.81,0.25
2018-08-27 05:00:00,0.04,19.44,97.75,0.22
2018-08-27 06:00:00,0.03,19.71,97.16,0.2
2018-08-27 07:00:00,0.05,20.55,93.91,0.33
2018-08-27 08:00:00,0.65,21.54,89.38,0.48
2018-08-27 09:00:00,0.9,22.57,85.93,0.6
2018-08-27 10:00:00,1.02,23.06,84.9,0.7
2018-08-27 11:00:00,0.95,23.21,85.0,0.77
2018-08-27 12:00:00,1.1,23.32,84.72,0.84
2018-08-27 13:00:00,1.37,23.63,83.43,0.87
2018-08-27 14:00:00,1.43,23.59,83.75,0.88
2018-08-27 15:00:00,1.21,23.13,86.11,0.85
2018-08-27 16:00:00,0.66,22.48,90.36,0.74
2018-08-27 17:00:00,0.37,21.69,95.17,0.58
2018-08-27 18:00:00,0.09,21.09,97.39,0.42
2018-08-27 19:00:00,0.04,20.82,97.83,0.38
2018-08-27 20:00:00,0.03,20.6,97.94,0.34
2018-08-27 21:00:00,0.02,20.36,98.03,0.3
2018-08-27 22:00:00,0.01,20.1,97.79,0.26
2018-08-27 23:00:00,0.02,19.83,97.47,0.23
2018-08-28 00:00:00,0.04,19.56,97.5,0.19
2018-08-28 01:00:00,0.06,19.33,97.85,0.19
2018-08-28 02:00:00,0.16,19.17,98.53,0.19
2018-08-28 03:00:00,0.21,19.11,98.5,0.2
2018-08-28 04:00:00,0.22,19.01,98.28,0.19
2018-08-28 05:00:00,0.21,18.86,98.3,0.16
2018-08-28 06:00:00,0.25,19.22,97.5,0.19
2018-08-28 07:00:00,0.3,20.26,94.26,0.38
2018-08-28 08:00:00,0.07,21.62,89.07,0.54
2018-08-28 09:00:00,0.09,22.98,84.1,0.67
2018-08-28 10:00:00,0.15,24.02,80.78,0.77
2018-08-28 11:00:00,0.22,24.81,78.31,0.84
2018-08-28 12:00:00,0.33,25.11,77.59,0.88
2018-08-28 13:00:00,0.41,25.06,78.03,0.91
2018-08-28 14:00:00,0.44,24.59,79.84,0.93
2018-08-28 15:00:00,0.39,23.76,83.23,0.9
2018-08-28 16:00:00,0.39,22.74,88.94,0.77
2018-08-28 17:00:00,0.38,21.83,94.92,0.55
2018-08-28 18:00:00,0.35,21.32,97.78,0.41
2018-08-28 19:00:00,0.28,21.08,97.84,0.43
2018-08-28 20:00:00,0.21,20.69,98.05,0.42
2018-08-28 21:00:00,0.17,20.54,98.2,0.37
2018-08-28 22:00:00,0.15,20.46,98.37,0.36
2018-08-28 23:00:00,0.12,20.4,98.56,0.39
2018-08-29 00:00:00,0.11,20.36,98.42,0.38
2018-08-29 01:00:00,0.11,20.25,98.59,0.35
2018-08-29 02:00:00,0.1,20.12,98.53,0.33
2018-08-29 03:00:00,0.08,19.98,98.57,0.31
2018-08-29 04:00:00,0.07,19.87,98.63,0.3
2018-08-29 05:00:00,0.05,19.73,98.44,0.3
2018-08-29 06:00:00,0.04,19.99,97.62,0.36
2018-08-29 07:00:00,0.02,20.67,95.13,0.52
2018-08-29 08:00:00,0.0,21.58,90.06,0.64
2018-08-29 09:00:00,0.0,22.54,85.8,0.7
2018-08-29 10:00:00,0.0,23.44,82.55,0.73
2018-08-29 11:00:00,0.0,24.19,79.96,0.75
2018-08-29 12:00:00,0.04,24.58,78.89,0.79
2018-08-29 13:00:00,0.07,24.42,79.96,0.81
2018-08-29 14:00:00,0.09,23.98,82.01,0.83
2018-08-29 15:00:00,0.04,23.43,84.21,0.81
2018-08-29 16:00:00,0.01,22.76,87.8,0.71
2018-08-29 17:00:00,0.01,21.89,93.42,0.54
2018-08-29 18:00:00,0.0,21.2,96.93,0.39
2018-08-29 19:00:00,0.0,20.83,97.44,0.35
2018-08-29 20:00:00,0.0,20.63,97.8,0.33
2018-08-29 21:00:00,0.0,20.56,97.88,0.35
2018-08-29 22:00:00,0.0,20.48,97.79,0.37
2018-08-29 23:00:00,0.0,20.36,97.78,0.37
2018-08-30 00:00:00,0.0,20.32,97.89,0.36
2018-08-30 01:00:00,0.0,20.26,97.68,0.37
2018-08-30 02:00:00,0.0,20.15,97.8,0.35
2018-08-30 03:00:00,0.0,20.1,97.8,0.32
2018-08-30 04:00:00,0.0,20.02,97.95,0.29
2018-08-30 05:00:00,0.0,19.95,97.98,0.27
2018-08-30 06:00:00,0.0,20.2,97.04,0.29
2018-08-30 07:00:00,0.0,20.92,93.18,0.41
2018-08-30 08:00:00,0.02,21.91,87.74,0.53
2018-08-30 09:00:00,0.02,23.36,81.63,0.65
2018-08-30 10:00:00,0.05,24.41,77.74,0.73
2018-08-30 11:00:00,0.12,25.0,76.09,0.79
2018-08-30 12:00:00,0.22,25.09,76.37,0.83
2018-08-30 13:00:00,0.39,24.73,78.56,0.83
2018-08-30 14:00:00,0.37,24.31,80.72,0.81
2018-08-30 15:00:00,0.3,23.72,83.72,0.79
2018-08-30 16:00:00,0.19,22.87,88.89,0.73
2018-08-30 17:00:00,0.14,21.95,95.07,0.56
2018-08-30 18:00:00,0.11,21.47,97.69,0.4
2018-08-30 19:00:00,0.13,21.12,97.61,0.39
2018-08-30 20:00:00,0.2,20.9,98.29,0.34
2018-08-30 21:00:00,0.23,20.79,98.48,0.32
2018-08-30 22:00:00,0.21,20.68,98.67,0.32
2018-08-30 23:00:00,0.21,20.58,98.45,0.37
2018-08-31 00:00:00,0.22,20.46,98.38,0.43
2018-08-31 01:00:00,0.23,20.34,98.37,0.45
2018-08-31 02:00:00,0.26,20.26,98.37,0.44
2018-08-31 03:00:00,0.24,20.23,98.53,0.39
2018-08-31 04:00:00,0.13,20.21,98.55,0.35
2018-08-31 05:00:00,0.07,20.15,98.75,0.31
2018-08-31 06:00:00,0.06,20.49,97.87,0.37
2018-08-31 07:00:00,0.05,21.06,95.82,0.46
2018-08-31 08:00:00,0.04,21.69,92.51,0.53
2018-08-31 09:00:00,0.04,22.5,88.16,0.55
2018-08-31 10:00:00,0.07,23.27,84.68,0.58
2018-08-31 11:00:00,0.15,23.84,82.37,0.59
2018-08-31 12:00:00,0.26,24.04,81.75,0.63
2018-08-31 13:00:00,0.41,23.88,82.97,0.67
2018-08-31 14:00:00,0.52,23.48,84.91,0.68
2018-08-31 15:00:00,0.59,22.94,87.84,0.64
2018-08-31 16:00:00,0.59,22.35,92.01,0.53
2018-08-31 17:00:00,0.56,21.83,96.38,0.38
2018-08-31 18:00:00,0.49,21.38,97.87,0.31
2018-08-31 19:00:00,0.45,21.01,98.0,0.32
2018-08-31 20:00:00,0.71,20.83,98.5,0.29
2018-08-31 21:00:00,0.82,20.73,98.75,0.28
2018-08-31 22:00:00,0.51,20.66,98.88,0.29
2018-08-31 23:00:00,0.3,20.61,98.84,0.31
2018-09-01 00:00:00,0.23,20.59,98.9,0.31
2018-09-01 01:00:00,0.15,20.53,98.88,0.31
2018-09-01 02:00:00,0.17,20.39,98.83,0.28
2018-09-01 03:00:00,0.19,20.24,98.94,0.24
2018-09-01 04:00:00,0.13,20.08,99.01,0.22
2018-09-01 05:00:00,0.09,19.89,99.35,0.19
2018-09-01 06:00:00,0.07,20.18,98.69,0.2
2018-09-01 07:00:00,0.03,21.03,95.84,0.32
2018-09-01 08:00:00,0.0,22.13,88.84,0.4
2018-09-01 09:00:00,0.0,23.57,80.37,0.43
2018-09-01 10:00:00,0.01,24.52,76.65,0.45
2018-09-01 11:00:00,0.03,25.05,75.1,0.48
2018-09-01 12:00:00,0.07,25.14,75.78,0.5
2018-09-01 13:00:00,0.19,25.09,76.72,0.54
2018-09-01 14:00:00,0.29,24.84,78.29,0.54
2018-09-01 15:00:00,0.23,24.24,81.49,0.51
2018-09-01 16:00:00,0.06,23.44,86.61,0.46
2018-09-01 17:00:00,0.07,22.44,93.35,0.39
2018-09-01 18:00:00,0.12,21.72,96.99,0.31
2018-09-01 19:00:00,0.09,21.41,97.71,0.29
2018-09-01 20:00:00,0.03,21.17,98.11,0.27
2018-09-01 21:00:00,0.02,20.93,98.12,0.27
2018-09-01 22:00:00,0.02,20.64,98.11,0.27
2018-09-01 23:00:00,0.02,20.37,98.54,0.26
2018-09-02 00:00:00,0.02,20.17,99.03,0.25
2018-09-02 01:00:00,0.03,20.04,99.37,0.26
2018-09-02 02:00:00,0.03,19.93,99.76,0.24
2018-09-02 03:00:00,0.03,19.93,99.87,0.25
2018-09-02 04:00:00,0.02,19.96,99.72,0.24
2018-09-02 05:00:00,0.02,19.91,99.71,0.23
2018-09-02 06:00:00,0.02,20.27,98.39,0.29
2018-09-02 07:00:00,0.02,20.9,95.85,0.41
2018-09-02 08:00:00,0.0,21.65,90.86,0.49
2018-09-02 09:00:00,0.0,22.69,85.07,0.52
2018-09-02 10:00:00,0.0,23.63,81.19,0.52
2018-09-02 11:00:00,0.0,24.35,78.61,0.53
2018-09-02 12:00:00,0.0,24.83,77.2,0.56
2018-09-02 13:00:00,0.0,24.93,77.42,0.58
2018-09-02 14:00:00,0.0,24.56,79.73,0.61
2018-09-02 15:00:00,0.0,23.87,83.4,0.65
2018-09-02 16:00:00,0.0,22.99,88.71,0.62
2018-09-02 17:00:00,0.0,22.08,94.47,0.5
2018-09-02 18:00:00,0.0,21.52,97.5,0.35
2018-09-02 19:00:00,0.0,21.29,97.8,0.31
2018-09-02 20:00:00,0.0,21.06,97.78,0.3
2018-09-02 21:00:00,0.0,20.82,97.94,0.3
2018-09-02 22:00:00,0.0,20.62,98.21,0.29
2018-09-02 23:00:00,0.0,20.47,98.38,0.28
2018-09-03 00:00:00,0.0,20.36,98.29,0.28
2018-09-03 01:00:00,0.0,20.26,98.4,0.27
2018-09-03 02:00:00,0.0,20.16,98.52,0.26
2018-09-03 03:00:00,0.0,20.06,98.64,0.24
2018-09-03 04:00:00,0.0,19.93,97.77,0.25
2018-09-03 05:00:00,0.0,19.73,97.32,0.24
2018-09-03 06:00:00,0.0,19.85,96.54,0.24
2018-09-03 07:00:00,0.0,20.69,91.49,0.34
2018-09-03 08:00:00,0.0,22.1,83.46,0.46
2018-09-03 09:00:00,0.0,23.63,76.33,0.55
2018-09-03 10:00:00,0.0,24.92,71.64,0.59
2018-09-03 11:00:00,0.0,25.79,69.08,0.61
2018-09-03 12:00:00,0.0,26.14,68.85,0.64
2018-09-03 13:00:00,0.0,26.03,70.37,0.67
2018-09-03 14:00:00,0.0,25.52,73.25,0.72
2018-09-03 15:00:00,0.0,24.65,77.47,0.74
2018-09-03 16:00:00,0.0,23.53,82.64,0.72
2018-09-03 17:00:00,0.0,22.17,90.14,0.58
2018-09-03 18:00:00,0.0,21.2,96.0,0.43
2018-09-03 19:00:00,0.0,20.89,97.31,0.4
2018-09-03 20:00:00,0.0,20.69,97.8,0.36
2018-09-03 21:00:00,0.0,20.52,97.78,0.32
2018-09-03 22:00:00,0.0,20.34,97.83,0.3
2018-09-03 23:00:00,0.0,20.14,98.13,0.29
2018-09-04 00:00:00,0.0,19.93,98.83,0.3
2018-09-04 01:00:00,0.0,19.76,99.55,0.31
2018-09-04 02:00:00,0.0,19.66,99.94,0.3
2018-09-04 03:00:00,0.0,19.6,100.0,0.31
2018-09-04 04:00:00,0.0,19.56,100.0,0.31
2018-09-04 05:00:00,0.0,19.46,100.0,0.3
2018-09-04 06:00:00,0.0,19.99,97.94,0.34
2018-09-04 07:00:00,0.0,21.2,90.33,0.51
2018-09-04 08:00:00,0.0,22.66,82.34,0.59
2018-09-04 09:00:00,0.0,24.23,75.76,0.62
2018-09-04 10:00:00,0.0,25.45,71.36,0.65
2018-09-04 11:00:00,0.0,26.26,68.83,0.68
2018-09-04 12:00:00,0.0,26.55,68.33,0.7
2018-09-04 13:00:00,0.0,26.39,69.35,0.74
2018-09-04 14:00:00,0.0,25.78,72.13,0.75
2018-09-04 15:00:00,0.0,24.91,75.73,0.76
2018-09-04 16:00:00,0.0,23.72,80.71,0.71
2018-09-04 17:00:00,0.0,22.2,89.0,0.58
2018-09-04 18:00:00,0.0,21.09,95.73,0.42
2018-09-04 19:00:00,0.0,20.78,96.63,0.4
2018-09-04 20:00:00,0.0,20.45,97.08,0.38
2018-09-04 21:00:00,0.0,20.21,97.82,0.35
2018-09-04 22:00:00,0.0,20.03,97.57,0.36
2018-09-04 23:00:00,0.0,19.86,97.96,0.36
2018-09-05 00:00:00,0.0,19.74,98.09,0.36
2018-09-05 01:00:00,0.0,19.74,98.19,0.38
2018-09-05 02:00:00,0.0,19.78,98.09,0.37
2018-09-05 03:00:00,0.0,19.8,98.29,0.36
2018-09-05 04:00:00,0.0,19.82,98.39,0.33
2018-09-05 05:00:00,0.0,19.78,98.56,0.32
2018-09-05 06:00:00,0.0,20.06,96.49,0.4
2018-09-05 07:00:00,0.0,20.9,92.23,0.56
2018-09-05 08:00:00,0.0,22.14,84.65,0.66
2018-09-05 09:00:00,0.0,23.38,78.77,0.71
2018-09-05 10:00:00,0.0,24.45,74.61,0.72
2018-09-05 11:00:00,0.0,25.2,71.84,0.73
2018-09-05 12:00:00,0.0,25.5,71.45,0.76
2018-09-05 13:00:00,0.0,25.41,71.95,0.78
2018-09-05 14:00:00,0.0,25.0,73.98,0.78
2018-09-05 15:00:00,0.0,24.38,76.68,0.75
2018-09-05 16:00:00,0.0,23.37,81.46,0.69
2018-09-05 17:00:00,0.0,21.98,89.4,0.57
2018-09-05 18:00:00,0.0,20.97,95.91,0.43
2018-09-05 19:00:00,0.0,20.75,97.39,0.4
2018-09-05 20:00:00,0.0,20.62,97.86,0.37
2018-09-05 21:00:00,0.0,20.47,98.25,0.35
2018-09-05 22:00:00,0.0,20.41,98.33,0.34
2018-09-05 23:00:00,0.0,20.34,98.67,0.34
2018-09-06 00:00:00,0.0,20.31,98.52,0.34
2018-09-06 01:00:00,0.0,20.2,98.17,0.35
2018-09-06 02:00:00,0.0,20.04,98.11,0.35
2018-09-06 03:00:00,0.0,19.93,98.48,0.34
2018-09-06 04:00:00,0.0,19.94,98.46,0.33
2018-09-06 05:00:00,0.0,19.92,98.58,0.31
2018-09-06 06:00:00,0.0,20.36,96.69,0.37
2018-09-06 07:00:00,0.0,21.35,90.6,0.54
2018-09-06 08:00:00,0.0,22.76,82.98,0.62
2018-09-06 09:00:00,0.0,24.09,77.74,0.65
2018-09-06 10:00:00,0.0,25.13,73.6,0.71
2018-09-06 11:00:00,0.0,25.78,72.07,0.76
2018-09-06 12:00:00,0.0,26.01,71.76,0.83
2018-09-06 13:00:00,0.0,25.77,73.21,0.88
2018-09-06 14:00:00,0.0,25.14,75.66,0.91
2018-09-06 15:00:00,0.0,24.3,78.85,0.9
2018-09-06 16:00:00,0.0,23.27,83.27,0.85
2018-09-06 17:00:00,0.0,22.01,90.4,0.66
2018-09-06 18:00:00,0.0,21.03,95.48,0.48
2018-09-06 19:00:00,0.0,20.62,96.38,0.41
2018-09-06 20:00:00,0.0,20.38,96.78,0.36
2018-09-06 21:00:00,0.0,20.17,97.03,0.34
2018-09-06 22:00:00,0.0,20.02,97.4,0.34
2018-09-06 23:00:00,0.0,19.96,97.39,0.36
2018-09-07 00:00:00,0.0,19.88,97.35,0.37
2018-09-07 01:00:00,0.0,19.8,97.38,0.37
2018-09-07 02:00:00,0.0,19.69,97.44,0.35
2018-09-07 03:00:00,0.0,19.54,97.52,0.34
2018-09-07 04:00:00,0.0,19.41,97.7,0.31
2018-09-07 05:00:00,0.0,19.31,97.84,0.29
2018-09-07 06:00:00,0.0,19.84,95.76,0.34
2018-09-07 07:00:00,0.0,21.12,88.44,0.54
2018-09-07 08:00:00,0.0,22.54,80.76,0.66
2018-09-07 09:00:00,0.0,23.74,76.0,0.71
2018-09-07 10:00:00,0.0,24.57,72.17,0.76
2018-09-07 11:00:00,0.0,25.16,70.9,0.79
2018-09-07 12:00:00,0.0,25.42,69.92,0.83
2018-09-07 13:00:00,0.0,25.32,70.64,0.86
2018-09-07 14:00:00,0.0,24.9,72.83,0.88
2018-09-07 15:00:00,0.0,24.15,76.17,0.88
2018-09-07 16:00:00,0.0,23.11,81.23,0.83
2018-09-07 17:00:00,0.0,21.79,89.12,0.63
2018-09-07 18:00:00,0.0,20.79,94.63,0.45
2018-09-07 19:00:00,0.0,20.39,95.89,0.43
2018-09-07 20:00:00,0.0,20.21,96.7,0.38
2018-09-07 21:00:00,0.0,20.15,97.02,0.36
2018-09-07 22:00:00,0.0,20.13,96.93,0.37
2018-09-07 23:00:00,0.0,20.07,96.99,0.35
2018-09-08 00:00:00,0.0,19.94,97.33,0.34
2018-09-08 01:00:00,0.0,19.8,97.86,0.32
2018-09-08 02:00:00,0.0,19.69,98.12,0.31
2018-09-08 03:00:00,0.0,19.61,98.49,0.29
2018-09-08 04:00:00,0.0,19.49,99.01,0.28
2018-09-08 05:00:00,0.0,19.33,99.92,0.27
2018-09-08 06:00:00,0.0,19.93,97.72,0.33
2018-09-08 07:00:00,0.0,21.48,89.34,0.53
2018-09-08 08:00:00,0.0,23.03,81.17,0.61
2018-09-08 09:00:00,0.0,24.43,75.56,0.65
2018-09-08 10:00:00,0.0,25.44,72.1,0.7
2018-09-08 11:00:00,0.0,26.09,70.0,0.76
2018-09-08 12:00:00,0.0,26.33,69.49,0.81
2018-09-08 13:00:00,0.0,26.19,70.68,0.84
2018-09-08 14:00:00,0.0,25.66,73.12,0.86
2018-09-08 15:00:00,0.0,24.84,76.44,0.84
2018-09-08 16:00:00,0.0,23.76,81.19,0.78
2018-09-08 17:00:00,0.0,22.4,88.69,0.6
2018-09-08 18:00:00,0.0,21.29,95.26,0.41
2018-09-08 19:00:00,0.0,20.87,95.87,0.38
2018-09-08 20:00:00,0.0,20.52,97.16,0.33
2018-09-08 21:00:00,0.0,20.29,97.65,0.32
2018-09-08 22:00:00,0.0,20.01,98.39,0.3
2018-09-08 23:00:00,0.0,19.68,99.27,0.29
2018-09-09 00:00:00,0.0,19.37,100.0,0.29
2018-09-09 01:00:00,0.0,19.14,100.0,0.29
2018-09-09 02:00:00,0.0,18.97,100.0,0.29
2018-09-09 03:00:00,0.0,18.85,100.0,0.29
2018-09-09 04:00:00,0.0,18.75,100.0,0.29
2018-09-09 05:00:00,0.0,18.65,100.0,0.3
2018-09-09 06:00:00,0.0,19.32,97.48,0.34
2018-09-09 07:00:00,0.0,20.95,87.59,0.47
2018-09-09 08:00:00,0.0,22.73,76.58,0.53
2018-09-09 09:00:00,0.0,24.63,67.11,0.53
2018-09-09 10:00:00,0.0,26.13,61.76,0.53
2018-09-09 11:00:00,0.0,27.1,59.52,0.55
2018-09-09 12:00:00,0.0,27.48,59.68,0.61
2018-09-09 13:00:00,0.0,27.33,61.89,0.68
2018-09-09 14:00:00,0.0,26.69,65.94,0.73
2018-09-09 15:00:00,0.0,25.73,70.98,0.75
2018-09-09 16:00:00,0.01,24.44,77.53,0.7
2018-09-09 17:00:00,0.03,22.81,87.27,0.55
2018-09-09 18:00:00,0.04,21.45,95.11,0.39
2018-09-09 19:00:00,0.04,20.98,97.09,0.34
2018-09-09 20:00:00,0.03,20.7,97.76,0.3
2018-09-09 21:00:00,0.02,20.45,98.28,0.27
2018-09-09 22:00:00,0.02,20.15,98.07,0.26
2018-09-09 23:00:00,0.02,19.86,98.55,0.26
2018-09-10 00:00:00,0.01,19.59,99.12,0.26
2018-09-10 01:00:00,0.0,19.31,99.5,0.26
2018-09-10 02:00:00,0.0,19.06,99.71,0.26
2018-09-10 03:00:00,0.01,18.81,99.87,0.26
2018-09-10 04:00:00,0.01,18.61,99.65,0.26
2018-09-10 05:00:00,0.01,18.42,99.21,0.27
2018-09-10 06:00:00,0.0,18.83,97.02,0.26
2018-09-10 07:00:00,0.0,20.22,88.68,0.38
2018-09-10 08:00:00,0.02,22.56,74.0,0.43
2018-09-10 09:00:00,0.03,24.82,63.31,0.47
2018-09-10 10:00:00,0.05,26.4,58.69,0.5
2018-09-10 11:00:00,0.13,27.48,56.66,0.53
2018-09-10 12:00:00,0.18,27.99,56.58,0.55
2018-09-10 13:00:00,0.19,27.83,58.75,0.6
2018-09-10 14:00:00,0.21,27.03,63.68,0.66
2018-09-10 15:00:00,0.19,25.97,70.41,0.68
2018-09-10 16:00:00,0.18,24.64,79.6,0.64
2018-09-10 17:00:00,0.22,23.19,89.08,0.52
2018-09-10 18:00:00,0.27,22.02,95.11,0.4
2018-09-10 19:00:00,0.35,21.6,96.74,0.35
2018-09-10 20:00:00,0.39,21.36,97.54,0.31
2018-09-10 21:00:00,0.32,21.19,98.08,0.26
2018-09-10 22:00:00,0.29,21.03,98.4,0.25
2018-09-10 23:00:00,0.29,20.87,98.49,0.28
2018-09-11 00:00:00,0.29,20.75,98.56,0.3
2018-09-11 01:00:00,0.21,20.6,98.68,0.32
2018-09-11 02:00:00,0.09,20.44,98.84,0.31
2018-09-11 03:00:00,0.02,20.26,99.02,0.3
2018-09-11 04:00:00,0.02,20.12,98.97,0.35
2018-09-11 05:00:00,0.02,19.99,98.61,0.43
2018-09-11 06:00:00,0.02,20.32,97.77,0.39
2018-09-11 07:00:00,0.01,21.43,93.09,0.39
2018-09-11 08:00:00,0.0,23.52,79.32,0.36
2018-09-11 09:00:00,0.0,26.09,64.62,0.33
2018-09-11 10:00:00,0.0,27.71,57.85,0.35
2018-09-11 11:00:00,0.0,28.44,55.93,0.4
2018-09-11 12:00:00,0.0,28.23,57.83,0.45
2018-09-11 13:00:00,0.0,27.56,62.04,0.51
2018-09-11 14:00:00,0.0,26.82,66.8,0.57
2018-09-11 15:00:00,0.0,26.16,71.18,0.61
2018-09-11 16:00:00,0.0,24.98,78.13,0.62
2018-09-11 17:00:00,0.0,23.45,87.69,0.52
2018-09-11 18:00:00,0.0,22.19,94.83,0.39
2018-09-11 19:00:00,0.0,21.73,96.71,0.34
2018-09-11 20:00:00,0.0,21.48,97.22,0.32
2018-09-11 21:00:00,0.0,21.24,97.51,0.31
2018-09-11 22:00:00,0.0,20.98,97.93,0.29
2018-09-11 23:00:00,0.0,20.72,98.43,0.28
2018-09-12 00:00:00,0.0,20.47,98.54,0.26
2018-09-12 01:00:00,0.0,20.21,98.82,0.25
2018-09-12 02:00:00,0.0,19.96,99.12,0.25
2018-09-12 03:00:00,0.0,19.77,98.57,0.25
2018-09-12 04:00:00,0.0,19.62,98.62,0.26
2018-09-12 05:00:00,0.0,19.48,98.68,0.29
2018-09-12 06:00:00,0.0,19.98,96.24,0.36
2018-09-12 07:00:00,0.0,21.52,87.14,0.44
2018-09-12 08:00:00,0.0,23.68,76.01,0.46
2018-09-12 09:00:00,0.0,25.93,64.73,0.45
2018-09-12 10:00:00,0.0,27.6,57.52,0.45
2018-09-12 11:00:00,0.0,28.56,54.07,0.47
2018-09-12 12:00:00,0.0,28.88,53.46,0.51
2018-09-12 13:00:00,0.0,28.6,55.54,0.58
2018-09-12 14:00:00,0.0,27.85,59.89,0.62
2018-09-12 15:00:00,0.0,26.77,66.08,0.64
2018-09-12 16:00:00,0.0,25.45,74.25,0.61
2018-09-12 17:00:00,0.0,23.72,85.45,0.49
2018-09-12 18:00:00,0.0,22.12,94.72,0.37
2018-09-12 19:00:00,0.0,21.59,96.89,0.36
2018-09-12 20:00:00,0.0,21.36,97.34,0.34
2018-09-12 21:00:00,0.0,21.16,97.46,0.32
2018-09-12 22:00:00,0.0,20.94,98.07,0.31
2018-09-12 23:00:00,0.0,20.76,98.39,0.31
2018-09-13 00:00:00,0.0,20.58,98.68,0.31
2018-09-13 01:00:00,0.0,20.41,99.04,0.31
2018-09-13 02:00:00,0.0,20.22,99.49,0.3
2018-09-13 03:00:00,0.0,20.04,99.86,0.28
2018-09-13 04:00:00,0.0,19.88,99.75,0.28
2018-09-13 05:00:00,0.0,19.72,100.0,0.28
2018-09-13 06:00:00,0.0,20.29,97.19,0.36
2018-09-13 07:00:00,0.0,21.72,88.92,0.49
2018-09-13 08:00:00,0.01,23.47,80.25,0.5
2018-09-13 09:00:00,0.0,25.38,72.34,0.48
2018-09-13 10:00:00,0.01,26.95,66.76,0.49
2018-09-13 11:00:00,0.01,27.96,63.18,0.54
2018-09-13 12:00:00,0.01,28.26,62.17,0.62
2018-09-13 13:00:00,0.01,28.11,62.73,0.69
2018-09-13 14:00:00,0.02,27.1,67.45,0.75
2018-09-13 15:00:00,0.02,25.89,72.93,0.75
2018-09-13 16:00:00,0.02,24.57,78.94,0.68
2018-09-13 17:00:00,0.01,23.09,86.6,0.52
2018-09-13 18:00:00,0.01,21.82,93.12,0.37
2018-09-13 19:00:00,0.01,21.26,95.46,0.31
2018-09-13 20:00:00,0.01,20.89,96.53,0.27
2018-09-13 21:00:00,0.01,20.54,96.96,0.24
2018-09-13 22:00:00,0.0,20.33,96.91,0.21
2018-09-13 23:00:00,0.0,20.25,96.83,0.18
2018-09-14 00:00:00,0.0,20.16,96.67,0.16
2018-09-14 01:00:00,0.0,20.04,96.37,0.16
2018-09-14 02:00:00,0.0,19.89,96.1,0.15
2018-09-14 03:00:00,0.0,19.74,95.98,0.15
2018-09-14 04:00:00,0.0,19.59,96.08,0.14
2018-09-14 05:00:00,0.01,19.47,96.33,0.15
2018-09-14 06:00:00,0.01,19.67,95.73,0.17
2018-09-14 07:00:00,0.0,20.53,91.88,0.31
2018-09-14 08:00:00,0.0,21.74,86.37,0.36
2018-09-14 09:00:00,0.0,23.1,80.09,0.36
2018-09-14 10:00:00,0.0,24.56,73.47,0.34
2018-09-14 11:00:00,0.0,25.93,68.02,0.35
2018-09-14 12:00:00,0.0,26.71,65.82,0.4
2018-09-14 13:00:00,0.01,26.83,66.51,0.48
2018-09-14 14:00:00,0.02,26.47,69.12,0.59
2018-09-14 15:00:00,0.02,25.56,74.48,0.65
2018-09-14 16:00:00,0.04,24.36,81.83,0.63
2018-09-14 17:00:00,0.05,23.02,90.08,0.51
2018-09-14 18:00:00,0.07,22.04,95.52,0.38
2018-09-14 19:00:00,0.08,21.69,96.74,0.37
2018-09-14 20:00:00,0.11,21.45,97.38,0.33
2018-09-14 21:00:00,0.13,21.25,97.8,0.3
2018-09-14 22:00:00,0.15,21.03,98.24,0.26
2018-09-14 23:00:00,0.16,20.83,98.45,0.26
2018-09-15 00:00:00,0.18,20.59,98.7,0.25
2018-09-15 01:00:00,0.18,20.36,98.84,0.23
2018-09-15 02:00:00,0.16,20.16,98.67,0.24
2018-09-15 03:00:00,0.11,19.91,98.94,0.28
2018-09-15 04:00:00,0.07,19.6,99.29,0.31
2018-09-15 05:00:00,0.03,19.51,98.14,0.43
2018-09-15 06:00:00,0.02,19.95,96.28,0.34
2018-09-15 07:00:00,0.01,21.03,91.71,0.34
2018-09-15 08:00:00,0.0,23.21,70.54,0.29
2018-09-15 09:00:00,0.0,24.49,63.91,0.3
2018-09-15 10:00:00,0.0,24.96,62.91,0.35
2018-09-15 11:00:00,0.0,25.0,64.4,0.39
2018-09-15 12:00:00,0.0,24.67,67.85,0.41
2018-09-15 13:00:00,0.0,24.13,72.23,0.42
2018-09-15 14:00:00,0.0,23.53,77.44,0.41
2018-09-15 15:00:00,0.0,23.0,82.94,0.43
2018-09-15 16:00:00,0.01,22.48,87.77,0.41
2018-09-15 17:00:00,0.01,21.88,93.27,0.32
2018-09-15 18:00:00,0.01,21.42,96.98,0.22
2018-09-15 19:00:00,0.01,21.2,97.96,0.21
2018-09-15 20:00:00,0.01,20.98,98.41,0.2
2018-09-15 21:00:00,0.01,20.79,98.16,0.19
2018-09-15 22:00:00,0.01,20.56,97.71,0.18
2018-09-15 23:00:00,0.01,20.43,97.64,0.18
2018-09-16 00:00:00,0.01,20.27,97.41,0.17
2018-09-16 01:00:00,0.01,20.11,98.04,0.16
2018-09-16 02:00:00,0.01,20.0,98.91,0.15
2018-09-16 03:00:00,0.01,19.98,99.16,0.15
2018-09-16 04:00:00,0.01,19.95,99.46,0.2
2018-09-16 05:00:00,0.01,19.98,99.28,0.26
2018-09-16 06:00:00,0.01,20.18,98.18,0.25
2018-09-16 07:00:00,0.0,21.01,96.65,0.19
2018-09-16 08:00:00,0.02,21.88,92.51,0.28
2018-09-16 09:00:00,0.03,22.5,87.47,0.37
2018-09-16 10:00:00,0.04,23.11,83.28,0.43
2018-09-16 11:00:00,0.05,23.54,80.89,0.47
2018-09-16 12:00:00,0.06,23.82,79.61,0.51
2018-09-16 13:00:00,0.08,23.94,79.12,0.54
2018-09-16 14:00:00,0.1,23.62,80.86,0.57
2018-09-16 15:00:00,0.12,23.15,83.33,0.56
2018-09-16 16:00:00,0.14,22.54,87.67,0.5
2018-09-16 17:00:00,0.14,21.81,93.71,0.38
2018-09-16 18:00:00,0.14,21.13,97.11,0.27
2018-09-16 19:00:00,0.12,20.96,98.41,0.26
2018-09-16 20:00:00,0.1,20.93,98.81,0.25
2018-09-16 21:00:00,0.08,20.9,99.02,0.25
2018-09-16 22:00:00,0.07,20.91,99.0,0.26
2018-09-16 23:00:00,0.07,20.89,99.0,0.26
2018-09-17 00:00:00,0.07,20.89,98.87,0.28
2018-09-17 01:00:00,0.07,20.83,98.81,0.28
2018-09-17 02:00:00,0.06,20.74,98.78,0.27
2018-09-17 03:00:00,0.04,20.59,98.79,0.25
2018-09-17 04:00:00,0.03,20.45,98.76,0.24
2018-09-17 05:00:00,0.02,20.29,98.87,0.23
2018-09-17 06:00:00,0.01,20.59,97.84,0.26
2018-09-17 07:00:00,0.01,21.47,93.85,0.36
2018-09-17 08:00:00,0.0,22.67,85.09,0.43
2018-09-17 09:00:00,0.0,23.93,77.96,0.47
2018-09-17 10:00:00,0.0,24.77,73.74,0.54
2018-09-17 11:00:00,0.0,25.16,71.9,0.6
2018-09-17 12:00:00,0.0,25.13,72.58,0.63
2018-09-17 13:00:00,0.01,24.88,74.19,0.66
2018-09-17 14:00:00,0.01,24.48,75.76,0.67
2018-09-17 15:00:00,0.01,23.88,78.4,0.66
2018-09-17 16:00:00,0.01,23.06,82.82,0.58
2018-09-17 17:00:00,0.01,22.02,90.31,0.44
2018-09-17 18:00:00,0.0,21.33,94.83,0.36
2018-09-17 19:00:00,0.0,21.12,96.12,0.33
2018-09-17 20:00:00,0.0,21.02,96.96,0.29
2018-09-17 21:00:00,0.0,20.96,97.18,0.29
2018-09-17 22:00:00,0.01,20.95,97.31,0.32
2018-09-17 23:00:00,0.01,20.92,97.25,0.34
2018-09-18 00:00:00,0.01,20.81,97.24,0.33
2018-09-18 01:00:00,0.01,20.66,97.17,0.34
2018-09-18 02:00:00,0.01,20.48,97.36,0.35
2018-09-18 03:00:00,0.01,20.35,97.53,0.35
2018-09-18 04:00:00,0.01,20.25,97.42,0.33
2018-09-18 05:00:00,0.01,20.17,97.76,0.32
2018-09-18 06:00:00,0.01,20.53,96.53,0.37
2018-09-18 07:00:00,0.01,21.43,91.87,0.52
2018-09-18 08:00:00,0.04,22.62,84.69,0.61
2018-09-18 09:00:00,0.04,23.67,78.88,0.67
2018-09-18 10:00:00,0.05,24.43,75.15,0.71
2018-09-18 11:00:00,0.06,24.91,73.15,0.75
2018-09-18 12:00:00,0.07,25.15,72.56,0.78
2018-09-18 13:00:00,0.08,25.02,73.48,0.81
2018-09-18 14:00:00,0.08,24.59,75.6,0.84
2018-09-18 15:00:00,0.09,23.91,78.91,0.83
2018-09-18 16:00:00,0.09,23.05,83.58,0.77
2018-09-18 17:00:00,0.07,21.96,91.36,0.58
2018-09-18 18:00:00,0.07,21.17,95.89,0.47
2018-09-18 19:00:00,0.06,20.93,96.73,0.45
2018-09-18 20:00:00,0.06,20.78,96.84,0.42
2018-09-18 21:00:00,0.05,20.68,97.46,0.38
2018-09-18 22:00:00,0.05,20.6,97.62,0.35
2018-09-18 23:00:00,0.05,20.51,97.98,0.34
2018-09-19 00:00:00,0.05,20.51,98.01,0.35
2018-09-19 01:00:00,0.05,20.48,98.12,0.36
2018-09-19 02:00:00,0.05,20.44,98.33,0.35
2018-09-19 03:00:00,0.05,20.43,98.46,0.33
2018-09-19 04:00:00,0.04,20.42,98.49,0.32
2018-09-19 05:00:00,0.04,20.42,98.72,0.32
2018-09-19 06:00:00,0.04,20.8,97.81,0.36
2018-09-19 07:00:00,0.04,21.62,95.12,0.51
2018-09-19 08:00:00,0.1,22.54,89.5,0.63
2018-09-19 09:00:00,0.1,23.47,83.78,0.68
2018-09-19 10:00:00,0.14,24.16,80.28,0.73
2018-09-19 11:00:00,0.2,24.55,78.36,0.78
2018-09-19 12:00:00,0.23,24.9,77.12,0.81
2018-09-19 13:00:00,0.3,25.11,76.37,0.83
2018-09-19 14:00:00,0.36,24.81,77.8,0.83
2018-09-19 15:00:00,0.43,24.18,80.78,0.81
2018-09-19 16:00:00,0.49,23.34,85.36,0.72
2018-09-19 17:00:00,0.44,22.27,93.15,0.5
2018-09-19 18:00:00,0.38,21.58,96.99,0.36
2018-09-19 19:00:00,0.24,21.16,97.3,0.33
2018-09-19 20:00:00,0.14,20.89,97.9,0.32
2018-09-19 21:00:00,0.11,20.7,97.9,0.32
2018-09-19 22:00:00,0.11,20.55,98.04,0.32
2018-09-19 23:00:00,0.1,20.37,98.07,0.34
2018-09-20 00:00:00,0.11,20.28,98.03,0.36
2018-09-20 01:00:00,0.13,20.25,97.95,0.38
2018-09-20 02:00:00,0.15,20.19,98.01,0.37
2018-09-20 03:00:00,0.16,20.09,97.92,0.36
2018-09-20 04:00:00,0.16,20.04,98.26,0.33
2018-09-20 05:00:00,0.14,20.03,98.37,0.32
2018-09-20 06:00:00,0.15,20.43,97.49,0.39
2018-09-20 07:00:00,0.26,21.38,93.05,0.53
2018-09-20 08:00:00,0.31,22.91,83.61,0.6
2018-09-20 09:00:00,0.31,24.32,76.52,0.6
2018-09-20 10:00:00,0.31,25.33,72.28,0.6
2018-09-20 11:00:00,0.14,26.01,69.59,0.65
2018-09-20 12:00:00,0.11,26.25,68.85,0.72
2018-09-20 13:00:00,0.07,26.0,69.26,0.77
2018-09-20 14:00:00,0.02,25.36,71.46,0.8
2018-09-20 15:00:00,0.03,24.38,75.14,0.78
2018-09-20 16:00:00,0.08,23.14,81.03,0.71
2018-09-20 17:00:00,0.07,21.73,90.3,0.52
2018-09-20 18:00:00,0.09,20.89,96.91,0.38
2018-09-20 19:00:00,0.08,20.7,97.47,0.37
2018-09-20 20:00:00,0.08,20.35,97.82,0.35
2018-09-20 21:00:00,0.07,20.13,98.25,0.34
2018-09-20 22:00:00,0.09,19.97,98.4,0.34
2018-09-20 23:00:00,0.07,19.85,98.2,0.36
2018-09-21 00:00:00,0.1,19.69,98.07,0.37
2018-09-21 01:00:00,0.12,19.65,98.11,0.37
2018-09-21 02:00:00,0.13,19.68,98.15,0.37
2018-09-21 03:00:00,0.11,19.75,98.16,0.35
2018-09-21 04:00:00,0.13,19.67,97.98,0.33
2018-09-21 05:00:00,0.12,19.52,98.12,0.31
2018-09-21 06:00:00,0.1,19.83,97.41,0.32
2018-09-21 07:00:00,0.07,20.83,92.07,0.47
2018-09-21 08:00:00,0.0,22.4,80.65,0.57
2018-09-21 09:00:00,0.0,23.94,71.51,0.6
2018-09-21 10:00:00,0.0,25.08,66.54,0.62
2018-09-21 11:00:00,0.0,25.84,64.01,0.66
2018-09-21 12:00:00,0.01,26.15,63.19,0.69
2018-09-21 13:00:00,0.01,26.03,65.21,0.7
2018-09-21 14:00:00,0.01,25.56,68.15,0.68
2018-09-21 15:00:00,0.0,24.72,71.65,0.66
2018-09-21 16:00:00,0.0,23.6,77.42,0.61
2018-09-21 17:00:00,0.0,22.22,86.19,0.45
2018-09-21 18:00:00,0.0,21.19,93.97,0.32
2018-09-21 19:00:00,0.0,20.86,96.35,0.29
2018-09-21 20:00:00,0.0,20.64,96.76,0.25
2018-09-21 21:00:00,0.0,20.51,97.13,0.23
2018-09-21 22:00:00,0.0,20.5,97.05,0.23
2018-09-21 23:00:00,0.01,20.46,97.09,0.23
2018-09-22 00:00:00,0.01,20.45,97.25,0.24
2018-09-22 01:00:00,0.01,20.45,97.35,0.24
2018-09-22 02:00:00,0.01,20.41,97.49,0.24
2018-09-22 03:00:00,0.01,20.34,97.68,0.23
2018-09-22 04:00:00,0.0,20.21,98.07,0.21
2018-09-22 05:00:00,0.0,20.07,98.49,0.19
2018-09-22 06:00:00,0.0,20.42,97.24,0.19
2018-09-22 07:00:00,0.0,21.61,90.93,0.23
2018-09-22 08:00:00,0.0,22.8,82.89,0.23
2018-09-22 09:00:00,0.0,23.85,77.32,0.24
2018-09-22 10:00:00,0.0,24.66,73.74,0.27
2018-09-22 11:00:00,0.0,25.43,70.75,0.3
2018-09-22 12:00:00,0.0,25.89,69.35,0.35
2018-09-22 13:00:00,0.0,26.02,69.63,0.41
2018-09-22 14:00:00,0.01,25.91,70.93,0.45
2018-09-22 15:00:00,0.01,25.39,74.72,0.47
2018-09-22 16:00:00,0.01,24.51,80.97,0.46
2018-09-22 17:00:00,0.01,23.36,88.8,0.36
2018-09-22 18:00:00,0.01,22.29,94.99,0.26
2018-09-22 19:00:00,0.01,21.79,97.22,0.24
2018-09-22 20:00:00,0.01,21.42,98.65,0.23
2018-09-22 21:00:00,0.01,21.12,99.69,0.24
2018-09-22 22:00:00,0.01,20.87,100.0,0.24
2018-09-22 23:00:00,0.02,20.69,100.0,0.25
2018-09-23 00:00:00,0.02,20.54,100.0,0.25
2018-09-23 01:00:00,0.03,20.46,100.0,0.24
2018-09-23 02:00:00,0.03,20.37,100.0,0.22
2018-09-23 03:00:00,0.03,20.25,100.0,0.24
2018-09-23 04:00:00,0.01,20.17,100.0,0.34
2018-09-23 05:00:00,0.01,20.23,100.0,0.41
2018-09-23 06:00:00,0.0,20.73,98.11,0.36
2018-09-23 07:00:00,0.01,22.2,93.53,0.14
2018-09-23 08:00:00,0.05,23.91,82.36,0.13
2018-09-23 09:00:00,0.05,26.0,70.78,0.18
2018-09-23 10:00:00,0.08,27.45,64.63,0.26
2018-09-23 11:00:00,0.11,28.07,62.27,0.34
2018-09-23 12:00:00,0.13,28.14,62.06,0.43
2018-09-23 13:00:00,0.17,27.83,63.64,0.52
2018-09-23 14:00:00,0.2,26.91,69.11,0.59
2018-09-23 15:00:00,0.21,25.61,77.39,0.62
2018-09-23 16:00:00,0.23,24.38,86.25,0.59
2018-09-23 17:00:00,0.25,23.39,93.17,0.5
2018-09-23 18:00:00,0.29,22.86,96.49,0.41
2018-09-23 19:00:00,0.34,22.67,97.62,0.37
2018-09-23 20:00:00,0.43,22.5,98.2,0.33
2018-09-23 21:00:00,0.57,22.37,98.23,0.38
2018-09-23 22:00:00,0.8,22.33,97.69,0.49
2018-09-23 23:00:00,1.13,22.23,97.45,0.53
2018-09-24 00:00:00,1.52,21.97,98.04,0.59
2018-09-24 01:00:00,1.95,21.61,98.88,0.65
2018-09-24 02:00:00,2.24,21.35,99.29,0.67
2018-09-24 03:00:00,2.13,21.22,99.07,0.66
2018-09-24 04:00:00,1.73,20.99,99.19,0.54
2018-09-24 05:00:00,1.27,20.77,99.25,0.33
2018-09-24 06:00:00,0.86,20.84,98.55,0.23
2018-09-24 07:00:00,0.5,21.37,97.14,0.3
2018-09-24 08:00:00,1.94,21.86,95.57,0.35
2018-09-24 09:00:00,1.29,22.5,92.84,0.4
2018-09-24 10:00:00,1.24,23.17,88.23,0.43
2018-09-24 11:00:00,1.12,24.0,82.75,0.45
2018-09-24 12:00:00,1.0,24.63,79.41,0.5
2018-09-24 13:00:00,0.87,24.74,78.92,0.54
2018-09-24 14:00:00,0.66,24.27,81.9,0.57
2018-09-24 15:00:00,0.66,23.61,86.46,0.58
2018-09-24 16:00:00,0.81,22.9,91.6,0.52
2018-09-24 17:00:00,1.06,22.31,95.43,0.4
2018-09-24 18:00:00,0.89,21.81,97.22,0.32
2018-09-24 19:00:00,0.65,21.53,97.6,0.3
2018-09-24 20:00:00,0.48,21.22,97.69,0.27
2018-09-24 21:00:00,0.37,20.96,97.99,0.23
2018-09-24 22:00:00,0.28,20.73,98.35,0.22
2018-09-24 23:00:00,0.28,20.51,98.59,0.2
2018-09-25 00:00:00,0.28,20.34,98.68,0.2
2018-09-25 01:00:00,0.31,20.23,98.71,0.2
2018-09-25 02:00:00,0.33,20.13,98.83,0.22
2018-09-25 03:00:00,0.34,20.04,98.99,0.25
2018-09-25 04:00:00,0.33,19.95,99.13,0.27
2018-09-25 05:00:00,0.34,19.88,99.36,0.29
2018-09-25 06:00:00,0.39,20.34,98.79,0.27
2018-09-25 07:00:00,0.56,21.59,96.62,0.34
2018-09-25 08:00:00,0.26,22.85,90.07,0.45
2018-09-25 09:00:00,0.26,24.95,77.62,0.45
2018-09-25 10:00:00,0.2,26.41,70.37,0.45
2018-09-25 11:00:00,0.19,27.19,66.85,0.5
2018-09-25 12:00:00,0.18,27.43,65.68,0.56
2018-09-25 13:00:00,0.2,27.15,67.35,0.63
2018-09-25 14:00:00,0.2,26.24,72.43,0.65
2018-09-25 15:00:00,0.2,25.24,78.25,0.65
2018-09-25 16:00:00,0.16,24.11,84.96,0.59
2018-09-25 17:00:00,0.14,23.01,91.63,0.43
2018-09-25 18:00:00,0.09,22.22,95.56,0.3
2018-09-25 19:00:00,0.06,21.83,96.82,0.26
2018-09-25 20:00:00,0.05,21.56,97.12,0.3
2018-09-25 21:00:00,0.05,21.39,96.88,0.36
2018-09-25 22:00:00,0.05,21.22,96.82,0.38
2018-09-25 23:00:00,0.04,20.98,97.36,0.37
2018-09-26 00:00:00,0.02,20.76,97.8,0.34
2018-09-26 01:00:00,0.02,20.55,98.43,0.32
2018-09-26 02:00:00,0.02,20.43,98.67,0.33
2018-09-26 03:00:00,0.01,20.29,99.07,0.35
2018-09-26 04:00:00,0.02,20.18,99.47,0.4
2018-09-26 05:00:00,0.03,20.05,99.99,0.43
2018-09-26 06:00:00,0.02,20.57,98.64,0.48
2018-09-26 07:00:00,0.01,22.07,94.47,0.54
2018-09-26 08:00:00,0.0,23.94,83.11,0.53
2018-09-26 09:00:00,0.0,26.06,71.5,0.47
2018-09-26 10:00:00,0.0,27.6,64.19,0.42
2018-09-26 11:00:00,0.01,28.53,60.2,0.42
2018-09-26 12:00:00,0.01,29.0,58.69,0.42
2018-09-26 13:00:00,0.02,29.01,59.22,0.45
2018-09-26 14:00:00,0.03,28.37,62.93,0.5
2018-09-26 15:00:00,0.03,27.19,70.41,0.55
2018-09-26 16:00:00,0.03,25.82,79.97,0.57
2018-09-26 17:00:00,0.04,24.43,88.57,0.47
2018-09-26 18:00:00,0.05,23.34,94.3,0.37
2018-09-26 19:00:00,0.06,22.82,96.67,0.32
2018-09-26 20:00:00,0.07,22.55,97.01,0.35
2018-09-26 21:00:00,0.07,22.42,96.3,0.32
2018-09-26 22:00:00,0.05,22.27,96.08,0.23
2018-09-26 23:00:00,0.04,22.06,96.05,0.23
2018-09-27 00:00:00,0.04,21.81,96.42,0.29
2018-09-27 01:00:00,0.07,21.56,96.78,0.33
2018-09-27 02:00:00,0.09,21.35,97.03,0.3
2018-09-27 03:00:00,0.09,21.21,96.97,0.26
2018-09-27 04:00:00,0.08,20.82,98.18,0.42
2018-09-27 05:00:00,0.07,20.28,100.0,0.33
2018-09-27 06:00:00,0.06,20.93,98.74,0.34
2018-09-27 07:00:00,0.06,22.16,95.8,0.42
2018-09-27 08:00:00,0.1,23.87,85.87,0.41
2018-09-27 09:00:00,0.08,25.97,73.27,0.36
2018-09-27 10:00:00,0.08,27.43,65.83,0.29
2018-09-27 11:00:00,0.09,28.22,62.26,0.24
2018-09-27 12:00:00,0.11,28.69,60.28,0.28
2018-09-27 13:00:00,0.13,28.57,61.4,0.35
2018-09-27 14:00:00,0.14,27.56,67.67,0.44
2018-09-27 15:00:00,0.17,26.36,75.93,0.5
2018-09-27 16:00:00,0.24,25.02,85.43,0.49
2018-09-27 17:00:00,0.35,23.93,93.17,0.4
2018-09-27 18:00:00,0.56,23.39,96.78,0.36
2018-09-27 19:00:00,0.81,23.19,97.76,0.37
2018-09-27 20:00:00,1.06,23.05,97.92,0.38
2018-09-27 21:00:00,1.22,22.84,98.12,0.33
2018-09-27 22:00:00,1.26,22.55,98.63,0.33
2018-09-27 23:00:00,1.28,22.27,98.94,0.34
2018-09-28 00:00:00,1.28,22.0,99.18,0.36
2018-09-28 01:00:00,1.21,21.81,99.32,0.36
2018-09-28 02:00:00,0.98,21.73,99.23,0.36
2018-09-28 03:00:00,0.64,21.72,99.13,0.36
2018-09-28 04:00:00,0.33,21.68,98.98,0.35
2018-09-28 05:00:00,0.16,21.58,98.93,0.31
2018-09-28 06:00:00,0.07,21.57,98.76,0.3
2018-09-28 07:00:00,0.06,21.84,97.93,0.36
2018-09-28 08:00:00,0.22,22.2,96.38,0.42
2018-09-28 09:00:00,0.22,22.69,93.09,0.46
2018-09-28 10:00:00,0.26,23.59,85.6,0.48
2018-09-28 11:00:00,0.34,24.69,78.59,0.46
2018-09-28 12:00:00,0.49,25.38,74.83,0.41
2018-09-28 13:00:00,0.57,25.66,73.83,0.41
2018-09-28 14:00:00,0.71,25.4,75.75,0.46
2018-09-28 15:00:00,0.83,24.57,81.2,0.49
2018-09-28 16:00:00,1.08,23.63,87.84,0.48
2018-09-28 17:00:00,1.38,22.7,94.25,0.39
2018-09-28 18:00:00,1.77,22.11,97.73,0.31
2018-09-28 19:00:00,2.18,21.91,98.33,0.3
2018-09-28 20:00:00,2.75,21.8,98.5,0.34
2018-09-28 21:00:00,3.4,21.74,98.32,0.39
2018-09-28 22:00:00,4.05,21.65,98.28,0.39
2018-09-28 23:00:00,4.66,21.58,98.28,0.41
2018-09-29 00:00:00,4.89,21.54,98.02,0.43
2018-09-29 01:00:00,4.42,21.56,97.57,0.4
2018-09-29 02:00:00,3.46,21.54,97.64,0.18
2018-09-29 03:00:00,2.56,21.35,98.49,0.11
2018-09-29 04:00:00,1.56,21.22,99.19,0.19
2018-09-29 05:00:00,0.86,21.2,99.39,0.23
2018-09-29 06:00:00,0.42,21.43,99.02,0.21
2018-09-29 07:00:00,0.21,21.93,98.14,0.19
2018-09-29 08:00:00,0.17,22.55,96.72,0.16
2018-09-29 09:00:00,0.11,23.59,90.03,0.2
2018-09-29 10:00:00,0.12,24.95,80.19,0.3
2018-09-29 11:00:00,0.18,25.79,75.72,0.34
2018-09-29 12:00:00,0.29,26.07,74.45,0.38
2018-09-29 13:00:00,0.45,26.15,74.39,0.46
2018-09-29 14:00:00,0.52,25.78,76.84,0.52
2018-09-29 15:00:00,0.41,25.1,81.24,0.52
2018-09-29 16:00:00,0.32,24.12,87.98,0.49
2018-09-29 17:00:00,0.3,23.2,94.5,0.4
2018-09-29 18:00:00,0.31,22.57,98.04,0.33
2018-09-29 19:00:00,0.31,22.27,98.77,0.31
2018-09-29 20:00:00,0.4,22.04,99.01,0.3
2018-09-29 21:00:00,0.37,21.82,99.19,0.32
2018-09-29 22:00:00,0.35,21.63,99.15,0.36
2018-09-29 23:00:00,0.4,21.41,99.24,0.39
2018-09-30 00:00:00,0.47,21.21,99.29,0.41
2018-09-30 01:00:00,0.43,21.08,99.07,0.46
2018-09-30 02:00:00,0.34,20.97,98.94,0.51
2018-09-30 03:00:00,0.26,20.87,98.84,0.53
2018-09-30 04:00:00,0.14,20.71,98.95,0.52
2018-09-30 05:00:00,0.07,20.57,99.14,0.51
2018-09-30 06:00:00,0.04,20.91,98.7,0.46
2018-09-30 07:00:00,0.04,22.17,97.1,0.34
2018-09-30 08:00:00,0.04,23.6,90.19,0.31
2018-09-30 09:00:00,0.06,25.87,75.41,0.24
2018-09-30 10:00:00,0.08,27.5,67.43,0.19
2018-09-30 11:00:00,0.18,28.49,63.54,0.19
2018-09-30 12:00:00,0.29,28.92,61.86,0.25
2018-09-30 13:00:00,0.4,28.57,63.48,0.34
2018-09-30 14:00:00,0.41,27.82,68.03,0.43
2018-09-30 15:00:00,0.38,26.69,74.74,0.46
2018-09-30 16:00:00,0.3,25.4,85.02,0.43
2018-09-30 17:00:00,0.32,23.95,94.75,0.28
2018-09-30 18:00:00,0.37,23.34,94.0,0.35
2018-09-30 19:00:00,0.33,22.96,96.11,0.35
2018-09-30 20:00:00,0.31,22.75,96.55,0.33
2018-09-30 21:00:00,0.33,22.57,97.05,0.21
2018-09-30 22:00:00,0.3,22.27,96.53,0.19
2018-09-30 23:00:00,0.29,21.91,97.51,0.23
2018-10-01 00:00:00,0.25,21.47,98.38,0.23
2018-10-01 01:00:00,0.23,21.09,98.92,0.19
2018-10-01 02:00:00,0.19,20.79,99.05,0.17
2018-10-01 03:00:00,0.14,20.56,99.2,0.16
2018-10-01 04:00:00,0.07,20.38,99.37,0.16
2018-10-01 05:00:00,0.04,20.26,99.25,0.17
2018-10-01 06:00:00,0.04,20.59,98.76,0.26
2018-10-01 07:00:00,0.13,21.65,96.32,0.35
2018-10-01 08:00:00,0.14,23.52,86.52,0.27
2018-10-01 09:00:00,0.13,25.87,72.72,0.18
2018-10-01 10:00:00,0.12,27.4,65.41,0.21
2018-10-01 11:00:00,0.19,28.38,61.66,0.19
2018-10-01 12:00:00,0.26,28.95,59.78,0.17
2018-10-01 13:00:00,0.34,29.14,59.21,0.21
2018-10-01 14:00:00,0.48,28.78,60.83,0.29
2018-10-01 15:00:00,0.43,27.87,66.27,0.37
2018-10-01 16:00:00,0.39,26.3,78.84,0.4
2018-10-01 17:00:00,0.37,25.07,87.25,0.4
2018-10-01 18:00:00,0.35,23.89,93.72,0.41
2018-10-01 19:00:00,0.34,23.17,96.47,0.38
2018-10-01 20:00:00,0.33,22.7,97.63,0.34
2018-10-01 21:00:00,0.28,22.32,98.25,0.34
2018-10-01 22:00:00,0.31,22.02,98.55,0.37
2018-10-01 23:00:00,0.25,21.84,98.29,0.43
2018-10-02 00:00:00,0.19,21.73,97.69,0.47
2018-10-02 01:00:00,0.16,21.69,97.01,0.44
2018-10-02 02:00:00,0.12,21.64,96.54,0.34
2018-10-02 03:00:00,0.09,21.49,96.35,0.29
2018-10-02 04:00:00,0.06,21.16,96.96,0.35
2018-10-02 05:00:00,0.05,20.85,97.46,0.35
2018-10-02 06:00:00,0.05,20.98,97.72,0.21
2018-10-02 07:00:00,0.19,22.23,96.3,0.11
2018-10-02 08:00:00,0.11,23.39,90.98,0.14
2018-10-02 09:00:00,0.12,24.79,80.71,0.16
2018-10-02 10:00:00,0.2,25.66,75.47,0.12
2018-10-02 11:00:00,0.37,26.25,72.46,0.08
2018-10-02 12:00:00,0.55,26.62,70.53,0.0
2018-10-02 13:00:00,0.61,26.65,70.1,0.08
2018-10-02 14:00:00,0.52,26.08,73.51,0.19
2018-10-02 15:00:00,0.46,25.38,78.49,0.27
2018-10-02 16:00:00,0.51,24.52,85.89,0.28
2018-10-02 17:00:00,0.81,23.74,94.85,0.16
2018-10-02 18:00:00,1.0,23.16,95.97,0.18
2018-10-02 19:00:00,1.11,22.88,94.99,0.27
2018-10-02 20:00:00,1.23,22.59,95.71,0.37
2018-10-02 21:00:00,1.26,22.33,96.71,0.42
2018-10-02 22:00:00,1.21,22.08,97.46,0.46
2018-10-02 23:00:00,1.11,21.87,97.87,0.46
2018-10-03 00:00:00,1.08,21.71,97.91,0.48
2018-10-03 01:00:00,1.19,21.62,97.65,0.49
2018-10-03 02:00:00,1.2,21.62,97.04,0.45
2018-10-03 03:00:00,1.2,21.63,96.52,0.4
2018-10-03 04:00:00,0.99,21.65,95.91,0.34
2018-10-03 05:00:00,0.71,21.57,95.87,0.26
2018-10-03 06:00:00,0.45,21.63,96.04,0.2
2018-10-03 07:00:00,0.38,22.52,96.52,0.06
2018-10-03 08:00:00,0.28,23.91,86.96,0.03
2018-10-03 09:00:00,0.31,25.82,73.98,0.02
2018-10-03 10:00:00,0.46,26.98,67.85,0.01
2018-10-03 11:00:00,0.61,27.63,64.66,0.05
2018-10-03 12:00:00,0.81,27.65,64.39,0.12
2018-10-03 13:00:00,0.88,26.98,68.11,0.21
2018-10-03 14:00:00,1.02,26.15,73.06,0.26
2018-10-03 15:00:00,1.12,25.19,79.3,0.26
2018-10-03 16:00:00,1.15,24.12,87.25,0.21
2018-10-03 17:00:00,1.3,23.24,94.26,0.16
2018-10-03 18:00:00,1.44,22.73,97.54,0.11
2018-10-03 19:00:00,1.37,22.47,98.03,0.09
2018-10-03 20:00:00,1.48,22.18,98.4,0.09
2018-10-03 21:00:00,1.44,21.83,98.75,0.07
2018-10-03 22:00:00,1.26,21.55,98.91,0.09
2018-10-03 23:00:00,1.13,21.34,98.82,0.1
2018-10-04 00:00:00,0.96,21.1,98.86,0.12
2018-10-04 01:00:00,0.97,20.86,99.01,0.16
2018-10-04 02:00:00,0.97,20.62,99.3,0.21
2018-10-04 03:00:00,0.99,20.41,99.38,0.26
2018-10-04 04:00:00,0.99,20.26,99.34,0.25
2018-10-04 05:00:00,1.12,20.23,98.91,0.27
2018-10-04 06:00:00,1.32,20.54,98.38,0.32
2018-10-04 07:00:00,1.68,21.37,96.67,0.37
2018-10-04 08:00:00,1.8,22.63,87.68,0.47
2018-10-04 09:00:00,1.62,24.24,76.49,0.53
2018-10-04 10:00:00,1.23,25.37,71.04,0.5
2018-10-04 11:00:00,0.79,26.15,68.01,0.45
2018-10-04 12:00:00,0.5,26.65,66.33,0.43
2018-10-04 13:00:00,0.42,26.71,66.67,0.4
2018-10-04 14:00:00,0.49,26.2,69.8,0.34
2018-10-04 15:00:00,0.81,25.31,76.31,0.25
2018-10-04 16:00:00,1.15,24.34,83.92,0.17
2018-10-04 17:00:00,1.17,23.27,90.08,0.11
2018-10-04 18:00:00,1.06,22.61,91.75,0.04
2018-10-04 19:00:00,0.95,22.2,93.42,0.06
2018-10-04 20:00:00,0.88,21.85,93.87,0.05
2018-10-04 21:00:00,0.83,21.48,95.46,0.12
2018-10-04 22:00:00,0.66,21.15,96.81,0.18
2018-10-04 23:00:00,0.55,20.87,97.91,0.17
2018-10-05 00:00:00,0.49,20.71,98.46,0.15
2018-10-05 01:00:00,0.41,20.56,98.53,0.18
2018-10-05 02:00:00,0.33,20.36,98.68,0.18
2018-10-05 03:00:00,0.29,20.16,98.79,0.18
2018-10-05 04:00:00,0.28,20.03,98.66,0.19
2018-10-05 05:00:00,0.34,19.95,98.57,0.21
2018-10-05 06:00:00,0.74,20.18,98.1,0.28
2018-10-05 07:00:00,1.87,20.95,96.7,0.39
2018-10-05 08:00:00,0.61,22.11,93.3,0.51
2018-10-05 09:00:00,0.88,23.7,85.86,0.56
2018-10-05 10:00:00,1.07,24.56,81.93,0.54
2018-10-05 11:00:00,0.91,24.75,81.11,0.5
2018-10-05 12:00:00,0.74,24.74,81.3,0.46
2018-10-05 13:00:00,0.63,24.68,82.24,0.43
2018-10-05 14:00:00,0.53,24.47,84.85,0.37
2018-10-05 15:00:00,0.48,24.13,88.04,0.34
2018-10-05 16:00:00,0.49,23.63,91.76,0.28
2018-10-05 17:00:00,0.49,23.1,95.57,0.18
2018-10-05 18:00:00,0.46,22.65,96.9,0.15
2018-10-05 19:00:00,0.4,22.32,96.88,0.16
2018-10-05 20:00:00,0.35,21.94,96.94,0.21
2018-10-05 21:00:00,0.32,21.56,97.35,0.28
2018-10-05 22:00:00,0.27,21.25,97.7,0.31
2018-10-05 23:00:00,0.23,21.02,97.86,0.32
2018-10-06 00:00:00,0.19,20.81,98.04,0.33
2018-10-06 01:00:00,0.17,20.65,98.15,0.34
2018-10-06 02:00:00,0.14,20.55,98.41,0.34
2018-10-06 03:00:00,0.09,20.59,98.35,0.35
2018-10-06 04:00:00,0.05,20.6,98.4,0.35
2018-10-06 05:00:00,0.04,20.59,98.53,0.33
2018-10-06 06:00:00,0.03,20.86,97.89,0.39
2018-10-06 07:00:00,0.03,21.69,95.87,0.51
2018-10-06 08:00:00,0.17,22.91,90.42,0.63
2018-10-06 09:00:00,0.45,24.12,82.71,0.75
2018-10-06 10:00:00,0.68,24.95,78.29,0.77
2018-10-06 11:00:00,0.82,25.52,75.74,0.75
2018-10-06 12:00:00,0.9,25.98,73.92,0.73
2018-10-06 13:00:00,1.02,26.08,73.55,0.7
2018-10-06 14:00:00,0.96,25.83,75.44,0.62
2018-10-06 15:00:00,0.92,25.26,80.04,0.54
2018-10-06 16:00:00,0.97,24.46,86.68,0.47
2018-10-06 17:00:00,0.9,23.59,94.3,0.37
2018-10-06 18:00:00,0.89,22.89,97.25,0.34
2018-10-06 19:00:00,0.85,22.46,97.58,0.36
2018-10-06 20:00:00,0.84,21.98,98.59,0.34
2018-10-06 21:00:00,0.83,21.55,99.25,0.3
2018-10-06 22:00:00,0.84,21.25,99.52,0.27
2018-10-06 23:00:00,0.72,21.02,99.42,0.24
2018-10-07 00:00:00,0.8,20.85,99.31,0.23
2018-10-07 01:00:00,0.8,20.67,99.18,0.23
2018-10-07 02:00:00,0.68,20.47,99.28,0.24
2018-10-07 03:00:00,0.54,20.32,99.23,0.26
2018-10-07 04:00:00,0.39,20.21,99.21,0.28
2018-10-07 05:00:00,0.19,20.12,99.22,0.28
2018-10-07 06:00:00,0.09,20.42,98.69,0.37
2018-10-07 07:00:00,0.05,21.39,96.73,0.48
2018-10-07 08:00:00,0.08,23.07,89.08,0.51
2018-10-07 09:00:00,0.05,25.04,77.53,0.55
2018-10-07 10:00:00,0.04,26.22,71.12,0.56
2018-10-07 11:00:00,0.03,26.88,67.27,0.58
2018-10-07 12:00:00,0.03,27.19,65.18,0.58
2018-10-07 13:00:00,0.03,27.23,64.78,0.59
2018-10-07 14:00:00,0.09,26.94,66.23,0.59
2018-10-07 15:00:00,0.25,26.2,71.26,0.56
2018-10-07 16:00:00,0.46,25.2,81.25,0.5
2018-10-07 17:00:00,0.67,23.94,92.29,0.39
2018-10-07 18:00:00,0.81,22.74,97.39,0.35
2018-10-07 19:00:00,0.96,22.14,98.45,0.38
2018-10-07 20:00:00,0.99,21.75,99.03,0.4
2018-10-07 21:00:00,1.07,21.43,99.07,0.41
2018-10-07 22:00:00,0.95,21.21,99.24,0.38
2018-10-07 23:00:00,0.87,21.06,99.29,0.34
2018-10-08 00:00:00,0.78,20.92,99.18,0.32
2018-10-08 01:00:00,0.66,20.77,99.13,0.3
2018-10-08 02:00:00,0.5,20.6,99.35,0.28
2018-10-08 03:00:00,0.42,20.46,99.24,0.25
2018-10-08 04:00:00,0.59,20.28,99.27,0.24
2018-10-08 05:00:00,0.56,20.14,99.02,0.32
2018-10-08 06:00:00,0.51,20.52,98.49,0.34
2018-10-08 07:00:00,0.69,21.62,96.37,0.32
2018-10-08 08:00:00,0.21,22.97,88.47,0.31
2018-10-08 09:00:00,0.28,25.27,73.01,0.29
2018-10-08 10:00:00,0.39,26.77,65.93,0.35
2018-10-08 11:00:00,0.49,27.33,64.21,0.47
2018-10-08 12:00:00,0.64,27.19,65.86,0.58
2018-10-08 13:00:00,0.87,26.68,68.78,0.66
2018-10-08 14:00:00,1.12,25.63,74.85,0.69
2018-10-08 15:00:00,1.5,24.58,81.4,0.68
2018-10-08 16:00:00,1.99,23.55,88.49,0.61
2018-10-08 17:00:00,2.45,22.66,94.94,0.46
2018-10-08 18:00:00,2.81,22.22,97.32,0.36
2018-10-08 19:00:00,2.86,21.99,97.94,0.34
2018-10-08 20:00:00,2.68,21.84,98.07,0.32
2018-10-08 21:00:00,2.38,21.66,98.23,0.32
2018-10-08 22:00:00,2.13,21.49,98.28,0.3
2018-10-08 23:00:00,1.79,21.27,98.18,0.28
2018-10-09 00:00:00,1.39,20.98,98.27,0.26
2018-10-09 01:00:00,0.97,20.57,98.35,0.24
2018-10-09 02:00:00,0.64,20.26,98.77,0.22
2018-10-09 03:00:00,0.44,20.06,99.05,0.2
2018-10-09 04:00:00,0.25,19.87,99.05,0.2
2018-10-09 05:00:00,0.15,19.7,99.0,0.2
2018-10-09 06:00:00,0.08,19.93,98.36,0.17
2018-10-09 07:00:00,0.05,20.66,96.42,0.18
2018-10-09 08:00:00,0.01,21.72,89.31,0.22
2018-10-09 09:00:00,0.01,23.27,77.73,0.26
2018-10-09 10:00:00,0.02,24.21,73.03,0.24
2018-10-09 11:00:00,0.03,24.58,71.94,0.25
2018-10-09 12:00:00,0.04,24.54,73.37,0.31
2018-10-09 13:00:00,0.05,24.29,75.86,0.39
2018-10-09 14:00:00,0.07,23.88,78.99,0.41
2018-10-09 15:00:00,0.09,23.32,83.49,0.41
2018-10-09 16:00:00,0.11,22.72,89.2,0.36
2018-10-09 17:00:00,0.1,22.04,94.84,0.28
2018-10-09 18:00:00,0.1,21.48,97.99,0.22
2018-10-09 19:00:00,0.09,21.24,98.49,0.22
2018-10-09 20:00:00,0.07,21.11,98.48,0.21
2018-10-09 21:00:00,0.06,20.98,98.53,0.21
2018-10-09 22:00:00,0.04,20.88,98.43,0.2
2018-10-09 23:00:00,0.03,20.66,97.99,0.23
2018-10-10 00:00:00,0.02,20.47,98.17,0.25
2018-10-10 01:00:00,0.01,20.25,98.08,0.27
2018-10-10 02:00:00,0.01,19.97,97.86,0.3
2018-10-10 03:00:00,0.01,19.79,97.74,0.3
2018-10-10 04:00:00,0.01,19.67,97.69,0.29
2018-10-10 05:00:00,0.01,19.61,97.61,0.26
2018-10-10 06:00:00,0.0,19.78,97.12,0.26
2018-10-10 07:00:00,0.0,20.48,93.55,0.31
2018-10-10 08:00:00,0.02,21.37,86.63,0.34
2018-10-10 09:00:00,0.02,22.44,80.46,0.37
2018-10-10 10:00:00,0.03,23.53,75.48,0.43
2018-10-10 11:00:00,0.06,24.42,72.52,0.51
2018-10-10 12:00:00,0.09,24.89,71.72,0.59
2018-10-10 13:00:00,0.1,24.99,72.47,0.65
2018-10-10 14:00:00,0.11,24.43,76.04,0.67
2018-10-10 15:00:00,0.1,23.68,81.17,0.64
2018-10-10 16:00:00,0.09,22.91,87.25,0.56
2018-10-10 17:00:00,0.08,22.07,93.69,0.4
2018-10-10 18:00:00,0.06,21.45,97.0,0.29
2018-10-10 19:00:00,0.05,21.22,97.65,0.26
2018-10-10 20:00:00,0.04,21.06,98.32,0.25
2018-10-10 21:00:00,0.04,20.84,98.94,0.25
2018-10-10 22:00:00,0.04,20.62,99.06,0.23
2018-10-10 23:00:00,0.04,20.44,99.21,0.22
2018-10-11 00:00:00,0.04,20.29,99.45,0.26
2018-10-11 01:00:00,0.03,20.16,99.55,0.33
2018-10-11 02:00:00,0.03,20.09,99.57,0.38
2018-10-11 03:00:00,0.03,20.1,99.33,0.42
2018-10-11 04:00:00,0.02,20.13,99.01,0.45
2018-10-11 05:00:00,0.02,20.15,98.79,0.46
2018-10-11 06:00:00,0.02,20.49,97.44,0.41
2018-10-11 07:00:00,0.02,21.72,94.54,0.31
2018-10-11 08:00:00,0.28,23.61,82.22,0.35
2018-10-11 09:00:00,0.25,25.66,69.67,0.38
2018-10-11 10:00:00,0.22,27.02,62.23,0.4
2018-10-11 11:00:00,0.19,27.74,59.09,0.44
2018-10-11 12:00:00,0.16,28.03,58.54,0.47
2018-10-11 13:00:00,0.14,27.9,59.91,0.49
2018-10-11 14:00:00,0.13,27.46,63.4,0.52
2018-10-11 15:00:00,0.12,26.65,70.09,0.52
2018-10-11 16:00:00,0.15,25.46,80.79,0.51
2018-10-11 17:00:00,0.22,23.97,92.39,0.41
2018-10-11 18:00:00,0.27,22.85,97.73,0.33
2018-10-11 19:00:00,0.28,22.49,97.99,0.31
2018-10-11 20:00:00,0.26,22.26,98.7,0.27
2018-10-11 21:00:00,0.27,22.02,99.34,0.27
2018-10-11 22:00:00,0.24,21.86,99.4,0.28
2018-10-11 23:00:00,0.3,21.77,99.22,0.28
2018-10-12 00:00:00,0.33,21.66,99.25,0.28
2018-10-12 01:00:00,0.37,21.57,99.27,0.28
2018-10-12 02:00:00,0.39,21.46,99.28,0.27
2018-10-12 03:00:00,0.36,21.33,99.39,0.25
2018-10-12 04:00:00,0.38,21.22,99.36,0.24
2018-10-12 05:00:00,0.36,21.1,99.41,0.24
2018-10-12 06:00:00,0.33,21.4,99.0,0.24
2018-10-12 07:00:00,0.27,22.44,97.14,0.34
2018-10-12 08:00:00,0.0,23.69,88.26,0.41
2018-10-12 09:00:00,0.0,25.7,74.0,0.42
2018-10-12 10:00:00,0.0,27.05,66.37,0.42
2018-10-12 11:00:00,0.0,27.88,62.03,0.43
2018-10-12 12:00:00,0.0,28.21,59.47,0.44
2018-10-12 13:00:00,0.0,27.96,60.25,0.48
2018-10-12 14:00:00,0.0,27.27,64.35,0.51
2018-10-12 15:00:00,0.0,26.17,72.07,0.51
2018-10-12 16:00:00,0.0,25.15,80.13,0.46
2018-10-12 17:00:00,0.0,23.95,89.54,0.33
2018-10-12 18:00:00,0.0,22.9,96.37,0.25
2018-10-12 19:00:00,0.0,22.46,98.19,0.28
2018-10-12 20:00:00,0.0,22.21,98.89,0.36
2018-10-12 21:00:00,0.0,22.03,99.4,0.38
2018-10-12 22:00:00,0.0,21.77,99.75,0.31
2018-10-12 23:00:00,0.0,21.57,99.68,0.25
2018-10-13 00:00:00,0.0,21.43,99.61,0.24
2018-10-13 01:00:00,0.0,21.3,99.65,0.25
2018-10-13 02:00:00,0.0,21.1,100.0,0.25
2018-10-13 03:00:00,0.0,20.89,100.0,0.26
2018-10-13 04:00:00,0.0,20.72,100.0,0.27
2018-10-13 05:00:00,0.0,20.57,99.92,0.28
2018-10-13 06:00:00,0.0,20.9,98.18,0.28
2018-10-13 07:00:00,0.0,22.27,90.75,0.38
2018-10-13 08:00:00,0.07,23.64,82.46,0.4
2018-10-13 09:00:00,0.06,25.17,75.52,0.4
2018-10-13 10:00:00,0.05,26.48,69.21,0.4
2018-10-13 11:00:00,0.05,27.13,65.56,0.42
2018-10-13 12:00:00,0.06,27.43,64.34,0.47
2018-10-13 13:00:00,0.07,27.2,65.97,0.52
2018-10-13 14:00:00,0.09,26.31,71.4,0.57
2018-10-13 15:00:00,0.12,25.12,79.02,0.57
2018-10-13 16:00:00,0.15,23.94,87.21,0.51
2018-10-13 17:00:00,0.19,23.01,94.12,0.39
2018-10-13 18:00:00,0.2,22.59,96.83,0.33
2018-10-13 19:00:00,0.24,22.42,97.57,0.31
2018-10-13 20:00:00,0.29,22.27,98.08,0.31
2018-10-13 21:00:00,0.33,22.11,98.34,0.31
2018-10-13 22:00:00,0.38,21.95,98.4,0.36
2018-10-13 23:00:00,0.5,21.79,98.37,0.4
2018-10-14 00:00:00,0.71,21.51,98.79,0.38
2018-10-14 01:00:00,0.99,21.23,99.16,0.33
2018-10-14 02:00:00,1.26,21.08,99.05,0.31
2018-10-14 03:00:00,1.55,21.04,98.84,0.29
2018-10-14 04:00:00,1.75,20.92,98.79,0.27
2018-10-14 05:00:00,1.81,20.8,98.84,0.25
2018-10-14 06:00:00,1.7,20.85,98.63,0.26
2018-10-14 07:00:00,1.49,21.17,97.54,0.32
2018-10-14 08:00:00,4.11,21.5,95.18,0.35
2018-10-14 09:00:00,3.02,22.19,90.56,0.37
2018-10-14 10:00:00,2.04,23.04,85.54,0.4
2018-10-14 11:00:00,1.38,23.84,81.98,0.45
2018-10-14 12:00:00,1.15,24.23,81.16,0.5
2018-10-14 13:00:00,1.01,24.37,81.91,0.54
2018-10-14 14:00:00,0.92,24.03,85.07,0.55
2018-10-14 15:00:00,0.84,23.48,89.39,0.53
2018-10-14 16:00:00,0.83,22.96,93.42,0.48
2018-10-14 17:00:00,0.84,22.45,96.46,0.35
2018-10-14 18:00:00,0.85,22.02,97.83,0.28
2018-10-14 19:00:00,0.87,21.81,98.15,0.25
2018-10-14 20:00:00,0.86,21.62,98.4,0.24
2018-10-14 21:00:00,0.78,21.46,98.42,0.23
2018-10-14 22:00:00,0.66,21.29,98.46,0.24
2018-10-14 23:00:00,0.58,21.13,98.55,0.24
2018-10-15 00:00:00,0.42,21.0,98.62,0.23
2018-10-15 01:00:00,0.37,20.88,98.67,0.23
2018-10-15 02:00:00,0.22,20.81,98.57,0.21
2018-10-15 03:00:00,0.15,20.74,98.52,0.2
2018-10-15 04:00:00,0.1,20.68,98.31,0.21
2018-10-15 05:00:00,0.07,20.64,97.89,0.25
2018-10-15 06:00:00,0.05,20.83,97.54,0.21
2018-10-15 07:00:00,0.08,21.56,96.53,0.21
2018-10-15 08:00:00,0.03,22.46,92.34,0.22
2018-10-15 09:00:00,0.04,23.79,83.72,0.21
2018-10-15 10:00:00,0.07,24.89,77.87,0.24
2018-10-15 11:00:00,0.12,25.25,77.34,0.31
2018-10-15 12:00:00,0.2,25.2,79.17,0.39
2018-10-15 13:00:00,0.26,24.94,82.0,0.44
2018-10-15 14:00:00,0.26,24.56,85.11,0.47
2018-10-15 15:00:00,0.31,24.04,89.0,0.47
2018-10-15 16:00:00,0.37,23.46,93.29,0.43
2018-10-15 17:00:00,0.34,22.97,96.51,0.33
2018-10-15 18:00:00,0.29,22.61,97.8,0.29
2018-10-15 19:00:00,0.26,22.41,98.09,0.29
2018-10-15 20:00:00,0.24,22.21,98.3,0.28
2018-10-15 21:00:00,0.23,21.97,98.65,0.26
2018-10-15 22:00:00,0.21,21.72,98.64,0.34
2018-10-15 23:00:00,0.22,21.42,98.79,0.4
2018-10-16 00:00:00,0.26,21.07,99.25,0.37
2018-10-16 01:00:00,0.29,20.91,99.11,0.36
2018-10-16 02:00:00,0.32,20.75,98.98,0.29
2018-10-16 03:00:00,0.3,20.61,98.88,0.21
2018-10-16 04:00:00,0.26,20.52,98.5,0.17
2018-10-16 05:00:00,0.21,20.41,98.26,0.13
2018-10-16 06:00:00,0.16,20.43,97.97,0.12
2018-10-16 07:00:00,0.19,21.02,96.14,0.21
2018-10-16 08:00:00,0.22,21.79,92.84,0.24
2018-10-16 09:00:00,0.25,23.04,85.02,0.25
2018-10-16 10:00:00,0.34,24.35,76.95,0.29
2018-10-16 11:00:00,0.49,24.88,74.11,0.34
2018-10-16 12:00:00,0.7,24.74,75.56,0.38
2018-10-16 13:00:00,0.92,24.37,78.53,0.42
2018-10-16 14:00:00,1.1,23.91,82.51,0.45
2018-10-16 15:00:00,1.29,23.37,87.79,0.44
2018-10-16 16:00:00,1.46,22.85,92.65,0.39
2018-10-16 17:00:00,1.67,22.32,96.13,0.29
2018-10-16 18:00:00,2.12,21.83,97.96,0.23
2018-10-16 19:00:00,3.03,21.6,98.12,0.23
2018-10-16 20:00:00,3.96,21.42,98.46,0.24
2018-10-16 21:00:00,4.03,21.32,98.61,0.27
2018-10-16 22:00:00,3.1,21.24,98.67,0.31
2018-10-16 23:00:00,1.91,21.14,98.64,0.34
2018-10-17 00:00:00,0.99,20.96,98.59,0.32
2018-10-17 01:00:00,0.57,20.73,98.54,0.31
2018-10-17 02:00:00,0.32,20.55,98.81,0.26
2018-10-17 03:00:00,0.15,20.42,98.99,0.25
2018-10-17 04:00:00,0.08,20.35,98.95,0.23
2018-10-17 05:00:00,0.04,20.28,98.95,0.21
2018-10-17 06:00:00,0.03,20.41,98.79,0.19
2018-10-17 07:00:00,0.02,20.92,97.35,0.24
2018-10-17 08:00:00,0.0,21.38,95.78,0.19
2018-10-17 09:00:00,0.0,21.78,91.85,0.16
2018-10-17 10:00:00,0.01,22.3,84.39,0.19
2018-10-17 11:00:00,0.03,22.75,79.42,0.24
2018-10-17 12:00:00,0.06,22.93,78.47,0.26
2018-10-17 13:00:00,0.08,22.99,78.68,0.27
2018-10-17 14:00:00,0.1,22.93,79.6,0.28
2018-10-17 15:00:00,0.12,22.69,81.88,0.29
2018-10-17 16:00:00,0.12,22.26,86.14,0.24
2018-10-17 17:00:00,0.12,21.56,92.22,0.17
2018-10-17 18:00:00,0.11,20.78,95.49,0.16
2018-10-17 19:00:00,0.1,20.49,94.71,0.23
2018-10-17 20:00:00,0.1,20.34,94.05,0.24
2018-10-17 21:00:00,0.09,20.2,93.84,0.24
2018-10-17 22:00:00,0.09,20.03,93.81,0.22
2018-10-17 23:00:00,0.08,19.85,93.92,0.2
2018-10-18 00:00:00,0.07,19.65,94.25,0.19
2018-10-18 01:00:00,0.06,19.42,94.69,0.19
2018-10-18 02:00:00,0.04,19.22,94.91,0.2
2018-10-18 03:00:00,0.03,19.05,94.92,0.21
2018-10-18 04:00:00,0.02,18.83,95.18,0.23
2018-10-18 05:00:00,0.01,18.58,95.51,0.22
2018-10-18 06:00:00,0.0,18.72,96.07,0.13
2018-10-18 07:00:00,0.01,19.96,95.32,0.1
2018-10-18 08:00:00,0.03,21.85,84.16,0.12
2018-10-18 09:00:00,0.02,24.2,69.13,0.15
2018-10-18 10:00:00,0.03,25.8,62.03,0.18
2018-10-18 11:00:00,0.04,26.82,58.88,0.22
2018-10-18 12:00:00,0.06,27.33,58.14,0.26
2018-10-18 13:00:00,0.08,27.35,59.31,0.29
2018-10-18 14:00:00,0.1,26.92,62.73,0.34
2018-10-18 15:00:00,0.15,25.98,71.5,0.35
2018-10-18 16:00:00,0.23,25.08,81.22,0.33
2018-10-18 17:00:00,0.25,23.91,88.54,0.32
2018-10-18 18:00:00,0.28,22.85,93.93,0.35
2018-10-18 19:00:00,0.33,22.31,95.28,0.35
2018-10-18 20:00:00,0.39,21.95,96.01,0.34
2018-10-18 21:00:00,0.44,21.68,96.42,0.36
2018-10-18 22:00:00,0.48,21.49,96.72,0.38
2018-10-18 23:00:00,0.6,21.27,97.34,0.39
2018-10-19 00:00:00,0.59,21.07,98.04,0.35
2018-10-19 01:00:00,0.67,20.96,98.61,0.27
2018-10-19 02:00:00,0.65,20.91,98.8,0.23
2018-10-19 03:00:00,0.57,20.86,98.91,0.21
2018-10-19 04:00:00,0.48,20.81,98.88,0.21
2018-10-19 05:00:00,0.46,20.71,98.96,0.19
2018-10-19 06:00:00,0.41,20.76,99.03,0.17
2018-10-19 07:00:00,0.41,21.29,98.49,0.19
2018-10-19 08:00:00,0.21,21.95,97.4,0.15
2018-10-19 09:00:00,0.18,22.71,94.8,0.1
2018-10-19 10:00:00,0.19,23.45,89.2,0.02
2018-10-19 11:00:00,0.22,24.15,84.12,0.06
2018-10-19 12:00:00,0.26,24.79,80.4,0.15
2018-10-19 13:00:00,0.32,25.29,77.79,0.17
2018-10-19 14:00:00,0.29,25.41,76.88,0.19
2018-10-19 15:00:00,0.28,25.04,79.43,0.22
2018-10-19 16:00:00,0.32,24.37,86.61,0.26
2018-10-19 17:00:00,0.36,23.51,93.05,0.25
2018-10-19 18:00:00,0.42,22.74,94.92,0.4
2018-10-19 19:00:00,0.44,22.38,95.06,0.41
2018-10-19 20:00:00,0.44,22.18,94.69,0.3
2018-10-19 21:00:00,0.41,21.96,95.04,0.19
2018-10-19 22:00:00,0.38,21.72,95.5,0.19
2018-10-19 23:00:00,0.34,21.5,95.88,0.22
2018-10-20 00:00:00,0.42,21.23,96.52,0.25
2018-10-20 01:00:00,0.48,20.86,97.31,0.34
2018-10-20 02:00:00,0.58,20.59,97.83,0.35
2018-10-20 03:00:00,0.7,20.42,97.95,0.36
2018-10-20 04:00:00,0.82,20.24,98.02,0.37
2018-10-20 05:00:00,0.97,20.03,98.16,0.4
2018-10-20 06:00:00,1.17,20.13,98.66,0.32
2018-10-20 07:00:00,1.43,21.28,97.76,0.35
2018-10-20 08:00:00,0.2,22.68,91.56,0.28
2018-10-20 09:00:00,0.23,24.85,76.96,0.1
2018-10-20 10:00:00,0.27,26.09,69.72,0.2
2018-10-20 11:00:00,0.31,26.97,65.71,0.36
2018-10-20 12:00:00,0.39,26.99,66.22,0.52
2018-10-20 13:00:00,0.48,25.88,73.24,0.62
2018-10-20 14:00:00,0.47,24.43,82.78,0.62
2018-10-20 15:00:00,0.47,23.48,89.81,0.58
2018-10-20 16:00:00,0.5,22.9,94.51,0.5
2018-10-20 17:00:00,0.57,22.59,97.15,0.45
2018-10-20 18:00:00,0.67,22.29,97.98,0.42
2018-10-20 19:00:00,0.74,22.03,98.68,0.36
2018-10-20 20:00:00,0.71,21.8,98.96,0.32
2018-10-20 21:00:00,0.57,21.63,98.73,0.37
2018-10-20 22:00:00,0.44,21.5,98.14,0.48
2018-10-20 23:00:00,0.33,21.31,97.91,0.49
2018-10-21 00:00:00,0.25,21.08,97.52,0.37
2018-10-21 01:00:00,0.16,20.74,97.35,0.22
2018-10-21 02:00:00,0.09,20.38,97.42,0.21
2018-10-21 03:00:00,0.05,20.11,97.18,0.25
2018-10-21 04:00:00,0.03,19.89,97.15,0.26
2018-10-21 05:00:00,0.02,19.71,97.28,0.21
2018-10-21 06:00:00,0.01,19.9,97.55,0.15
2018-10-21 07:00:00,0.01,21.0,96.9,0.15
2018-10-21 08:00:00,0.06,22.19,92.06,0.16
2018-10-21 09:00:00,0.07,23.94,80.34,0.16
2018-10-21 10:00:00,0.11,25.29,72.69,0.12
2018-10-21 11:00:00,0.14,26.01,69.32,0.12
2018-10-21 12:00:00,0.22,26.3,68.37,0.19
2018-10-21 13:00:00,0.27,26.2,69.32,0.27
2018-10-21 14:00:00,0.3,25.38,74.91,0.37
2018-10-21 15:00:00,0.33,24.35,82.56,0.39
2018-10-21 16:00:00,0.4,23.44,89.68,0.35
2018-10-21 17:00:00,0.46,22.75,95.4,0.27
2018-10-21 18:00:00,0.52,22.43,97.67,0.27
2018-10-21 19:00:00,0.56,22.28,97.87,0.3
2018-10-21 20:00:00,0.59,22.19,97.26,0.28
2018-10-21 21:00:00,0.6,21.96,97.87,0.21
2018-10-21 22:00:00,0.59,21.68,98.57,0.18
2018-10-21 23:00:00,0.55,21.38,98.94,0.18
2018-10-22 00:00:00,0.46,21.08,99.05,0.19
2018-10-22 01:00:00,0.4,20.78,99.21,0.21
2018-10-22 02:00:00,0.33,20.53,99.26,0.22
2018-10-22 03:00:00,0.24,20.35,99.11,0.21
2018-10-22 04:00:00,0.17,20.17,98.97,0.18
2018-10-22 05:00:00,0.13,19.96,99.03,0.18
2018-10-22 06:00:00,0.12,19.96,98.87,0.18
2018-10-22 07:00:00,0.12,20.52,98.02,0.29
2018-10-22 08:00:00,0.41,21.09,96.69,0.34
2018-10-22 09:00:00,0.3,21.98,93.25,0.36
2018-10-22 10:00:00,0.27,23.14,85.85,0.36
2018-10-22 11:00:00,0.24,24.29,79.09,0.33
2018-10-22 12:00:00,0.21,25.16,74.9,0.27
2018-10-22 13:00:00,0.18,25.69,72.06,0.18
2018-10-22 14:00:00,0.16,25.78,71.15,0.09
2018-10-22 15:00:00,0.23,25.32,74.39,0.02
2018-10-22 16:00:00,0.31,24.47,82.46,0.14
2018-10-22 17:00:00,0.33,23.36,91.64,0.19
2018-10-22 18:00:00,0.4,22.45,91.28,0.47
2018-10-22 19:00:00,0.49,21.59,96.67,0.38
2018-10-22 20:00:00,0.58,21.19,98.06,0.28
2018-10-22 21:00:00,0.64,20.96,98.59,0.29
2018-10-22 22:00:00,0.85,20.9,98.21,0.37
2018-10-22 23:00:00,0.75,20.88,97.57,0.39
2018-10-23 00:00:00,0.72,20.68,97.38,0.39
2018-10-23 01:00:00,0.55,20.3,98.01,0.38
2018-10-23 02:00:00,0.39,20.02,98.56,0.33
2018-10-23 03:00:00,0.3,19.78,98.79,0.3
2018-10-23 04:00:00,0.21,19.5,99.09,0.26
2018-10-23 05:00:00,0.17,19.3,99.04,0.23
2018-10-23 06:00:00,0.12,19.57,98.76,0.23
2018-10-23 07:00:00,0.09,20.77,97.1,0.29
2018-10-23 08:00:00,0.24,22.14,90.32,0.25
2018-10-23 09:00:00,0.17,24.15,73.33,0.23
2018-10-23 10:00:00,0.07,25.49,63.03,0.17
2018-10-23 11:00:00,0.03,26.38,57.33,0.09
2018-10-23 12:00:00,0.02,26.9,54.27,0.04
2018-10-23 13:00:00,0.02,26.98,53.65,0.05
2018-10-23 14:00:00,0.02,26.61,55.65,0.12
2018-10-23 15:00:00,0.03,25.9,62.8,0.2
2018-10-23 16:00:00,0.03,25.3,69.75,0.24
2018-10-23 17:00:00,0.08,24.05,76.29,0.28
2018-10-23 18:00:00,0.09,22.79,78.44,0.5
2018-10-23 19:00:00,0.09,21.68,85.97,0.59
2018-10-23 20:00:00,0.14,21.07,90.24,0.57
2018-10-23 21:00:00,0.36,20.73,92.93,0.5
2018-10-23 22:00:00,0.45,20.49,95.21,0.39
2018-10-23 23:00:00,0.5,20.32,96.34,0.25
2018-10-24 00:00:00,0.45,20.03,96.8,0.19
2018-10-24 01:00:00,0.37,19.6,96.82,0.33
2018-10-24 02:00:00,0.37,19.19,96.5,0.4
2018-10-24 03:00:00,0.31,18.82,95.77,0.43
2018-10-24 04:00:00,0.31,18.41,95.1,0.46
2018-10-24 05:00:00,0.21,17.91,94.97,0.46
2018-10-24 06:00:00,0.23,17.82,96.17,0.37
2018-10-24 07:00:00,0.23,19.43,94.61,0.29
2018-10-24 08:00:00,0.03,21.43,85.34,0.31
2018-10-24 09:00:00,0.03,24.26,68.44,0.33
2018-10-24 10:00:00,0.02,25.54,60.97,0.33
2018-10-24 11:00:00,0.02,26.38,56.41,0.3
2018-10-24 12:00:00,0.03,26.87,53.74,0.25
2018-10-24 13:00:00,0.02,26.99,53.07,0.2
2018-10-24 14:00:00,0.02,26.79,54.54,0.1
2018-10-24 15:00:00,0.03,26.31,60.1,0.06
2018-10-24 16:00:00,0.03,25.8,66.57,0.15
2018-10-24 17:00:00,0.05,24.22,76.64,0.31
2018-10-24 18:00:00,0.06,22.83,79.85,0.63
2018-10-24 19:00:00,0.05,21.73,84.49,0.76
2018-10-24 20:00:00,0.06,21.17,86.73,0.77
2018-10-24 21:00:00,0.07,20.86,88.19,0.66
2018-10-24 22:00:00,0.18,20.43,90.68,0.52
2018-10-24 23:00:00,0.2,19.94,93.19,0.48
2018-10-25 00:00:00,0.21,19.46,94.91,0.44
2018-10-25 01:00:00,0.23,19.02,95.81,0.39
2018-10-25 02:00:00,0.23,18.71,95.66,0.4
2018-10-25 03:00:00,0.13,18.4,95.79,0.41
2018-10-25 04:00:00,0.1,18.01,96.77,0.39
2018-10-25 05:00:00,0.08,17.62,98.06,0.34
2018-10-25 06:00:00,0.07,17.98,98.21,0.29
2018-10-25 07:00:00,0.09,19.91,94.98,0.41
2018-10-25 08:00:00,0.0,22.3,86.6,0.43
2018-10-25 09:00:00,0.0,24.52,73.21,0.46
2018-10-25 10:00:00,0.0,25.78,65.43,0.44
2018-10-25 11:00:00,0.0,26.55,60.56,0.41
2018-10-25 12:00:00,0.0,26.94,58.31,0.38
2018-10-25 13:00:00,0.0,26.91,58.74,0.34
2018-10-25 14:00:00,0.0,26.54,61.28,0.28
2018-10-25 15:00:00,0.0,25.96,66.44,0.21
2018-10-25 16:00:00,0.0,25.08,74.74,0.16
2018-10-25 17:00:00,0.0,23.74,83.88,0.1
2018-10-25 18:00:00,0.0,22.62,89.12,0.16
2018-10-25 19:00:00,0.0,22.15,89.62,0.25
2018-10-25 20:00:00,0.0,21.64,91.15,0.24
2018-10-25 21:00:00,0.0,21.08,93.18,0.21
2018-10-25 22:00:00,0.0,20.61,94.33,0.16
2018-10-25 23:00:00,0.0,20.22,95.24,0.15
2018-10-26 00:00:00,0.0,19.78,96.03,0.14
2018-10-26 01:00:00,0.0,19.34,96.72,0.13
2018-10-26 02:00:00,0.0,18.99,97.42,0.14
2018-10-26 03:00:00,0.0,18.73,97.92,0.15
2018-10-26 04:00:00,0.0,18.62,97.74,0.15
2018-10-26 05:00:00,0.0,18.64,97.46,0.17
2018-10-26 06:00:00,0.0,19.09,96.02,0.25
2018-10-26 07:00:00,0.0,20.47,90.53,0.36
2018-10-26 08:00:00,0.0,22.08,83.22,0.44
2018-10-26 09:00:00,0.0,23.55,76.03,0.52
2018-10-26 10:00:00,0.0,24.77,70.49,0.53
2018-10-26 11:00:00,0.0,25.74,66.11,0.52
2018-10-26 12:00:00,0.0,26.39,62.9,0.48
2018-10-26 13:00:00,0.0,26.66,61.81,0.44
2018-10-26 14:00:00,0.0,26.46,63.6,0.34
2018-10-26 15:00:00,0.0,25.93,68.38,0.23
2018-10-26 16:00:00,0.0,25.01,75.96,0.17
2018-10-26 17:00:00,0.0,23.73,84.88,0.12
2018-10-26 18:00:00,0.0,22.6,88.59,0.16
2018-10-26 19:00:00,0.0,21.98,90.18,0.2
2018-10-26 20:00:00,0.0,21.41,91.76,0.21
2018-10-26 21:00:00,0.0,20.82,93.06,0.22
2018-10-26 22:00:00,0.0,20.26,94.51,0.22
2018-10-26 23:00:00,0.0,19.8,95.48,0.23
2018-10-27 00:00:00,0.0,19.35,96.56,0.25
2018-10-27 01:00:00,0.0,18.82,98.34,0.26
2018-10-27 02:00:00,0.0,18.35,99.99,0.24
2018-10-27 03:00:00,0.0,18.08,100.0,0.23
2018-10-27 04:00:00,0.0,17.97,100.0,0.23
2018-10-27 05:00:00,0.0,17.96,100.0,0.22
2018-10-27 06:00:00,0.0,18.52,97.46,0.29
2018-10-27 07:00:00,0.0,20.33,89.24,0.43
2018-10-27 08:00:00,0.0,22.33,79.56,0.47
2018-10-27 09:00:00,0.0,24.11,69.96,0.43
2018-10-27 10:00:00,0.0,25.48,62.52,0.36
2018-10-27 11:00:00,0.0,26.53,57.5,0.25
2018-10-27 12:00:00,0.0,27.26,54.54,0.13
2018-10-27 13:00:00,0.01,27.53,54.0,0.01
2018-10-27 14:00:00,0.01,27.34,55.79,0.11
2018-10-27 15:00:00,0.01,26.73,61.26,0.21
2018-10-27 16:00:00,0.01,26.16,70.26,0.27
2018-10-27 17:00:00,0.01,24.8,79.33,0.26
2018-10-27 18:00:00,0.01,23.1,79.64,0.4
2018-10-27 19:00:00,0.0,22.23,85.45,0.56
2018-10-27 20:00:00,0.01,21.73,89.9,0.53
2018-10-27 21:00:00,0.01,21.55,90.85,0.42
2018-10-27 22:00:00,0.07,21.31,92.23,0.18
2018-10-27 23:00:00,0.14,20.89,94.3,0.12
2018-10-28 00:00:00,0.16,20.25,97.09,0.25
2018-10-28 01:00:00,0.16,19.78,98.74,0.25
2018-10-28 02:00:00,0.11,19.54,99.28,0.2
2018-10-28 03:00:00,0.06,19.41,98.92,0.18
2018-10-28 04:00:00,0.06,19.29,98.33,0.2
2018-10-28 05:00:00,0.05,19.2,97.71,0.2
2018-10-28 06:00:00,0.04,19.31,96.93,0.25
2018-10-28 07:00:00,0.02,20.26,93.36,0.37
2018-10-28 08:00:00,0.0,21.39,86.59,0.4
2018-10-28 09:00:00,0.0,22.42,78.69,0.44
2018-10-28 10:00:00,0.0,23.22,71.61,0.45
2018-10-28 11:00:00,0.0,23.73,67.96,0.43
2018-10-28 12:00:00,0.0,24.19,65.36,0.41
2018-10-28 13:00:00,0.0,24.47,64.5,0.37
2018-10-28 14:00:00,0.0,24.62,65.89,0.26
2018-10-28 15:00:00,0.0,24.51,71.0,0.13
2018-10-28 16:00:00,0.0,24.09,75.28,0.14
2018-10-28 17:00:00,0.0,23.06,79.11,0.39
2018-10-28 18:00:00,0.0,21.59,84.96,0.62
2018-10-28 19:00:00,0.0,20.64,88.67,0.67
2018-10-28 20:00:00,0.0,20.35,89.09,0.71
2018-10-28 21:00:00,0.0,20.23,89.2,0.7
2018-10-28 22:00:00,0.0,19.99,90.13,0.65
2018-10-28 23:00:00,0.0,19.7,90.75,0.6
2018-10-29 00:00:00,0.0,19.52,89.56,0.55
2018-10-29 01:00:00,0.0,19.37,87.65,0.47
2018-10-29 02:00:00,0.0,19.24,86.14,0.45
2018-10-29 03:00:00,0.0,19.09,85.15,0.44
2018-10-29 04:00:00,0.0,18.94,84.89,0.43
2018-10-29 05:00:00,0.0,18.83,84.92,0.43
2018-10-29 06:00:00,0.0,18.88,85.93,0.37
2018-10-29 07:00:00,0.0,19.93,86.77,0.17
2018-10-29 08:00:00,0.0,21.93,77.21,0.05
2018-10-29 09:00:00,0.0,23.97,70.22,0.16
2018-10-29 10:00:00,0.0,25.27,64.52,0.2
2018-10-29 11:00:00,0.0,26.16,60.58,0.21
2018-10-29 12:00:00,0.0,26.79,58.1,0.21
2018-10-29 13:00:00,0.0,27.05,57.26,0.22
2018-10-29 14:00:00,0.0,26.67,59.36,0.27
2018-10-29 15:00:00,0.0,25.73,66.75,0.33
2018-10-29 16:00:00,0.0,24.66,77.69,0.34
2018-10-29 17:00:00,0.0,23.2,88.68,0.27
2018-10-29 18:00:00,0.0,21.85,95.26,0.27
2018-10-29 19:00:00,0.0,21.17,97.51,0.28
2018-10-29 20:00:00,0.0,20.79,99.26,0.28
2018-10-29 21:00:00,0.0,20.58,99.53,0.28
2018-10-29 22:00:00,0.0,20.39,99.13,0.32
2018-10-29 23:00:00,0.0,20.17,98.89,0.34
2018-10-30 00:00:00,0.0,19.95,98.73,0.37
2018-10-30 01:00:00,0.0,19.62,98.97,0.37
2018-10-30 02:00:00,0.0,19.38,99.05,0.39
2018-10-30 03:00:00,0.0,19.28,98.81,0.43
2018-10-30 04:00:00,0.0,19.2,98.61,0.42
2018-10-30 05:00:00,0.0,19.18,98.14,0.35
2018-10-30 06:00:00,0.0,19.4,96.16,0.21
2018-10-30 07:00:00,0.0,20.6,96.86,0.23
2018-10-30 08:00:00,0.0,22.62,81.62,0.34
2018-10-30 09:00:00,0.0,24.89,62.49,0.25
2018-10-30 10:00:00,0.0,26.33,56.04,0.21
2018-10-30 11:00:00,0.0,27.34,52.43,0.16
2018-10-30 12:00:00,0.0,27.93,50.99,0.17
2018-10-30 13:00:00,0.0,28.03,51.77,0.26
2018-10-30 14:00:00,0.0,27.59,55.4,0.33
2018-10-30 15:00:00,0.0,26.69,64.02,0.39
2018-10-30 16:00:00,0.0,25.43,76.09,0.39
2018-10-30 17:00:00,0.0,23.76,88.03,0.3
2018-10-30 18:00:00,0.0,22.36,94.44,0.27
2018-10-30 19:00:00,0.0,21.61,96.61,0.27
2018-10-30 20:00:00,0.0,21.14,97.97,0.27
2018-10-30 21:00:00,0.0,20.87,98.13,0.27
2018-10-30 22:00:00,0.0,20.66,97.99,0.31
2018-10-30 23:00:00,0.01,20.56,97.22,0.37
2018-10-31 00:00:00,0.03,20.59,95.65,0.35
2018-10-31 01:00:00,0.06,20.53,94.66,0.24
2018-10-31 02:00:00,0.06,20.38,94.39,0.19
2018-10-31 03:00:00,0.05,20.16,94.74,0.18
2018-10-31 04:00:00,0.04,19.99,94.88,0.12
2018-10-31 05:00:00,0.02,19.78,95.23,0.25
2018-10-31 06:00:00,0.02,19.6,95.92,0.38
2018-10-31 07:00:00,0.01,20.83,94.5,0.28
2018-10-31 08:00:00,0.0,22.51,86.87,0.25
2018-10-31 09:00:00,0.02,24.55,76.34,0.23
2018-10-31 10:00:00,0.04,25.91,70.98,0.17
2018-10-31 11:00:00,0.07,26.69,68.19,0.13
2018-10-31 12:00:00,0.13,26.97,67.55,0.21
2018-10-31 13:00:00,0.17,26.8,68.96,0.33
2018-10-31 14:00:00,0.24,26.04,74.15,0.42
2018-10-31 15:00:00,0.35,25.08,82.15,0.44
2018-10-31 16:00:00,0.48,24.25,89.64,0.42
2018-10-31 17:00:00,0.56,23.42,94.94,0.35
2018-10-31 18:00:00,0.59,22.69,97.01,0.3
2018-10-31 19:00:00,0.64,22.27,97.69,0.27
2018-10-31 20:00:00,0.7,21.95,97.6,0.28
2018-10-31 21:00:00,0.75,21.63,97.65,0.28
2018-10-31 22:00:00,0.75,21.31,97.87,0.3
2018-10-31 23:00:00,0.7,21.01,98.03,0.3
2018-11-01 00:00:00,0.6,20.78,98.09,0.28
2018-11-01 01:00:00,0.53,20.63,98.14,0.24
2018-11-01 02:00:00,0.47,20.62,98.08,0.22
2018-11-01 03:00:00,0.5,20.59,98.08,0.22
2018-11-01 04:00:00,0.51,20.53,98.14,0.21
2018-11-01 05:00:00,0.52,20.46,98.22,0.23
2018-11-01 06:00:00,0.54,20.52,98.25,0.26
2018-11-01 07:00:00,0.56,21.02,97.76,0.33
2018-11-01 08:00:00,0.15,21.59,96.85,0.35
2018-11-01 09:00:00,0.13,22.28,94.67,0.38
2018-11-01 10:00:00,0.12,23.0,89.37,0.38
2018-11-01 11:00:00,0.13,23.89,83.02,0.34
2018-11-01 12:00:00,0.11,24.66,78.73,0.29
2018-11-01 13:00:00,0.11,24.98,77.4,0.26
2018-11-01 14:00:00,0.11,24.7,79.8,0.23
2018-11-01 15:00:00,0.1,24.2,83.96,0.21
2018-11-01 16:00:00,0.08,23.52,89.77,0.16
2018-11-01 17:00:00,0.08,22.86,95.54,0.14
2018-11-01 18:00:00,0.07,22.49,96.06,0.15
2018-11-01 19:00:00,0.06,22.24,96.02,0.17
2018-11-01 20:00:00,0.05,22.01,96.27,0.16
2018-11-01 21:00:00,0.04,21.83,96.51,0.16
2018-11-01 22:00:00,0.04,21.69,96.68,0.14
2018-11-01 23:00:00,0.03,21.6,96.58,0.13
2018-11-02 00:00:00,0.03,21.46,97.05,0.13
2018-11-02 01:00:00,0.04,21.32,97.7,0.13
2018-11-02 02:00:00,0.04,21.17,98.2,0.12
2018-11-02 03:00:00,0.04,21.0,98.72,0.12
2018-11-02 04:00:00,0.04,20.84,99.09,0.12
2018-11-02 05:00:00,0.04,20.73,99.11,0.14
2018-11-02 06:00:00,0.03,20.9,98.5,0.22
2018-11-02 07:00:00,0.03,21.61,96.76,0.32
2018-11-02 08:00:00,0.18,22.55,91.15,0.46
2018-11-02 09:00:00,0.17,23.81,81.84,0.54
2018-11-02 10:00:00,0.24,24.83,75.49,0.57
2018-11-02 11:00:00,0.38,25.46,71.78,0.54
2018-11-02 12:00:00,0.51,25.81,70.11,0.46
2018-11-02 13:00:00,0.6,25.92,70.12,0.4
2018-11-02 14:00:00,0.59,25.79,71.77,0.28
2018-11-02 15:00:00,0.53,25.29,76.24,0.16
2018-11-02 16:00:00,0.53,24.53,83.37,0.12
2018-11-02 17:00:00,0.6,23.45,92.26,0.14
2018-11-02 18:00:00,0.49,22.61,96.92,0.16
2018-11-02 19:00:00,0.38,22.25,97.78,0.13
2018-11-02 20:00:00,0.32,22.01,98.28,0.13
2018-11-02 21:00:00,0.32,21.81,98.5,0.14
2018-11-02 22:00:00,0.37,21.62,98.56,0.12
2018-11-02 23:00:00,0.37,21.41,98.72,0.11
2018-11-03 00:00:00,0.3,21.17,99.01,0.14
2018-11-03 01:00:00,0.26,20.94,99.12,0.17
2018-11-03 02:00:00,0.19,20.66,99.12,0.2
2018-11-03 03:00:00,0.13,20.4,99.14,0.21
2018-11-03 04:00:00,0.09,20.19,99.11,0.21
2018-11-03 05:00:00,0.1,20.05,98.92,0.22
2018-11-03 06:00:00,0.1,20.19,98.51,0.27
2018-11-03 07:00:00,0.14,21.08,96.67,0.37
2018-11-03 08:00:00,0.28,22.31,91.57,0.48
2018-11-03 09:00:00,0.33,24.09,81.02,0.49
2018-11-03 10:00:00,0.55,25.41,74.57,0.44
2018-11-03 11:00:00,0.9,26.05,71.9,0.39
2018-11-03 12:00:00,1.26,26.28,71.0,0.36
2018-11-03 13:00:00,1.46,26.15,71.81,0.33
2018-11-03 14:00:00,1.27,25.87,73.33,0.29
2018-11-03 15:00:00,1.18,25.22,78.09,0.24
2018-11-03 16:00:00,1.1,24.32,85.51,0.23
2018-11-03 17:00:00,1.03,23.31,93.99,0.21
2018-11-03 18:00:00,0.77,22.55,95.81,0.22
2018-11-03 19:00:00,0.48,21.98,96.38,0.26
2018-11-03 20:00:00,0.31,21.33,97.81,0.21
2018-11-03 21:00:00,0.23,20.9,97.99,0.16
2018-11-03 22:00:00,0.29,20.53,98.52,0.13
2018-11-03 23:00:00,0.29,20.33,98.09,0.15
2018-11-04 00:00:00,0.27,20.15,98.05,0.16
2018-11-04 01:00:00,0.26,20.03,98.16,0.17
2018-11-04 02:00:00,0.23,19.93,98.31,0.19
2018-11-04 03:00:00,0.15,19.88,98.31,0.2
2018-11-04 04:00:00,0.1,19.8,98.27,0.22
2018-11-04 05:00:00,0.07,19.63,98.28,0.23
2018-11-04 06:00:00,0.08,19.7,98.05,0.3
2018-11-04 07:00:00,0.11,20.49,96.31,0.46
2018-11-04 08:00:00,0.01,21.94,88.81,0.57
2018-11-04 09:00:00,0.01,23.91,75.95,0.6
2018-11-04 10:00:00,0.01,25.15,68.41,0.55
2018-11-04 11:00:00,0.0,25.91,64.15,0.48
2018-11-04 12:00:00,0.0,26.35,62.06,0.39
2018-11-04 13:00:00,0.0,26.42,62.14,0.31
2018-11-04 14:00:00,0.0,26.1,64.52,0.22
2018-11-04 15:00:00,0.0,25.5,69.83,0.16
2018-11-04 16:00:00,0.0,24.71,78.12,0.11
2018-11-04 17:00:00,0.01,23.51,86.64,0.1
2018-11-04 18:00:00,0.01,22.39,91.98,0.09
2018-11-04 19:00:00,0.01,21.95,93.05,0.14
2018-11-04 20:00:00,0.01,21.55,93.63,0.16
2018-11-04 21:00:00,0.01,21.07,94.63,0.15
2018-11-04 22:00:00,0.0,20.69,95.37,0.1
2018-11-04 23:00:00,0.01,20.43,95.53,0.11
2018-11-05 00:00:00,0.01,20.04,97.18,0.16
2018-11-05 01:00:00,0.02,19.71,98.27,0.2
2018-11-05 02:00:00,0.01,19.48,99.03,0.2
2018-11-05 03:00:00,0.01,19.26,99.52,0.15
2018-11-05 04:00:00,0.01,19.07,99.67,0.14
2018-11-05 05:00:00,0.01,18.88,99.5,0.15
2018-11-05 06:00:00,0.01,19.14,97.65,0.21
2018-11-05 07:00:00,0.01,20.78,91.41,0.31
2018-11-05 08:00:00,0.07,22.79,80.89,0.36
2018-11-05 09:00:00,0.01,24.45,70.6,0.31
2018-11-05 10:00:00,0.0,25.65,62.86,0.23
2018-11-05 11:00:00,0.0,26.48,58.52,0.16
2018-11-05 12:00:00,0.0,26.99,56.44,0.12
2018-11-05 13:00:00,0.0,27.11,56.36,0.11
2018-11-05 14:00:00,0.0,26.85,58.73,0.1
2018-11-05 15:00:00,0.03,26.3,64.65,0.09
2018-11-05 16:00:00,0.03,25.46,72.57,0.09
2018-11-05 17:00:00,0.04,24.05,83.27,0.13
2018-11-05 18:00:00,0.1,22.94,86.22,0.31
2018-11-05 19:00:00,0.19,22.2,89.45,0.37
2018-11-05 20:00:00,0.21,21.58,92.87,0.3
2018-11-05 21:00:00,0.28,21.06,95.2,0.22
2018-11-05 22:00:00,0.2,20.65,95.99,0.2
2018-11-05 23:00:00,0.23,20.26,96.17,0.18
2018-11-06 00:00:00,0.21,19.89,95.91,0.19
2018-11-06 01:00:00,0.18,19.45,96.02,0.2
2018-11-06 02:00:00,0.1,18.96,96.46,0.23
2018-11-06 03:00:00,0.07,18.48,97.26,0.24
2018-11-06 04:00:00,0.03,18.12,98.11,0.19
2018-11-06 05:00:00,0.02,18.07,98.3,0.19
2018-11-06 06:00:00,0.02,18.45,97.67,0.24
2018-11-06 07:00:00,0.01,19.27,96.06,0.36
2018-11-06 08:00:00,0.0,20.42,92.38,0.4
2018-11-06 09:00:00,0.0,22.11,81.73,0.45
2018-11-06 10:00:00,0.0,23.58,72.42,0.47
2018-11-06 11:00:00,0.0,24.64,67.59,0.44
2018-11-06 12:00:00,0.0,25.36,65.72,0.4
2018-11-06 13:00:00,0.01,25.51,66.38,0.33
2018-11-06 14:00:00,0.01,25.24,69.38,0.26
2018-11-06 15:00:00,0.02,24.64,74.99,0.21
2018-11-06 16:00:00,0.03,23.86,81.26,0.21
2018-11-06 17:00:00,0.03,22.77,89.24,0.18
2018-11-06 18:00:00,0.03,21.83,93.23,0.2
2018-11-06 19:00:00,0.02,21.32,95.0,0.21
2018-11-06 20:00:00,0.02,20.98,95.7,0.21
2018-11-06 21:00:00,0.01,20.72,95.74,0.21
2018-11-06 22:00:00,0.01,20.47,95.73,0.22
2018-11-06 23:00:00,0.01,20.21,95.72,0.22
2018-11-07 00:00:00,0.01,19.98,95.82,0.22
2018-11-07 01:00:00,0.01,19.76,96.04,0.22
2018-11-07 02:00:00,0.01,19.58,96.18,0.22
2018-11-07 03:00:00,0.01,19.42,96.31,0.2
2018-11-07 04:00:00,0.01,19.29,96.35,0.19
2018-11-07 05:00:00,0.01,19.16,96.46,0.18
2018-11-07 06:00:00,0.01,19.33,95.78,0.22
2018-11-07 07:00:00,0.0,20.59,90.53,0.28
2018-11-07 08:00:00,0.0,22.57,80.24,0.33
2018-11-07 09:00:00,0.0,24.31,71.07,0.36
2018-11-07 10:00:00,0.0,25.6,65.27,0.36
2018-11-07 11:00:00,0.0,26.34,61.86,0.32
2018-11-07 12:00:00,0.0,26.61,59.89,0.27
2018-11-07 13:00:00,0.0,26.63,59.25,0.22
2018-11-07 14:00:00,0.0,26.17,61.46,0.18
2018-11-07 15:00:00,0.0,25.44,67.98,0.15
2018-11-07 16:00:00,0.0,24.59,76.87,0.13
2018-11-07 17:00:00,0.0,23.58,83.19,0.1
2018-11-07 18:00:00,0.0,22.76,85.16,0.12
2018-11-07 19:00:00,0.0,22.13,86.73,0.32
2018-11-07 20:00:00,0.0,21.49,89.5,0.41
2018-11-07 21:00:00,0.0,21.06,90.36,0.4
2018-11-07 22:00:00,0.01,20.73,90.48,0.34
2018-11-07 23:00:00,0.01,20.43,91.06,0.24
2018-11-08 00:00:00,0.02,19.99,92.49,0.28
2018-11-08 01:00:00,0.01,19.41,94.04,0.43
2018-11-08 02:00:00,0.01,18.8,95.75,0.51
2018-11-08 03:00:00,0.01,18.28,97.05,0.51
2018-11-08 04:00:00,0.01,17.84,97.95,0.46
2018-11-08 05:00:00,0.01,17.6,98.05,0.41
2018-11-08 06:00:00,0.01,17.78,96.95,0.36
2018-11-08 07:00:00,0.02,19.49,90.49,0.35
2018-11-08 08:00:00,0.01,20.87,84.38,0.34
2018-11-08 09:00:00,0.01,22.2,75.41,0.32
2018-11-08 10:00:00,0.0,23.21,68.03,0.3
2018-11-08 11:00:00,0.0,24.08,63.37,0.25
2018-11-08 12:00:00,0.01,24.8,60.72,0.21
2018-11-08 13:00:00,0.01,25.08,60.68,0.16
2018-11-08 14:00:00,0.01,25.0,62.94,0.12
2018-11-08 15:00:00,0.03,24.62,68.66,0.14
2018-11-08 16:00:00,0.06,24.1,77.07,0.19
2018-11-08 17:00:00,0.07,22.95,85.79,0.27
2018-11-08 18:00:00,0.06,22.06,87.58,0.51
2018-11-08 19:00:00,0.03,21.5,89.32,0.59
2018-11-08 20:00:00,0.04,21.21,90.09,0.51
2018-11-08 21:00:00,0.05,20.9,91.27,0.39
2018-11-08 22:00:00,0.07,20.63,92.03,0.31
2018-11-08 23:00:00,0.11,20.44,92.19,0.22
2018-11-09 00:00:00,0.21,20.24,92.66,0.18
2018-11-09 01:00:00,0.35,19.99,93.72,0.2
2018-11-09 02:00:00,0.44,19.69,95.32,0.22
2018-11-09 03:00:00,0.47,19.43,96.94,0.2
2018-11-09 04:00:00,0.43,19.22,97.41,0.2
2018-11-09 05:00:00,0.33,19.04,98.24,0.19
2018-11-09 06:00:00,0.21,19.18,98.59,0.17
2018-11-09 07:00:00,0.15,20.17,97.45,0.21
2018-11-09 08:00:00,0.08,21.3,94.65,0.2
2018-11-09 09:00:00,0.06,22.82,85.95,0.22
2018-11-09 10:00:00,0.04,24.22,77.05,0.21
2018-11-09 11:00:00,0.04,25.06,72.09,0.19
2018-11-09 12:00:00,0.05,25.34,70.54,0.16
2018-11-09 13:00:00,0.07,25.32,70.98,0.16
2018-11-09 14:00:00,0.06,25.03,73.21,0.17
2018-11-09 15:00:00,0.05,24.49,77.05,0.23
2018-11-09 16:00:00,0.05,23.77,83.43,0.28
2018-11-09 17:00:00,0.04,23.02,91.56,0.25
2018-11-09 18:00:00,0.03,22.33,93.7,0.3
2018-11-09 19:00:00,0.02,21.67,95.36,0.36
2018-11-09 20:00:00,0.02,21.26,96.09,0.35
2018-11-09 21:00:00,0.01,20.92,96.36,0.27
2018-11-09 22:00:00,0.01,20.52,97.46,0.21
2018-11-09 23:00:00,0.0,20.21,98.05,0.23
2018-11-10 00:00:00,0.0,19.98,98.21,0.26
2018-11-10 01:00:00,0.0,19.68,98.65,0.27
2018-11-10 02:00:00,0.0,19.33,99.56,0.28
2018-11-10 03:00:00,0.0,19.0,100.0,0.28
2018-11-10 04:00:00,0.0,18.74,100.0,0.25
2018-11-10 05:00:00,0.0,18.59,100.0,0.24
2018-11-10 06:00:00,0.0,18.78,98.49,0.23
2018-11-10 07:00:00,0.0,20.24,91.81,0.28
2018-11-10 08:00:00,0.0,22.07,81.09,0.29
2018-11-10 09:00:00,0.0,23.84,69.65,0.28
2018-11-10 10:00:00,0.0,25.15,61.95,0.25
2018-11-10 11:00:00,0.0,26.04,57.43,0.21
2018-11-10 12:00:00,0.0,26.54,55.41,0.14
2018-11-10 13:00:00,0.0,26.64,55.55,0.07
2018-11-10 14:00:00,0.0,26.43,58.52,0.03
2018-11-10 15:00:00,0.0,26.08,64.18,0.1
2018-11-10 16:00:00,0.01,25.38,69.56,0.16
2018-11-10 17:00:00,0.01,24.09,76.89,0.24
2018-11-10 18:00:00,0.01,23.11,77.01,0.51
2018-11-10 19:00:00,0.01,22.14,83.42,0.66
2018-11-10 20:00:00,0.04,21.46,88.35,0.61
2018-11-10 21:00:00,0.05,20.9,91.94,0.48
2018-11-10 22:00:00,0.09,20.47,93.84,0.4
2018-11-10 23:00:00,0.23,20.27,93.55,0.43
2018-11-11 00:00:00,0.33,20.23,91.68,0.42
2018-11-11 01:00:00,0.34,20.08,91.14,0.36
2018-11-11 02:00:00,0.31,19.91,91.26,0.32
2018-11-11 03:00:00,0.26,19.76,91.54,0.3
2018-11-11 04:00:00,0.27,19.52,92.27,0.34
2018-11-11 05:00:00,0.2,19.18,93.33,0.41
2018-11-11 06:00:00,0.35,19.03,94.22,0.43
2018-11-11 07:00:00,0.47,20.16,96.09,0.09
2018-11-11 08:00:00,0.0,21.79,90.19,0.11
2018-11-11 09:00:00,0.0,23.96,74.81,0.17
2018-11-11 10:00:00,0.0,25.24,66.27,0.19
2018-11-11 11:00:00,0.0,25.9,62.29,0.18
2018-11-11 12:00:00,0.0,26.32,60.36,0.17
2018-11-11 13:00:00,0.0,26.5,59.67,0.2
2018-11-11 14:00:00,0.0,26.24,60.72,0.26
2018-11-11 15:00:00,0.0,25.57,66.0,0.31
2018-11-11 16:00:00,0.0,24.69,76.13,0.32
2018-11-11 17:00:00,0.0,23.19,86.4,0.36
2018-11-11 18:00:00,0.0,21.42,92.96,0.48
2018-11-11 19:00:00,0.0,20.43,96.5,0.47
2018-11-11 20:00:00,0.0,19.9,100.0,0.52
2018-11-11 21:00:00,0.0,19.86,100.0,0.54
2018-11-11 22:00:00,0.0,19.99,99.5,0.44
2018-11-11 23:00:00,0.0,20.02,97.89,0.12
2018-11-12 00:00:00,0.0,19.54,98.33,0.27
2018-11-12 01:00:00,0.0,18.81,99.98,0.33
2018-11-12 02:00:00,0.0,18.38,100.0,0.32
2018-11-12 03:00:00,0.0,18.12,99.57,0.32
2018-11-12 04:00:00,0.0,17.84,99.42,0.31
2018-11-12 05:00:00,0.0,17.5,99.79,0.31
2018-11-12 06:00:00,0.0,17.49,98.39,0.27
2018-11-12 07:00:00,0.0,19.35,89.46,0.16
2018-11-12 08:00:00,0.02,22.16,77.32,0.09
2018-11-12 09:00:00,0.01,24.32,68.35,0.16
2018-11-12 10:00:00,0.02,25.45,63.63,0.23
2018-11-12 11:00:00,0.02,26.16,60.73,0.26
2018-11-12 12:00:00,0.03,26.63,59.13,0.3
2018-11-12 13:00:00,0.03,26.66,59.0,0.33
2018-11-12 14:00:00,0.03,26.23,61.56,0.38
2018-11-12 15:00:00,0.03,25.51,67.78,0.41
2018-11-12 16:00:00,0.03,24.48,78.32,0.41
2018-11-12 17:00:00,0.03,22.88,90.41,0.31
2018-11-12 18:00:00,0.03,21.36,97.72,0.26
2018-11-12 19:00:00,0.04,20.82,100.0,0.27
2018-11-12 20:00:00,0.04,20.54,99.93,0.32
2018-11-12 21:00:00,0.03,20.15,100.0,0.36
2018-11-12 22:00:00,0.03,19.81,100.0,0.35
2018-11-12 23:00:00,0.03,19.62,100.0,0.35
2018-11-13 00:00:00,0.03,19.52,100.0,0.31
2018-11-13 01:00:00,0.03,19.49,100.0,0.33
2018-11-13 02:00:00,0.04,19.38,100.0,0.34
2018-11-13 03:00:00,0.04,19.31,100.0,0.41
2018-11-13 04:00:00,0.03,19.3,99.83,0.48
2018-11-13 05:00:00,0.03,19.31,99.04,0.52
2018-11-13 06:00:00,0.02,19.5,97.55,0.49
2018-11-13 07:00:00,0.02,20.8,95.39,0.28
2018-11-13 08:00:00,0.0,22.37,86.47,0.27
2018-11-13 09:00:00,0.0,24.32,73.34,0.28
2018-11-13 10:00:00,0.0,25.61,66.56,0.31
2018-11-13 11:00:00,0.0,26.4,63.32,0.34
2018-11-13 12:00:00,0.0,26.82,61.87,0.38
2018-11-13 13:00:00,0.0,26.82,62.26,0.44
2018-11-13 14:00:00,0.0,26.35,64.99,0.48
2018-11-13 15:00:00,0.0,25.55,70.48,0.5
2018-11-13 16:00:00,0.0,24.38,79.48,0.48
2018-11-13 17:00:00,0.0,23.02,89.08,0.34
2018-11-13 18:00:00,0.0,21.95,95.35,0.28
2018-11-13 19:00:00,0.0,21.46,97.24,0.27
2018-11-13 20:00:00,0.0,21.17,97.94,0.25
2018-11-13 21:00:00,0.0,20.88,99.0,0.25
2018-11-13 22:00:00,0.0,20.65,99.42,0.31
2018-11-13 23:00:00,0.0,20.44,99.03,0.32
2018-11-14 00:00:00,0.0,20.31,98.78,0.39
2018-11-14 01:00:00,0.0,20.23,98.08,0.43
2018-11-14 02:00:00,0.0,20.15,97.42,0.44
2018-11-14 03:00:00,0.0,20.11,96.48,0.41
2018-11-14 04:00:00,0.0,20.06,95.25,0.35
2018-11-14 05:00:00,0.0,19.89,94.18,0.32
2018-11-14 06:00:00,0.0,19.83,92.89,0.36
2018-11-14 07:00:00,0.0,20.86,89.13,0.31
2018-11-14 08:00:00,0.0,22.58,77.64,0.27
2018-11-14 09:00:00,0.0,24.2,69.62,0.28
2018-11-14 10:00:00,0.0,25.47,64.68,0.29
2018-11-14 11:00:00,0.0,26.36,61.65,0.3
2018-11-14 12:00:00,0.0,26.92,60.17,0.32
2018-11-14 13:00:00,0.0,27.01,60.5,0.37
2018-11-14 14:00:00,0.0,26.67,63.03,0.42
2018-11-14 15:00:00,0.0,25.78,70.63,0.43
2018-11-14 16:00:00,0.0,24.81,79.99,0.41
2018-11-14 17:00:00,0.0,23.37,89.61,0.3
2018-11-14 18:00:00,0.0,22.06,96.0,0.29
2018-11-14 19:00:00,0.0,21.49,97.54,0.34
2018-11-14 20:00:00,0.0,21.24,97.17,0.43
2018-11-14 21:00:00,0.0,21.15,95.91,0.45
2018-11-14 22:00:00,0.0,21.0,95.19,0.35
2018-11-14 23:00:00,0.0,20.68,95.56,0.35
2018-11-15 00:00:00,0.0,20.11,97.44,0.44
2018-11-15 01:00:00,0.0,19.4,100.0,0.46
2018-11-15 02:00:00,0.0,18.87,100.0,0.43
2018-11-15 03:00:00,0.0,18.5,100.0,0.44
2018-11-15 04:00:00,0.0,18.24,100.0,0.48
2018-11-15 05:00:00,0.0,18.09,100.0,0.56
2018-11-15 06:00:00,0.0,18.36,98.26,0.59
2018-11-15 07:00:00,0.0,20.36,91.61,0.37
2018-11-15 08:00:00,0.0,23.24,77.43,0.2
2018-11-15 09:00:00,0.0,25.36,65.2,0.19
2018-11-15 10:00:00,0.0,26.44,58.73,0.22
2018-11-15 11:00:00,0.0,27.08,55.49,0.27
2018-11-15 12:00:00,0.0,27.4,54.38,0.31
2018-11-15 13:00:00,0.0,27.43,54.89,0.32
2018-11-15 14:00:00,0.0,27.11,58.15,0.35
2018-11-15 15:00:00,0.0,26.43,66.31,0.38
2018-11-15 16:00:00,0.01,25.39,77.01,0.38
2018-11-15 17:00:00,0.06,23.6,88.82,0.31
2018-11-15 18:00:00,0.2,22.09,94.66,0.31
2018-11-15 19:00:00,0.46,21.51,96.45,0.4
2018-11-15 20:00:00,0.97,21.45,95.78,0.38
2018-11-15 21:00:00,1.41,21.29,95.54,0.31
2018-11-15 22:00:00,1.47,21.09,95.94,0.3
2018-11-15 23:00:00,1.05,20.91,96.68,0.26
2018-11-16 00:00:00,0.52,20.8,96.75,0.3
2018-11-16 01:00:00,0.62,20.7,96.42,0.34
2018-11-16 02:00:00,1.06,20.41,97.9,0.3
2018-11-16 03:00:00,1.62,20.24,98.52,0.3
2018-11-16 04:00:00,1.79,20.16,98.41,0.33
2018-11-16 05:00:00,2.03,20.12,98.4,0.33
2018-11-16 06:00:00,2.09,20.19,98.41,0.31
2018-11-16 07:00:00,2.13,20.77,97.53,0.36
2018-11-16 08:00:00,3.24,21.74,95.37,0.44
2018-11-16 09:00:00,3.93,22.73,90.41,0.46
2018-11-16 10:00:00,5.0,24.13,80.92,0.46
2018-11-16 11:00:00,5.45,25.27,74.77,0.47
2018-11-16 12:00:00,6.62,25.69,73.29,0.51
2018-11-16 13:00:00,7.27,25.11,77.19,0.53
2018-11-16 14:00:00,6.82,24.06,84.13,0.47
2018-11-16 15:00:00,7.16,23.22,90.69,0.34
2018-11-16 16:00:00,6.38,22.76,94.71,0.26
2018-11-16 17:00:00,4.05,22.38,97.39,0.2
2018-11-16 18:00:00,1.98,22.02,98.24,0.13
2018-11-16 19:00:00,0.93,21.88,98.43,0.07
2018-11-16 20:00:00,0.39,21.78,98.16,0.07
2018-11-16 21:00:00,0.17,21.66,97.57,0.14
2018-11-16 22:00:00,0.07,21.34,98.19,0.21
2018-11-16 23:00:00,0.03,20.99,98.46,0.24
2018-11-17 00:00:00,0.02,20.64,98.41,0.3
2018-11-17 01:00:00,0.02,20.23,98.1,0.37
2018-11-17 02:00:00,0.01,19.81,97.78,0.46
2018-11-17 03:00:00,0.01,19.42,97.44,0.49
2018-11-17 04:00:00,0.01,19.04,97.47,0.48
2018-11-17 05:00:00,0.01,18.72,97.53,0.48
2018-11-17 06:00:00,0.0,18.65,96.74,0.57
2018-11-17 07:00:00,0.0,19.7,92.16,0.73
2018-11-17 08:00:00,0.0,21.71,82.44,0.78
2018-11-17 09:00:00,0.0,23.55,72.71,0.78
2018-11-17 10:00:00,0.0,24.87,66.67,0.76
2018-11-17 11:00:00,0.0,25.74,63.29,0.71
2018-11-17 12:00:00,0.0,26.28,61.96,0.66
2018-11-17 13:00:00,0.0,26.45,62.22,0.61
2018-11-17 14:00:00,0.0,26.22,64.12,0.57
2018-11-17 15:00:00,0.0,25.61,68.89,0.52
2018-11-17 16:00:00,0.0,24.72,78.7,0.43
2018-11-17 17:00:00,0.0,23.34,90.32,0.33
2018-11-17 18:00:00,0.0,22.14,95.02,0.43
2018-11-17 19:00:00,0.0,21.42,96.94,0.42
2018-11-17 20:00:00,0.0,20.9,98.66,0.37
2018-11-17 21:00:00,0.0,20.54,99.91,0.35
2018-11-17 22:00:00,0.0,20.24,100.0,0.36
2018-11-17 23:00:00,0.0,20.04,100.0,0.35
2018-11-18 00:00:00,0.0,19.88,100.0,0.34
2018-11-18 01:00:00,0.0,19.78,99.58,0.28
2018-11-18 02:00:00,0.0,19.77,98.46,0.28
2018-11-18 03:00:00,0.0,19.67,98.18,0.27
2018-11-18 04:00:00,0.0,19.58,98.26,0.26
2018-11-18 05:00:00,0.0,19.5,98.45,0.27
2018-11-18 06:00:00,0.0,19.73,97.6,0.3
2018-11-18 07:00:00,0.0,21.08,91.99,0.41
2018-11-18 08:00:00,0.01,22.93,84.75,0.43
2018-11-18 09:00:00,0.01,24.61,77.36,0.4
2018-11-18 10:00:00,0.02,25.85,71.9,0.34
2018-11-18 11:00:00,0.04,26.65,68.68,0.29
2018-11-18 12:00:00,0.1,27.13,66.97,0.26
2018-11-18 13:00:00,0.17,27.2,67.11,0.26
2018-11-18 14:00:00,0.26,26.83,69.49,0.27
2018-11-18 15:00:00,0.28,25.93,76.21,0.29
2018-11-18 16:00:00,0.32,24.92,85.34,0.28
2018-11-18 17:00:00,0.29,23.87,92.9,0.22
2018-11-18 18:00:00,0.38,23.06,95.82,0.22
2018-11-18 19:00:00,0.4,22.58,96.86,0.24
2018-11-18 20:00:00,0.37,22.14,97.93,0.25
2018-11-18 21:00:00,0.39,21.77,98.47,0.24
2018-11-18 22:00:00,0.39,21.45,98.54,0.27
2018-11-18 23:00:00,0.3,21.11,98.46,0.32
2018-11-19 00:00:00,0.26,20.74,98.52,0.32
2018-11-19 01:00:00,0.24,20.42,98.65,0.28
2018-11-19 02:00:00,0.19,20.17,98.72,0.23
2018-11-19 03:00:00,0.12,20.03,98.58,0.22
2018-11-19 04:00:00,0.05,19.86,98.54,0.2
2018-11-19 05:00:00,0.02,19.68,98.63,0.2
2018-11-19 06:00:00,0.02,19.82,98.43,0.22
2018-11-19 07:00:00,0.02,20.74,96.86,0.28
2018-11-19 08:00:00,0.06,22.16,91.45,0.28
2018-11-19 09:00:00,0.09,24.24,77.68,0.28
2018-11-19 10:00:00,0.09,25.92,69.01,0.25
2018-11-19 11:00:00,0.16,26.83,65.92,0.22
2018-11-19 12:00:00,0.25,27.3,64.87,0.21
2018-11-19 13:00:00,0.27,27.37,65.51,0.2
2018-11-19 14:00:00,0.4,27.0,67.93,0.21
2018-11-19 15:00:00,0.46,26.32,74.61,0.18
2018-11-19 16:00:00,0.5,25.31,81.56,0.12
2018-11-19 17:00:00,0.5,24.12,91.06,0.09
2018-11-19 18:00:00,0.76,23.27,92.4,0.03
2018-11-19 19:00:00,1.11,22.84,92.66,0.09
2018-11-19 20:00:00,1.45,22.39,94.43,0.12
2018-11-19 21:00:00,1.7,21.94,96.4,0.14
2018-11-19 22:00:00,1.85,21.56,97.54,0.16
2018-11-19 23:00:00,1.76,21.24,97.83,0.22
2018-11-20 00:00:00,1.57,20.86,98.16,0.27
2018-11-20 01:00:00,1.25,20.46,98.41,0.3
2018-11-20 02:00:00,0.89,20.15,98.28,0.3
2018-11-20 03:00:00,0.64,19.89,98.23,0.28
2018-11-20 04:00:00,0.42,19.7,98.34,0.25
2018-11-20 05:00:00,0.23,19.45,98.58,0.21
2018-11-20 06:00:00,0.16,19.48,98.47,0.21
2018-11-20 07:00:00,0.15,20.2,97.41,0.3
2018-11-20 08:00:00,0.22,21.36,93.88,0.34
2018-11-20 09:00:00,0.12,23.24,80.51,0.4
2018-11-20 10:00:00,0.08,24.8,70.29,0.4
2018-11-20 11:00:00,0.08,25.67,66.45,0.36
2018-11-20 12:00:00,0.16,26.13,65.05,0.27
2018-11-20 13:00:00,0.19,26.28,65.12,0.18
2018-11-20 14:00:00,0.14,26.14,66.54,0.08
2018-11-20 15:00:00,0.18,25.61,70.79,0.06
2018-11-20 16:00:00,0.15,24.66,79.9,0.11
2018-11-20 17:00:00,0.23,23.42,89.84,0.15
2018-11-20 18:00:00,0.26,22.6,91.17,0.06
2018-11-20 19:00:00,0.38,22.21,91.68,0.06
2018-11-20 20:00:00,0.51,21.82,92.88,0.1
2018-11-20 21:00:00,0.68,21.42,93.87,0.14
2018-11-20 22:00:00,0.81,20.95,95.0,0.26
2018-11-20 23:00:00,0.87,20.38,96.51,0.35
2018-11-21 00:00:00,0.9,19.89,97.91,0.32
2018-11-21 01:00:00,0.78,19.61,98.84,0.23
2018-11-21 02:00:00,0.55,19.53,98.9,0.21
2018-11-21 03:00:00,0.35,19.28,98.98,0.2
2018-11-21 04:00:00,0.2,18.98,98.99,0.21
2018-11-21 05:00:00,0.16,18.76,98.98,0.22
2018-11-21 06:00:00,0.13,18.96,98.7,0.23
2018-11-21 07:00:00,0.09,20.03,97.2,0.32
2018-11-21 08:00:00,0.01,20.99,93.39,0.37
2018-11-21 09:00:00,0.0,21.98,85.28,0.44
2018-11-21 10:00:00,0.0,23.22,75.58,0.48
2018-11-21 11:00:00,0.0,23.84,72.52,0.47
2018-11-21 12:00:00,0.01,24.09,72.04,0.45
2018-11-21 13:00:00,0.01,24.13,72.57,0.41
2018-11-21 14:00:00,0.02,24.05,74.19,0.35
2018-11-21 15:00:00,0.03,23.82,77.11,0.29
2018-11-21 16:00:00,0.02,23.37,81.72,0.25
2018-11-21 17:00:00,0.02,22.31,90.36,0.18
2018-11-21 18:00:00,0.04,21.31,92.6,0.29
2018-11-21 19:00:00,0.06,20.77,93.78,0.32
2018-11-21 20:00:00,0.08,20.37,95.75,0.3
2018-11-21 21:00:00,0.11,20.18,96.9,0.3
2018-11-21 22:00:00,0.13,19.92,97.96,0.28
2018-11-21 23:00:00,0.13,19.65,98.54,0.27
2018-11-22 00:00:00,0.15,19.38,98.76,0.27
2018-11-22 01:00:00,0.15,19.13,98.88,0.27
2018-11-22 02:00:00,0.18,18.91,98.63,0.26
2018-11-22 03:00:00,0.25,18.73,98.24,0.29
2018-11-22 04:00:00,0.25,18.57,98.05,0.33
2018-11-22 05:00:00,0.18,18.44,97.95,0.32
2018-11-22 06:00:00,0.11,18.68,97.65,0.32
2018-11-22 07:00:00,0.1,19.88,95.89,0.38
2018-11-22 08:00:00,0.01,21.3,91.69,0.44
2018-11-22 09:00:00,0.02,23.21,80.5,0.51
2018-11-22 10:00:00,0.03,24.64,73.7,0.49
2018-11-22 11:00:00,0.04,25.02,72.49,0.44
2018-11-22 12:00:00,0.05,24.87,73.91,0.39
2018-11-22 13:00:00,0.06,24.56,75.93,0.35
2018-11-22 14:00:00,0.06,24.1,79.77,0.29
2018-11-22 15:00:00,0.07,23.64,85.32,0.21
2018-11-22 16:00:00,0.08,23.19,88.68,0.14
2018-11-22 17:00:00,0.09,22.46,93.27,0.09
2018-11-22 18:00:00,0.1,21.88,95.68,0.07
2018-11-22 19:00:00,0.12,21.64,96.21,0.06
2018-11-22 20:00:00,0.17,21.43,96.76,0.08
2018-11-22 21:00:00,0.24,21.21,97.38,0.09
2018-11-22 22:00:00,0.31,21.0,97.96,0.07
2018-11-22 23:00:00,0.37,20.72,98.46,0.07
2018-11-23 00:00:00,0.37,20.67,98.0,0.1
2018-11-23 01:00:00,0.35,20.23,99.44,0.23
2018-11-23 02:00:00,0.3,20.42,99.51,0.22
2018-11-23 03:00:00,0.23,20.65,98.92,0.25
2018-11-23 04:00:00,0.16,20.58,98.93,0.3
2018-11-23 05:00:00,0.13,20.36,98.69,0.33
2018-11-23 06:00:00,0.1,20.2,98.7,0.3
2018-11-23 07:00:00,0.08,20.59,97.95,0.36
2018-11-23 08:00:00,0.34,21.12,96.63,0.42
2018-11-23 09:00:00,0.47,21.88,93.78,0.43
2018-11-23 10:00:00,0.54,22.78,87.95,0.44
2018-11-23 11:00:00,0.54,23.72,81.98,0.44
2018-11-23 12:00:00,0.38,24.26,78.65,0.4
2018-11-23 13:00:00,0.3,24.48,77.36,0.37
2018-11-23 14:00:00,0.32,24.41,78.06,0.33
2018-11-23 15:00:00,0.39,24.06,81.61,0.28
2018-11-23 16:00:00,0.55,23.56,87.37,0.24
2018-11-23 17:00:00,0.55,22.7,94.13,0.2
2018-11-23 18:00:00,0.52,21.93,94.77,0.34
2018-11-23 19:00:00,0.42,21.5,94.99,0.39
2018-11-23 20:00:00,0.41,21.08,95.28,0.4
2018-11-23 21:00:00,0.43,20.66,95.97,0.38
2018-11-23 22:00:00,0.49,20.33,96.44,0.36
2018-11-23 23:00:00,0.57,20.02,97.13,0.3
2018-11-24 00:00:00,0.7,19.86,97.35,0.23
2018-11-24 01:00:00,0.75,19.81,97.58,0.18
2018-11-24 02:00:00,0.57,19.7,97.87,0.17
2018-11-24 03:00:00,0.38,19.52,97.98,0.17
2018-11-24 04:00:00,0.23,19.37,98.01,0.17
2018-11-24 05:00:00,0.29,19.26,97.91,0.17
2018-11-24 06:00:00,0.43,19.39,97.81,0.2
2018-11-24 07:00:00,0.58,19.94,97.41,0.29
2018-11-24 08:00:00,1.11,20.72,96.16,0.28
2018-11-24 09:00:00,0.81,21.89,94.02,0.28
2018-11-24 10:00:00,0.44,22.99,89.52,0.27
2018-11-24 11:00:00,0.32,23.98,82.96,0.22
2018-11-24 12:00:00,0.34,24.48,79.8,0.14
2018-11-24 13:00:00,0.41,24.77,78.91,0.05
2018-11-24 14:00:00,0.33,24.84,79.75,0.09
2018-11-24 15:00:00,0.44,24.48,83.3,0.2
2018-11-24 16:00:00,0.58,23.81,90.54,0.25
2018-11-24 17:00:00,0.64,23.1,95.56,0.24
2018-11-24 18:00:00,0.63,22.44,93.7,0.43
2018-11-24 19:00:00,0.69,22.09,95.66,0.49
2018-11-24 20:00:00,0.84,22.02,95.68,0.39
2018-11-24 21:00:00,0.96,21.66,96.52,0.32
2018-11-24 22:00:00,1.0,21.09,97.84,0.3
2018-11-24 23:00:00,0.98,20.69,98.16,0.22
2018-11-25 00:00:00,0.88,20.36,98.25,0.22
2018-11-25 01:00:00,0.93,20.02,98.42,0.24
2018-11-25 02:00:00,0.73,19.76,98.55,0.25
2018-11-25 03:00:00,0.5,19.52,98.72,0.28
2018-11-25 04:00:00,0.48,19.23,98.96,0.28
2018-11-25 05:00:00,0.46,19.0,99.05,0.27
2018-11-25 06:00:00,0.42,19.02,99.13,0.27
2018-11-25 07:00:00,0.37,19.73,98.33,0.35
2018-11-25 08:00:00,0.0,20.68,95.06,0.37
2018-11-25 09:00:00,0.0,22.35,83.35,0.37
2018-11-25 10:00:00,0.0,23.93,72.27,0.32
2018-11-25 11:00:00,0.0,24.73,68.44,0.26
2018-11-25 12:00:00,0.0,25.17,67.51,0.19
2018-11-25 13:00:00,0.0,25.29,68.33,0.13
2018-11-25 14:00:00,0.0,25.12,70.88,0.05
2018-11-25 15:00:00,0.0,24.74,75.52,0.03
2018-11-25 16:00:00,0.0,24.12,82.37,0.09
2018-11-25 17:00:00,0.0,23.15,90.8,0.15
2018-11-25 18:00:00,0.0,22.27,93.72,0.3
2018-11-25 19:00:00,0.0,21.68,95.64,0.36
2018-11-25 20:00:00,0.0,21.31,97.06,0.37
2018-11-25 21:00:00,0.0,20.99,98.39,0.34
2018-11-25 22:00:00,0.0,20.68,99.4,0.29
2018-11-25 23:00:00,0.0,20.41,99.65,0.25
2018-11-26 00:00:00,0.0,20.16,99.68,0.25
2018-11-26 01:00:00,0.0,19.92,99.96,0.28
2018-11-26 02:00:00,0.0,19.62,100.0,0.26
2018-11-26 03:00:00,0.0,19.38,100.0,0.24
2018-11-26 04:00:00,0.0,19.25,100.0,0.25
2018-11-26 05:00:00,0.0,19.08,99.92,0.25
2018-11-26 06:00:00,0.0,19.17,97.64,0.26
2018-11-26 07:00:00,0.0,20.34,90.82,0.36
2018-11-26 08:00:00,0.0,22.01,81.52,0.4
2018-11-26 09:00:00,0.0,23.72,74.1,0.38
2018-11-26 10:00:00,0.0,25.08,68.9,0.32
2018-11-26 11:00:00,0.0,26.03,65.52,0.22
2018-11-26 12:00:00,0.0,26.59,63.77,0.13
2018-11-26 13:00:00,0.0,26.75,63.73,0.12
2018-11-26 14:00:00,0.0,26.58,65.31,0.11
2018-11-26 15:00:00,0.0,26.01,72.12,0.09
2018-11-26 16:00:00,0.0,24.8,80.34,0.06
2018-11-26 17:00:00,0.0,23.75,86.32,0.14
2018-11-26 18:00:00,0.0,22.62,90.26,0.26
2018-11-26 19:00:00,0.0,21.74,93.15,0.26
2018-11-26 20:00:00,0.0,20.93,94.96,0.24
2018-11-26 21:00:00,0.0,20.2,96.17,0.21
2018-11-26 22:00:00,0.0,19.64,97.29,0.19
2018-11-26 23:00:00,0.0,19.12,98.32,0.19
2018-11-27 00:00:00,0.0,18.61,98.98,0.21
2018-11-27 01:00:00,0.0,18.19,98.19,0.23
2018-11-27 02:00:00,0.0,17.92,96.25,0.25
2018-11-27 03:00:00,0.0,17.5,95.59,0.26
2018-11-27 04:00:00,0.0,17.06,95.52,0.28
2018-11-27 05:00:00,0.0,16.67,95.49,0.29
2018-11-27 06:00:00,0.0,16.57,94.46,0.35
2018-11-27 07:00:00,0.0,17.89,88.12,0.48
2018-11-27 08:00:00,0.0,20.05,78.89,0.54
2018-11-27 09:00:00,0.0,22.16,70.02,0.54
2018-11-27 10:00:00,0.0,23.65,63.89,0.5
2018-11-27 11:00:00,0.0,24.63,59.66,0.45
2018-11-27 12:00:00,0.0,25.2,57.05,0.4
2018-11-27 13:00:00,0.0,25.37,56.38,0.36
2018-11-27 14:00:00,0.0,25.17,57.9,0.3
2018-11-27 15:00:00,0.0,24.67,62.74,0.22
2018-11-27 16:00:00,0.0,23.75,71.68,0.17
2018-11-27 17:00:00,0.0,21.77,84.66,0.16
2018-11-27 18:00:00,0.0,20.11,88.88,0.33
2018-11-27 19:00:00,0.0,19.16,90.84,0.37
2018-11-27 20:00:00,0.0,18.38,93.48,0.29
2018-11-27 21:00:00,0.0,17.9,94.33,0.26
2018-11-27 22:00:00,0.0,17.52,94.67,0.27
2018-11-27 23:00:00,0.0,17.41,93.95,0.28
2018-11-28 00:00:00,0.0,17.38,93.17,0.29
2018-11-28 01:00:00,0.0,17.15,93.56,0.29
2018-11-28 02:00:00,0.0,16.83,94.57,0.29
2018-11-28 03:00:00,0.0,16.64,94.85,0.3
2018-11-28 04:00:00,0.0,16.53,94.68,0.33
2018-11-28 05:00:00,0.0,16.36,95.14,0.33
2018-11-28 06:00:00,0.0,16.48,94.68,0.36
2018-11-28 07:00:00,0.0,18.02,87.76,0.57
2018-11-28 08:00:00,0.0,20.26,79.04,0.64
2018-11-28 09:00:00,0.0,22.46,71.25,0.6
2018-11-28 10:00:00,0.0,24.26,65.79,0.47
2018-11-28 11:00:00,0.0,25.6,62.47,0.34
2018-11-28 12:00:00,0.0,26.42,61.64,0.23
2018-11-28 13:00:00,0.0,26.52,63.04,0.17
2018-11-28 14:00:00,0.01,26.26,65.57,0.12
2018-11-28 15:00:00,0.01,25.77,70.15,0.07
2018-11-28 16:00:00,0.01,25.11,77.17,0.05
2018-11-28 17:00:00,0.01,23.74,87.02,0.05
2018-11-28 18:00:00,0.01,22.44,91.62,0.09
2018-11-28 19:00:00,0.02,21.83,92.53,0.09
2018-11-28 20:00:00,0.02,21.37,93.31,0.09
2018-11-28 21:00:00,0.02,21.02,94.23,0.12
2018-11-28 22:00:00,0.01,20.62,95.65,0.15
2018-11-28 23:00:00,0.02,20.29,96.6,0.15
2018-11-29 00:00:00,0.01,20.05,96.74,0.2
2018-11-29 01:00:00,0.01,19.85,96.62,0.23
2018-11-29 02:00:00,0.01,19.67,96.27,0.24
2018-11-29 03:00:00,0.0,19.46,96.18,0.22
2018-11-29 04:00:00,0.0,19.28,96.19,0.22
2018-11-29 05:00:00,0.0,19.12,96.21,0.22
2018-11-29 06:00:00,0.01,19.26,95.51,0.26
2018-11-29 07:00:00,0.01,20.45,90.68,0.44
2018-11-29 08:00:00,0.11,22.1,84.21,0.58
2018-11-29 09:00:00,0.18,23.43,80.02,0.64
2018-11-29 10:00:00,0.28,24.52,76.67,0.65
2018-11-29 11:00:00,0.37,25.45,73.19,0.64
2018-11-29 12:00:00,0.46,25.92,71.4,0.6
2018-11-29 13:00:00,0.61,25.95,71.69,0.55
2018-11-29 14:00:00,0.69,25.57,74.5,0.42
2018-11-29 15:00:00,0.73,24.9,80.24,0.29
2018-11-29 16:00:00,0.67,24.03,87.08,0.24
2018-11-29 17:00:00,0.68,23.0,93.3,0.12
2018-11-29 18:00:00,0.74,22.31,96.0,0.08
2018-11-29 19:00:00,0.76,21.98,96.93,0.06
2018-11-29 20:00:00,0.71,21.73,97.59,0.06
2018-11-29 21:00:00,0.68,21.47,98.03,0.09
2018-11-29 22:00:00,0.5,21.21,98.19,0.14
2018-11-29 23:00:00,0.41,20.87,98.24,0.19
2018-11-30 00:00:00,0.24,20.5,98.38,0.22
2018-11-30 01:00:00,0.15,20.16,98.33,0.25
2018-11-30 02:00:00,0.09,19.82,98.27,0.25
2018-11-30 03:00:00,0.06,19.51,98.23,0.25
2018-11-30 04:00:00,0.05,19.24,98.22,0.26
2018-11-30 05:00:00,0.04,19.01,98.22,0.28
2018-11-30 06:00:00,0.04,19.03,97.77,0.36
2018-11-30 07:00:00,0.03,19.86,95.73,0.52
2018-11-30 08:00:00,0.02,21.4,89.19,0.63
2018-11-30 09:00:00,0.02,23.61,77.88,0.67
2018-11-30 10:00:00,0.02,25.17,71.4,0.61
2018-11-30 11:00:00,0.03,26.12,67.99,0.52
2018-11-30 12:00:00,0.03,26.64,66.63,0.42
2018-11-30 13:00:00,0.05,26.79,66.41,0.33
2018-11-30 14:00:00,0.07,26.46,68.61,0.22
2018-11-30 15:00:00,0.09,25.81,73.67,0.13
2018-11-30 16:00:00,0.11,24.92,82.12,0.08
2018-11-30 17:00:00,0.11,23.69,89.29,0.06
2018-11-30 18:00:00,0.15,22.72,91.86,0.09
2018-11-30 19:00:00,0.16,22.22,92.78,0.13
2018-11-30 20:00:00,0.17,21.79,94.05,0.11
2018-11-30 21:00:00,0.16,21.49,95.34,0.06
2018-11-30 22:00:00,0.13,21.31,95.63,0.06
2018-11-30 23:00:00,0.12,21.08,96.67,0.06
2018-12-01 00:00:00,0.09,20.8,97.54,0.09
2018-12-01 01:00:00,0.07,20.51,97.89,0.11
2018-12-01 02:00:00,0.04,20.25,98.01,0.13
2018-12-01 03:00:00,0.03,20.04,98.07,0.16
2018-12-01 04:00:00,0.03,19.83,97.97,0.16
2018-12-01 05:00:00,0.03,19.61,97.82,0.17
2018-12-01 06:00:00,0.02,19.61,97.43,0.21
2018-12-01 07:00:00,0.02,20.41,94.93,0.35
2018-12-01 08:00:00,0.0,21.83,87.66,0.42
2018-12-01 09:00:00,0.0,23.87,76.74,0.4
2018-12-01 10:00:00,0.0,25.37,70.29,0.32
2018-12-01 11:00:00,0.0,26.31,66.71,0.24
2018-12-01 12:00:00,0.0,26.61,65.76,0.16
2018-12-01 13:00:00,0.0,26.44,67.21,0.1
2018-12-01 14:00:00,0.0,25.94,70.5,0.02
2018-12-01 15:00:00,0.0,25.3,76.31,0.03
2018-12-01 16:00:00,0.0,24.52,83.54,0.08
2018-12-01 17:00:00,0.0,23.53,89.47,0.12
2018-12-01 18:00:00,0.0,22.58,92.48,0.17
2018-12-01 19:00:00,0.0,21.91,93.73,0.19
2018-12-01 20:00:00,0.0,21.45,94.38,0.2
2018-12-01 21:00:00,0.0,21.13,94.72,0.21
2018-12-01 22:00:00,0.0,20.9,94.5,0.2
2018-12-01 23:00:00,0.0,20.46,95.27,0.19
2018-12-02 00:00:00,0.0,20.08,95.47,0.2
2018-12-02 01:00:00,0.0,19.71,95.19,0.21
2018-12-02 02:00:00,0.0,19.29,94.78,0.21
2018-12-02 03:00:00,0.0,18.87,94.66,0.23
2018-12-02 04:00:00,0.0,18.5,94.5,0.24
2018-12-02 05:00:00,0.0,18.13,94.71,0.23
2018-12-02 06:00:00,0.0,18.05,94.04,0.29
2018-12-02 07:00:00,0.0,19.15,87.83,0.45
2018-12-02 08:00:00,0.0,21.01,79.38,0.48
2018-12-02 09:00:00,0.0,22.86,71.96,0.46
2018-12-02 10:00:00,0.0,24.4,66.77,0.4
2018-12-02 11:00:00,0.0,25.58,63.44,0.32
2018-12-02 12:00:00,0.0,26.36,61.76,0.26
2018-12-02 13:00:00,0.0,26.64,61.87,0.22
2018-12-02 14:00:00,0.0,26.45,63.47,0.2
2018-12-02 15:00:00,0.0,25.85,67.99,0.19
2018-12-02 16:00:00,0.0,24.99,77.92,0.19
2018-12-02 17:00:00,0.0,23.76,79.41,0.17
2018-12-02 18:00:00,0.0,23.07,80.31,0.06
2018-12-02 19:00:00,0.0,22.43,82.81,0.19
2018-12-02 20:00:00,0.0,21.63,86.04,0.24
2018-12-02 21:00:00,0.0,20.75,89.87,0.22
2018-12-02 22:00:00,0.0,20.06,91.89,0.17
2018-12-02 23:00:00,0.0,19.59,93.17,0.2
2018-12-03 00:00:00,0.0,18.98,95.05,0.21
2018-12-03 01:00:00,0.0,18.5,96.1,0.2
2018-12-03 02:00:00,0.0,18.2,96.53,0.22
2018-12-03 03:00:00,0.0,17.86,97.24,0.22
2018-12-03 04:00:00,0.0,17.64,97.23,0.21
2018-12-03 05:00:00,0.0,17.59,96.41,0.21
2018-12-03 06:00:00,0.0,17.78,94.96,0.26
2018-12-03 07:00:00,0.0,19.28,88.42,0.4
2018-12-03 08:00:00,0.0,21.5,79.67,0.46
2018-12-03 09:00:00,0.0,23.53,71.9,0.44
2018-12-03 10:00:00,0.0,25.07,66.23,0.37
2018-12-03 11:00:00,0.0,26.13,62.53,0.3
2018-12-03 12:00:00,0.0,26.76,60.49,0.21
2018-12-03 13:00:00,0.0,27.02,59.89,0.12
2018-12-03 14:00:00,0.0,26.86,61.13,0.04
2018-12-03 15:00:00,0.0,26.35,65.14,0.07
2018-12-03 16:00:00,0.0,25.5,74.05,0.08
2018-12-03 17:00:00,0.0,24.3,80.32,0.09
2018-12-03 18:00:00,0.0,23.07,82.6,0.24
2018-12-03 19:00:00,0.01,22.13,85.43,0.27
2018-12-03 20:00:00,0.01,21.3,88.06,0.28
2018-12-03 21:00:00,0.01,20.5,90.26,0.29
2018-12-03 22:00:00,0.02,19.81,91.96,0.28
2018-12-03 23:00:00,0.01,19.32,93.46,0.28
2018-12-04 00:00:00,0.01,19.09,94.17,0.25
2018-12-04 01:00:00,0.01,18.89,95.02,0.22
2018-12-04 02:00:00,0.01,18.71,95.83,0.15
2018-12-04 03:00:00,0.01,18.69,96.35,0.14
2018-12-04 04:00:00,0.02,18.58,97.46,0.15
2018-12-04 05:00:00,0.04,18.64,97.78,0.17
2018-12-04 06:00:00,0.07,19.03,97.3,0.18
2018-12-04 07:00:00,0.1,20.24,94.25,0.29
2018-12-04 08:00:00,0.45,21.75,91.44,0.29
2018-12-04 09:00:00,0.66,23.49,84.06,0.32
2018-12-04 10:00:00,0.72,24.9,75.94,0.3
2018-12-04 11:00:00,0.81,25.83,71.26,0.25
2018-12-04 12:00:00,0.8,26.27,69.27,0.18
2018-12-04 13:00:00,0.72,26.18,69.84,0.12
2018-12-04 14:00:00,0.68,25.84,72.07,0.08
2018-12-04 15:00:00,0.7,25.24,77.64,0.11
2018-12-04 16:00:00,0.59,24.39,85.93,0.16
2018-12-04 17:00:00,0.54,23.34,91.99,0.06
2018-12-04 18:00:00,0.52,22.59,90.73,0.13
2018-12-04 19:00:00,0.57,21.99,91.24,0.21
2018-12-04 20:00:00,0.39,21.21,93.64,0.27
2018-12-04 21:00:00,0.28,20.53,96.14,0.22
2018-12-04 22:00:00,0.26,20.23,97.29,0.2
2018-12-04 23:00:00,0.22,20.08,97.72,0.22
2018-12-05 00:00:00,0.17,19.9,97.93,0.22
2018-12-05 01:00:00,0.14,19.64,98.23,0.21
2018-12-05 02:00:00,0.11,19.41,98.33,0.2
2018-12-05 03:00:00,0.08,19.3,98.34,0.19
2018-12-05 04:00:00,0.06,19.22,98.2,0.19
2018-12-05 05:00:00,0.04,19.15,98.1,0.19
2018-12-05 06:00:00,0.04,19.28,97.91,0.22
2018-12-05 07:00:00,0.03,20.14,96.34,0.34
2018-12-05 08:00:00,0.0,21.48,91.47,0.4
2018-12-05 09:00:00,0.0,23.51,79.38,0.42
2018-12-05 10:00:00,0.0,25.24,70.39,0.38
2018-12-05 11:00:00,0.0,26.18,66.55,0.32
2018-12-05 12:00:00,0.0,26.65,64.94,0.24
2018-12-05 13:00:00,0.0,26.76,64.87,0.16
2018-12-05 14:00:00,0.0,26.47,67.01,0.09
2018-12-05 15:00:00,0.0,25.87,71.8,0.09
2018-12-05 16:00:00,0.01,24.97,80.46,0.17
2018-12-05 17:00:00,0.0,23.97,87.65,0.17
2018-12-05 18:00:00,0.0,23.06,92.11,0.25
2018-12-05 19:00:00,0.01,22.55,93.46,0.26
2018-12-05 20:00:00,0.01,22.07,94.83,0.25
2018-12-05 21:00:00,0.01,21.58,96.05,0.23
2018-12-05 22:00:00,0.0,21.17,97.34,0.24
2018-12-05 23:00:00,0.0,20.85,98.57,0.25
2018-12-06 00:00:00,0.0,20.62,99.29,0.27
2018-12-06 01:00:00,0.0,20.51,99.04,0.32
2018-12-06 02:00:00,0.0,20.44,98.5,0.34
2018-12-06 03:00:00,0.0,20.3,98.49,0.34
2018-12-06 04:00:00,0.0,20.07,99.15,0.29
2018-12-06 05:00:00,0.0,19.85,99.63,0.22
2018-12-06 06:00:00,0.0,19.96,98.92,0.17
2018-12-06 07:00:00,0.01,21.37,92.9,0.25
2018-12-06 08:00:00,0.04,23.02,84.43,0.28
2018-12-06 09:00:00,0.03,24.53,76.13,0.28
2018-12-06 10:00:00,0.02,25.61,70.4,0.26
2018-12-06 11:00:00,0.02,26.27,67.16,0.23
2018-12-06 12:00:00,0.02,26.62,65.62,0.19
2018-12-06 13:00:00,0.04,26.64,65.77,0.15
2018-12-06 14:00:00,0.05,26.34,67.77,0.1
2018-12-06 15:00:00,0.06,25.86,72.22,0.08
2018-12-06 16:00:00,0.06,24.98,82.15,0.13
2018-12-06 17:00:00,0.06,23.46,86.41,0.16
2018-12-06 18:00:00,0.08,22.75,89.01,0.22
2018-12-06 19:00:00,0.09,22.24,91.18,0.23
2018-12-06 20:00:00,0.08,21.75,93.1,0.19
2018-12-06 21:00:00,0.06,21.16,95.13,0.17
2018-12-06 22:00:00,0.03,20.67,96.63,0.17
2018-12-06 23:00:00,0.01,20.31,97.4,0.17
2018-12-07 00:00:00,0.01,20.05,97.92,0.18
2018-12-07 01:00:00,0.01,19.94,97.95,0.17
2018-12-07 02:00:00,0.01,19.94,97.52,0.18
2018-12-07 03:00:00,0.01,19.84,97.42,0.19
2018-12-07 04:00:00,0.01,19.61,97.57,0.19
2018-12-07 05:00:00,0.01,19.33,97.76,0.2
2018-12-07 06:00:00,0.01,19.32,97.31,0.24
2018-12-07 07:00:00,0.0,20.35,93.15,0.39
2018-12-07 08:00:00,0.01,22.12,83.11,0.45
2018-12-07 09:00:00,0.0,23.99,71.99,0.43
2018-12-07 10:00:00,0.0,25.31,65.54,0.37
2018-12-07 11:00:00,0.0,26.23,62.44,0.33
2018-12-07 12:00:00,0.0,26.82,61.29,0.28
2018-12-07 13:00:00,0.0,27.02,62.08,0.22
2018-12-07 14:00:00,0.0,26.87,64.18,0.17
2018-12-07 15:00:00,0.01,26.31,68.9,0.11
2018-12-07 16:00:00,0.01,25.62,75.81,0.07
2018-12-07 17:00:00,0.02,24.27,83.49,0.01
2018-12-07 18:00:00,0.03,23.01,89.11,0.08
2018-12-07 19:00:00,0.04,22.46,90.23,0.08
2018-12-07 20:00:00,0.04,22.12,91.36,0.08
2018-12-07 21:00:00,0.04,21.66,93.47,0.1
2018-12-07 22:00:00,0.04,21.21,94.96,0.12
2018-12-07 23:00:00,0.03,20.8,95.96,0.14
2018-12-08 00:00:00,0.02,20.5,96.21,0.16
2018-12-08 01:00:00,0.01,20.22,96.21,0.17
2018-12-08 02:00:00,0.01,20.0,95.84,0.17
2018-12-08 03:00:00,0.01,19.71,95.79,0.17
2018-12-08 04:00:00,0.01,19.4,95.8,0.18
2018-12-08 05:00:00,0.01,19.08,95.79,0.2
2018-12-08 06:00:00,0.01,19.01,95.22,0.24
2018-12-08 07:00:00,0.0,20.06,89.66,0.43
2018-12-08 08:00:00,0.0,21.83,79.72,0.52
2018-12-08 09:00:00,0.0,23.62,70.19,0.53
2018-12-08 10:00:00,0.0,24.98,64.11,0.5
2018-12-08 11:00:00,0.0,25.93,60.85,0.45
2018-12-08 12:00:00,0.0,26.5,59.55,0.38
2018-12-08 13:00:00,0.0,26.68,60.06,0.31
2018-12-08 14:00:00,0.0,26.51,62.07,0.21
2018-12-08 15:00:00,0.0,26.0,66.58,0.13
2018-12-08 16:00:00,0.0,25.32,73.71,0.07
2018-12-08 17:00:00,0.0,23.91,81.88,0.01
2018-12-08 18:00:00,0.0,22.82,84.73,0.09
2018-12-08 19:00:00,0.0,22.01,87.26,0.13
2018-12-08 20:00:00,0.0,21.31,90.14,0.1
2018-12-08 21:00:00,0.0,20.74,91.97,0.12
2018-12-08 22:00:00,0.0,20.24,92.96,0.19
2018-12-08 23:00:00,0.0,19.69,94.66,0.24
2018-12-09 00:00:00,0.0,19.24,95.89,0.25
2018-12-09 01:00:00,0.0,18.91,96.25,0.23
2018-12-09 02:00:00,0.0,18.63,96.26,0.22
2018-12-09 03:00:00,0.0,18.3,96.79,0.22
2018-12-09 04:00:00,0.0,18.03,97.27,0.22
2018-12-09 05:00:00,0.0,17.85,97.42,0.23
2018-12-09 06:00:00,0.0,18.02,96.04,0.28
2018-12-09 07:00:00,0.0,19.42,89.31,0.45
2018-12-09 08:00:00,0.0,21.45,79.35,0.53
2018-12-09 09:00:00,0.0,23.35,70.08,0.55
2018-12-09 10:00:00,0.0,24.77,64.56,0.52
2018-12-09 11:00:00,0.0,25.75,61.34,0.47
2018-12-09 12:00:00,0.0,26.34,59.61,0.39
2018-12-09 13:00:00,0.0,26.58,59.31,0.3
2018-12-09 14:00:00,0.0,26.43,60.7,0.18
2018-12-09 15:00:00,0.0,26.07,65.13,0.1
2018-12-09 16:00:00,0.0,25.46,71.89,0.08
2018-12-09 17:00:00,0.0,24.17,80.87,0.13
2018-12-09 18:00:00,0.0,23.13,82.96,0.32
2018-12-09 19:00:00,0.0,22.18,85.98,0.4
2018-12-09 20:00:00,0.0,21.29,90.49,0.35
2018-12-09 21:00:00,0.0,20.5,93.34,0.26
2018-12-09 22:00:00,0.0,19.82,94.39,0.21
2018-12-09 23:00:00,0.0,19.22,95.62,0.24
2018-12-10 00:00:00,0.0,18.71,97.63,0.3
2018-12-10 01:00:00,0.0,18.26,99.79,0.34
2018-12-10 02:00:00,0.0,17.89,100.0,0.37
2018-12-10 03:00:00,0.0,17.59,100.0,0.37
2018-12-10 04:00:00,0.0,17.28,100.0,0.32
2018-12-10 05:00:00,0.0,17.05,100.0,0.25
2018-12-10 06:00:00,0.0,17.3,100.0,0.19
2018-12-10 07:00:00,0.0,19.17,89.96,0.29
2018-12-10 08:00:00,0.0,21.54,78.28,0.26
2018-12-10 09:00:00,0.0,23.6,66.79,0.25
2018-12-10 10:00:00,0.0,24.87,60.82,0.23
2018-12-10 11:00:00,0.0,25.72,58.3,0.19
2018-12-10 12:00:00,0.0,26.26,57.4,0.14
2018-12-10 13:00:00,0.0,26.46,57.87,0.13
2018-12-10 14:00:00,0.0,26.3,59.84,0.14
2018-12-10 15:00:00,0.0,25.8,64.82,0.16
2018-12-10 16:00:00,0.0,25.2,73.11,0.14
2018-12-10 17:00:00,0.0,23.98,80.71,0.13
2018-12-10 18:00:00,0.0,22.99,77.47,0.34
2018-12-10 19:00:00,0.0,22.39,79.64,0.43
2018-12-10 20:00:00,0.0,21.96,81.35,0.25
2018-12-10 21:00:00,0.0,21.3,84.36,0.21
2018-12-10 22:00:00,0.0,20.18,89.37,0.46
2018-12-10 23:00:00,0.0,19.24,92.91,0.45
2018-12-11 00:00:00,0.0,18.79,93.59,0.45
2018-12-11 01:00:00,0.0,18.5,93.5,0.5
2018-12-11 02:00:00,0.0,18.33,92.98,0.57
2018-12-11 03:00:00,0.0,18.17,92.31,0.6
2018-12-11 04:00:00,0.0,17.89,92.41,0.62
2018-12-11 05:00:00,0.0,17.66,92.29,0.63
2018-12-11 06:00:00,0.0,17.58,92.32,0.58
2018-12-11 07:00:00,0.0,19.23,88.76,0.3
2018-12-11 08:00:00,0.0,21.7,75.91,0.22
2018-12-11 09:00:00,0.0,23.88,67.01,0.18
2018-12-11 10:00:00,0.0,25.16,61.53,0.18
2018-12-11 11:00:00,0.0,25.85,58.83,0.17
2018-12-11 12:00:00,0.0,26.19,57.94,0.14
2018-12-11 13:00:00,0.0,26.17,58.86,0.13
2018-12-11 14:00:00,0.0,25.82,62.13,0.16
2018-12-11 15:00:00,0.0,25.29,69.49,0.17
2018-12-11 16:00:00,0.0,24.77,74.45,0.17
2018-12-11 17:00:00,0.0,23.68,82.81,0.12
2018-12-11 18:00:00,0.0,22.55,84.72,0.35
2018-12-11 19:00:00,0.0,21.58,88.65,0.49
2018-12-11 20:00:00,0.0,21.04,90.45,0.51
2018-12-11 21:00:00,0.0,20.67,91.59,0.46
2018-12-11 22:00:00,0.0,20.33,92.97,0.39
2018-12-11 23:00:00,0.0,20.01,94.36,0.34
2018-12-12 00:00:00,0.0,19.66,95.61,0.36
2018-12-12 01:00:00,0.0,19.3,96.86,0.41
2018-12-12 02:00:00,0.0,19.05,97.53,0.44
2018-12-12 03:00:00,0.0,18.95,97.52,0.46
2018-12-12 04:00:00,0.0,18.82,97.65,0.48
2018-12-12 05:00:00,0.0,18.59,98.16,0.53
2018-12-12 06:00:00,0.0,18.5,96.36,0.58
2018-12-12 07:00:00,0.0,19.79,93.03,0.4
2018-12-12 08:00:00,0.0,22.48,80.01,0.27
2018-12-12 09:00:00,0.0,24.43,69.63,0.29
2018-12-12 10:00:00,0.0,25.63,63.04,0.28
2018-12-12 11:00:00,0.0,26.41,59.62,0.25
2018-12-12 12:00:00,0.0,26.8,58.46,0.25
2018-12-12 13:00:00,0.0,26.59,60.18,0.3
2018-12-12 14:00:00,0.0,26.2,63.46,0.34
2018-12-12 15:00:00,0.0,25.56,69.15,0.36
2018-12-12 16:00:00,0.0,24.61,78.47,0.33
2018-12-12 17:00:00,0.0,23.15,89.05,0.24
2018-12-12 18:00:00,0.0,21.88,94.66,0.24
2018-12-12 19:00:00,0.0,21.18,96.96,0.35
2018-12-12 20:00:00,0.0,20.88,97.39,0.46
2018-12-12 21:00:00,0.0,20.83,96.63,0.43
2018-12-12 22:00:00,0.0,20.8,95.88,0.3
2018-12-12 23:00:00,0.0,20.65,95.94,0.18
2018-12-13 00:00:00,0.0,20.44,96.35,0.13
2018-12-13 01:00:00,0.0,20.2,96.86,0.14
2018-12-13 02:00:00,0.0,19.95,97.37,0.19
2018-12-13 03:00:00,0.0,19.68,97.92,0.32
2018-12-13 04:00:00,0.0,19.32,99.0,0.51
2018-12-13 05:00:00,0.0,18.85,100.0,0.62
2018-12-13 06:00:00,0.0,18.65,99.1,0.64
2018-12-13 07:00:00,0.0,20.19,93.37,0.41
2018-12-13 08:00:00,0.0,22.39,81.58,0.39
2018-12-13 09:00:00,0.0,24.1,72.43,0.37
2018-12-13 10:00:00,0.0,25.37,66.56,0.32
2018-12-13 11:00:00,0.0,26.18,63.34,0.26
2018-12-13 12:00:00,0.0,26.68,61.64,0.22
2018-12-13 13:00:00,0.0,26.89,60.98,0.21
2018-12-13 14:00:00,0.0,26.44,63.94,0.25
2018-12-13 15:00:00,0.0,25.76,70.94,0.25
2018-12-13 16:00:00,0.0,25.22,78.13,0.22
2018-12-13 17:00:00,0.0,24.11,83.6,0.16
2018-12-13 18:00:00,0.0,23.3,83.62,0.13
2018-12-13 19:00:00,0.0,22.85,81.54,0.19
2018-12-13 20:00:00,0.0,22.19,83.72,0.25
2018-12-13 21:00:00,0.0,21.27,88.47,0.36
2018-12-13 22:00:00,0.0,20.35,92.56,0.4
2018-12-13 23:00:00,0.0,19.75,94.75,0.42
2018-12-14 00:00:00,0.0,19.46,95.19,0.47
2018-12-14 01:00:00,0.0,19.25,95.12,0.53
2018-12-14 02:00:00,0.0,19.04,95.05,0.59
2018-12-14 03:00:00,0.0,18.64,95.93,0.65
2018-12-14 04:00:00,0.0,18.06,97.67,0.71
2018-12-14 05:00:00,0.0,17.45,99.17,0.72
2018-12-14 06:00:00,0.0,17.12,97.92,0.63
2018-12-14 07:00:00,0.0,18.98,91.08,0.37
2018-12-14 08:00:00,0.0,21.61,77.68,0.33
2018-12-14 09:00:00,0.0,23.6,67.16,0.33
2018-12-14 10:00:00,0.0,24.82,60.7,0.33
2018-12-14 11:00:00,0.0,25.56,57.55,0.3
2018-12-14 12:00:00,0.0,26.06,56.16,0.25
2018-12-14 13:00:00,0.0,26.25,56.48,0.18
2018-12-14 14:00:00,0.0,26.06,58.56,0.1
2018-12-14 15:00:00,0.0,25.63,63.51,0.02
2018-12-14 16:00:00,0.0,24.9,72.14,0.05
2018-12-14 17:00:00,0.0,23.63,79.22,0.04
2018-12-14 18:00:00,0.0,22.68,77.06,0.22
2018-12-14 19:00:00,0.0,21.89,78.49,0.38
2018-12-14 20:00:00,0.0,21.22,81.01,0.44
2018-12-14 21:00:00,0.0,20.64,83.59,0.41
2018-12-14 22:00:00,0.0,20.11,85.92,0.39
2018-12-14 23:00:00,0.0,19.57,88.16,0.43
2018-12-15 00:00:00,0.0,18.94,90.37,0.52
2018-12-15 01:00:00,0.0,18.4,92.37,0.61
2018-12-15 02:00:00,0.0,18.02,93.98,0.66
2018-12-15 03:00:00,0.0,17.54,96.26,0.64
2018-12-15 04:00:00,0.0,16.99,99.47,0.56
2018-12-15 05:00:00,0.0,16.63,100.0,0.39
2018-12-15 06:00:00,0.0,17.05,99.3,0.31
2018-12-15 07:00:00,0.0,19.24,89.45,0.38
2018-12-15 08:00:00,0.0,21.28,79.83,0.43
2018-12-15 09:00:00,0.0,22.95,71.83,0.44
2018-12-15 10:00:00,0.0,24.2,66.1,0.41
2018-12-15 11:00:00,0.0,25.09,62.61,0.34
2018-12-15 12:00:00,0.0,25.68,60.66,0.25
2018-12-15 13:00:00,0.0,25.97,60.0,0.14
2018-12-15 14:00:00,0.0,25.88,61.13,0.11
2018-12-15 15:00:00,0.0,25.34,65.93,0.15
2018-12-15 16:00:00,0.0,24.57,74.76,0.22
2018-12-15 17:00:00,0.0,23.19,84.64,0.29
2018-12-15 18:00:00,0.0,21.92,89.16,0.46
2018-12-15 19:00:00,0.0,21.19,92.04,0.52
2018-12-15 20:00:00,0.0,20.61,94.24,0.48
2018-12-15 21:00:00,0.0,20.04,95.88,0.39
2018-12-15 22:00:00,0.0,19.48,96.85,0.25
2018-12-15 23:00:00,0.0,19.25,96.38,0.22
2018-12-16 00:00:00,0.0,19.08,95.17,0.22
2018-12-16 01:00:00,0.0,18.83,94.32,0.23
2018-12-16 02:00:00,0.0,18.39,94.89,0.22
2018-12-16 03:00:00,0.0,17.88,96.16,0.22
2018-12-16 04:00:00,0.0,17.47,96.69,0.21
2018-12-16 05:00:00,0.0,17.14,96.95,0.2
2018-12-16 06:00:00,0.0,17.12,96.3,0.19
2018-12-16 07:00:00,0.0,18.73,87.78,0.26
2018-12-16 08:00:00,0.0,20.89,75.01,0.21
2018-12-16 09:00:00,0.0,22.79,64.54,0.16
2018-12-16 10:00:00,0.0,24.19,59.13,0.16
2018-12-16 11:00:00,0.0,25.2,56.62,0.24
2018-12-16 12:00:00,0.0,25.74,56.16,0.31
2018-12-16 13:00:00,0.0,25.85,57.11,0.36
2018-12-16 14:00:00,0.0,25.5,59.94,0.38
2018-12-16 15:00:00,0.0,24.87,65.52,0.35
2018-12-16 16:00:00,0.0,23.97,75.5,0.29
2018-12-16 17:00:00,0.0,22.27,86.9,0.28
2018-12-16 18:00:00,0.0,20.78,90.9,0.52
2018-12-16 19:00:00,0.0,20.25,91.15,0.67
2018-12-16 20:00:00,0.0,20.16,91.47,0.54
2018-12-16 21:00:00,0.0,19.81,93.43,0.38
2018-12-16 22:00:00,0.0,19.33,95.97,0.36
2018-12-16 23:00:00,0.0,18.95,97.84,0.32
2018-12-17 00:00:00,0.0,18.6,99.06,0.27
2018-12-17 01:00:00,0.0,18.34,99.44,0.26
2018-12-17 02:00:00,0.0,18.06,99.95,0.31
2018-12-17 03:00:00,0.0,17.8,100.0,0.36
2018-12-17 04:00:00,0.0,17.55,100.0,0.4
2018-12-17 05:00:00,0.0,17.32,100.0,0.4
2018-12-17 06:00:00,0.0,17.49,99.47,0.4
2018-12-17 07:00:00,0.0,19.16,94.7,0.25
2018-12-17 08:00:00,0.0,21.71,84.48,0.27
2018-12-17 09:00:00,0.0,23.56,74.75,0.32
2018-12-17 10:00:00,0.0,24.91,68.34,0.36
2018-12-17 11:00:00,0.0,25.74,65.4,0.42
2018-12-17 12:00:00,0.0,26.12,64.61,0.47
2018-12-17 13:00:00,0.0,26.05,65.6,0.52
2018-12-17 14:00:00,0.0,25.56,68.3,0.54
2018-12-17 15:00:00,0.0,24.85,72.19,0.52
2018-12-17 16:00:00,0.0,23.77,79.51,0.44
2018-12-17 17:00:00,0.0,22.4,88.45,0.27
2018-12-17 18:00:00,0.0,21.31,94.62,0.21
2018-12-17 19:00:00,0.0,20.8,96.76,0.21
2018-12-17 20:00:00,0.0,20.45,97.33,0.19
2018-12-17 21:00:00,0.0,20.11,97.1,0.18
2018-12-17 22:00:00,0.0,19.76,97.66,0.29
2018-12-17 23:00:00,0.0,19.49,97.71,0.44
2018-12-18 00:00:00,0.0,19.21,97.91,0.52
2018-12-18 01:00:00,0.0,18.81,98.84,0.56
2018-12-18 02:00:00,0.0,18.33,100.0,0.55
2018-12-18 03:00:00,0.0,17.91,100.0,0.52
2018-12-18 04:00:00,0.0,17.7,100.0,0.53
2018-12-18 05:00:00,0.0,17.58,100.0,0.54
2018-12-18 06:00:00,0.0,17.81,98.59,0.54
2018-12-18 07:00:00,0.0,19.4,91.95,0.44
2018-12-18 08:00:00,0.0,21.61,79.42,0.39
2018-12-18 09:00:00,0.0,23.44,69.15,0.44
2018-12-18 10:00:00,0.0,24.85,61.96,0.44
2018-12-18 11:00:00,0.0,25.83,57.64,0.42
2018-12-18 12:00:00,0.0,26.39,55.62,0.39
2018-12-18 13:00:00,0.0,26.47,55.78,0.36
2018-12-18 14:00:00,0.0,26.08,58.88,0.36
2018-12-18 15:00:00,0.0,25.45,65.78,0.36
2018-12-18 16:00:00,0.0,24.62,73.98,0.34
2018-12-18 17:00:00,0.0,22.95,84.1,0.35
2018-12-18 18:00:00,0.0,21.8,85.53,0.58
2018-12-18 19:00:00,0.0,21.66,81.6,0.49
2018-12-18 20:00:00,0.0,21.1,82.55,0.06
2018-12-18 21:00:00,0.0,19.69,89.68,0.31
2018-12-18 22:00:00,0.0,18.79,93.88,0.26
2018-12-18 23:00:00,0.0,18.46,95.66,0.35
2018-12-19 00:00:00,0.0,18.34,96.41,0.47
2018-12-19 01:00:00,0.0,18.06,98.06,0.52
2018-12-19 02:00:00,0.0,17.8,99.64,0.52
2018-12-19 03:00:00,0.0,17.8,99.84,0.51
2018-12-19 04:00:00,0.0,17.83,99.82,0.53
2018-12-19 05:00:00,0.0,17.74,100.0,0.53
2018-12-19 06:00:00,0.0,17.77,99.8,0.45
2018-12-19 07:00:00,0.0,19.74,92.55,0.37
2018-12-19 08:00:00,0.0,22.21,81.15,0.35
2018-12-19 09:00:00,0.0,23.93,72.33,0.31
2018-12-19 10:00:00,0.0,25.19,66.63,0.28
2018-12-19 11:00:00,0.0,26.11,62.95,0.24
2018-12-19 12:00:00,0.0,26.75,60.77,0.2
2018-12-19 13:00:00,0.0,26.97,60.26,0.2
2018-12-19 14:00:00,0.0,26.71,61.77,0.23
2018-12-19 15:00:00,0.0,26.04,66.75,0.26
2018-12-19 16:00:00,0.0,25.11,76.84,0.25
2018-12-19 17:00:00,0.0,23.93,84.2,0.18
2018-12-19 18:00:00,0.0,22.83,87.05,0.21
2018-12-19 19:00:00,0.0,21.92,90.47,0.14
2018-12-19 20:00:00,0.0,21.2,92.92,0.08
2018-12-19 21:00:00,0.0,20.89,91.97,0.08
2018-12-19 22:00:00,0.0,20.64,91.79,0.14
2018-12-19 23:00:00,0.0,20.23,92.92,0.18
2018-12-20 00:00:00,0.0,19.75,94.08,0.21
2018-12-20 01:00:00,0.0,19.28,95.03,0.22
2018-12-20 02:00:00,0.0,18.86,95.28,0.25
2018-12-20 03:00:00,0.0,18.51,94.55,0.28
2018-12-20 04:00:00,0.0,18.14,93.69,0.29
2018-12-20 05:00:00,0.0,17.73,94.15,0.3
2018-12-20 06:00:00,0.0,17.62,93.93,0.34
2018-12-20 07:00:00,0.0,18.82,87.4,0.53
2018-12-20 08:00:00,0.0,20.88,77.92,0.54
2018-12-20 09:00:00,0.0,22.97,69.79,0.42
2018-12-20 10:00:00,0.0,24.73,63.32,0.24
2018-12-20 11:00:00,0.0,25.96,59.23,0.05
2018-12-20 12:00:00,0.0,26.63,57.0,0.11
2018-12-20 13:00:00,0.0,26.8,56.58,0.22
2018-12-20 14:00:00,0.0,26.28,59.21,0.29
2018-12-20 15:00:00,0.0,25.64,66.2,0.32
2018-12-20 16:00:00,0.0,25.02,73.03,0.36
2018-12-20 17:00:00,0.0,23.58,82.29,0.36
2018-12-20 18:00:00,0.0,22.18,86.62,0.56
2018-12-20 19:00:00,0.0,21.4,87.74,0.6
2018-12-20 20:00:00,0.0,20.91,89.5,0.48
2018-12-20 21:00:00,0.0,20.41,91.93,0.27
2018-12-20 22:00:00,0.0,19.83,94.86,0.2
2018-12-20 23:00:00,0.0,19.12,97.84,0.36
2018-12-21 00:00:00,0.0,18.35,100.0,0.45
2018-12-21 01:00:00,0.0,17.66,100.0,0.47
2018-12-21 02:00:00,0.0,17.16,100.0,0.46
2018-12-21 03:00:00,0.0,16.81,100.0,0.5
2018-12-21 04:00:00,0.0,16.51,100.0,0.53
2018-12-21 05:00:00,0.0,16.35,100.0,0.51
2018-12-21 06:00:00,0.0,16.53,99.54,0.42
2018-12-21 07:00:00,0.0,18.75,90.37,0.3
2018-12-21 08:00:00,0.0,21.46,77.84,0.21
2018-12-21 09:00:00,0.0,23.65,67.42,0.1
2018-12-21 10:00:00,0.0,25.21,61.03,0.0
2018-12-21 11:00:00,0.0,26.19,57.39,0.1
2018-12-21 12:00:00,0.0,26.77,55.44,0.17
2018-12-21 13:00:00,0.0,26.92,55.75,0.18
2018-12-21 14:00:00,0.0,26.63,58.17,0.17
2018-12-21 15:00:00,0.0,26.06,64.26,0.21
2018-12-21 16:00:00,0.0,25.6,70.04,0.27
2018-12-21 17:00:00,0.0,24.21,78.66,0.32
2018-12-21 18:00:00,0.0,22.88,82.6,0.46
2018-12-21 19:00:00,0.0,22.19,83.79,0.57
2018-12-21 20:00:00,0.0,21.92,84.05,0.43
2018-12-21 21:00:00,0.0,21.42,86.21,0.14
2018-12-21 22:00:00,0.0,20.56,90.49,0.33
2018-12-21 23:00:00,0.0,19.68,94.67,0.47
2018-12-22 00:00:00,0.0,18.93,97.84,0.51
2018-12-22 01:00:00,0.0,18.3,100.0,0.51
2018-12-22 02:00:00,0.0,17.84,100.0,0.52
2018-12-22 03:00:00,0.0,17.48,100.0,0.54
2018-12-22 04:00:00,0.0,17.2,100.0,0.58
2018-12-22 05:00:00,0.0,16.93,100.0,0.59
2018-12-22 06:00:00,0.0,17.0,100.0,0.53
2018-12-22 07:00:00,0.0,19.32,91.89,0.35
2018-12-22 08:00:00,0.0,22.08,79.43,0.36
2018-12-22 09:00:00,0.0,24.03,70.9,0.38
2018-12-22 10:00:00,0.0,25.33,65.66,0.35
2018-12-22 11:00:00,0.0,25.69,64.25,0.33
2018-12-22 12:00:00,0.0,25.48,65.54,0.31
2018-12-22 13:00:00,0.0,25.19,67.27,0.31
2018-12-22 14:00:00,0.0,24.9,68.65,0.29
2018-12-22 15:00:00,0.0,24.33,72.2,0.28
2018-12-22 16:00:00,0.0,23.37,78.79,0.24
2018-12-22 17:00:00,0.01,22.3,84.63,0.16
2018-12-22 18:00:00,0.01,21.47,88.11,0.13
2018-12-22 19:00:00,0.01,20.94,89.67,0.12
2018-12-22 20:00:00,0.0,20.52,90.64,0.14
2018-12-22 21:00:00,0.0,20.17,91.6,0.17
2018-12-22 22:00:00,0.0,19.87,92.76,0.21
2018-12-22 23:00:00,0.0,19.68,93.17,0.23
2018-12-23 00:00:00,0.0,19.52,93.73,0.23
2018-12-23 01:00:00,0.0,19.39,94.24,0.24
2018-12-23 02:00:00,0.0,19.25,95.16,0.23
2018-12-23 03:00:00,0.0,19.12,96.05,0.23
2018-12-23 04:00:00,0.0,19.0,96.67,0.23
2018-12-23 05:00:00,0.0,18.95,96.88,0.23
2018-12-23 06:00:00,0.0,19.18,95.85,0.28
2018-12-23 07:00:00,0.0,20.34,90.92,0.44
2018-12-23 08:00:00,0.05,21.99,84.77,0.58
2018-12-23 09:00:00,0.06,23.6,78.19,0.65
2018-12-23 10:00:00,0.06,25.0,72.37,0.64
2018-12-23 11:00:00,0.08,25.96,68.99,0.56
2018-12-23 12:00:00,0.09,26.44,67.56,0.47
2018-12-23 13:00:00,0.1,26.5,67.73,0.4
2018-12-23 14:00:00,0.11,26.02,70.97,0.28
2018-12-23 15:00:00,0.13,25.35,76.14,0.2
2018-12-23 16:00:00,0.13,24.51,82.62,0.14
2018-12-23 17:00:00,0.15,23.32,89.84,0.13
2018-12-23 18:00:00,0.13,22.35,93.57,0.17
2018-12-23 19:00:00,0.12,21.8,95.02,0.17
2018-12-23 20:00:00,0.12,21.41,96.36,0.16
2018-12-23 21:00:00,0.12,21.13,97.25,0.16
2018-12-23 22:00:00,0.1,20.89,97.76,0.17
2018-12-23 23:00:00,0.08,20.65,97.94,0.19
2018-12-24 00:00:00,0.06,20.47,98.01,0.21
2018-12-24 01:00:00,0.05,20.27,98.0,0.21
2018-12-24 02:00:00,0.04,20.05,98.06,0.21
2018-12-24 03:00:00,0.03,19.86,98.02,0.2
2018-12-24 04:00:00,0.03,19.72,97.83,0.2
2018-12-24 05:00:00,0.02,19.59,97.78,0.2
2018-12-24 06:00:00,0.02,19.65,97.5,0.23
2018-12-24 07:00:00,0.01,20.24,95.77,0.34
2018-12-24 08:00:00,0.0,21.17,92.61,0.38
2018-12-24 09:00:00,0.0,22.48,85.34,0.42
2018-12-24 10:00:00,0.01,24.07,77.23,0.4
2018-12-24 11:00:00,0.01,25.17,72.05,0.34
2018-12-24 12:00:00,0.02,25.72,69.65,0.25
2018-12-24 13:00:00,0.03,25.78,69.69,0.18
2018-12-24 14:00:00,0.04,25.36,73.0,0.11
2018-12-24 15:00:00,0.05,24.69,78.58,0.12
2018-12-24 16:00:00,0.05,23.91,85.46,0.16
2018-12-24 17:00:00,0.06,22.96,92.09,0.16
2018-12-24 18:00:00,0.06,22.3,92.83,0.29
2018-12-24 19:00:00,0.06,21.8,93.87,0.35
2018-12-24 20:00:00,0.05,21.15,96.37,0.35
2018-12-24 21:00:00,0.04,20.57,98.34,0.26
2018-12-24 22:00:00,0.03,20.24,99.02,0.22
2018-12-24 23:00:00,0.03,20.03,99.41,0.19
2018-12-25 00:00:00,0.02,19.98,98.9,0.19
2018-12-25 01:00:00,0.02,19.9,98.39,0.21
2018-12-25 02:00:00,0.02,19.81,97.75,0.22
2018-12-25 03:00:00,0.01,19.59,97.81,0.24
2018-12-25 04:00:00,0.01,19.41,97.46,0.25
2018-12-25 05:00:00,0.01,19.19,97.27,0.25
2018-12-25 06:00:00,0.01,19.19,96.48,0.28
2018-12-25 07:00:00,0.01,20.2,91.51,0.41
2018-12-25 08:00:00,0.01,22.2,79.72,0.45
2018-12-25 09:00:00,0.01,24.27,69.17,0.39
2018-12-25 10:00:00,0.01,25.76,62.93,0.31
2018-12-25 11:00:00,0.01,26.75,59.75,0.23
2018-12-25 12:00:00,0.02,27.26,58.64,0.16
2018-12-25 13:00:00,0.07,27.08,60.15,0.11
2018-12-25 14:00:00,0.1,26.56,64.11,0.07
2018-12-25 15:00:00,0.26,25.98,70.63,0.13
2018-12-25 16:00:00,0.32,25.22,78.55,0.16
2018-12-25 17:00:00,0.21,24.06,83.37,0.11
2018-12-25 18:00:00,0.13,23.45,81.01,0.16
2018-12-25 19:00:00,0.12,22.86,83.07,0.21
2018-12-25 20:00:00,0.13,22.2,84.45,0.23
2018-12-25 21:00:00,0.14,21.22,89.24,0.4
2018-12-25 22:00:00,0.12,20.15,93.99,0.4
2018-12-25 23:00:00,0.11,19.43,96.35,0.33
2018-12-26 00:00:00,0.07,18.97,97.55,0.26
2018-12-26 01:00:00,0.05,18.72,97.85,0.24
2018-12-26 02:00:00,0.05,18.51,97.73,0.23
2018-12-26 03:00:00,0.04,18.22,97.56,0.24
2018-12-26 04:00:00,0.03,17.91,97.37,0.22
2018-12-26 05:00:00,0.03,17.6,97.32,0.2
2018-12-26 06:00:00,0.02,17.52,97.03,0.21
2018-12-26 07:00:00,0.02,18.48,93.04,0.28
2018-12-26 08:00:00,0.0,20.62,81.75,0.28
2018-12-26 09:00:00,0.0,23.14,66.02,0.25
2018-12-26 10:00:00,0.0,24.82,57.1,0.24
2018-12-26 11:00:00,0.0,25.85,53.39,0.18
2018-12-26 12:00:00,0.0,26.53,52.16,0.14
2018-12-26 13:00:00,0.0,26.87,52.47,0.17
2018-12-26 14:00:00,0.0,26.74,55.03,0.25
2018-12-26 15:00:00,0.0,26.16,61.51,0.33
2018-12-26 16:00:00,0.0,25.45,69.88,0.38
2018-12-26 17:00:00,0.0,23.7,80.1,0.36
2018-12-26 18:00:00,0.0,21.85,90.07,0.41
2018-12-26 19:00:00,0.0,20.92,93.02,0.49
2018-12-26 20:00:00,0.0,20.56,93.78,0.55
2018-12-26 21:00:00,0.0,20.39,94.44,0.34
2018-12-26 22:00:00,0.0,19.99,96.52,0.09
2018-12-26 23:00:00,0.0,19.6,98.06,0.19
2018-12-27 00:00:00,0.0,19.28,98.78,0.31
2018-12-27 01:00:00,0.0,18.85,99.74,0.39
2018-12-27 02:00:00,0.0,18.46,100.0,0.4
2018-12-27 03:00:00,0.0,18.08,100.0,0.39
2018-12-27 04:00:00,0.0,17.67,100.0,0.35
2018-12-27 05:00:00,0.0,17.25,100.0,0.37
2018-12-27 06:00:00,0.0,17.17,99.18,0.35
2018-12-27 07:00:00,0.0,19.15,89.26,0.32
2018-12-27 08:00:00,0.01,21.85,77.19,0.26
2018-12-27 09:00:00,0.01,24.03,67.94,0.26
2018-12-27 10:00:00,0.02,25.43,62.45,0.27
2018-12-27 11:00:00,0.02,26.3,59.34,0.25
2018-12-27 12:00:00,0.03,26.66,58.14,0.21
2018-12-27 13:00:00,0.04,26.71,58.5,0.19
2018-12-27 14:00:00,0.03,26.44,60.56,0.17
2018-12-27 15:00:00,0.02,25.82,65.88,0.19
2018-12-27 16:00:00,0.02,25.27,75.11,0.18
2018-12-27 17:00:00,0.02,23.61,81.18,0.17
2018-12-27 18:00:00,0.02,22.63,80.94,0.48
2018-12-27 19:00:00,0.01,21.93,83.96,0.64
2018-12-27 20:00:00,0.01,21.37,86.85,0.62
2018-12-27 21:00:00,0.01,20.84,90.14,0.45
2018-12-27 22:00:00,0.01,20.32,93.66,0.3
2018-12-27 23:00:00,0.01,19.92,96.22,0.21
2018-12-28 00:00:00,0.01,19.69,97.29,0.18
2018-12-28 01:00:00,0.01,19.55,97.62,0.14
2018-12-28 02:00:00,0.01,19.47,97.63,0.14
2018-12-28 03:00:00,0.01,19.38,97.6,0.17
2018-12-28 04:00:00,0.01,19.21,97.76,0.29
2018-12-28 05:00:00,0.0,18.89,98.6,0.42
2018-12-28 06:00:00,0.0,18.72,97.49,0.48
2018-12-28 07:00:00,0.0,20.18,93.11,0.26
2018-12-28 08:00:00,0.01,22.47,80.63,0.17
2018-12-28 09:00:00,0.01,24.45,69.21,0.14
2018-12-28 10:00:00,0.01,25.71,63.11,0.09
2018-12-28 11:00:00,0.01,26.33,60.33,0.01
2018-12-28 12:00:00,0.02,26.66,59.3,0.09
2018-12-28 13:00:00,0.03,26.74,59.73,0.19
2018-12-28 14:00:00,0.03,26.02,64.53,0.28
2018-12-28 15:00:00,0.03,25.3,71.24,0.31
2018-12-28 16:00:00,0.04,24.4,79.85,0.3
2018-12-28 17:00:00,0.06,23.21,89.82,0.27
2018-12-28 18:00:00,0.06,22.38,93.23,0.39
2018-12-28 19:00:00,0.07,21.99,93.64,0.42
2018-12-28 20:00:00,0.08,21.83,93.47,0.37
2018-12-28 21:00:00,0.08,21.67,93.88,0.22
2018-12-28 22:00:00,0.08,21.31,95.47,0.18
2018-12-28 23:00:00,0.09,20.93,96.73,0.21
2018-12-29 00:00:00,0.12,20.64,97.08,0.24
2018-12-29 01:00:00,0.14,20.35,97.31,0.22
2018-12-29 02:00:00,0.18,20.01,97.98,0.16
2018-12-29 03:00:00,0.21,19.78,98.38,0.06
2018-12-29 04:00:00,0.25,19.7,98.4,0.05
2018-12-29 05:00:00,0.27,19.66,98.42,0.09
2018-12-29 06:00:00,0.28,19.64,98.52,0.15
2018-12-29 07:00:00,0.27,19.92,97.9,0.25
2018-12-29 08:00:00,0.01,20.41,96.87,0.33
2018-12-29 09:00:00,0.0,21.0,94.57,0.39
2018-12-29 10:00:00,0.0,21.68,88.33,0.42
2018-12-29 11:00:00,0.0,22.53,80.6,0.42
2018-12-29 12:00:00,0.0,23.15,76.66,0.39
2018-12-29 13:00:00,0.0,23.57,74.78,0.34
2018-12-29 14:00:00,0.0,23.66,74.95,0.26
2018-12-29 15:00:00,0.0,23.51,77.07,0.21
2018-12-29 16:00:00,0.0,23.06,81.79,0.19
2018-12-29 17:00:00,0.0,21.99,90.47,0.14
2018-12-29 18:00:00,0.0,21.11,93.78,0.17
2018-12-29 19:00:00,0.0,20.8,93.61,0.21
2018-12-29 20:00:00,0.0,20.64,92.99,0.22
2018-12-29 21:00:00,0.0,20.36,93.45,0.23
2018-12-29 22:00:00,0.0,20.03,94.22,0.24
2018-12-29 23:00:00,0.0,19.72,94.73,0.24
2018-12-30 00:00:00,0.0,19.34,95.42,0.24
2018-12-30 01:00:00,0.0,18.99,95.73,0.23
2018-12-30 02:00:00,0.0,18.73,95.7,0.23
2018-12-30 03:00:00,0.0,18.54,95.14,0.23
2018-12-30 04:00:00,0.0,18.37,94.68,0.23
2018-12-30 05:00:00,0.0,18.18,94.43,0.24
2018-12-30 06:00:00,0.0,18.2,92.94,0.29
2018-12-30 07:00:00,0.0,18.87,87.93,0.47
2018-12-30 08:00:00,0.0,19.91,79.33,0.56
2018-12-30 09:00:00,0.0,21.11,70.27,0.59
2018-12-30 10:00:00,0.0,22.34,62.98,0.57
2018-12-30 11:00:00,0.0,23.58,58.0,0.54
2018-12-30 12:00:00,0.0,24.52,55.37,0.47
2018-12-30 13:00:00,0.0,25.05,54.65,0.41
2018-12-30 14:00:00,0.0,25.18,56.01,0.33
2018-12-30 15:00:00,0.0,24.87,60.22,0.27
2018-12-30 16:00:00,0.0,24.08,67.97,0.2
2018-12-30 17:00:00,0.0,22.44,76.68,0.16
2018-12-30 18:00:00,0.0,21.13,78.13,0.21
2018-12-30 19:00:00,0.0,20.0,82.05,0.22
2018-12-30 20:00:00,0.0,19.04,86.59,0.19
2018-12-30 21:00:00,0.0,18.55,87.97,0.19
2018-12-30 22:00:00,0.0,18.24,89.46,0.24
2018-12-30 23:00:00,0.0,17.76,92.18,0.22
2018-12-31 00:00:00,0.0,17.44,94.16,0.25
2018-12-31 01:00:00,0.0,17.26,94.89,0.26
2018-12-31 02:00:00,0.0,17.25,94.84,0.27
2018-12-31 03:00:00,0.0,17.26,94.71,0.27
2018-12-31 04:00:00,0.0,17.19,94.7,0.28
2018-12-31 05:00:00,0.0,17.11,95.04,0.29
2018-12-31 06:00:00,0.0,17.32,94.19,0.32
2018-12-31 07:00:00,0.0,18.67,87.98,0.57
2018-12-31 08:00:00,0.0,20.66,78.34,0.67
2018-12-31 09:00:00,0.0,22.5,69.49,0.65
2018-12-31 10:00:00,0.0,23.89,62.9,0.57
2018-12-31 11:00:00,0.0,24.81,58.89,0.47
2018-12-31 12:00:00,0.0,25.48,56.34,0.4
2018-12-31 13:00:00,0.0,25.8,55.18,0.33
2018-12-31 14:00:00,0.0,25.7,55.84,0.26
2018-12-31 15:00:00,0.0,25.15,60.63,0.2
2018-12-31 16:00:00,0.0,24.29,67.17,0.16
2018-12-31 17:00:00,0.0,22.55,78.12,0.15
2018-12-31 18:00:00,0.0,21.12,81.05,0.22
2018-12-31 19:00:00,0.0,20.08,85.4,0.29
2018-12-31 20:00:00,0.0,19.08,88.81,0.24
2018-12-31 21:00:00,0.0,18.46,90.21,0.25
2018-12-31 22:00:00,0.0,17.95,91.4,0.24
2018-12-31 23:00:00,0.0,17.48,92.86,0.23
