,rainfall_mm,temperature_c,humidity_pct,wind_speed_ms
2018-01-01 00:00:00,0.0,27.24,65.99,1.77
2018-01-01 01:00:00,0.0,27.25,64.7,1.46
2018-01-01 02:00:00,0.0,27.21,64.15,1.2
2018-01-01 03:00:00,0.0,27.16,63.71,0.92
2018-01-01 04:00:00,0.0,27.05,63.75,0.73
2018-01-01 05:00:00,0.0,26.93,64.19,0.74
2018-01-01 06:00:00,0.0,26.87,65.11,0.87
2018-01-01 07:00:00,0.0,27.21,65.3,1.05
2018-01-01 08:00:00,0.0,27.67,63.44,1.25
2018-01-01 09:00:00,0.0,27.96,63.27,1.4
2018-01-01 10:00:00,0.0,28.27,62.89,1.46
2018-01-01 11:00:00,0.0,28.6,62.13,1.52
2018-01-01 12:00:00,0.0,28.89,61.35,1.7
2018-01-01 13:00:00,0.0,29.09,60.74,1.93
2018-01-01 14:00:00,0.0,29.18,60.35,2.13
2018-01-01 15:00:00,0.0,29.16,60.08,2.21
2018-01-01 16:00:00,0.0,29.0,60.29,2.13
2018-01-01 17:00:00,0.0,28.56,63.38,1.87
2018-01-01 18:00:00,0.0,28.08,68.47,1.67
2018-01-01 19:00:00,0.0,27.82,70.15,1.66
2018-01-01 20:00:00,0.0,27.65,70.38,1.63
2018-01-01 21:00:00,0.0,27.48,70.14,1.55
2018-01-01 22:00:00,0.0,27.34,69.66,1.46
2018-01-01 23:00:00,0.0,27.24,68.99,1.31
2018-01-02 00:00:00,0.0,27.14,68.42,1.13
2018-01-02 01:00:00,0.0,27.06,67.86,0.95
2018-01-02 02:00:00,0.0,26.95,67.96,0.87
2018-01-02 03:00:00,0.0,26.84,68.45,0.87
2018-01-02 04:00:00,0.0,26.74,69.02,0.89
2018-01-02 05:00:00,0.0,26.62,69.83,0.96
2018-01-02 06:00:00,0.0,26.52,71.49,1.15
2018-01-02 07:00:00,0.0,26.92,71.01,1.6
2018-01-02 08:00:00,0.0,27.37,69.38,1.94
2018-01-02 09:00:00,0.0,27.79,68.65,2.07
2018-01-02 10:00:00,0.0,28.16,67.49,2.04
2018-01-02 11:00:00,0.0,28.52,66.24,2.14
2018-01-02 12:00:00,0.0,28.8,65.51,2.45
2018-01-02 13:00:00,0.0,28.93,65.11,2.74
2018-01-02 14:00:00,0.0,28.98,64.72,2.87
2018-01-02 15:00:00,0.0,28.93,64.4,2.77
2018-01-02 16:00:00,0.0,28.78,64.33,2.45
2018-01-02 17:00:00,0.0,28.41,66.3,1.97
2018-01-02 18:00:00,0.0,28.03,70.01,1.46
2018-01-02 19:00:00,0.0,27.89,70.01,1.06
2018-01-02 20:00:00,0.0,27.88,68.1,0.73
2018-01-02 21:00:00,0.0,27.74,68.25,0.71
2018-01-02 22:00:00,0.0,27.46,70.18,0.97
2018-01-02 23:00:00,0.0,27.13,72.54,1.24
2018-01-03 00:00:00,0.0,26.88,73.97,1.39
2018-01-03 01:00:00,0.0,26.72,74.45,1.33
2018-01-03 02:00:00,0.0,26.72,73.77,1.07
2018-01-03 03:00:00,0.0,26.75,72.93,0.75
2018-01-03 04:00:00,0.0,26.7,72.75,0.51
2018-01-03 05:00:00,0.0,26.6,73.24,0.61
2018-01-03 06:00:00,0.0,26.55,74.4,0.91
2018-01-03 07:00:00,0.0,26.9,73.31,1.27
2018-01-03 08:00:00,0.0,27.29,71.38,1.3
2018-01-03 09:00:00,0.0,27.65,70.19,1.12
2018-01-03 10:00:00,0.0,28.03,68.58,0.97
2018-01-03 11:00:00,0.0,28.55,66.11,1.0
2018-01-03 12:00:00,0.0,28.93,64.44,1.45
2018-01-03 13:00:00,0.0,29.12,63.99,2.03
2018-01-03 14:00:00,0.0,29.13,64.31,2.4
2018-01-03 15:00:00,0.0,29.03,64.84,2.54
2018-01-03 16:00:00,0.0,28.78,65.81,2.54
2018-01-03 17:00:00,0.0,28.26,69.11,2.34
2018-01-03 18:00:00,0.0,27.77,73.56,2.02
2018-01-03 19:00:00,0.0,27.47,75.74,1.84
2018-01-03 20:00:00,0.0,27.28,76.21,1.65
2018-01-03 21:00:00,0.0,27.2,75.34,1.38
2018-01-03 22:00:00,0.0,27.21,73.57,1.08
2018-01-03 23:00:00,0.0,27.21,72.04,0.67
2018-01-04 00:00:00,0.0,27.02,72.76,0.77
2018-01-04 01:00:00,0.0,26.67,75.0,1.26
2018-01-04 02:00:00,0.0,26.42,76.18,1.53
2018-01-04 03:00:00,0.0,26.23,76.67,1.64
2018-01-04 04:00:00,0.0,26.06,77.06,1.76
2018-01-04 05:00:00,0.0,25.91,77.19,1.82
2018-01-04 06:00:00,0.0,25.95,76.98,1.79
2018-01-04 07:00:00,0.0,26.65,72.83,1.9
2018-01-04 08:00:00,0.0,27.36,68.1,1.94
2018-01-04 09:00:00,0.0,28.11,64.54,1.73
2018-01-04 10:00:00,0.0,28.78,61.65,1.37
2018-01-04 11:00:00,0.0,29.31,59.81,1.16
2018-01-04 12:00:00,0.0,29.57,60.97,1.38
2018-01-04 13:00:00,0.0,29.72,60.61,1.91
2018-01-04 14:00:00,0.0,29.73,60.53,2.52
2018-01-04 15:00:00,0.0,29.57,60.61,3.11
2018-01-04 16:00:00,0.0,29.18,62.63,3.49
2018-01-04 17:00:00,0.0,28.42,68.22,3.66
2018-01-04 18:00:00,0.0,27.72,73.53,3.61
2018-01-04 19:00:00,0.0,27.3,76.46,3.36
2018-01-04 20:00:00,0.0,27.07,77.72,2.83
2018-01-04 21:00:00,0.0,26.96,77.48,2.22
2018-01-04 22:00:00,0.0,26.94,76.0,1.71
2018-01-04 23:00:00,0.0,26.96,74.05,1.23
2018-01-05 00:00:00,0.0,26.91,72.75,0.84
2018-01-05 01:00:00,0.0,26.83,72.07,0.59
2018-01-05 02:00:00,0.0,26.73,71.56,0.38
2018-01-05 03:00:00,0.0,26.55,72.74,0.31
2018-01-05 04:00:00,0.0,26.4,72.76,0.6
2018-01-05 05:00:00,0.0,26.24,72.85,0.9
2018-01-05 06:00:00,0.0,26.09,75.02,1.14
2018-01-05 07:00:00,0.0,26.4,71.5,1.67
2018-01-05 08:00:00,0.0,26.72,68.61,1.94
2018-01-05 09:00:00,0.0,27.14,66.26,1.93
2018-01-05 10:00:00,0.0,27.6,63.99,1.7
2018-01-05 11:00:00,0.0,28.07,61.98,1.34
2018-01-05 12:00:00,0.0,28.48,60.66,1.26
2018-01-05 13:00:00,0.0,28.85,59.94,1.71
2018-01-05 14:00:00,0.0,29.06,59.96,2.33
2018-01-05 15:00:00,0.0,29.07,60.5,2.83
2018-01-05 16:00:00,0.0,28.87,62.26,3.11
2018-01-05 17:00:00,0.0,28.28,67.23,3.08
2018-01-05 18:00:00,0.0,27.65,72.7,2.99
2018-01-05 19:00:00,0.0,27.27,75.04,2.9
2018-01-05 20:00:00,0.0,27.01,76.14,2.55
2018-01-05 21:00:00,0.0,26.83,76.28,2.09
2018-01-05 22:00:00,0.0,26.76,75.28,1.65
2018-01-05 23:00:00,0.0,26.71,74.07,1.15
2018-01-06 00:00:00,0.0,26.53,73.78,0.7
2018-01-06 01:00:00,0.0,26.27,74.41,0.45
2018-01-06 02:00:00,0.0,26.06,75.07,0.39
2018-01-06 03:00:00,0.0,25.9,75.41,0.54
2018-01-06 04:00:00,0.0,25.74,76.02,0.75
2018-01-06 05:00:00,0.01,25.6,76.43,0.96
2018-01-06 06:00:00,0.01,25.52,77.02,1.17
2018-01-06 07:00:00,0.01,25.85,74.36,1.48
2018-01-06 08:00:00,0.01,26.26,70.94,1.59
2018-01-06 09:00:00,0.01,26.74,68.83,1.48
2018-01-06 10:00:00,0.0,27.3,66.52,1.43
2018-01-06 11:00:00,0.0,27.87,63.98,1.55
2018-01-06 12:00:00,0.0,28.21,62.65,1.99
2018-01-06 13:00:00,0.0,28.4,62.15,2.54
2018-01-06 14:00:00,0.0,28.45,61.88,2.85
2018-01-06 15:00:00,0.0,28.4,61.93,2.98
2018-01-06 16:00:00,0.0,28.12,63.8,3.13
2018-01-06 17:00:00,0.0,27.6,68.18,3.08
2018-01-06 18:00:00,0.0,27.07,72.87,2.88
2018-01-06 19:00:00,0.0,26.77,74.68,2.71
2018-01-06 20:00:00,0.0,26.56,75.57,2.51
2018-01-06 21:00:00,0.0,26.37,76.16,2.33
2018-01-06 22:00:00,0.0,26.25,76.12,2.15
2018-01-06 23:00:00,0.0,26.17,75.75,2.0
2018-01-07 00:00:00,0.0,26.12,75.13,1.83
2018-01-07 01:00:00,0.0,26.06,74.59,1.68
2018-01-07 02:00:00,0.0,25.98,74.48,1.57
2018-01-07 03:00:00,0.0,25.93,74.42,1.48
2018-01-07 04:00:00,0.0,25.9,74.3,1.36
2018-01-07 05:00:00,0.0,25.91,73.98,1.22
2018-01-07 06:00:00,0.0,25.93,74.07,1.1
2018-01-07 07:00:00,0.0,26.29,73.05,1.11
2018-01-07 08:00:00,0.0,26.63,70.68,1.22
2018-01-07 09:00:00,0.01,27.0,68.57,1.31
2018-01-07 10:00:00,0.0,27.42,66.25,1.64
2018-01-07 11:00:00,0.0,27.69,65.06,2.19
2018-01-07 12:00:00,0.0,27.91,64.24,2.64
2018-01-07 13:00:00,0.0,27.93,64.61,3.01
2018-01-07 14:00:00,0.0,27.88,65.74,3.28
2018-01-07 15:00:00,0.0,27.84,66.61,3.31
2018-01-07 16:00:00,0.0,27.67,67.94,3.17
2018-01-07 17:00:00,0.0,27.24,71.68,2.83
2018-01-07 18:00:00,0.0,26.89,75.7,2.33
2018-01-07 19:00:00,0.0,26.72,77.25,2.06
2018-01-07 20:00:00,0.0,26.62,77.48,1.81
2018-01-07 21:00:00,0.0,26.56,76.98,1.6
2018-01-07 22:00:00,0.0,26.51,75.94,1.34
2018-01-07 23:00:00,0.0,26.57,73.85,0.85
2018-01-08 00:00:00,0.0,26.41,73.85,0.23
2018-01-08 01:00:00,0.0,26.13,74.23,0.54
2018-01-08 02:00:00,0.0,25.78,77.09,0.99
2018-01-08 03:00:00,0.0,25.49,78.33,1.3
2018-01-08 04:00:00,0.0,25.25,78.67,1.52
2018-01-08 05:00:00,0.01,25.09,78.04,1.65
2018-01-08 06:00:00,0.01,25.04,76.95,1.7
2018-01-08 07:00:00,0.01,25.47,72.1,1.91
2018-01-08 08:00:00,0.01,26.03,66.33,2.05
2018-01-08 09:00:00,0.0,26.62,62.68,1.8
2018-01-08 10:00:00,0.0,27.27,59.32,1.4
2018-01-08 11:00:00,0.0,27.89,56.17,1.0
2018-01-08 12:00:00,0.0,28.39,53.58,0.67
2018-01-08 13:00:00,0.0,28.74,52.25,0.96
2018-01-08 14:00:00,0.0,28.94,52.26,1.54
2018-01-08 15:00:00,0.0,28.92,53.11,1.95
2018-01-08 16:00:00,0.0,28.71,55.08,2.18
2018-01-08 17:00:00,0.0,28.14,60.73,2.39
2018-01-08 18:00:00,0.0,27.46,67.92,2.45
2018-01-08 19:00:00,0.0,27.11,70.41,2.42
2018-01-08 20:00:00,0.0,26.94,70.88,2.23
2018-01-08 21:00:00,0.0,26.91,69.5,1.85
2018-01-08 22:00:00,0.0,26.89,67.42,1.32
2018-01-08 23:00:00,0.0,26.81,65.73,0.74
2018-01-09 00:00:00,0.0,26.62,65.11,0.44
2018-01-09 01:00:00,0.0,26.31,65.73,0.84
2018-01-09 02:00:00,0.0,25.97,66.62,1.23
2018-01-09 03:00:00,0.0,25.7,66.79,1.43
2018-01-09 04:00:00,0.0,25.53,66.33,1.52
2018-01-09 05:00:00,0.0,25.39,65.95,1.54
2018-01-09 06:00:00,0.0,25.34,66.14,1.57
2018-01-09 07:00:00,0.0,26.0,63.99,1.62
2018-01-09 08:00:00,0.01,26.76,58.09,1.39
2018-01-09 09:00:00,0.0,27.34,55.57,0.53
2018-01-09 10:00:00,0.0,28.01,53.92,0.28
2018-01-09 11:00:00,0.0,28.51,52.61,0.77
2018-01-09 12:00:00,0.0,28.86,52.07,1.25
2018-01-09 13:00:00,0.01,29.06,52.17,1.77
2018-01-09 14:00:00,0.03,29.11,52.77,2.17
2018-01-09 15:00:00,0.01,29.03,53.8,2.46
2018-01-09 16:00:00,0.0,28.78,55.7,2.61
2018-01-09 17:00:00,0.0,28.23,60.47,2.56
2018-01-09 18:00:00,0.01,27.69,66.1,2.34
2018-01-09 19:00:00,0.0,27.39,68.77,2.2
2018-01-09 20:00:00,0.0,27.23,69.82,1.97
2018-01-09 21:00:00,0.01,27.1,70.19,1.76
2018-01-09 22:00:00,0.01,26.95,70.65,1.7
2018-01-09 23:00:00,0.02,26.76,71.46,1.84
2018-01-10 00:00:00,0.03,26.58,72.4,2.09
2018-01-10 01:00:00,0.05,26.44,73.01,2.33
2018-01-10 02:00:00,0.05,26.33,73.45,2.38
2018-01-10 03:00:00,0.04,26.3,73.49,2.23
2018-01-10 04:00:00,0.03,26.34,72.78,1.96
2018-01-10 05:00:00,0.03,26.48,71.26,1.58
2018-01-10 06:00:00,0.03,26.65,70.42,1.21
2018-01-10 07:00:00,0.02,27.06,68.45,1.03
2018-01-10 08:00:00,0.0,27.48,67.04,1.04
2018-01-10 09:00:00,0.0,27.93,65.58,1.09
2018-01-10 10:00:00,0.0,28.49,63.56,0.78
2018-01-10 11:00:00,0.0,29.03,61.34,0.55
2018-01-10 12:00:00,0.0,29.4,61.5,1.15
2018-01-10 13:00:00,0.01,29.57,62.19,1.88
2018-01-10 14:00:00,0.01,29.61,62.62,2.59
2018-01-10 15:00:00,0.01,29.42,63.54,3.18
2018-01-10 16:00:00,0.02,29.13,65.48,3.52
2018-01-10 17:00:00,0.01,28.67,68.87,3.47
2018-01-10 18:00:00,0.01,28.21,72.4,3.22
2018-01-10 19:00:00,0.01,27.9,75.14,2.75
2018-01-10 20:00:00,0.01,27.64,77.37,2.31
2018-01-10 21:00:00,0.02,27.36,79.36,2.02
2018-01-10 22:00:00,0.02,27.1,80.83,1.8
2018-01-10 23:00:00,0.02,26.85,81.77,1.61
2018-01-11 00:00:00,0.02,26.57,82.49,1.45
2018-01-11 01:00:00,0.02,26.36,82.26,1.28
2018-01-11 02:00:00,0.02,26.24,81.36,1.15
2018-01-11 03:00:00,0.02,26.1,80.92,1.17
2018-01-11 04:00:00,0.01,26.0,80.44,1.25
2018-01-11 05:00:00,0.0,25.97,79.56,1.28
2018-01-11 06:00:00,0.0,26.1,78.59,1.26
2018-01-11 07:00:00,0.0,26.74,74.6,1.4
2018-01-11 08:00:00,0.0,27.43,70.19,1.55
2018-01-11 09:00:00,0.0,28.27,65.19,1.39
2018-01-11 10:00:00,0.0,29.06,61.67,1.02
2018-01-11 11:00:00,0.0,29.54,61.96,0.59
2018-01-11 12:00:00,0.0,29.98,60.04,0.47
2018-01-11 13:00:00,0.0,30.18,60.33,0.77
2018-01-11 14:00:00,0.0,30.27,60.44,1.16
2018-01-11 15:00:00,0.0,30.27,60.47,1.49
2018-01-11 16:00:00,0.0,30.11,61.04,1.72
2018-01-11 17:00:00,0.0,29.55,65.69,1.99
2018-01-11 18:00:00,0.0,28.84,71.61,2.27
2018-01-11 19:00:00,0.0,28.42,73.23,2.46
2018-01-11 20:00:00,0.0,28.07,75.42,2.39
2018-01-11 21:00:00,0.0,27.74,77.97,2.25
2018-01-11 22:00:00,0.0,27.49,79.23,2.09
2018-01-11 23:00:00,0.0,27.3,79.83,1.92
2018-01-12 00:00:00,0.0,27.11,80.11,1.83
2018-01-12 01:00:00,0.0,26.91,80.6,1.84
2018-01-12 02:00:00,0.0,26.72,80.98,1.76
2018-01-12 03:00:00,0.0,26.57,80.94,1.46
2018-01-12 04:00:00,0.0,26.5,80.17,1.05
2018-01-12 05:00:00,0.0,26.49,78.99,0.57
2018-01-12 06:00:00,0.0,26.51,78.59,0.11
2018-01-12 07:00:00,0.0,26.81,76.05,0.51
2018-01-12 08:00:00,0.0,27.16,74.81,0.73
2018-01-12 09:00:00,0.0,27.58,72.72,0.67
2018-01-12 10:00:00,0.0,28.11,70.37,0.77
2018-01-12 11:00:00,0.0,28.66,68.04,1.07
2018-01-12 12:00:00,0.0,29.12,66.18,1.4
2018-01-12 13:00:00,0.0,29.32,66.99,1.67
2018-01-12 14:00:00,0.0,29.44,66.76,1.94
2018-01-12 15:00:00,0.0,29.38,66.9,2.15
2018-01-12 16:00:00,0.0,29.17,68.25,2.11
2018-01-12 17:00:00,0.0,28.89,70.13,2.0
2018-01-12 18:00:00,0.01,28.64,71.77,1.92
2018-01-12 19:00:00,0.01,28.48,71.88,1.71
2018-01-12 20:00:00,0.01,28.27,73.72,1.4
2018-01-12 21:00:00,0.01,28.04,75.39,1.14
2018-01-12 22:00:00,0.01,27.84,76.25,0.95
2018-01-12 23:00:00,0.01,27.62,76.77,0.98
2018-01-13 00:00:00,0.01,27.42,76.84,1.02
2018-01-13 01:00:00,0.01,27.25,76.54,0.96
2018-01-13 02:00:00,0.01,27.08,76.34,0.86
2018-01-13 03:00:00,0.0,26.87,76.78,0.85
2018-01-13 04:00:00,0.0,26.65,77.4,0.98
2018-01-13 05:00:00,0.0,26.45,77.68,1.19
2018-01-13 06:00:00,0.0,26.43,77.52,1.36
2018-01-13 07:00:00,0.0,26.99,72.58,1.64
2018-01-13 08:00:00,0.0,27.69,67.87,1.62
2018-01-13 09:00:00,0.0,28.59,62.77,1.45
2018-01-13 10:00:00,0.0,29.34,60.06,1.05
2018-01-13 11:00:00,0.0,29.83,60.59,0.64
2018-01-13 12:00:00,0.0,30.24,59.66,0.78
2018-01-13 13:00:00,0.0,30.41,60.55,1.17
2018-01-13 14:00:00,0.0,30.44,61.27,1.56
2018-01-13 15:00:00,0.0,30.38,61.58,1.76
2018-01-13 16:00:00,0.0,30.2,62.02,1.75
2018-01-13 17:00:00,0.0,29.8,63.96,1.79
2018-01-13 18:00:00,0.0,29.16,69.28,1.87
2018-01-13 19:00:00,0.0,28.79,70.92,1.8
2018-01-13 20:00:00,0.0,28.46,72.35,1.51
2018-01-13 21:00:00,0.0,28.15,73.54,1.21
2018-01-13 22:00:00,0.0,27.92,73.14,0.88
2018-01-13 23:00:00,0.0,27.68,72.52,0.58
2018-01-14 00:00:00,0.0,27.33,72.72,0.56
2018-01-14 01:00:00,0.0,26.97,73.06,0.74
2018-01-14 02:00:00,0.0,26.66,73.1,1.0
2018-01-14 03:00:00,0.0,26.42,72.71,1.27
2018-01-14 04:00:00,0.0,26.2,71.58,1.57
2018-01-14 05:00:00,0.0,25.94,70.36,1.84
2018-01-14 06:00:00,0.0,25.76,69.49,2.06
2018-01-14 07:00:00,0.0,26.59,63.23,2.47
2018-01-14 08:00:00,0.0,27.51,55.06,2.83
2018-01-14 09:00:00,0.0,28.58,48.04,2.96
2018-01-14 10:00:00,0.0,29.62,41.88,2.89
2018-01-14 11:00:00,0.0,30.43,38.65,2.56
2018-01-14 12:00:00,0.0,30.83,40.07,1.91
2018-01-14 13:00:00,0.0,31.15,39.55,1.29
2018-01-14 14:00:00,0.0,31.29,40.29,0.78
2018-01-14 15:00:00,0.0,31.28,41.5,0.64
2018-01-14 16:00:00,0.0,31.05,43.86,0.79
2018-01-14 17:00:00,0.0,30.45,48.97,0.98
2018-01-14 18:00:00,0.0,29.68,56.32,1.15
2018-01-14 19:00:00,0.0,29.26,57.95,1.15
2018-01-14 20:00:00,0.0,28.82,58.19,1.14
2018-01-14 21:00:00,0.0,28.08,60.64,1.22
2018-01-14 22:00:00,0.0,27.24,64.96,1.26
2018-01-14 23:00:00,0.0,26.5,68.65,1.41
2018-01-15 00:00:00,0.0,25.85,71.44,1.77
2018-01-15 01:00:00,0.0,25.22,74.27,2.01
2018-01-15 02:00:00,0.0,24.64,77.17,2.11
2018-01-15 03:00:00,0.0,24.18,79.56,2.14
2018-01-15 04:00:00,0.0,23.81,81.29,2.13
2018-01-15 05:00:00,0.0,23.5,82.56,2.11
2018-01-15 06:00:00,0.0,23.46,82.89,2.19
2018-01-15 07:00:00,0.0,24.21,79.42,2.69
2018-01-15 08:00:00,0.0,25.5,72.11,2.85
2018-01-15 09:00:00,0.0,26.99,63.33,2.63
2018-01-15 10:00:00,0.0,28.61,52.59,2.1
2018-01-15 11:00:00,0.0,29.79,47.61,1.34
2018-01-15 12:00:00,0.0,30.46,46.7,0.77
2018-01-15 13:00:00,0.0,30.81,47.75,0.97
2018-01-15 14:00:00,0.0,30.93,48.69,1.39
2018-01-15 15:00:00,0.0,30.89,49.39,1.61
2018-01-15 16:00:00,0.0,30.6,51.41,1.72
2018-01-15 17:00:00,0.0,29.88,57.39,1.81
2018-01-15 18:00:00,0.0,28.96,65.03,1.88
2018-01-15 19:00:00,0.0,28.54,65.35,1.84
2018-01-15 20:00:00,0.0,28.14,66.03,1.72
2018-01-15 21:00:00,0.0,27.66,68.45,1.6
2018-01-15 22:00:00,0.0,27.22,70.31,1.38
2018-01-15 23:00:00,0.0,26.88,70.8,1.16
2018-01-16 00:00:00,0.0,26.58,70.69,1.04
2018-01-16 01:00:00,0.0,26.31,70.66,0.95
2018-01-16 02:00:00,0.0,26.08,70.94,1.19
2018-01-16 03:00:00,0.0,25.85,71.82,1.62
2018-01-16 04:00:00,0.0,25.72,72.16,1.95
2018-01-16 05:00:00,0.0,25.67,71.37,2.05
2018-01-16 06:00:00,0.0,25.77,70.24,1.99
2018-01-16 07:00:00,0.0,26.63,65.17,2.01
2018-01-16 08:00:00,0.0,27.61,57.59,1.74
2018-01-16 09:00:00,0.0,28.76,51.7,1.26
2018-01-16 10:00:00,0.0,29.68,49.8,0.63
2018-01-16 11:00:00,0.0,30.38,47.42,0.21
2018-01-16 12:00:00,0.0,30.73,49.37,1.1
2018-01-16 13:00:00,0.0,30.8,52.05,1.97
2018-01-16 14:00:00,0.0,30.64,55.23,2.55
2018-01-16 15:00:00,0.0,30.35,57.46,2.92
2018-01-16 16:00:00,0.0,29.91,59.97,3.22
2018-01-16 17:00:00,0.0,29.15,63.57,3.67
2018-01-16 18:00:00,0.0,28.33,68.92,3.83
2018-01-16 19:00:00,0.0,27.81,73.2,3.59
2018-01-16 20:00:00,0.0,27.52,75.72,3.13
2018-01-16 21:00:00,0.0,27.36,76.72,2.62
2018-01-16 22:00:00,0.0,27.21,77.21,2.14
2018-01-16 23:00:00,0.0,27.1,77.02,1.8
2018-01-17 00:00:00,0.0,26.94,76.84,1.61
2018-01-17 01:00:00,0.0,26.74,76.98,1.51
2018-01-17 02:00:00,0.0,26.54,77.21,1.45
2018-01-17 03:00:00,0.0,26.32,77.79,1.5
2018-01-17 04:00:00,0.0,26.16,78.27,1.66
2018-01-17 05:00:00,0.0,26.03,78.61,1.82
2018-01-17 06:00:00,0.0,26.06,78.55,1.95
2018-01-17 07:00:00,0.0,26.62,73.92,2.35
2018-01-17 08:00:00,0.0,27.18,70.16,2.2
2018-01-17 09:00:00,0.0,27.88,66.32,1.68
2018-01-17 10:00:00,0.0,28.61,62.54,1.02
2018-01-17 11:00:00,0.0,29.21,60.42,0.69
2018-01-17 12:00:00,0.0,29.49,61.77,1.23
2018-01-17 13:00:00,0.0,29.57,63.18,2.0
2018-01-17 14:00:00,0.0,29.51,63.12,2.72
2018-01-17 15:00:00,0.0,29.26,63.13,3.33
2018-01-17 16:00:00,0.0,28.86,64.56,3.62
2018-01-17 17:00:00,0.0,28.28,68.26,3.56
2018-01-17 18:00:00,0.0,27.76,71.66,3.33
2018-01-17 19:00:00,0.0,27.43,74.07,2.95
2018-01-17 20:00:00,0.0,27.21,75.68,2.48
2018-01-17 21:00:00,0.0,27.06,76.41,2.0
2018-01-17 22:00:00,0.0,27.0,75.71,1.53
2018-01-17 23:00:00,0.0,27.03,73.81,1.01
2018-01-18 00:00:00,0.0,26.85,74.25,0.74
2018-01-18 01:00:00,0.0,26.54,76.48,1.07
2018-01-18 02:00:00,0.0,26.24,77.63,1.45
2018-01-18 03:00:00,0.0,26.0,77.99,1.65
2018-01-18 04:00:00,0.0,25.83,77.42,1.79
2018-01-18 05:00:00,0.0,25.69,76.18,1.96
2018-01-18 06:00:00,0.0,25.66,74.73,2.13
2018-01-18 07:00:00,0.0,26.32,67.42,2.58
2018-01-18 08:00:00,0.0,27.09,60.63,2.77
2018-01-18 09:00:00,0.0,28.1,54.92,2.44
2018-01-18 10:00:00,0.0,29.03,50.89,1.87
2018-01-18 11:00:00,0.0,29.58,51.22,1.17
2018-01-18 12:00:00,0.0,30.02,50.25,0.7
2018-01-18 13:00:00,0.0,30.31,50.4,0.76
2018-01-18 14:00:00,0.0,30.55,48.74,1.04
2018-01-18 15:00:00,0.0,30.61,48.2,1.29
2018-01-18 16:00:00,0.0,30.47,49.12,1.46
2018-01-18 17:00:00,0.0,29.9,54.21,1.61
2018-01-18 18:00:00,0.0,29.01,63.37,1.76
2018-01-18 19:00:00,0.0,28.6,64.99,1.82
2018-01-18 20:00:00,0.0,28.41,62.51,1.66
2018-01-18 21:00:00,0.0,28.09,62.65,1.34
2018-01-18 22:00:00,0.0,27.63,64.01,1.23
2018-01-18 23:00:00,0.0,27.19,64.43,1.33
2018-01-19 00:00:00,0.0,26.71,64.87,1.35
2018-01-19 01:00:00,0.0,26.19,65.88,1.34
2018-01-19 02:00:00,0.0,25.79,66.24,1.3
2018-01-19 03:00:00,0.0,25.54,66.03,1.27
2018-01-19 04:00:00,0.0,25.35,65.93,1.29
2018-01-19 05:00:00,0.0,25.26,65.53,1.3
2018-01-19 06:00:00,0.0,25.33,65.71,1.29
2018-01-19 07:00:00,0.0,25.94,62.47,1.34
2018-01-19 08:00:00,0.0,26.53,59.8,0.91
2018-01-19 09:00:00,0.0,27.29,59.16,0.34
2018-01-19 10:00:00,0.0,28.03,58.02,0.48
2018-01-19 11:00:00,0.0,28.6,56.89,0.83
2018-01-19 12:00:00,0.0,29.05,55.93,1.27
2018-01-19 13:00:00,0.0,29.36,55.43,1.76
2018-01-19 14:00:00,0.0,29.49,55.41,2.08
2018-01-19 15:00:00,0.0,29.46,55.89,2.23
2018-01-19 16:00:00,0.0,29.29,56.57,2.29
2018-01-19 17:00:00,0.0,28.84,59.5,2.43
2018-01-19 18:00:00,0.0,28.27,64.65,2.51
2018-01-19 19:00:00,0.0,27.84,68.82,2.53
2018-01-19 20:00:00,0.0,27.56,70.52,2.39
2018-01-19 21:00:00,0.0,27.37,70.23,2.06
2018-01-19 22:00:00,0.0,27.14,69.44,1.71
2018-01-19 23:00:00,0.0,26.78,69.35,1.65
2018-01-20 00:00:00,0.0,26.37,69.15,1.89
2018-01-20 01:00:00,0.0,25.93,68.93,2.16
2018-01-20 02:00:00,0.0,25.49,69.11,2.27
2018-01-20 03:00:00,0.0,25.17,69.15,2.18
2018-01-20 04:00:00,0.0,25.03,68.31,1.95
2018-01-20 05:00:00,0.0,24.96,67.33,1.72
2018-01-20 06:00:00,0.0,25.1,66.53,1.49
2018-01-20 07:00:00,0.0,25.89,62.48,1.27
2018-01-20 08:00:00,0.0,26.65,58.94,0.93
2018-01-20 09:00:00,0.0,27.37,57.69,0.77
2018-01-20 10:00:00,0.0,28.05,56.17,0.96
2018-01-20 11:00:00,0.0,28.65,54.64,1.27
2018-01-20 12:00:00,0.0,29.13,53.42,1.7
2018-01-20 13:00:00,0.0,29.45,53.07,2.1
2018-01-20 14:00:00,0.0,29.55,54.95,2.28
2018-01-20 15:00:00,0.0,29.51,56.49,2.31
2018-01-20 16:00:00,0.0,29.32,57.98,2.31
2018-01-20 17:00:00,0.0,28.84,61.01,2.31
2018-01-20 18:00:00,0.0,28.2,65.12,2.44
2018-01-20 19:00:00,0.0,27.67,69.67,2.45
2018-01-20 20:00:00,0.0,27.33,72.16,2.36
2018-01-20 21:00:00,0.0,27.13,72.71,2.04
2018-01-20 22:00:00,0.0,27.02,71.6,1.5
2018-01-20 23:00:00,0.0,26.87,70.18,1.13
2018-01-21 00:00:00,0.0,26.66,68.72,1.0
2018-01-21 01:00:00,0.0,26.5,66.8,0.84
2018-01-21 02:00:00,0.0,26.31,65.57,0.67
2018-01-21 03:00:00,0.0,26.09,65.87,0.61
2018-01-21 04:00:00,0.0,25.95,65.96,0.54
2018-01-21 05:00:00,0.0,25.8,66.79,0.5
2018-01-21 06:00:00,0.0,25.74,68.68,0.57
2018-01-21 07:00:00,0.0,26.18,65.85,0.64
2018-01-21 08:00:00,0.0,26.69,63.62,0.87
2018-01-21 09:00:00,0.0,27.31,62.4,1.39
2018-01-21 10:00:00,0.0,27.97,60.26,1.78
2018-01-21 11:00:00,0.0,28.53,58.03,2.03
2018-01-21 12:00:00,0.0,28.98,56.15,2.25
2018-01-21 13:00:00,0.0,29.28,55.19,2.47
2018-01-21 14:00:00,0.0,29.4,55.85,2.82
2018-01-21 15:00:00,0.0,29.3,56.52,3.21
2018-01-21 16:00:00,0.0,28.95,58.05,3.6
2018-01-21 17:00:00,0.0,28.19,63.27,3.9
2018-01-21 18:00:00,0.0,27.44,68.64,3.96
2018-01-21 19:00:00,0.0,27.03,71.75,3.65
2018-01-21 20:00:00,0.0,26.76,73.9,3.06
2018-01-21 21:00:00,0.0,26.6,75.12,2.46
2018-01-21 22:00:00,0.0,26.54,74.95,1.85
2018-01-21 23:00:00,0.0,26.57,73.47,1.16
2018-01-22 00:00:00,0.0,26.46,72.85,0.76
2018-01-22 01:00:00,0.0,26.22,73.37,0.97
2018-01-22 02:00:00,0.0,25.98,74.06,1.33
2018-01-22 03:00:00,0.0,25.75,74.73,1.58
2018-01-22 04:00:00,0.0,25.54,75.14,1.77
2018-01-22 05:00:00,0.0,25.38,75.16,1.87
2018-01-22 06:00:00,0.0,25.39,74.67,1.85
2018-01-22 07:00:00,0.0,26.0,69.28,1.87
2018-01-22 08:00:00,0.0,26.62,65.37,1.29
2018-01-22 09:00:00,0.0,27.37,62.65,0.76
2018-01-22 10:00:00,0.0,28.08,60.08,0.8
2018-01-22 11:00:00,0.0,28.62,58.25,1.45
2018-01-22 12:00:00,0.0,28.99,57.36,2.22
2018-01-22 13:00:00,0.0,29.16,57.28,2.86
2018-01-22 14:00:00,0.0,29.14,57.51,3.06
2018-01-22 15:00:00,0.0,29.01,57.82,2.99
2018-01-22 16:00:00,0.0,28.74,58.75,2.9
2018-01-22 17:00:00,0.0,28.22,61.88,2.72
2018-01-22 18:00:00,0.0,27.7,65.98,2.54
2018-01-22 19:00:00,0.0,27.33,69.73,2.38
2018-01-22 20:00:00,0.0,27.09,71.69,2.3
2018-01-22 21:00:00,0.0,26.91,72.91,2.18
2018-01-22 22:00:00,0.0,26.79,73.37,2.01
2018-01-22 23:00:00,0.0,26.69,73.27,1.79
2018-01-23 00:00:00,0.0,26.58,72.92,1.46
2018-01-23 01:00:00,0.0,26.41,72.76,1.13
2018-01-23 02:00:00,0.0,26.23,72.8,0.94
2018-01-23 03:00:00,0.0,26.03,73.42,0.97
2018-01-23 04:00:00,0.0,25.89,74.1,1.17
2018-01-23 05:00:00,0.0,25.78,74.73,1.41
2018-01-23 06:00:00,0.0,25.81,75.19,1.68
2018-01-23 07:00:00,0.0,26.41,70.51,2.2
2018-01-23 08:00:00,0.0,27.03,66.41,2.1
2018-01-23 09:00:00,0.0,27.66,63.4,1.81
2018-01-23 10:00:00,0.0,28.29,60.64,1.59
2018-01-23 11:00:00,0.0,28.8,58.42,1.56
2018-01-23 12:00:00,0.0,29.2,56.95,1.74
2018-01-23 13:00:00,0.0,29.43,56.61,2.12
2018-01-23 14:00:00,0.0,29.47,57.63,2.48
2018-01-23 15:00:00,0.0,29.35,58.88,2.82
2018-01-23 16:00:00,0.0,29.08,60.25,3.17
2018-01-23 17:00:00,0.0,28.5,63.93,3.25
2018-01-23 18:00:00,0.0,27.94,68.33,3.1
2018-01-23 19:00:00,0.0,27.56,71.94,2.77
2018-01-23 20:00:00,0.0,27.28,74.35,2.45
2018-01-23 21:00:00,0.0,27.06,75.81,2.17
2018-01-23 22:00:00,0.0,26.89,76.64,1.94
2018-01-23 23:00:00,0.0,26.75,76.97,1.8
2018-01-24 00:00:00,0.0,26.61,77.32,1.78
2018-01-24 01:00:00,0.0,26.46,77.99,1.92
2018-01-24 02:00:00,0.0,26.32,78.65,2.1
2018-01-24 03:00:00,0.0,26.24,79.02,2.24
2018-01-24 04:00:00,0.0,26.17,79.28,2.36
2018-01-24 05:00:00,0.0,26.13,79.34,2.47
2018-01-24 06:00:00,0.0,26.27,78.85,2.61
2018-01-24 07:00:00,0.0,26.9,74.56,3.18
2018-01-24 08:00:00,0.0,27.33,71.88,3.32
2018-01-24 09:00:00,0.0,27.82,69.51,3.26
2018-01-24 10:00:00,0.0,28.33,66.74,3.06
2018-01-24 11:00:00,0.0,28.78,64.0,2.96
2018-01-24 12:00:00,0.0,29.12,62.25,3.16
2018-01-24 13:00:00,0.0,29.3,61.53,3.43
2018-01-24 14:00:00,0.0,29.34,61.54,3.68
2018-01-24 15:00:00,0.0,29.23,62.24,3.75
2018-01-24 16:00:00,0.0,28.96,63.51,3.71
2018-01-24 17:00:00,0.0,28.45,66.64,3.49
2018-01-24 18:00:00,0.0,27.94,70.51,3.23
2018-01-24 19:00:00,0.0,27.6,73.66,2.8
2018-01-24 20:00:00,0.0,27.4,75.63,2.26
2018-01-24 21:00:00,0.0,27.31,76.26,1.7
2018-01-24 22:00:00,0.0,27.28,75.75,1.2
2018-01-24 23:00:00,0.01,27.27,74.31,0.81
2018-01-25 00:00:00,0.02,27.07,75.35,0.62
2018-01-25 01:00:00,0.03,26.85,76.64,0.54
2018-01-25 02:00:00,0.03,26.66,76.93,0.5
2018-01-25 03:00:00,0.04,26.52,76.71,0.53
2018-01-25 04:00:00,0.03,26.41,76.56,0.72
2018-01-25 05:00:00,0.04,26.32,77.06,1.03
2018-01-25 06:00:00,0.04,26.3,78.38,1.39
2018-01-25 07:00:00,0.03,26.7,75.07,1.92
2018-01-25 08:00:00,0.05,27.17,73.11,2.36
2018-01-25 09:00:00,0.03,27.77,70.54,2.83
2018-01-25 10:00:00,0.03,28.32,68.03,3.17
2018-01-25 11:00:00,0.03,28.88,65.35,3.45
2018-01-25 12:00:00,0.03,29.3,63.12,3.75
2018-01-25 13:00:00,0.02,29.5,62.13,4.02
2018-01-25 14:00:00,0.02,29.46,61.95,4.19
2018-01-25 15:00:00,0.01,29.24,62.3,4.39
2018-01-25 16:00:00,0.01,28.94,63.25,4.52
2018-01-25 17:00:00,0.01,28.37,66.15,4.38
2018-01-25 18:00:00,0.01,27.82,69.54,4.16
2018-01-25 19:00:00,0.0,27.44,72.11,3.97
2018-01-25 20:00:00,0.0,27.17,74.01,3.75
2018-01-25 21:00:00,0.0,26.95,75.44,3.48
2018-01-25 22:00:00,0.0,26.76,76.55,3.04
2018-01-25 23:00:00,0.01,26.64,77.14,2.55
2018-01-26 00:00:00,0.02,26.55,77.3,2.12
2018-01-26 01:00:00,0.02,26.5,76.89,1.81
2018-01-26 02:00:00,0.02,26.4,76.96,1.57
2018-01-26 03:00:00,0.02,26.28,77.19,1.4
2018-01-26 04:00:00,0.02,26.16,77.26,1.33
2018-01-26 05:00:00,0.04,26.06,77.21,1.42
2018-01-26 06:00:00,0.05,26.07,77.17,1.64
2018-01-26 07:00:00,0.05,26.61,72.17,2.03
2018-01-26 08:00:00,0.02,27.19,67.19,1.91
2018-01-26 09:00:00,0.02,27.87,62.19,1.65
2018-01-26 10:00:00,0.02,28.49,58.48,1.36
2018-01-26 11:00:00,0.01,29.0,56.48,1.39
2018-01-26 12:00:00,0.0,29.29,57.98,1.74
2018-01-26 13:00:00,0.0,29.45,58.7,2.44
2018-01-26 14:00:00,0.0,29.4,59.52,3.12
2018-01-26 15:00:00,0.0,29.15,60.84,3.6
2018-01-26 16:00:00,0.0,28.67,63.79,4.02
2018-01-26 17:00:00,0.0,27.91,69.37,4.21
2018-01-26 18:00:00,0.0,27.29,74.26,4.17
2018-01-26 19:00:00,0.0,26.97,76.95,3.8
2018-01-26 20:00:00,0.0,26.8,78.42,3.21
2018-01-26 21:00:00,0.0,26.68,79.32,2.62
2018-01-26 22:00:00,0.0,26.6,79.47,2.13
2018-01-26 23:00:00,0.0,26.53,79.04,1.71
2018-01-27 00:00:00,0.0,26.47,78.17,1.41
2018-01-27 01:00:00,0.0,26.39,77.46,1.2
2018-01-27 02:00:00,0.01,26.26,77.37,1.09
2018-01-27 03:00:00,0.01,26.12,77.63,1.1
2018-01-27 04:00:00,0.01,25.99,77.91,1.18
2018-01-27 05:00:00,0.01,25.9,77.79,1.27
2018-01-27 06:00:00,0.01,25.97,77.28,1.39
2018-01-27 07:00:00,0.01,26.53,72.96,1.92
2018-01-27 08:00:00,0.01,27.16,68.81,2.14
2018-01-27 09:00:00,0.01,27.82,65.24,2.07
2018-01-27 10:00:00,0.01,28.47,61.81,1.76
2018-01-27 11:00:00,0.01,29.03,59.08,1.37
2018-01-27 12:00:00,0.0,29.43,57.7,1.53
2018-01-27 13:00:00,0.0,29.56,59.24,2.25
2018-01-27 14:00:00,0.0,29.51,60.95,2.88
2018-01-27 15:00:00,0.0,29.34,61.66,3.38
2018-01-27 16:00:00,0.0,28.92,63.71,3.74
2018-01-27 17:00:00,0.0,28.26,68.06,3.88
2018-01-27 18:00:00,0.0,27.65,72.72,3.84
2018-01-27 19:00:00,0.0,27.27,75.87,3.5
2018-01-27 20:00:00,0.0,27.0,78.28,3.01
2018-01-27 21:00:00,0.0,26.76,80.25,2.62
2018-01-27 22:00:00,0.0,26.58,81.59,2.26
2018-01-27 23:00:00,0.02,26.44,82.06,1.8
2018-01-28 00:00:00,0.05,26.32,82.18,1.37
2018-01-28 01:00:00,0.11,26.14,82.54,1.08
2018-01-28 02:00:00,0.18,25.98,82.76,0.91
2018-01-28 03:00:00,0.21,25.81,83.02,0.74
2018-01-28 04:00:00,0.21,25.69,81.68,0.47
2018-01-28 05:00:00,0.21,25.56,80.87,0.06
2018-01-28 06:00:00,0.19,25.42,82.7,0.55
2018-01-28 07:00:00,0.19,25.57,81.32,1.28
2018-01-28 08:00:00,0.05,25.81,79.47,1.68
2018-01-28 09:00:00,0.06,26.21,76.37,1.77
2018-01-28 10:00:00,0.04,26.7,73.17,1.56
2018-01-28 11:00:00,0.02,27.17,70.64,1.59
2018-01-28 12:00:00,0.01,27.53,69.09,1.97
2018-01-28 13:00:00,0.01,27.77,68.43,2.52
2018-01-28 14:00:00,0.0,27.85,68.61,2.83
2018-01-28 15:00:00,0.0,27.74,69.25,2.83
2018-01-28 16:00:00,0.0,27.4,71.06,2.71
2018-01-28 17:00:00,0.0,27.02,73.19,2.51
2018-01-28 18:00:00,0.0,26.75,75.09,2.29
2018-01-28 19:00:00,0.0,26.65,76.37,2.02
2018-01-28 20:00:00,0.0,26.61,77.69,1.59
2018-01-28 21:00:00,0.0,26.6,78.7,1.21
2018-01-28 22:00:00,0.0,26.71,77.17,0.88
2018-01-28 23:00:00,0.0,26.8,75.47,0.46
2018-01-29 00:00:00,0.0,26.66,76.04,0.62
2018-01-29 01:00:00,0.01,26.48,76.11,1.09
2018-01-29 02:00:00,0.01,26.34,75.18,1.35
2018-01-29 03:00:00,0.01,26.24,73.63,1.38
2018-01-29 04:00:00,0.01,26.12,72.07,1.38
2018-01-29 05:00:00,0.0,26.03,70.59,1.41
2018-01-29 06:00:00,0.0,26.05,69.73,1.49
2018-01-29 07:00:00,0.0,26.66,64.59,1.73
2018-01-29 08:00:00,0.0,27.37,59.15,1.57
2018-01-29 09:00:00,0.0,28.11,56.14,1.15
2018-01-29 10:00:00,0.0,28.82,54.25,0.89
2018-01-29 11:00:00,0.0,29.44,53.26,1.02
2018-01-29 12:00:00,0.0,29.75,56.1,1.44
2018-01-29 13:00:00,0.0,29.9,58.41,2.02
2018-01-29 14:00:00,0.0,30.0,58.64,2.43
2018-01-29 15:00:00,0.0,29.92,59.8,2.72
2018-01-29 16:00:00,0.0,29.66,61.21,2.96
2018-01-29 17:00:00,0.0,29.11,63.22,3.48
2018-01-29 18:00:00,0.0,28.34,67.6,3.85
2018-01-29 19:00:00,0.0,27.81,71.97,3.59
2018-01-29 20:00:00,0.0,27.49,74.77,2.82
2018-01-29 21:00:00,0.0,27.33,76.01,1.98
2018-01-29 22:00:00,0.0,27.32,75.21,1.26
2018-01-29 23:00:00,0.0,27.46,71.14,0.58
2018-01-30 00:00:00,0.0,27.43,67.82,0.17
2018-01-30 01:00:00,0.0,27.17,68.63,0.61
2018-01-30 02:00:00,0.0,26.96,67.89,0.81
2018-01-30 03:00:00,0.0,26.75,68.15,0.85
2018-01-30 04:00:00,0.0,26.5,67.9,0.94
2018-01-30 05:00:00,0.0,26.23,67.69,1.08
2018-01-30 06:00:00,0.0,26.08,68.27,1.22
2018-01-30 07:00:00,0.0,26.69,63.18,1.6
2018-01-30 08:00:00,0.0,27.6,56.73,1.55
2018-01-30 09:00:00,0.0,28.77,51.01,0.91
2018-01-30 10:00:00,0.0,29.59,50.21,0.94
2018-01-30 11:00:00,0.0,29.97,55.28,1.45
2018-01-30 12:00:00,0.0,30.19,57.37,1.97
2018-01-30 13:00:00,0.0,30.3,58.41,2.49
2018-01-30 14:00:00,0.0,30.27,59.42,2.67
2018-01-30 15:00:00,0.0,30.19,59.95,2.57
2018-01-30 16:00:00,0.0,29.96,60.99,2.63
2018-01-30 17:00:00,0.0,29.42,63.7,2.99
2018-01-30 18:00:00,0.0,28.66,67.51,3.54
2018-01-30 19:00:00,0.0,28.05,72.61,3.24
2018-01-30 20:00:00,0.0,27.71,76.09,2.49
2018-01-30 21:00:00,0.0,27.54,77.74,1.82
2018-01-30 22:00:00,0.0,27.51,76.91,1.24
2018-01-30 23:00:00,0.0,27.55,74.71,0.74
2018-01-31 00:00:00,0.0,27.5,73.06,0.42
2018-01-31 01:00:00,0.0,27.39,72.69,0.54
2018-01-31 02:00:00,0.0,27.22,72.02,0.77
2018-01-31 03:00:00,0.0,27.1,70.22,1.0
2018-01-31 04:00:00,0.0,26.95,69.35,1.32
2018-01-31 05:00:00,0.0,26.75,69.31,1.68
2018-01-31 06:00:00,0.0,26.6,68.95,2.02
2018-01-31 07:00:00,0.0,27.12,62.49,2.64
2018-01-31 08:00:00,0.0,27.84,55.64,2.89
2018-01-31 09:00:00,0.0,28.95,50.15,2.37
2018-01-31 10:00:00,0.0,29.87,46.84,1.8
2018-01-31 11:00:00,0.0,30.42,48.72,1.47
2018-01-31 12:00:00,0.0,30.79,50.19,1.44
2018-01-31 13:00:00,0.0,31.11,49.33,1.64
2018-01-31 14:00:00,0.0,31.31,48.7,1.77
2018-01-31 15:00:00,0.0,31.34,48.89,1.91
2018-01-31 16:00:00,0.0,31.11,50.57,2.13
2018-01-31 17:00:00,0.0,30.4,55.56,2.51
2018-01-31 18:00:00,0.0,29.35,63.16,2.86
2018-01-31 19:00:00,0.0,28.63,67.94,2.95
2018-01-31 20:00:00,0.0,28.13,72.5,2.44
2018-01-31 21:00:00,0.0,27.87,74.42,1.68
2018-01-31 22:00:00,0.0,27.93,70.89,0.88
2018-01-31 23:00:00,0.0,27.85,67.46,0.37
2018-02-01 00:00:00,0.0,27.48,66.94,0.92
2018-02-01 01:00:00,0.0,27.11,65.57,1.31
2018-02-01 02:00:00,0.0,26.77,62.97,1.36
2018-02-01 03:00:00,0.0,26.3,62.09,1.38
2018-02-01 04:00:00,0.0,25.79,62.68,1.68
2018-02-01 05:00:00,0.0,25.44,63.32,2.03
2018-02-01 06:00:00,0.0,25.42,63.31,2.33
2018-02-01 07:00:00,0.0,26.38,56.66,2.9
2018-02-01 08:00:00,0.0,27.48,49.86,3.09
2018-02-01 09:00:00,0.0,28.85,44.37,2.31
2018-02-01 10:00:00,0.0,29.77,41.47,1.33
2018-02-01 11:00:00,0.0,30.51,40.62,0.49
2018-02-01 12:00:00,0.0,31.04,42.84,0.53
2018-02-01 13:00:00,0.0,31.4,42.79,1.22
2018-02-01 14:00:00,0.0,31.39,44.69,2.04
2018-02-01 15:00:00,0.0,31.08,48.21,2.69
2018-02-01 16:00:00,0.0,30.61,51.53,3.14
2018-02-01 17:00:00,0.0,29.8,55.37,3.66
2018-02-01 18:00:00,0.0,28.85,61.51,3.88
2018-02-01 19:00:00,0.0,28.19,67.93,3.55
2018-02-01 20:00:00,0.0,27.8,72.55,2.82
2018-02-01 21:00:00,0.0,27.57,75.31,2.06
2018-02-01 22:00:00,0.0,27.5,75.19,1.4
2018-02-01 23:00:00,0.0,27.53,72.85,0.74
2018-02-02 00:00:00,0.0,27.42,71.25,0.19
2018-02-02 01:00:00,0.0,27.2,72.24,0.53
2018-02-02 02:00:00,0.0,27.01,72.08,0.84
2018-02-02 03:00:00,0.0,26.88,71.56,0.99
2018-02-02 04:00:00,0.0,26.8,70.8,1.05
2018-02-02 05:00:00,0.0,26.77,69.63,1.14
2018-02-02 06:00:00,0.0,26.93,67.39,1.28
2018-02-02 07:00:00,0.0,27.65,60.96,1.58
2018-02-02 08:00:00,0.0,28.54,52.79,1.48
2018-02-02 09:00:00,0.0,29.38,47.31,1.1
2018-02-02 10:00:00,0.0,30.09,45.51,0.9
2018-02-02 11:00:00,0.0,30.54,46.53,1.27
2018-02-02 12:00:00,0.0,30.87,45.54,1.99
2018-02-02 13:00:00,0.0,30.88,47.58,2.7
2018-02-02 14:00:00,0.0,30.78,49.4,3.05
2018-02-02 15:00:00,0.0,30.6,51.14,3.13
2018-02-02 16:00:00,0.0,30.26,52.72,3.2
2018-02-02 17:00:00,0.0,29.65,54.36,3.49
2018-02-02 18:00:00,0.0,28.78,60.06,3.58
2018-02-02 19:00:00,0.0,28.18,65.91,3.2
2018-02-02 20:00:00,0.0,27.81,69.86,2.57
2018-02-02 21:00:00,0.0,27.66,70.35,1.89
2018-02-02 22:00:00,0.0,27.58,68.89,1.34
2018-02-02 23:00:00,0.0,27.42,67.35,1.07
2018-02-03 00:00:00,0.0,27.27,65.08,0.87
2018-02-03 01:00:00,0.0,27.12,63.13,0.76
2018-02-03 02:00:00,0.0,26.9,62.73,0.74
2018-02-03 03:00:00,0.0,26.66,63.46,0.87
2018-02-03 04:00:00,0.0,26.46,64.16,1.13
2018-02-03 05:00:00,0.0,26.35,64.09,1.37
2018-02-03 06:00:00,0.0,26.41,63.52,1.54
2018-02-03 07:00:00,0.0,27.17,58.13,1.69
2018-02-03 08:00:00,0.0,28.03,51.46,1.53
2018-02-03 09:00:00,0.0,28.76,48.06,0.91
2018-02-03 10:00:00,0.0,29.48,46.15,0.39
2018-02-03 11:00:00,0.0,30.07,45.16,1.03
2018-02-03 12:00:00,0.0,30.42,46.48,1.73
2018-02-03 13:00:00,0.0,30.58,48.11,2.39
2018-02-03 14:00:00,0.0,30.54,50.31,2.67
2018-02-03 15:00:00,0.0,30.39,51.46,2.58
2018-02-03 16:00:00,0.0,30.07,52.67,2.49
2018-02-03 17:00:00,0.0,29.52,53.51,2.64
2018-02-03 18:00:00,0.0,28.64,59.77,2.59
2018-02-03 19:00:00,0.0,28.05,66.01,2.1
2018-02-03 20:00:00,0.0,27.85,67.52,1.47
2018-02-03 21:00:00,0.0,27.75,66.39,1.06
2018-02-03 22:00:00,0.0,27.44,66.07,1.16
2018-02-03 23:00:00,0.0,27.03,65.59,1.42
2018-02-04 00:00:00,0.0,26.59,65.25,1.74
2018-02-04 01:00:00,0.0,26.05,65.72,2.02
2018-02-04 02:00:00,0.0,25.58,66.05,2.06
2018-02-04 03:00:00,0.0,25.28,66.06,2.17
2018-02-04 04:00:00,0.0,25.08,65.82,2.36
2018-02-04 05:00:00,0.0,25.01,65.08,2.46
2018-02-04 06:00:00,0.0,25.24,64.04,2.42
2018-02-04 07:00:00,0.0,26.28,57.35,2.54
2018-02-04 08:00:00,0.0,27.09,51.4,2.15
2018-02-04 09:00:00,0.0,27.89,48.8,1.35
2018-02-04 10:00:00,0.0,28.67,47.08,0.63
2018-02-04 11:00:00,0.0,29.55,44.87,0.66
2018-02-04 12:00:00,0.0,30.16,43.88,1.11
2018-02-04 13:00:00,0.0,30.37,47.25,1.69
2018-02-04 14:00:00,0.0,30.39,50.62,2.25
2018-02-04 15:00:00,0.0,30.26,53.54,2.55
2018-02-04 16:00:00,0.0,29.99,55.36,2.66
2018-02-04 17:00:00,0.0,29.46,57.57,2.78
2018-02-04 18:00:00,0.0,28.62,64.0,2.79
2018-02-04 19:00:00,0.0,27.99,70.71,2.39
2018-02-04 20:00:00,0.0,27.66,74.7,1.8
2018-02-04 21:00:00,0.0,27.63,74.29,1.12
2018-02-04 22:00:00,0.0,27.51,73.57,0.9
2018-02-04 23:00:00,0.0,27.21,73.58,1.39
2018-02-05 00:00:00,0.0,26.88,73.23,1.88
2018-02-05 01:00:00,0.0,26.51,73.3,2.17
2018-02-05 02:00:00,0.0,26.21,72.82,2.21
2018-02-05 03:00:00,0.0,26.02,71.67,2.01
2018-02-05 04:00:00,0.0,25.86,70.18,1.86
2018-02-05 05:00:00,0.0,25.71,68.68,1.88
2018-02-05 06:00:00,0.0,25.81,67.37,2.14
2018-02-05 07:00:00,0.0,26.8,60.24,2.64
2018-02-05 08:00:00,0.0,27.95,53.93,2.53
2018-02-05 09:00:00,0.0,29.11,49.79,1.91
2018-02-05 10:00:00,0.0,29.95,47.9,1.68
2018-02-05 11:00:00,0.0,30.42,50.34,1.67
2018-02-05 12:00:00,0.0,30.67,53.26,1.94
2018-02-05 13:00:00,0.0,30.88,53.74,2.4
2018-02-05 14:00:00,0.0,30.89,54.61,2.72
2018-02-05 15:00:00,0.0,30.81,55.54,3.07
2018-02-05 16:00:00,0.0,30.52,57.29,3.49
2018-02-05 17:00:00,0.0,29.82,60.71,4.07
2018-02-05 18:00:00,0.0,28.91,66.91,4.4
2018-02-05 19:00:00,0.0,28.34,72.37,3.94
2018-02-05 20:00:00,0.0,28.08,75.05,3.15
2018-02-05 21:00:00,0.01,27.9,76.42,2.53
2018-02-05 22:00:00,0.01,27.76,77.07,2.14
2018-02-05 23:00:00,0.01,27.66,76.76,1.85
2018-02-06 00:00:00,0.01,27.52,75.99,1.49
2018-02-06 01:00:00,0.01,27.42,73.98,1.03
2018-02-06 02:00:00,0.01,27.37,71.34,0.73
2018-02-06 03:00:00,0.01,27.15,71.82,0.92
2018-02-06 04:00:00,0.0,26.95,72.37,1.26
2018-02-06 05:00:00,0.0,26.77,72.44,1.54
2018-02-06 06:00:00,0.0,26.81,72.12,1.78
2018-02-06 07:00:00,0.0,27.59,65.48,2.25
2018-02-06 08:00:00,0.0,28.63,60.22,2.15
2018-02-06 09:00:00,0.0,29.64,58.34,1.5
2018-02-06 10:00:00,0.0,30.46,55.94,0.46
2018-02-06 11:00:00,0.0,31.01,56.8,1.25
2018-02-06 12:00:00,0.01,31.35,56.2,2.06
2018-02-06 13:00:00,0.01,31.35,57.5,2.89
2018-02-06 14:00:00,0.02,31.05,60.38,3.75
2018-02-06 15:00:00,0.02,30.57,62.84,4.3
2018-02-06 16:00:00,0.03,29.95,65.4,4.39
2018-02-06 17:00:00,0.03,29.32,67.94,4.19
2018-02-06 18:00:00,0.03,28.73,71.42,4.08
2018-02-06 19:00:00,0.04,28.32,74.67,4.02
2018-02-06 20:00:00,0.05,28.06,76.67,3.46
2018-02-06 21:00:00,0.07,27.86,77.75,2.7
2018-02-06 22:00:00,0.09,27.69,78.43,2.05
2018-02-06 23:00:00,0.1,27.51,79.18,1.62
2018-02-07 00:00:00,0.09,27.36,79.81,1.44
2018-02-07 01:00:00,0.1,27.23,80.45,1.42
2018-02-07 02:00:00,0.13,27.13,81.14,1.49
2018-02-07 03:00:00,0.13,27.07,81.46,1.66
2018-02-07 04:00:00,0.11,27.03,82.16,1.85
2018-02-07 05:00:00,0.08,26.99,82.32,2.09
2018-02-07 06:00:00,0.07,27.11,81.26,2.44
2018-02-07 07:00:00,0.07,27.51,77.66,2.97
2018-02-07 08:00:00,0.07,27.91,75.03,3.02
2018-02-07 09:00:00,0.07,28.25,72.71,3.1
2018-02-07 10:00:00,0.07,28.53,70.97,3.26
2018-02-07 11:00:00,0.08,28.71,69.84,3.43
2018-02-07 12:00:00,0.09,28.8,69.33,3.71
2018-02-07 13:00:00,0.1,28.84,69.15,3.98
2018-02-07 14:00:00,0.09,28.97,68.31,4.14
2018-02-07 15:00:00,0.07,29.13,67.35,4.29
2018-02-07 16:00:00,0.06,29.15,67.23,4.45
2018-02-07 17:00:00,0.07,28.89,68.7,4.32
2018-02-07 18:00:00,0.09,28.53,71.17,3.9
2018-02-07 19:00:00,0.08,28.3,73.13,3.4
2018-02-07 20:00:00,0.08,28.12,74.56,2.86
2018-02-07 21:00:00,0.08,28.01,75.38,2.34
2018-02-07 22:00:00,0.08,27.91,75.84,1.9
2018-02-07 23:00:00,0.07,27.81,75.94,1.79
2018-02-08 00:00:00,0.06,27.59,76.85,1.92
2018-02-08 01:00:00,0.05,27.28,78.5,1.91
2018-02-08 02:00:00,0.04,27.02,79.9,1.59
2018-02-08 03:00:00,0.05,26.82,81.16,1.1
2018-02-08 04:00:00,0.09,26.69,81.91,0.72
2018-02-08 05:00:00,0.17,26.84,80.17,0.47
2018-02-08 06:00:00,0.27,27.06,78.19,0.3
2018-02-08 07:00:00,0.38,27.38,75.67,0.3
2018-02-08 08:00:00,0.3,27.77,72.68,0.4
2018-02-08 09:00:00,0.17,28.34,69.2,0.53
2018-02-08 10:00:00,0.07,28.93,65.03,0.65
2018-02-08 11:00:00,0.03,29.38,61.66,0.37
2018-02-08 12:00:00,0.02,29.61,60.24,0.27
2018-02-08 13:00:00,0.02,29.68,60.92,0.91
2018-02-08 14:00:00,0.03,29.69,61.97,1.46
2018-02-08 15:00:00,0.05,29.68,62.91,1.84
2018-02-08 16:00:00,0.06,29.56,64.29,2.0
2018-02-08 17:00:00,0.03,29.25,65.99,2.08
2018-02-08 18:00:00,0.03,28.74,70.41,1.92
2018-02-08 19:00:00,0.02,28.39,73.91,1.77
2018-02-08 20:00:00,0.01,28.16,75.79,1.59
2018-02-08 21:00:00,0.01,28.02,76.55,1.38
2018-02-08 22:00:00,0.01,27.95,76.29,1.18
2018-02-08 23:00:00,0.02,27.95,74.96,1.01
2018-02-09 00:00:00,0.03,27.9,74.42,1.08
2018-02-09 01:00:00,0.03,27.7,76.02,1.39
2018-02-09 02:00:00,0.04,27.51,77.6,1.61
2018-02-09 03:00:00,0.04,27.41,78.19,1.61
2018-02-09 04:00:00,0.04,27.32,78.5,1.55
2018-02-09 05:00:00,0.04,27.23,78.74,1.44
2018-02-09 06:00:00,0.02,27.24,79.14,1.35
2018-02-09 07:00:00,0.02,27.59,76.29,1.18
2018-02-09 08:00:00,0.02,27.99,73.87,0.83
2018-02-09 09:00:00,0.01,28.51,71.15,0.93
2018-02-09 10:00:00,0.01,28.96,68.71,1.2
2018-02-09 11:00:00,0.02,29.2,67.5,1.59
2018-02-09 12:00:00,0.02,29.29,67.19,1.96
2018-02-09 13:00:00,0.03,29.29,67.44,2.3
2018-02-09 14:00:00,0.03,29.26,67.98,2.74
2018-02-09 15:00:00,0.03,29.17,69.24,3.37
2018-02-09 16:00:00,0.03,28.92,71.73,4.07
2018-02-09 17:00:00,0.02,28.55,74.89,4.36
2018-02-09 18:00:00,0.03,28.26,77.17,4.06
2018-02-09 19:00:00,0.03,28.12,78.4,3.38
2018-02-09 20:00:00,0.04,28.05,79.24,2.76
2018-02-09 21:00:00,0.06,27.98,79.63,2.28
2018-02-09 22:00:00,0.06,27.9,79.82,2.0
2018-02-09 23:00:00,0.06,27.82,79.91,1.96
2018-02-10 00:00:00,0.07,27.71,80.25,2.03
2018-02-10 01:00:00,0.06,27.6,80.41,2.04
2018-02-10 02:00:00,0.06,27.47,80.78,2.09
2018-02-10 03:00:00,0.06,27.37,80.85,2.09
2018-02-10 04:00:00,0.06,27.29,80.61,2.06
2018-02-10 05:00:00,0.03,27.27,79.97,2.01
2018-02-10 06:00:00,0.02,27.29,79.51,1.89
2018-02-10 07:00:00,0.02,27.59,77.54,1.83
2018-02-10 08:00:00,0.01,27.94,73.74,1.76
2018-02-10 09:00:00,0.01,28.34,71.27,1.69
2018-02-10 10:00:00,0.0,28.83,68.06,1.71
2018-02-10 11:00:00,0.0,29.31,65.04,1.54
2018-02-10 12:00:00,0.0,29.7,62.75,1.36
2018-02-10 13:00:00,0.0,29.94,62.54,1.42
2018-02-10 14:00:00,0.0,30.05,63.07,1.7
2018-02-10 15:00:00,0.0,30.11,62.88,2.06
2018-02-10 16:00:00,0.0,30.01,63.23,2.54
2018-02-10 17:00:00,0.0,29.58,65.48,3.16
2018-02-10 18:00:00,0.0,29.03,69.43,3.31
2018-02-10 19:00:00,0.0,28.7,72.45,3.03
2018-02-10 20:00:00,0.0,28.44,74.96,2.48
2018-02-10 21:00:00,0.0,28.21,76.86,1.92
2018-02-10 22:00:00,0.0,28.01,77.92,1.56
2018-02-10 23:00:00,0.0,27.82,78.38,1.32
2018-02-11 00:00:00,0.0,27.69,76.42,1.1
2018-02-11 01:00:00,0.0,27.53,74.5,1.09
2018-02-11 02:00:00,0.0,27.37,73.3,1.18
2018-02-11 03:00:00,0.0,27.21,72.63,1.18
2018-02-11 04:00:00,0.0,27.07,72.24,1.2
2018-02-11 05:00:00,0.0,26.95,72.08,1.35
2018-02-11 06:00:00,0.0,26.91,72.17,1.66
2018-02-11 07:00:00,0.0,27.48,66.72,2.26
2018-02-11 08:00:00,0.0,28.23,61.35,2.37
2018-02-11 09:00:00,0.0,29.16,55.16,2.21
2018-02-11 10:00:00,0.0,29.95,50.48,1.85
2018-02-11 11:00:00,0.0,30.51,49.31,1.65
2018-02-11 12:00:00,0.0,30.88,49.65,1.74
2018-02-11 13:00:00,0.0,31.26,47.98,2.07
2018-02-11 14:00:00,0.0,31.46,47.88,2.35
2018-02-11 15:00:00,0.0,31.51,48.49,2.51
2018-02-11 16:00:00,0.0,31.35,49.99,2.5
2018-02-11 17:00:00,0.0,30.85,53.79,2.34
2018-02-11 18:00:00,0.0,30.2,59.11,2.22
2018-02-11 19:00:00,0.0,29.64,65.02,2.1
2018-02-11 20:00:00,0.0,29.27,67.88,1.89
2018-02-11 21:00:00,0.01,28.93,70.09,1.52
2018-02-11 22:00:00,0.02,28.6,72.25,1.03
2018-02-11 23:00:00,0.03,28.38,72.08,0.75
2018-02-12 00:00:00,0.09,28.14,72.75,0.73
2018-02-12 01:00:00,0.2,27.92,73.89,0.83
2018-02-12 02:00:00,0.33,27.69,75.21,0.94
2018-02-12 03:00:00,0.35,27.42,76.93,1.09
2018-02-12 04:00:00,0.42,27.21,78.37,1.27
2018-02-12 05:00:00,0.47,27.08,79.21,1.46
2018-02-12 06:00:00,0.45,27.12,79.24,1.62
2018-02-12 07:00:00,0.51,27.48,75.75,2.01
2018-02-12 08:00:00,0.04,27.73,74.37,2.24
2018-02-12 09:00:00,0.04,27.93,73.66,2.49
2018-02-12 10:00:00,0.04,28.03,73.32,2.64
2018-02-12 11:00:00,0.04,28.19,72.33,2.64
2018-02-12 12:00:00,0.04,28.35,70.93,2.5
2018-02-12 13:00:00,0.03,28.54,69.3,2.25
2018-02-12 14:00:00,0.03,28.78,67.65,2.17
2018-02-12 15:00:00,0.02,28.93,66.94,2.3
2018-02-12 16:00:00,0.02,28.9,67.72,2.6
2018-02-12 17:00:00,0.02,28.59,70.78,2.84
2018-02-12 18:00:00,0.02,28.16,75.57,2.73
2018-02-12 19:00:00,0.02,27.9,78.61,2.71
2018-02-12 20:00:00,0.02,27.73,80.34,2.48
2018-02-12 21:00:00,0.02,27.61,81.29,2.04
2018-02-12 22:00:00,0.01,27.62,80.44,1.53
2018-02-12 23:00:00,0.01,27.77,77.27,0.83
2018-02-13 00:00:00,0.01,27.63,76.88,0.09
2018-02-13 01:00:00,0.02,27.35,77.45,0.73
2018-02-13 02:00:00,0.03,27.21,76.22,1.24
2018-02-13 03:00:00,0.03,27.11,74.77,1.44
2018-02-13 04:00:00,0.02,27.06,73.38,1.49
2018-02-13 05:00:00,0.02,26.97,72.58,1.52
2018-02-13 06:00:00,0.02,26.95,72.28,1.66
2018-02-13 07:00:00,0.02,27.35,69.8,1.86
2018-02-13 08:00:00,0.02,27.83,64.75,2.04
2018-02-13 09:00:00,0.01,28.32,61.57,1.9
2018-02-13 10:00:00,0.01,28.86,57.86,1.47
2018-02-13 11:00:00,0.01,29.27,54.75,0.99
2018-02-13 12:00:00,0.0,29.61,52.12,0.49
2018-02-13 13:00:00,0.0,29.93,50.31,0.19
2018-02-13 14:00:00,0.0,30.11,49.47,0.26
2018-02-13 15:00:00,0.0,30.18,49.44,0.6
2018-02-13 16:00:00,0.0,30.14,50.24,1.01
2018-02-13 17:00:00,0.0,29.83,53.72,1.46
2018-02-13 18:00:00,0.0,29.22,61.21,1.8
2018-02-13 19:00:00,0.0,28.77,65.68,1.86
2018-02-13 20:00:00,0.0,28.54,66.56,1.68
2018-02-13 21:00:00,0.0,28.45,65.75,1.15
2018-02-13 22:00:00,0.0,28.22,65.19,0.69
2018-02-13 23:00:00,0.0,27.7,67.49,1.12
2018-02-14 00:00:00,0.0,27.13,70.08,1.55
2018-02-14 01:00:00,0.0,26.67,71.64,1.88
2018-02-14 02:00:00,0.0,26.35,72.53,2.31
2018-02-14 03:00:00,0.0,26.05,73.18,2.62
2018-02-14 04:00:00,0.0,25.7,74.12,2.71
2018-02-14 05:00:00,0.0,25.44,74.84,2.83
2018-02-14 06:00:00,0.0,25.51,74.58,3.14
2018-02-14 07:00:00,0.0,26.28,70.13,3.86
2018-02-14 08:00:00,0.0,27.16,64.89,3.6
2018-02-14 09:00:00,0.0,28.26,57.27,2.62
2018-02-14 10:00:00,0.0,29.27,50.12,1.66
2018-02-14 11:00:00,0.0,30.22,44.3,0.81
2018-02-14 12:00:00,0.0,30.97,43.88,0.21
2018-02-14 13:00:00,0.0,31.23,46.62,1.05
2018-02-14 14:00:00,0.0,31.33,46.26,1.71
2018-02-14 15:00:00,0.0,31.18,49.22,2.33
2018-02-14 16:00:00,0.0,30.92,51.73,2.89
2018-02-14 17:00:00,0.0,30.29,54.45,3.39
2018-02-14 18:00:00,0.0,29.42,59.74,3.29
2018-02-14 19:00:00,0.0,28.82,65.57,2.66
2018-02-14 20:00:00,0.0,28.48,69.06,2.01
2018-02-14 21:00:00,0.0,28.25,70.65,1.39
2018-02-14 22:00:00,0.0,28.06,71.34,0.96
2018-02-14 23:00:00,0.0,27.99,70.42,0.8
2018-02-15 00:00:00,0.0,27.81,69.33,1.12
2018-02-15 01:00:00,0.0,27.53,69.47,1.74
2018-02-15 02:00:00,0.0,27.26,69.67,2.17
2018-02-15 03:00:00,0.0,26.97,69.83,2.32
2018-02-15 04:00:00,0.0,26.72,69.98,2.53
2018-02-15 05:00:00,0.0,26.46,70.5,2.75
2018-02-15 06:00:00,0.0,26.4,70.43,2.96
2018-02-15 07:00:00,0.0,27.06,66.5,3.53
2018-02-15 08:00:00,0.0,27.99,61.54,3.58
2018-02-15 09:00:00,0.0,29.27,54.82,2.7
2018-02-15 10:00:00,0.0,30.31,50.13,1.32
2018-02-15 11:00:00,0.0,30.89,51.53,0.28
2018-02-15 12:00:00,0.0,31.25,51.62,1.15
2018-02-15 13:00:00,0.0,31.25,52.06,1.96
2018-02-15 14:00:00,0.0,31.16,53.81,2.27
2018-02-15 15:00:00,0.0,31.17,55.43,2.11
2018-02-15 16:00:00,0.0,31.11,56.48,1.78
2018-02-15 17:00:00,0.0,30.8,58.41,1.55
2018-02-15 18:00:00,0.0,30.36,61.26,1.56
2018-02-15 19:00:00,0.0,30.01,62.74,1.67
2018-02-15 20:00:00,0.0,29.74,61.58,1.55
2018-02-15 21:00:00,0.0,29.4,63.25,1.05
2018-02-15 22:00:00,0.0,29.08,64.98,0.49
2018-02-15 23:00:00,0.0,28.59,66.88,1.01
2018-02-16 00:00:00,0.0,28.13,68.07,1.71
2018-02-16 01:00:00,0.0,27.68,68.98,2.25
2018-02-16 02:00:00,0.0,27.28,69.57,2.45
2018-02-16 03:00:00,0.0,26.97,69.73,2.46
2018-02-16 04:00:00,0.0,26.67,69.95,2.42
2018-02-16 05:00:00,0.0,26.4,70.27,2.54
2018-02-16 06:00:00,0.0,26.41,69.72,2.78
2018-02-16 07:00:00,0.0,27.01,65.73,3.22
2018-02-16 08:00:00,0.0,27.81,60.87,3.16
2018-02-16 09:00:00,0.0,28.98,53.43,2.92
2018-02-16 10:00:00,0.0,30.21,45.82,2.46
2018-02-16 11:00:00,0.0,31.16,42.36,1.79
2018-02-16 12:00:00,0.0,31.62,44.0,1.0
2018-02-16 13:00:00,0.0,32.23,41.06,0.56
2018-02-16 14:00:00,0.0,32.68,38.93,0.8
2018-02-16 15:00:00,0.0,32.77,39.53,1.24
2018-02-16 16:00:00,0.0,32.57,41.7,1.59
2018-02-16 17:00:00,0.0,31.91,46.63,1.91
2018-02-16 18:00:00,0.0,31.06,51.05,2.35
2018-02-16 19:00:00,0.0,30.2,57.82,2.37
2018-02-16 20:00:00,0.0,29.84,58.42,2.18
2018-02-16 21:00:00,0.0,29.46,61.01,1.72
2018-02-16 22:00:00,0.0,29.06,63.85,1.29
2018-02-16 23:00:00,0.0,28.77,64.98,0.98
2018-02-17 00:00:00,0.0,28.47,65.39,0.85
2018-02-17 01:00:00,0.0,28.15,65.46,0.74
2018-02-17 02:00:00,0.0,27.87,65.33,0.55
2018-02-17 03:00:00,0.0,27.64,64.88,0.46
2018-02-17 04:00:00,0.0,27.5,64.32,0.34
2018-02-17 05:00:00,0.0,27.39,63.74,0.46
2018-02-17 06:00:00,0.0,27.45,63.77,0.42
2018-02-17 07:00:00,0.0,27.99,60.94,0.74
2018-02-17 08:00:00,0.0,28.57,59.15,0.64
2018-02-17 09:00:00,0.0,29.18,58.09,0.99
2018-02-17 10:00:00,0.0,29.61,58.11,1.95
2018-02-17 11:00:00,0.0,29.81,58.83,2.65
2018-02-17 12:00:00,0.0,29.97,59.04,2.99
2018-02-17 13:00:00,0.0,30.15,58.85,3.2
2018-02-17 14:00:00,0.0,30.28,58.8,3.2
2018-02-17 15:00:00,0.0,30.27,59.04,3.02
2018-02-17 16:00:00,0.0,30.05,60.2,2.91
2018-02-17 17:00:00,0.0,29.6,63.02,3.01
2018-02-17 18:00:00,0.0,29.01,67.5,3.19
2018-02-17 19:00:00,0.0,28.58,71.02,3.09
2018-02-17 20:00:00,0.0,28.29,73.13,2.76
2018-02-17 21:00:00,0.0,28.12,73.94,2.52
2018-02-17 22:00:00,0.0,28.01,74.22,2.31
2018-02-17 23:00:00,0.0,27.87,74.34,2.1
2018-02-18 00:00:00,0.0,27.75,73.93,1.93
2018-02-18 01:00:00,0.0,27.62,72.99,1.71
2018-02-18 02:00:00,0.0,27.52,72.07,1.47
2018-02-18 03:00:00,0.0,27.42,71.51,1.27
2018-02-18 04:00:00,0.0,27.34,70.92,1.12
2018-02-18 05:00:00,0.0,27.26,70.44,1.06
2018-02-18 06:00:00,0.0,27.33,69.59,1.12
2018-02-18 07:00:00,0.0,27.82,66.52,1.29
2018-02-18 08:00:00,0.0,28.5,62.55,1.32
2018-02-18 09:00:00,0.0,29.33,57.59,1.04
2018-02-18 10:00:00,0.0,30.17,52.86,0.4
2018-02-18 11:00:00,0.0,30.89,52.31,0.75
2018-02-18 12:00:00,0.0,31.31,54.42,1.65
2018-02-18 13:00:00,0.0,31.66,54.0,2.58
2018-02-18 14:00:00,0.0,31.74,53.92,3.49
2018-02-18 15:00:00,0.0,31.53,54.67,4.33
2018-02-18 16:00:00,0.0,30.95,57.1,5.07
2018-02-18 17:00:00,0.0,30.0,61.72,5.52
2018-02-18 18:00:00,0.0,29.14,66.91,5.33
2018-02-18 19:00:00,0.0,28.74,69.22,4.65
2018-02-18 20:00:00,0.0,28.55,70.12,3.65
2018-02-18 21:00:00,0.0,28.38,70.87,2.8
2018-02-18 22:00:00,0.0,28.22,71.55,2.33
2018-02-18 23:00:00,0.0,28.06,72.26,2.21
2018-02-19 00:00:00,0.0,27.9,72.55,2.06
2018-02-19 01:00:00,0.0,27.76,72.2,1.76
2018-02-19 02:00:00,0.0,27.59,72.04,1.65
2018-02-19 03:00:00,0.0,27.42,71.91,1.68
2018-02-19 04:00:00,0.0,27.28,71.58,1.59
2018-02-19 05:00:00,0.0,27.17,71.13,1.58
2018-02-19 06:00:00,0.0,27.26,69.94,1.79
2018-02-19 07:00:00,0.0,27.7,66.96,1.96
2018-02-19 08:00:00,0.0,28.33,63.53,1.51
2018-02-19 09:00:00,0.0,29.09,59.68,0.67
2018-02-19 10:00:00,0.0,30.08,55.77,0.52
2018-02-19 11:00:00,0.0,30.86,54.63,1.84
2018-02-19 12:00:00,0.0,31.3,56.31,2.99
2018-02-19 13:00:00,0.0,31.46,57.23,4.04
2018-02-19 14:00:00,0.0,31.36,58.04,4.71
2018-02-19 15:00:00,0.0,31.08,59.46,4.95
2018-02-19 16:00:00,0.0,30.55,61.77,5.03
2018-02-19 17:00:00,0.0,29.86,65.1,5.02
2018-02-19 18:00:00,0.0,29.21,68.96,4.83
2018-02-19 19:00:00,0.0,28.85,70.95,4.18
2018-02-19 20:00:00,0.0,28.66,71.67,3.34
2018-02-19 21:00:00,0.0,28.52,71.95,2.68
2018-02-19 22:00:00,0.0,28.41,71.92,2.38
2018-02-19 23:00:00,0.0,28.28,71.28,2.2
2018-02-20 00:00:00,0.0,28.13,69.99,1.78
2018-02-20 01:00:00,0.0,27.92,68.99,1.08
2018-02-20 02:00:00,0.0,27.69,68.66,0.48
2018-02-20 03:00:00,0.0,27.53,68.75,0.06
2018-02-20 04:00:00,0.0,27.42,69.1,0.22
2018-02-20 05:00:00,0.0,27.39,68.7,0.35
2018-02-20 06:00:00,0.0,27.53,67.54,0.41
2018-02-20 07:00:00,0.0,28.04,64.68,0.25
2018-02-20 08:00:00,0.0,28.84,60.16,0.08
2018-02-20 09:00:00,0.0,29.79,54.17,0.09
2018-02-20 10:00:00,0.0,30.71,49.69,0.59
2018-02-20 11:00:00,0.0,31.39,49.62,1.41
2018-02-20 12:00:00,0.0,31.86,50.18,2.42
2018-02-20 13:00:00,0.0,32.07,50.46,3.41
2018-02-20 14:00:00,0.0,31.99,51.26,4.21
2018-02-20 15:00:00,0.0,31.61,53.35,4.75
2018-02-20 16:00:00,0.0,30.94,56.67,5.08
2018-02-20 17:00:00,0.0,29.98,61.92,5.17
2018-02-20 18:00:00,0.0,29.14,67.71,4.93
2018-02-20 19:00:00,0.0,28.72,70.68,4.28
2018-02-20 20:00:00,0.0,28.55,71.28,3.47
2018-02-20 21:00:00,0.0,28.45,71.08,2.73
2018-02-20 22:00:00,0.0,28.32,70.88,2.3
2018-02-20 23:00:00,0.0,28.19,70.35,2.07
2018-02-21 00:00:00,0.0,27.98,69.94,1.92
2018-02-21 01:00:00,0.0,27.73,69.72,1.76
2018-02-21 02:00:00,0.0,27.45,69.71,1.48
2018-02-21 03:00:00,0.0,27.24,69.6,1.14
2018-02-21 04:00:00,0.0,27.12,69.18,0.82
2018-02-21 05:00:00,0.0,27.1,68.39,0.64
2018-02-21 06:00:00,0.0,27.27,66.88,0.88
2018-02-21 07:00:00,0.0,27.82,63.36,1.17
2018-02-21 08:00:00,0.0,28.71,57.34,1.08
2018-02-21 09:00:00,0.0,29.76,51.34,0.94
2018-02-21 10:00:00,0.0,30.78,47.85,1.16
2018-02-21 11:00:00,0.0,31.44,49.07,1.88
2018-02-21 12:00:00,0.0,31.92,49.3,2.84
2018-02-21 13:00:00,0.0,32.15,49.61,3.85
2018-02-21 14:00:00,0.0,32.03,50.28,4.5
2018-02-21 15:00:00,0.0,31.7,51.15,4.93
2018-02-21 16:00:00,0.0,31.06,53.34,5.37
2018-02-21 17:00:00,0.0,30.1,57.68,5.74
2018-02-21 18:00:00,0.0,29.22,62.89,5.8
2018-02-21 19:00:00,0.0,28.82,65.79,5.43
2018-02-21 20:00:00,0.0,28.63,67.2,4.87
2018-02-21 21:00:00,0.0,28.52,67.92,4.37
2018-02-21 22:00:00,0.0,28.39,68.6,4.03
2018-02-21 23:00:00,0.0,28.24,69.22,3.76
2018-02-22 00:00:00,0.0,28.07,69.52,3.38
2018-02-22 01:00:00,0.0,27.9,69.53,2.84
2018-02-22 02:00:00,0.0,27.74,69.31,2.21
2018-02-22 03:00:00,0.0,27.59,69.06,1.56
2018-02-22 04:00:00,0.0,27.48,68.75,1.03
2018-02-22 05:00:00,0.0,27.4,68.54,0.58
2018-02-22 06:00:00,0.0,27.52,68.12,0.56
2018-02-22 07:00:00,0.0,28.0,66.44,1.18
2018-02-22 08:00:00,0.0,28.69,63.85,1.81
2018-02-22 09:00:00,0.0,29.7,58.96,2.26
2018-02-22 10:00:00,0.0,30.67,54.1,2.51
2018-02-22 11:00:00,0.0,31.32,53.08,2.76
2018-02-22 12:00:00,0.0,31.78,51.65,3.36
2018-02-22 13:00:00,0.0,31.93,51.53,4.02
2018-02-22 14:00:00,0.0,31.79,52.61,4.46
2018-02-22 15:00:00,0.0,31.43,54.5,4.67
2018-02-22 16:00:00,0.0,30.91,56.94,4.72
2018-02-22 17:00:00,0.0,30.16,60.28,4.89
2018-02-22 18:00:00,0.0,29.34,65.3,4.77
2018-02-22 19:00:00,0.0,28.85,68.68,4.19
2018-02-22 20:00:00,0.0,28.59,70.28,3.28
2018-02-22 21:00:00,0.0,28.45,70.66,2.29
2018-02-22 22:00:00,0.0,28.37,70.18,1.52
2018-02-22 23:00:00,0.0,28.29,69.54,1.23
2018-02-23 00:00:00,0.0,28.11,69.02,1.13
2018-02-23 01:00:00,0.0,27.91,68.48,0.94
2018-02-23 02:00:00,0.0,27.74,67.87,0.68
2018-02-23 03:00:00,0.0,27.58,67.3,0.39
2018-02-23 04:00:00,0.0,27.46,66.48,0.26
2018-02-23 05:00:00,0.0,27.35,65.81,0.41
2018-02-23 06:00:00,0.0,27.43,64.37,0.64
2018-02-23 07:00:00,0.0,27.95,60.91,0.67
2018-02-23 08:00:00,0.0,28.87,55.12,0.6
2018-02-23 09:00:00,0.0,30.06,47.68,0.79
2018-02-23 10:00:00,0.0,31.05,44.35,0.87
2018-02-23 11:00:00,0.0,31.73,44.84,1.34
2018-02-23 12:00:00,0.0,32.16,46.46,2.27
2018-02-23 13:00:00,0.0,32.36,47.1,3.2
2018-02-23 14:00:00,0.0,32.28,48.27,3.9
2018-02-23 15:00:00,0.0,31.94,50.2,4.37
2018-02-23 16:00:00,0.0,31.32,53.36,4.66
2018-02-23 17:00:00,0.0,30.45,57.93,4.87
2018-02-23 18:00:00,0.0,29.57,63.81,4.8
2018-02-23 19:00:00,0.0,29.04,67.6,4.34
2018-02-23 20:00:00,0.0,28.79,69.12,3.8
2018-02-23 21:00:00,0.0,28.68,69.52,3.56
2018-02-23 22:00:00,0.0,28.65,68.55,3.54
2018-02-23 23:00:00,0.0,28.58,66.67,3.49
2018-02-24 00:00:00,0.0,28.38,65.11,3.37
2018-02-24 01:00:00,0.0,28.11,64.28,3.19
2018-02-24 02:00:00,0.0,27.72,64.04,2.96
2018-02-24 03:00:00,0.0,27.31,63.91,2.72
2018-02-24 04:00:00,0.0,26.97,63.62,2.61
2018-02-24 05:00:00,0.0,26.68,63.36,2.74
2018-02-24 06:00:00,0.0,26.67,62.54,3.29
2018-02-24 07:00:00,0.0,27.23,59.28,3.73
2018-02-24 08:00:00,0.0,28.53,52.23,3.39
2018-02-24 09:00:00,0.0,30.02,45.73,2.72
2018-02-24 10:00:00,0.0,31.16,41.47,1.93
2018-02-24 11:00:00,0.0,31.8,43.04,1.26
2018-02-24 12:00:00,0.0,32.45,41.88,1.28
2018-02-24 13:00:00,0.0,32.96,40.9,1.77
2018-02-24 14:00:00,0.0,33.06,42.4,2.23
2018-02-24 15:00:00,0.0,32.93,44.31,2.51
2018-02-24 16:00:00,0.0,32.61,46.44,2.6
2018-02-24 17:00:00,0.0,32.02,49.93,2.6
2018-02-24 18:00:00,0.0,31.24,53.96,2.71
2018-02-24 19:00:00,0.0,30.7,56.42,2.67
2018-02-24 20:00:00,0.0,30.29,58.25,2.3
2018-02-24 21:00:00,0.0,30.07,57.76,1.85
2018-02-24 22:00:00,0.0,29.8,58.37,1.48
2018-02-24 23:00:00,0.0,29.55,58.43,0.69
2018-02-25 00:00:00,0.0,29.19,59.47,0.77
2018-02-25 01:00:00,0.0,28.78,60.7,0.86
2018-02-25 02:00:00,0.0,28.38,61.79,0.84
2018-02-25 03:00:00,0.0,28.0,63.01,0.77
2018-02-25 04:00:00,0.0,27.69,64.15,0.66
2018-02-25 05:00:00,0.0,27.46,64.96,0.54
2018-02-25 06:00:00,0.0,27.49,64.73,0.56
2018-02-25 07:00:00,0.0,27.98,62.37,0.53
2018-02-25 08:00:00,0.0,28.75,59.18,0.16
2018-02-25 09:00:00,0.0,29.72,55.73,0.23
2018-02-25 10:00:00,0.0,30.64,52.21,0.64
2018-02-25 11:00:00,0.0,31.38,50.94,1.32
2018-02-25 12:00:00,0.0,31.84,52.36,2.01
2018-02-25 13:00:00,0.0,32.23,51.72,2.75
2018-02-25 14:00:00,0.0,32.34,52.24,3.33
2018-02-25 15:00:00,0.0,32.23,52.98,3.57
2018-02-25 16:00:00,0.0,31.94,54.19,3.68
2018-02-25 17:00:00,0.0,31.39,56.1,3.93
2018-02-25 18:00:00,0.0,30.74,58.34,4.22
2018-02-25 19:00:00,0.0,30.23,60.98,4.1
2018-02-25 20:00:00,0.0,29.92,62.58,3.48
2018-02-25 21:00:00,0.0,29.7,63.29,2.83
2018-02-25 22:00:00,0.0,29.47,63.66,2.33
2018-02-25 23:00:00,0.0,29.25,63.81,1.92
2018-02-26 00:00:00,0.0,29.05,63.71,1.48
2018-02-26 01:00:00,0.0,28.88,63.39,1.1
2018-02-26 02:00:00,0.0,28.73,63.61,0.88
2018-02-26 03:00:00,0.0,28.57,64.3,0.8
2018-02-26 04:00:00,0.0,28.39,65.06,0.97
2018-02-26 05:00:00,0.01,28.24,65.56,1.16
2018-02-26 06:00:00,0.0,28.36,64.91,1.38
2018-02-26 07:00:00,0.0,28.83,62.69,1.79
2018-02-26 08:00:00,0.0,29.43,59.63,1.61
2018-02-26 09:00:00,0.0,30.21,55.72,1.35
2018-02-26 10:00:00,0.0,31.06,52.47,1.45
2018-02-26 11:00:00,0.0,31.69,52.88,1.79
2018-02-26 12:00:00,0.0,32.21,52.13,2.45
2018-02-26 13:00:00,0.0,32.5,52.07,3.12
2018-02-26 14:00:00,0.0,32.55,52.21,3.76
2018-02-26 15:00:00,0.0,32.3,53.34,4.29
2018-02-26 16:00:00,0.0,31.8,55.16,4.63
2018-02-26 17:00:00,0.0,31.11,57.58,4.6
2018-02-26 18:00:00,0.0,30.55,59.68,4.16
2018-02-26 19:00:00,0.0,30.26,60.54,3.58
2018-02-26 20:00:00,0.0,30.05,60.9,2.9
2018-02-26 21:00:00,0.0,29.79,61.53,2.54
2018-02-26 22:00:00,0.0,29.47,63.13,2.64
2018-02-26 23:00:00,0.0,29.08,65.06,2.75
2018-02-27 00:00:00,0.0,28.65,66.74,2.51
2018-02-27 01:00:00,0.0,28.3,67.58,1.99
2018-02-27 02:00:00,0.0,28.02,67.96,1.42
2018-02-27 03:00:00,0.0,27.88,67.85,1.09
2018-02-27 04:00:00,0.0,27.81,67.9,1.18
2018-02-27 05:00:00,0.0,27.83,67.39,1.3
2018-02-27 06:00:00,0.0,28.0,65.89,1.42
2018-02-27 07:00:00,0.0,28.66,61.77,1.58
2018-02-27 08:00:00,0.0,29.82,54.96,1.93
2018-02-27 09:00:00,0.0,30.97,51.2,1.85
2018-02-27 10:00:00,0.0,31.79,50.66,1.09
2018-02-27 11:00:00,0.0,32.51,48.67,0.6
2018-02-27 12:00:00,0.0,33.01,47.83,1.35
2018-02-27 13:00:00,0.0,33.24,48.19,2.19
2018-02-27 14:00:00,0.0,33.24,48.87,2.68
2018-02-27 15:00:00,0.0,33.13,49.76,2.85
2018-02-27 16:00:00,0.0,32.78,51.55,2.85
2018-02-27 17:00:00,0.0,32.3,54.01,2.73
2018-02-27 18:00:00,0.0,31.83,56.71,2.5
2018-02-27 19:00:00,0.0,31.53,58.25,2.28
2018-02-27 20:00:00,0.0,31.24,59.48,2.09
2018-02-27 21:00:00,0.01,30.98,60.32,1.94
2018-02-27 22:00:00,0.01,30.7,61.27,1.75
2018-02-27 23:00:00,0.02,30.39,61.14,1.77
2018-02-28 00:00:00,0.02,30.03,60.32,1.9
2018-02-28 01:00:00,0.01,29.61,61.31,2.06
2018-02-28 02:00:00,0.01,29.26,62.58,1.97
2018-02-28 03:00:00,0.01,29.02,63.86,1.91
2018-02-28 04:00:00,0.02,28.87,65.01,2.02
2018-02-28 05:00:00,0.02,28.75,66.08,2.06
2018-02-28 06:00:00,0.02,28.86,66.13,2.13
2018-02-28 07:00:00,0.02,29.32,64.17,2.22
2018-02-28 08:00:00,0.02,29.95,61.35,2.28
2018-02-28 09:00:00,0.02,30.69,57.69,2.17
2018-02-28 10:00:00,0.01,31.27,56.75,1.86
2018-02-28 11:00:00,0.01,31.76,56.25,1.7
2018-02-28 12:00:00,0.0,32.31,53.57,2.02
2018-02-28 13:00:00,0.0,32.64,52.43,2.63
2018-02-28 14:00:00,0.0,32.72,52.4,3.21
2018-02-28 15:00:00,0.0,32.55,53.44,3.6
2018-02-28 16:00:00,0.0,32.11,55.65,3.89
2018-02-28 17:00:00,0.01,31.45,58.61,4.11
2018-02-28 18:00:00,0.01,30.82,61.73,4.02
2018-02-28 19:00:00,0.07,30.46,63.58,3.5
2018-02-28 20:00:00,0.08,30.23,64.36,2.77
2018-02-28 21:00:00,0.09,30.04,64.53,2.01
2018-02-28 22:00:00,0.1,29.85,64.78,1.45
2018-02-28 23:00:00,0.07,29.59,65.3,1.13
2018-03-01 00:00:00,0.07,29.3,65.92,0.96
2018-03-01 01:00:00,0.04,29.04,66.48,1.16
2018-03-01 02:00:00,0.03,28.78,67.1,1.39
2018-03-01 03:00:00,0.03,28.52,67.59,1.43
2018-03-01 04:00:00,0.04,28.25,68.11,1.41
2018-03-01 05:00:00,0.08,28.02,68.32,1.44
2018-03-01 06:00:00,0.08,28.03,67.42,1.73
2018-03-01 07:00:00,0.01,28.52,64.47,2.16
2018-03-01 08:00:00,0.0,29.44,59.72,2.6
2018-03-01 09:00:00,0.0,30.57,53.97,2.63
2018-03-01 10:00:00,0.0,31.54,51.24,1.96
2018-03-01 11:00:00,0.0,32.29,49.24,0.85
2018-03-01 12:00:00,0.0,33.01,46.47,0.43
2018-03-01 13:00:00,0.0,33.52,45.78,1.44
2018-03-01 14:00:00,0.0,33.66,46.5,2.37
2018-03-01 15:00:00,0.0,33.38,48.98,3.14
2018-03-01 16:00:00,0.0,32.76,52.42,3.56
2018-03-01 17:00:00,0.0,32.01,56.12,3.82
2018-03-01 18:00:00,0.0,31.31,59.12,4.11
2018-03-01 19:00:00,0.0,30.82,60.32,4.11
2018-03-01 20:00:00,0.0,30.47,61.27,3.79
2018-03-01 21:00:00,0.01,30.2,62.44,3.44
2018-03-01 22:00:00,0.01,29.98,63.31,3.07
2018-03-01 23:00:00,0.01,29.73,64.01,2.65
2018-03-02 00:00:00,0.01,29.5,64.53,2.28
2018-03-02 01:00:00,0.01,29.3,64.86,1.99
2018-03-02 02:00:00,0.01,29.1,65.69,1.89
2018-03-02 03:00:00,0.01,28.89,67.01,1.84
2018-03-02 04:00:00,0.01,28.67,68.37,1.67
2018-03-02 05:00:00,0.0,28.47,69.37,1.31
2018-03-02 06:00:00,0.0,28.45,69.25,0.88
2018-03-02 07:00:00,0.0,28.68,67.61,0.41
2018-03-02 08:00:00,0.0,29.32,63.54,0.32
2018-03-02 09:00:00,0.0,30.31,57.3,0.59
2018-03-02 10:00:00,0.0,31.3,52.41,0.54
2018-03-02 11:00:00,0.0,32.06,50.9,0.64
2018-03-02 12:00:00,0.0,33.01,44.65,1.31
2018-03-02 13:00:00,0.0,33.52,43.03,2.1
2018-03-02 14:00:00,0.0,33.65,43.56,2.62
2018-03-02 15:00:00,0.0,33.62,43.7,2.88
2018-03-02 16:00:00,0.0,33.33,44.76,3.09
2018-03-02 17:00:00,0.0,32.65,47.79,3.46
2018-03-02 18:00:00,0.0,31.68,53.38,3.95
2018-03-02 19:00:00,0.0,30.94,57.69,4.45
2018-03-02 20:00:00,0.0,30.4,61.42,4.61
2018-03-02 21:00:00,0.0,30.08,63.94,4.39
2018-03-02 22:00:00,0.0,29.86,64.53,3.97
2018-03-02 23:00:00,0.0,29.64,63.99,3.37
2018-03-03 00:00:00,0.0,29.4,62.9,2.59
2018-03-03 01:00:00,0.0,29.18,61.4,1.61
2018-03-03 02:00:00,0.0,29.0,60.29,0.65
2018-03-03 03:00:00,0.0,28.75,60.61,0.14
2018-03-03 04:00:00,0.0,28.49,61.88,0.73
2018-03-03 05:00:00,0.0,28.28,63.6,1.18
2018-03-03 06:00:00,0.0,28.43,64.42,1.7
2018-03-03 07:00:00,0.0,28.96,64.1,2.28
2018-03-03 08:00:00,0.0,29.6,63.26,2.69
2018-03-03 09:00:00,0.0,30.3,60.81,2.93
2018-03-03 10:00:00,0.0,30.98,58.03,3.22
2018-03-03 11:00:00,0.0,31.55,56.3,3.64
2018-03-03 12:00:00,0.0,31.91,56.25,4.25
2018-03-03 13:00:00,0.0,31.96,57.41,5.05
2018-03-03 14:00:00,0.0,31.7,59.48,5.59
2018-03-03 15:00:00,0.0,31.26,61.73,5.79
2018-03-03 16:00:00,0.0,30.64,64.43,5.84
2018-03-03 17:00:00,0.0,29.95,67.46,5.66
2018-03-03 18:00:00,0.0,29.46,69.79,5.23
2018-03-03 19:00:00,0.0,29.24,70.74,4.63
2018-03-03 20:00:00,0.0,29.11,71.26,3.99
2018-03-03 21:00:00,0.01,28.99,71.83,3.41
2018-03-03 22:00:00,0.01,28.85,72.5,3.01
2018-03-03 23:00:00,0.02,28.67,73.35,2.88
2018-03-04 00:00:00,0.03,28.47,74.02,2.96
2018-03-04 01:00:00,0.03,28.34,74.48,3.09
2018-03-04 02:00:00,0.02,28.22,74.68,3.24
2018-03-04 03:00:00,0.02,28.13,74.95,3.37
2018-03-04 04:00:00,0.01,28.07,75.32,3.51
2018-03-04 05:00:00,0.01,28.05,75.38,3.52
2018-03-04 06:00:00,0.0,28.18,74.34,3.59
2018-03-04 07:00:00,0.0,28.59,71.56,3.5
2018-03-04 08:00:00,0.0,29.26,67.22,3.11
2018-03-04 09:00:00,0.0,30.18,61.08,2.47
2018-03-04 10:00:00,0.0,31.03,56.44,1.69
2018-03-04 11:00:00,0.0,31.72,54.77,1.49
2018-03-04 12:00:00,0.0,32.29,53.71,2.3
2018-03-04 13:00:00,0.0,32.58,53.01,3.44
2018-03-04 14:00:00,0.0,32.44,54.2,4.37
2018-03-04 15:00:00,0.0,31.97,56.69,5.0
2018-03-04 16:00:00,0.0,31.25,59.98,5.54
2018-03-04 17:00:00,0.0,30.36,64.13,5.52
2018-03-04 18:00:00,0.0,29.71,67.31,4.88
2018-03-04 19:00:00,0.0,29.44,68.43,3.87
2018-03-04 20:00:00,0.0,29.33,68.47,2.84
2018-03-04 21:00:00,0.0,29.28,68.38,2.21
2018-03-04 22:00:00,0.0,29.21,68.43,1.78
2018-03-04 23:00:00,0.0,29.11,68.24,1.39
2018-03-05 00:00:00,0.0,28.98,67.76,0.88
2018-03-05 01:00:00,0.0,28.85,67.15,0.39
2018-03-05 02:00:00,0.0,28.69,67.03,0.27
2018-03-05 03:00:00,0.0,28.51,67.54,0.48
2018-03-05 04:00:00,0.0,28.35,68.08,0.7
2018-03-05 05:00:00,0.0,28.2,68.94,0.89
2018-03-05 06:00:00,0.0,28.25,69.14,1.07
2018-03-05 07:00:00,0.0,28.68,67.89,1.3
2018-03-05 08:00:00,0.0,29.2,65.95,1.46
2018-03-05 09:00:00,0.0,29.96,62.82,1.71
2018-03-05 10:00:00,0.0,30.78,59.22,2.0
2018-03-05 11:00:00,0.0,31.43,58.11,2.37
2018-03-05 12:00:00,0.0,31.92,57.85,2.92
2018-03-05 13:00:00,0.0,32.18,57.77,3.66
2018-03-05 14:00:00,0.0,32.18,58.32,4.24
2018-03-05 15:00:00,0.0,31.87,59.67,4.63
2018-03-05 16:00:00,0.0,31.36,61.89,4.98
2018-03-05 17:00:00,0.0,30.54,65.72,5.29
2018-03-05 18:00:00,0.0,29.8,69.56,5.01
2018-03-05 19:00:00,0.0,29.5,70.97,4.25
2018-03-05 20:00:00,0.0,29.36,71.23,3.33
2018-03-05 21:00:00,0.0,29.24,71.49,2.47
2018-03-05 22:00:00,0.0,29.12,71.76,1.79
2018-03-05 23:00:00,0.0,28.98,72.2,1.4
2018-03-06 00:00:00,0.0,28.83,72.47,1.15
2018-03-06 01:00:00,0.0,28.66,72.53,0.86
2018-03-06 02:00:00,0.01,28.44,72.87,0.69
2018-03-06 03:00:00,0.01,28.23,73.12,0.66
2018-03-06 04:00:00,0.01,28.08,73.04,0.66
2018-03-06 05:00:00,0.01,27.99,72.72,0.71
2018-03-06 06:00:00,0.01,28.07,71.72,0.77
2018-03-06 07:00:00,0.0,28.42,69.21,0.59
2018-03-06 08:00:00,0.0,29.14,65.42,0.38
2018-03-06 09:00:00,0.0,30.08,60.79,0.46
2018-03-06 10:00:00,0.0,31.0,57.56,1.0
2018-03-06 11:00:00,0.0,31.68,57.12,1.84
2018-03-06 12:00:00,0.0,32.15,56.77,2.82
2018-03-06 13:00:00,0.0,32.37,56.49,3.73
2018-03-06 14:00:00,0.0,32.24,57.48,4.49
2018-03-06 15:00:00,0.0,31.77,60.02,5.1
2018-03-06 16:00:00,0.0,31.05,63.84,5.47
2018-03-06 17:00:00,0.0,30.23,68.12,5.37
2018-03-06 18:00:00,0.0,29.66,71.44,4.78
2018-03-06 19:00:00,0.0,29.42,72.63,3.81
2018-03-06 20:00:00,0.0,29.3,72.81,2.7
2018-03-06 21:00:00,0.0,29.13,72.94,1.61
2018-03-06 22:00:00,0.01,28.98,72.94,0.8
2018-03-06 23:00:00,0.0,28.83,72.82,0.71
2018-03-07 00:00:00,0.01,28.68,72.2,1.02
2018-03-07 01:00:00,0.01,28.53,71.29,1.16
2018-03-07 02:00:00,0.01,28.4,69.88,0.98
2018-03-07 03:00:00,0.01,28.29,68.59,0.48
2018-03-07 04:00:00,0.01,28.14,68.51,0.05
2018-03-07 05:00:00,0.0,27.97,69.11,0.35
2018-03-07 06:00:00,0.0,28.02,69.13,0.7
2018-03-07 07:00:00,0.0,28.44,67.85,1.28
2018-03-07 08:00:00,0.0,29.06,65.45,1.56
2018-03-07 09:00:00,0.0,29.79,62.54,1.64
2018-03-07 10:00:00,0.0,30.49,60.16,2.06
2018-03-07 11:00:00,0.0,31.14,58.61,2.77
2018-03-07 12:00:00,0.0,31.57,58.33,3.53
2018-03-07 13:00:00,0.0,31.74,58.9,4.21
2018-03-07 14:00:00,0.0,31.65,59.93,4.68
2018-03-07 15:00:00,0.0,31.28,61.8,4.92
2018-03-07 16:00:00,0.0,30.69,64.82,4.95
2018-03-07 17:00:00,0.0,29.95,68.73,4.74
2018-03-07 18:00:00,0.0,29.37,72.07,4.28
2018-03-07 19:00:00,0.0,29.08,73.58,3.55
2018-03-07 20:00:00,0.0,28.94,74.12,2.65
2018-03-07 21:00:00,0.0,28.82,74.47,1.82
2018-03-07 22:00:00,0.0,28.74,74.46,1.25
2018-03-07 23:00:00,0.0,28.61,74.43,0.88
2018-03-08 00:00:00,0.0,28.41,74.34,0.66
2018-03-08 01:00:00,0.0,28.18,74.42,0.52
2018-03-08 02:00:00,0.0,27.97,74.52,0.59
2018-03-08 03:00:00,0.0,27.84,74.26,0.63
2018-03-08 04:00:00,0.0,27.76,73.88,0.64
2018-03-08 05:00:00,0.0,27.72,73.43,0.67
2018-03-08 06:00:00,0.0,27.89,71.98,0.82
2018-03-08 07:00:00,0.0,28.38,69.11,1.02
2018-03-08 08:00:00,0.0,29.09,65.06,1.06
2018-03-08 09:00:00,0.0,30.02,59.94,1.15
2018-03-08 10:00:00,0.0,30.99,55.13,1.47
2018-03-08 11:00:00,0.0,31.76,53.79,2.02
2018-03-08 12:00:00,0.0,32.26,54.52,2.77
2018-03-08 13:00:00,0.0,32.64,53.07,3.66
2018-03-08 14:00:00,0.0,32.69,53.07,4.45
2018-03-08 15:00:00,0.0,32.42,54.17,5.13
2018-03-08 16:00:00,0.0,31.78,57.16,5.77
2018-03-08 17:00:00,0.0,30.78,62.72,5.98
2018-03-08 18:00:00,0.0,29.91,68.24,5.61
2018-03-08 19:00:00,0.0,29.53,70.58,4.96
2018-03-08 20:00:00,0.0,29.36,71.37,4.23
2018-03-08 21:00:00,0.0,29.29,71.77,3.69
2018-03-08 22:00:00,0.0,29.21,71.98,3.26
2018-03-08 23:00:00,0.0,29.11,72.09,2.81
2018-03-09 00:00:00,0.0,28.97,72.35,2.28
2018-03-09 01:00:00,0.0,28.78,72.82,1.8
2018-03-09 02:00:00,0.0,28.64,73.31,1.51
2018-03-09 03:00:00,0.0,28.51,74.15,1.44
2018-03-09 04:00:00,0.0,28.41,74.73,1.4
2018-03-09 05:00:00,0.0,28.36,75.0,1.29
2018-03-09 06:00:00,0.0,28.4,74.77,1.29
2018-03-09 07:00:00,0.0,28.63,73.31,1.4
2018-03-09 08:00:00,0.0,29.08,70.59,1.32
2018-03-09 09:00:00,0.0,29.81,65.68,1.06
2018-03-09 10:00:00,0.0,30.82,59.41,0.76
2018-03-09 11:00:00,0.0,31.83,55.11,0.82
2018-03-09 12:00:00,0.0,32.76,49.6,1.5
2018-03-09 13:00:00,0.0,33.19,48.79,2.34
2018-03-09 14:00:00,0.0,33.26,49.71,3.24
2018-03-09 15:00:00,0.0,33.02,51.81,4.07
2018-03-09 16:00:00,0.0,32.45,55.34,4.77
2018-03-09 17:00:00,0.0,31.58,60.61,5.2
2018-03-09 18:00:00,0.0,30.76,65.97,5.3
2018-03-09 19:00:00,0.0,30.21,70.16,4.86
2018-03-09 20:00:00,0.0,29.93,71.89,3.96
2018-03-09 21:00:00,0.0,29.78,72.01,3.01
2018-03-09 22:00:00,0.0,29.67,71.72,2.31
2018-03-09 23:00:00,0.0,29.56,71.71,2.04
2018-03-10 00:00:00,0.0,29.41,72.41,2.21
2018-03-10 01:00:00,0.0,29.22,73.6,2.48
2018-03-10 02:00:00,0.0,29.07,74.64,2.55
2018-03-10 03:00:00,0.0,28.92,75.45,2.42
2018-03-10 04:00:00,0.0,28.8,75.56,2.01
2018-03-10 05:00:00,0.0,28.73,74.63,1.57
2018-03-10 06:00:00,0.0,28.73,72.98,1.14
2018-03-10 07:00:00,0.0,29.07,69.68,0.66
2018-03-10 08:00:00,0.0,29.95,62.44,0.45
2018-03-10 09:00:00,0.0,31.08,53.0,0.53
2018-03-10 10:00:00,0.0,32.0,48.09,0.4
2018-03-10 11:00:00,0.0,32.85,43.36,0.53
2018-03-10 12:00:00,0.0,33.58,39.46,1.24
2018-03-10 13:00:00,0.0,33.83,40.55,2.15
2018-03-10 14:00:00,0.0,33.76,43.28,3.02
2018-03-10 15:00:00,0.0,33.46,46.08,3.79
2018-03-10 16:00:00,0.0,32.83,49.88,4.58
2018-03-10 17:00:00,0.0,31.93,54.5,5.11
2018-03-10 18:00:00,0.0,31.09,58.98,5.03
2018-03-10 19:00:00,0.0,30.57,62.23,4.47
2018-03-10 20:00:00,0.0,30.26,64.32,3.58
2018-03-10 21:00:00,0.0,30.06,65.72,2.76
2018-03-10 22:00:00,0.0,29.91,66.21,2.08
2018-03-10 23:00:00,0.0,29.76,66.33,1.58
2018-03-11 00:00:00,0.0,29.6,66.43,1.24
2018-03-11 01:00:00,0.0,29.41,66.68,1.06
2018-03-11 02:00:00,0.0,29.18,67.5,1.13
2018-03-11 03:00:00,0.0,28.94,68.81,1.15
2018-03-11 04:00:00,0.0,28.73,69.92,1.06
2018-03-11 05:00:00,0.0,28.58,70.39,0.75
2018-03-11 06:00:00,0.0,28.63,69.62,0.37
2018-03-11 07:00:00,0.0,28.96,67.13,1.15
2018-03-11 08:00:00,0.0,29.57,63.19,1.68
2018-03-11 09:00:00,0.0,30.44,57.74,1.83
2018-03-11 10:00:00,0.0,31.46,51.99,1.74
2018-03-11 11:00:00,0.0,32.24,51.14,1.59
2018-03-11 12:00:00,0.0,33.11,45.83,1.84
2018-03-11 13:00:00,0.0,33.68,43.4,2.41
2018-03-11 14:00:00,0.0,33.77,44.5,3.01
2018-03-11 15:00:00,0.0,33.66,45.57,3.4
2018-03-11 16:00:00,0.0,33.27,47.48,3.72
2018-03-11 17:00:00,0.0,32.57,50.26,3.99
2018-03-11 18:00:00,0.0,31.75,54.49,3.98
2018-03-11 19:00:00,0.0,31.2,57.44,3.83
2018-03-11 20:00:00,0.0,30.86,59.05,3.55
2018-03-11 21:00:00,0.0,30.55,60.49,3.19
2018-03-11 22:00:00,0.0,30.26,61.68,2.75
2018-03-11 23:00:00,0.0,30.02,61.79,2.11
2018-03-12 00:00:00,0.0,29.81,61.39,1.43
2018-03-12 01:00:00,0.0,29.62,61.48,1.06
2018-03-12 02:00:00,0.0,29.38,62.33,0.94
2018-03-12 03:00:00,0.0,29.21,62.81,0.81
2018-03-12 04:00:00,0.0,29.09,62.62,0.63
2018-03-12 05:00:00,0.0,28.96,62.39,0.52
2018-03-12 06:00:00,0.0,29.03,61.64,0.69
2018-03-12 07:00:00,0.0,29.55,59.21,1.1
2018-03-12 08:00:00,0.0,30.47,54.58,1.36
2018-03-12 09:00:00,0.0,31.54,49.17,1.27
2018-03-12 10:00:00,0.01,32.28,49.56,0.85
2018-03-12 11:00:00,0.01,33.08,47.19,0.87
2018-03-12 12:00:00,0.01,33.77,44.92,1.25
2018-03-12 13:00:00,0.0,34.24,43.73,1.74
2018-03-12 14:00:00,0.01,34.25,44.93,2.56
2018-03-12 15:00:00,0.01,33.63,49.27,3.32
2018-03-12 16:00:00,0.01,32.87,53.57,3.44
2018-03-12 17:00:00,0.02,32.2,56.81,3.38
2018-03-12 18:00:00,0.02,31.67,58.88,3.31
2018-03-12 19:00:00,0.03,31.4,59.57,3.11
2018-03-12 20:00:00,0.03,31.27,59.66,2.61
2018-03-12 21:00:00,0.03,31.19,59.17,2.29
2018-03-12 22:00:00,0.04,31.09,58.02,2.49
2018-03-12 23:00:00,0.04,30.82,57.61,3.02
2018-03-13 00:00:00,0.03,30.39,58.2,3.37
2018-03-13 01:00:00,0.03,29.95,58.84,3.53
2018-03-13 02:00:00,0.03,29.57,58.85,3.22
2018-03-13 03:00:00,0.03,29.29,58.83,2.76
2018-03-13 04:00:00,0.02,29.1,59.22,2.48
2018-03-13 05:00:00,0.02,28.98,59.95,2.39
2018-03-13 06:00:00,0.02,29.07,60.12,2.55
2018-03-13 07:00:00,0.02,29.5,59.07,2.64
2018-03-13 08:00:00,0.42,30.2,57.16,2.63
2018-03-13 09:00:00,0.5,30.91,54.89,2.29
2018-03-13 10:00:00,0.56,31.48,53.48,1.75
2018-03-13 11:00:00,0.53,31.73,55.26,1.7
2018-03-13 12:00:00,0.56,31.7,56.66,2.26
2018-03-13 13:00:00,0.66,31.22,59.02,3.1
2018-03-13 14:00:00,0.69,30.39,63.65,3.7
2018-03-13 15:00:00,0.68,29.56,68.68,3.94
2018-03-13 16:00:00,0.61,29.01,72.35,3.86
2018-03-13 17:00:00,0.71,28.64,74.78,3.58
2018-03-13 18:00:00,0.75,28.46,75.99,3.14
2018-03-13 19:00:00,0.64,28.38,76.44,2.68
2018-03-13 20:00:00,0.52,28.33,76.4,2.41
2018-03-13 21:00:00,0.39,28.31,76.22,2.48
2018-03-13 22:00:00,0.28,28.31,76.03,2.69
2018-03-13 23:00:00,0.2,28.22,75.96,2.88
2018-03-14 00:00:00,0.2,28.11,75.8,3.17
2018-03-14 01:00:00,0.23,27.96,76.02,3.53
2018-03-14 02:00:00,0.25,27.82,76.47,3.7
2018-03-14 03:00:00,0.29,27.68,77.27,3.76
2018-03-14 04:00:00,0.32,27.58,77.79,3.96
2018-03-14 05:00:00,0.33,27.57,77.5,4.27
2018-03-14 06:00:00,0.23,27.73,75.69,4.82
2018-03-14 07:00:00,0.16,28.27,71.13,5.63
2018-03-14 08:00:00,0.06,29.27,65.02,6.51
2018-03-14 09:00:00,0.04,30.43,59.89,6.88
2018-03-14 10:00:00,0.04,31.45,56.71,6.65
2018-03-14 11:00:00,0.05,32.17,55.15,6.21
2018-03-14 12:00:00,0.08,32.51,54.73,6.1
2018-03-14 13:00:00,0.12,32.59,54.79,6.12
2018-03-14 14:00:00,0.08,32.49,55.26,5.99
2018-03-14 15:00:00,0.05,32.31,55.97,5.64
2018-03-14 16:00:00,0.04,32.09,57.05,5.23
2018-03-14 17:00:00,0.05,31.75,58.91,4.9
2018-03-14 18:00:00,0.06,31.2,62.81,4.66
2018-03-14 19:00:00,0.05,30.64,67.24,4.68
2018-03-14 20:00:00,0.03,30.13,71.16,4.79
2018-03-14 21:00:00,0.04,29.64,74.32,4.84
2018-03-14 22:00:00,0.06,29.19,76.62,4.69
2018-03-14 23:00:00,0.09,28.82,78.12,4.45
2018-03-15 00:00:00,0.08,28.54,79.1,4.17
2018-03-15 01:00:00,0.07,28.3,79.88,3.92
2018-03-15 02:00:00,0.06,28.1,80.42,3.76
2018-03-15 03:00:00,0.06,27.91,80.94,3.64
2018-03-15 04:00:00,0.07,27.74,81.4,3.58
2018-03-15 05:00:00,0.08,27.62,81.64,3.62
2018-03-15 06:00:00,0.06,27.72,80.34,4.0
2018-03-15 07:00:00,0.08,28.48,74.15,4.32
2018-03-15 08:00:00,0.06,29.41,67.87,4.63
2018-03-15 09:00:00,0.06,30.15,63.8,4.86
2018-03-15 10:00:00,0.05,30.6,61.61,5.0
2018-03-15 11:00:00,0.06,30.84,60.64,5.15
2018-03-15 12:00:00,0.06,30.95,60.42,5.26
2018-03-15 13:00:00,0.05,30.97,60.54,5.24
2018-03-15 14:00:00,0.05,30.91,60.71,5.12
2018-03-15 15:00:00,0.05,30.78,60.93,5.03
2018-03-15 16:00:00,0.04,30.56,61.57,4.93
2018-03-15 17:00:00,0.03,30.21,63.14,4.82
2018-03-15 18:00:00,0.04,29.79,66.06,4.71
2018-03-15 19:00:00,0.03,29.44,69.1,4.63
2018-03-15 20:00:00,0.04,29.14,72.2,4.54
2018-03-15 21:00:00,0.05,28.85,74.95,4.38
2018-03-15 22:00:00,0.06,28.62,76.95,4.12
2018-03-15 23:00:00,0.05,28.43,78.32,3.9
2018-03-16 00:00:00,0.05,28.26,79.44,3.74
2018-03-16 01:00:00,0.03,28.1,80.42,3.62
2018-03-16 02:00:00,0.03,27.98,81.03,3.49
2018-03-16 03:00:00,0.03,27.88,81.38,3.35
2018-03-16 04:00:00,0.03,27.83,81.39,3.2
2018-03-16 05:00:00,0.03,27.8,81.15,3.02
2018-03-16 06:00:00,0.03,27.99,79.77,3.09
2018-03-16 07:00:00,0.03,28.44,76.01,3.51
2018-03-16 08:00:00,0.04,28.91,72.66,3.53
2018-03-16 09:00:00,0.04,29.51,68.37,3.5
2018-03-16 10:00:00,0.05,30.13,64.27,3.52
2018-03-16 11:00:00,0.05,30.55,62.15,3.62
2018-03-16 12:00:00,0.04,30.7,61.87,3.8
2018-03-16 13:00:00,0.04,30.61,63.04,4.07
2018-03-16 14:00:00,0.02,30.3,65.3,4.34
2018-03-16 15:00:00,0.03,29.89,68.12,4.54
2018-03-16 16:00:00,0.03,29.42,71.47,4.64
2018-03-16 17:00:00,0.02,29.01,74.68,4.6
2018-03-16 18:00:00,0.03,28.74,77.15,4.38
2018-03-16 19:00:00,0.04,28.62,78.55,4.07
2018-03-16 20:00:00,0.05,28.55,79.25,3.59
2018-03-16 21:00:00,0.05,28.5,79.45,3.14
2018-03-16 22:00:00,0.06,28.46,79.49,2.81
2018-03-16 23:00:00,0.06,28.38,79.53,2.54
2018-03-17 00:00:00,0.06,28.28,79.67,2.27
2018-03-17 01:00:00,0.06,28.19,79.81,1.97
2018-03-17 02:00:00,0.06,28.12,79.94,1.64
2018-03-17 03:00:00,0.06,28.09,79.79,1.36
2018-03-17 04:00:00,0.04,28.1,79.41,1.17
2018-03-17 05:00:00,0.04,28.19,78.65,1.0
2018-03-17 06:00:00,0.03,28.37,77.98,1.03
2018-03-17 07:00:00,0.03,28.77,74.93,1.37
2018-03-17 08:00:00,0.01,29.11,73.32,1.47
2018-03-17 09:00:00,0.01,29.6,70.21,1.64
2018-03-17 10:00:00,0.01,30.17,67.11,2.16
2018-03-17 11:00:00,0.02,30.64,64.96,2.66
2018-03-17 12:00:00,0.02,30.9,63.71,2.98
2018-03-17 13:00:00,0.01,31.0,63.22,3.16
2018-03-17 14:00:00,0.02,30.93,63.54,3.22
2018-03-17 15:00:00,0.01,30.74,64.28,3.05
2018-03-17 16:00:00,0.01,30.51,65.13,2.77
2018-03-17 17:00:00,0.01,30.29,66.18,2.45
2018-03-17 18:00:00,0.02,30.12,67.11,1.9
2018-03-17 19:00:00,0.03,30.02,67.74,1.34
2018-03-17 20:00:00,0.04,29.88,68.56,0.94
2018-03-17 21:00:00,0.06,29.7,69.75,0.73
2018-03-17 22:00:00,0.12,29.48,71.36,0.92
2018-03-17 23:00:00,0.27,29.25,72.94,1.27
2018-03-18 00:00:00,0.55,29.0,74.37,1.33
2018-03-18 01:00:00,0.7,28.79,75.49,1.22
2018-03-18 02:00:00,0.55,28.62,76.53,1.15
2018-03-18 03:00:00,0.41,28.48,77.17,1.0
2018-03-18 04:00:00,0.36,28.36,77.39,0.68
2018-03-18 05:00:00,0.35,28.25,77.66,0.42
2018-03-18 06:00:00,0.34,28.32,76.76,0.44
2018-03-18 07:00:00,0.32,28.49,75.13,0.66
2018-03-18 08:00:00,2.39,28.84,72.7,0.69
2018-03-18 09:00:00,2.17,29.3,70.12,0.72
2018-03-18 10:00:00,1.94,29.8,67.54,0.73
2018-03-18 11:00:00,1.79,30.21,65.91,1.15
2018-03-18 12:00:00,1.38,30.44,65.68,2.03
2018-03-18 13:00:00,1.08,30.4,67.88,2.92
2018-03-18 14:00:00,0.95,30.2,69.88,3.7
2018-03-18 15:00:00,0.68,29.86,71.91,4.25
2018-03-18 16:00:00,0.59,29.45,74.38,4.33
2018-03-18 17:00:00,0.44,28.99,77.25,3.99
2018-03-18 18:00:00,0.36,28.62,79.83,3.4
2018-03-18 19:00:00,0.31,28.49,80.98,2.81
2018-03-18 20:00:00,0.3,28.42,81.64,2.22
2018-03-18 21:00:00,0.28,28.38,82.03,1.72
2018-03-18 22:00:00,0.27,28.34,82.25,1.34
2018-03-18 23:00:00,0.3,28.32,82.26,1.06
2018-03-19 00:00:00,0.28,28.27,82.37,0.89
2018-03-19 01:00:00,0.31,28.21,82.58,0.74
2018-03-19 02:00:00,0.36,28.17,82.59,0.57
2018-03-19 03:00:00,0.34,28.13,82.42,0.48
2018-03-19 04:00:00,0.38,28.08,82.38,0.45
2018-03-19 05:00:00,0.35,28.01,82.44,0.52
2018-03-19 06:00:00,0.38,28.11,80.78,0.95
2018-03-19 07:00:00,0.43,28.37,77.54,1.51
2018-03-19 08:00:00,0.33,28.78,74.84,1.69
2018-03-19 09:00:00,0.3,29.34,71.45,1.55
2018-03-19 10:00:00,0.25,29.93,68.08,1.3
2018-03-19 11:00:00,0.21,30.34,65.92,1.48
2018-03-19 12:00:00,0.17,30.68,64.8,2.17
2018-03-19 13:00:00,0.12,30.8,65.05,2.95
2018-03-19 14:00:00,0.11,30.56,67.28,4.0
2018-03-19 15:00:00,0.07,30.02,71.13,4.88
2018-03-19 16:00:00,0.04,29.46,75.25,5.22
2018-03-19 17:00:00,0.02,28.98,78.47,4.92
2018-03-19 18:00:00,0.02,28.66,80.64,4.31
2018-03-19 19:00:00,0.01,28.54,81.43,3.6
2018-03-19 20:00:00,0.01,28.44,81.93,2.59
2018-03-19 21:00:00,0.03,28.35,82.31,1.6
2018-03-19 22:00:00,0.03,28.23,82.35,0.97
2018-03-19 23:00:00,0.03,28.08,83.27,0.77
2018-03-20 00:00:00,0.04,27.95,83.66,0.92
2018-03-20 01:00:00,0.03,27.85,83.74,1.18
2018-03-20 02:00:00,0.02,27.77,83.58,1.44
2018-03-20 03:00:00,0.02,27.72,83.25,1.69
2018-03-20 04:00:00,0.02,27.69,82.6,1.88
2018-03-20 05:00:00,0.02,27.65,81.78,1.96
2018-03-20 06:00:00,0.02,27.87,79.7,2.06
2018-03-20 07:00:00,0.01,28.51,73.66,2.41
2018-03-20 08:00:00,0.01,29.19,67.78,2.34
2018-03-20 09:00:00,0.0,30.01,61.25,2.01
2018-03-20 10:00:00,0.0,30.82,55.26,1.66
2018-03-20 11:00:00,0.0,31.49,52.01,1.87
2018-03-20 12:00:00,0.0,31.82,53.67,2.63
2018-03-20 13:00:00,0.0,31.92,54.59,3.73
2018-03-20 14:00:00,0.0,31.63,56.93,5.07
2018-03-20 15:00:00,0.0,30.83,63.16,6.06
2018-03-20 16:00:00,0.0,29.9,70.57,6.3
2018-03-20 17:00:00,0.0,29.18,76.22,5.9
2018-03-20 18:00:00,0.0,28.77,79.4,5.19
2018-03-20 19:00:00,0.01,28.64,80.49,4.41
2018-03-20 20:00:00,0.02,28.59,80.91,3.57
2018-03-20 21:00:00,0.04,28.51,81.44,2.77
2018-03-20 22:00:00,0.05,28.42,81.81,2.36
2018-03-20 23:00:00,0.07,28.3,82.13,2.22
2018-03-21 00:00:00,0.1,28.14,82.79,2.12
2018-03-21 01:00:00,0.13,28.0,83.28,2.05
2018-03-21 02:00:00,0.12,27.91,83.45,2.0
2018-03-21 03:00:00,0.12,27.81,83.59,1.95
2018-03-21 04:00:00,0.12,27.81,83.16,1.89
2018-03-21 05:00:00,0.12,27.8,83.22,1.82
2018-03-21 06:00:00,0.1,27.97,82.39,1.94
2018-03-21 07:00:00,0.1,28.34,79.09,2.28
2018-03-21 08:00:00,0.21,28.62,77.41,2.38
2018-03-21 09:00:00,0.16,28.95,75.56,2.49
2018-03-21 10:00:00,0.18,29.34,73.38,2.74
2018-03-21 11:00:00,0.25,29.71,71.32,3.18
2018-03-21 12:00:00,0.34,29.93,70.19,3.68
2018-03-21 13:00:00,0.38,30.02,69.76,4.15
2018-03-21 14:00:00,0.36,29.92,70.22,4.48
2018-03-21 15:00:00,0.35,29.69,71.29,4.63
2018-03-21 16:00:00,0.3,29.4,72.81,4.72
2018-03-21 17:00:00,0.33,29.05,75.03,4.66
2018-03-21 18:00:00,0.38,28.72,77.65,4.47
2018-03-21 19:00:00,0.43,28.55,79.45,4.31
2018-03-21 20:00:00,0.4,28.44,80.5,4.2
2018-03-21 21:00:00,0.39,28.34,81.07,4.03
2018-03-21 22:00:00,0.34,28.23,81.37,3.84
2018-03-21 23:00:00,0.3,28.13,81.49,3.66
2018-03-22 00:00:00,0.23,28.0,81.67,3.5
2018-03-22 01:00:00,0.18,27.88,81.8,3.4
2018-03-22 02:00:00,0.14,27.79,81.89,3.36
2018-03-22 03:00:00,0.1,27.7,82.06,3.39
2018-03-22 04:00:00,0.07,27.63,82.33,3.46
2018-03-22 05:00:00,0.06,27.56,82.67,3.53
2018-03-22 06:00:00,0.06,27.85,81.55,3.73
2018-03-22 07:00:00,0.07,28.52,77.8,4.32
2018-03-22 08:00:00,0.01,29.11,74.29,4.39
2018-03-22 09:00:00,0.01,29.74,70.24,4.28
2018-03-22 10:00:00,0.01,30.32,66.67,4.22
2018-03-22 11:00:00,0.01,30.77,64.09,4.36
2018-03-22 12:00:00,0.0,31.0,62.87,4.78
2018-03-22 13:00:00,0.0,31.08,62.52,5.27
2018-03-22 14:00:00,0.0,31.0,62.66,5.63
2018-03-22 15:00:00,0.0,30.76,63.39,5.77
2018-03-22 16:00:00,0.0,30.38,64.91,5.7
2018-03-22 17:00:00,0.0,29.85,67.43,5.51
2018-03-22 18:00:00,0.0,29.34,70.38,5.25
2018-03-22 19:00:00,0.0,29.03,72.49,4.92
2018-03-22 20:00:00,0.01,28.87,73.77,4.55
2018-03-22 21:00:00,0.01,28.74,74.75,4.2
2018-03-22 22:00:00,0.01,28.62,75.55,3.96
2018-03-22 23:00:00,0.01,28.47,76.26,3.87
2018-03-23 00:00:00,0.02,28.35,76.7,3.86
2018-03-23 01:00:00,0.02,28.24,77.06,3.93
2018-03-23 02:00:00,0.03,28.14,77.36,4.0
2018-03-23 03:00:00,0.03,28.07,77.59,4.02
2018-03-23 04:00:00,0.02,28.05,77.58,4.05
2018-03-23 05:00:00,0.02,28.03,77.63,4.07
2018-03-23 06:00:00,0.02,28.34,76.41,4.35
2018-03-23 07:00:00,0.03,29.01,72.9,5.13
2018-03-23 08:00:00,0.05,29.61,70.24,5.46
2018-03-23 09:00:00,0.04,30.19,67.83,5.73
2018-03-23 10:00:00,0.04,30.68,65.81,5.99
2018-03-23 11:00:00,0.04,31.0,64.37,6.18
2018-03-23 12:00:00,0.05,31.16,63.59,6.31
2018-03-23 13:00:00,0.06,31.19,63.26,6.32
2018-03-23 14:00:00,0.07,31.06,63.46,5.96
2018-03-23 15:00:00,0.06,30.73,64.33,5.36
2018-03-23 16:00:00,0.06,30.36,65.69,4.82
2018-03-23 17:00:00,0.06,29.97,67.54,4.36
2018-03-23 18:00:00,0.07,29.56,69.97,4.12
2018-03-23 19:00:00,0.08,29.26,72.0,4.05
2018-03-23 20:00:00,0.09,29.06,73.64,4.21
2018-03-23 21:00:00,0.09,28.94,74.77,4.41
2018-03-23 22:00:00,0.1,28.83,75.57,4.45
2018-03-23 23:00:00,0.11,28.7,76.35,4.36
2018-03-24 00:00:00,0.1,28.55,77.13,4.23
2018-03-24 01:00:00,0.12,28.42,77.88,4.19
2018-03-24 02:00:00,0.14,28.29,78.66,4.3
2018-03-24 03:00:00,0.12,28.16,79.51,4.42
2018-03-24 04:00:00,0.12,28.02,80.28,4.36
2018-03-24 05:00:00,0.11,27.9,80.88,4.16
2018-03-24 06:00:00,0.08,28.08,80.09,4.21
2018-03-24 07:00:00,0.04,28.65,76.87,4.69
2018-03-24 08:00:00,0.02,29.31,73.17,4.62
2018-03-24 09:00:00,0.01,30.17,67.79,4.03
2018-03-24 10:00:00,0.01,31.02,63.17,3.25
2018-03-24 11:00:00,0.01,31.64,61.68,2.68
2018-03-24 12:00:00,0.01,32.16,59.86,2.75
2018-03-24 13:00:00,0.01,32.46,58.99,3.24
2018-03-24 14:00:00,0.01,32.46,58.89,3.87
2018-03-24 15:00:00,0.01,32.15,60.21,4.36
2018-03-24 16:00:00,0.01,31.55,62.89,4.67
2018-03-24 17:00:00,0.01,30.79,66.32,4.69
2018-03-24 18:00:00,0.01,30.12,69.97,4.36
2018-03-24 19:00:00,0.02,29.73,72.69,3.92
2018-03-24 20:00:00,0.03,29.47,74.77,3.36
2018-03-24 21:00:00,0.03,29.3,76.43,2.76
2018-03-24 22:00:00,0.04,29.16,77.88,2.31
2018-03-24 23:00:00,0.04,29.0,79.13,2.01
2018-03-25 00:00:00,0.04,28.84,79.98,1.88
2018-03-25 01:00:00,0.04,28.69,80.24,1.78
2018-03-25 02:00:00,0.04,28.58,79.77,1.6
2018-03-25 03:00:00,0.03,28.47,79.11,1.4
2018-03-25 04:00:00,0.03,28.32,78.64,1.27
2018-03-25 05:00:00,0.02,28.11,78.61,1.24
2018-03-25 06:00:00,0.02,28.17,77.63,1.41
2018-03-25 07:00:00,0.01,28.84,70.91,1.76
2018-03-25 08:00:00,0.0,29.69,64.91,1.78
2018-03-25 09:00:00,0.0,30.7,58.85,1.53
2018-03-25 10:00:00,0.0,31.49,57.52,1.14
2018-03-25 11:00:00,0.0,32.17,56.17,1.16
2018-03-25 12:00:00,0.0,32.73,54.49,1.77
2018-03-25 13:00:00,0.0,32.97,54.41,2.58
2018-03-25 14:00:00,0.0,32.85,55.79,3.45
2018-03-25 15:00:00,0.0,32.32,58.91,4.39
2018-03-25 16:00:00,0.0,31.55,62.95,5.23
2018-03-25 17:00:00,0.0,30.64,68.16,5.53
2018-03-25 18:00:00,0.0,29.89,73.22,5.34
2018-03-25 19:00:00,0.0,29.52,75.96,4.89
2018-03-25 20:00:00,0.0,29.37,76.8,4.21
2018-03-25 21:00:00,0.01,29.27,77.01,3.47
2018-03-25 22:00:00,0.01,29.14,77.39,2.84
2018-03-25 23:00:00,0.01,28.98,77.8,2.21
2018-03-26 00:00:00,0.01,28.81,77.87,1.65
2018-03-26 01:00:00,0.01,28.69,77.18,1.15
2018-03-26 02:00:00,0.01,28.58,76.22,0.73
2018-03-26 03:00:00,0.02,28.47,75.73,0.47
2018-03-26 04:00:00,0.01,28.37,75.71,0.29
2018-03-26 05:00:00,0.01,28.28,75.99,0.34
2018-03-26 06:00:00,0.01,28.41,76.13,0.49
2018-03-26 07:00:00,0.01,28.97,72.43,0.75
2018-03-26 08:00:00,0.02,29.62,69.26,0.88
2018-03-26 09:00:00,0.01,30.4,64.92,0.96
2018-03-26 10:00:00,0.01,31.1,62.21,1.27
2018-03-26 11:00:00,0.01,31.56,62.22,1.9
2018-03-26 12:00:00,0.01,31.93,61.1,2.72
2018-03-26 13:00:00,0.0,32.1,60.25,3.49
2018-03-26 14:00:00,0.01,32.03,60.29,4.16
2018-03-26 15:00:00,0.01,31.78,61.19,4.9
2018-03-26 16:00:00,0.0,31.21,63.84,5.43
2018-03-26 17:00:00,0.01,30.41,68.24,5.31
2018-03-26 18:00:00,0.01,29.8,71.97,4.71
2018-03-26 19:00:00,0.01,29.54,73.63,3.95
2018-03-26 20:00:00,0.04,29.38,74.68,3.14
2018-03-26 21:00:00,0.07,29.2,75.96,2.47
2018-03-26 22:00:00,0.08,28.99,77.59,2.0
2018-03-26 23:00:00,0.1,28.77,78.93,1.68
2018-03-27 00:00:00,0.1,28.52,80.13,1.51
2018-03-27 01:00:00,0.09,28.31,80.93,1.39
2018-03-27 02:00:00,0.07,28.17,81.4,1.36
2018-03-27 03:00:00,0.11,28.08,81.54,1.33
2018-03-27 04:00:00,0.09,28.0,81.54,1.2
2018-03-27 05:00:00,0.07,27.91,81.6,1.07
2018-03-27 06:00:00,0.1,28.01,80.19,1.05
2018-03-27 07:00:00,0.11,28.28,77.22,1.06
2018-03-27 08:00:00,0.08,28.67,74.48,0.94
2018-03-27 09:00:00,0.06,29.34,70.45,1.02
2018-03-27 10:00:00,0.07,30.09,66.29,1.31
2018-03-27 11:00:00,0.05,30.72,63.85,1.97
2018-03-27 12:00:00,0.06,31.14,63.18,2.71
2018-03-27 13:00:00,0.06,31.28,63.65,3.33
2018-03-27 14:00:00,0.05,31.15,64.42,3.99
2018-03-27 15:00:00,0.05,30.77,66.32,4.54
2018-03-27 16:00:00,0.05,30.2,69.59,4.85
2018-03-27 17:00:00,0.05,29.63,73.2,4.83
2018-03-27 18:00:00,0.06,29.22,76.14,4.51
2018-03-27 19:00:00,0.1,29.05,77.44,3.98
2018-03-27 20:00:00,0.12,28.96,78.03,3.3
2018-03-27 21:00:00,0.15,28.88,78.8,2.69
2018-03-27 22:00:00,0.16,28.78,79.7,2.25
2018-03-27 23:00:00,0.19,28.66,80.49,2.05
2018-03-28 00:00:00,0.18,28.53,81.11,1.96
2018-03-28 01:00:00,0.2,28.38,81.92,1.92
2018-03-28 02:00:00,0.19,28.23,82.69,1.97
2018-03-28 03:00:00,0.18,28.11,83.31,2.09
2018-03-28 04:00:00,0.17,28.02,83.86,2.19
2018-03-28 05:00:00,0.17,27.98,84.16,2.25
2018-03-28 06:00:00,0.16,28.14,83.19,2.57
2018-03-28 07:00:00,0.14,28.5,80.92,2.96
2018-03-28 08:00:00,0.17,28.93,78.5,3.07
2018-03-28 09:00:00,0.18,29.35,75.93,3.1
2018-03-28 10:00:00,0.18,29.72,73.68,3.21
2018-03-28 11:00:00,0.17,29.93,72.36,3.41
2018-03-28 12:00:00,0.17,29.92,72.22,3.73
2018-03-28 13:00:00,0.15,29.71,73.17,4.03
2018-03-28 14:00:00,0.14,29.49,74.33,4.1
2018-03-28 15:00:00,0.09,29.33,75.03,3.93
2018-03-28 16:00:00,0.06,29.21,75.4,3.67
2018-03-28 17:00:00,0.03,29.08,75.92,3.25
2018-03-28 18:00:00,0.04,28.94,77.06,2.63
2018-03-28 19:00:00,0.03,28.88,78.29,2.13
2018-03-28 20:00:00,0.06,28.83,79.33,1.91
2018-03-28 21:00:00,0.1,28.74,80.34,1.82
2018-03-28 22:00:00,0.16,28.64,81.13,1.86
2018-03-28 23:00:00,0.21,28.54,81.74,1.96
2018-03-29 00:00:00,0.21,28.43,82.33,2.13
2018-03-29 01:00:00,0.24,28.3,82.85,2.26
2018-03-29 02:00:00,0.24,28.18,83.37,2.42
2018-03-29 03:00:00,0.21,28.06,83.92,2.6
2018-03-29 04:00:00,0.2,28.0,84.25,2.75
2018-03-29 05:00:00,0.16,27.97,84.4,2.81
2018-03-29 06:00:00,0.12,28.14,83.55,3.0
2018-03-29 07:00:00,0.11,28.53,80.84,3.2
2018-03-29 08:00:00,0.01,28.93,78.55,3.14
2018-03-29 09:00:00,0.01,29.25,76.69,3.09
2018-03-29 10:00:00,0.01,29.47,75.45,3.12
2018-03-29 11:00:00,0.01,29.59,74.75,3.3
2018-03-29 12:00:00,0.01,29.62,74.55,3.64
2018-03-29 13:00:00,0.01,29.55,74.89,3.98
2018-03-29 14:00:00,0.01,29.45,75.54,4.26
2018-03-29 15:00:00,0.01,29.33,76.36,4.46
2018-03-29 16:00:00,0.01,29.24,77.0,4.56
2018-03-29 17:00:00,0.01,29.14,77.75,4.47
2018-03-29 18:00:00,0.01,29.02,79.01,4.16
2018-03-29 19:00:00,0.01,28.96,80.0,3.88
2018-03-29 20:00:00,0.01,28.92,80.69,3.64
2018-03-29 21:00:00,0.01,28.87,81.27,3.48
2018-03-29 22:00:00,0.01,28.79,81.97,3.34
2018-03-29 23:00:00,0.01,28.69,82.65,3.26
2018-03-30 00:00:00,0.01,28.58,83.29,3.25
2018-03-30 01:00:00,0.02,28.5,83.75,3.32
2018-03-30 02:00:00,0.01,28.43,84.11,3.52
2018-03-30 03:00:00,0.01,28.38,84.32,3.71
2018-03-30 04:00:00,0.02,28.34,84.39,3.8
2018-03-30 05:00:00,0.01,28.31,84.33,3.88
2018-03-30 06:00:00,0.01,28.39,83.83,3.98
2018-03-30 07:00:00,0.01,28.73,81.83,4.41
2018-03-30 08:00:00,0.04,29.03,79.6,4.75
2018-03-30 09:00:00,0.02,29.24,77.74,4.71
2018-03-30 10:00:00,0.02,29.43,76.29,4.7
2018-03-30 11:00:00,0.02,29.53,75.3,4.74
2018-03-30 12:00:00,0.01,29.61,74.31,4.75
2018-03-30 13:00:00,0.01,29.68,73.3,4.75
2018-03-30 14:00:00,0.01,29.75,72.2,4.75
2018-03-30 15:00:00,0.01,29.83,71.02,4.66
2018-03-30 16:00:00,0.01,29.8,70.55,4.53
2018-03-30 17:00:00,0.01,29.65,71.31,4.36
2018-03-30 18:00:00,0.01,29.33,73.76,4.04
2018-03-30 19:00:00,0.02,29.13,75.45,3.92
2018-03-30 20:00:00,0.02,28.98,76.62,3.84
2018-03-30 21:00:00,0.02,28.86,77.42,3.79
2018-03-30 22:00:00,0.02,28.76,78.04,3.73
2018-03-30 23:00:00,0.02,28.62,78.75,3.6
2018-03-31 00:00:00,0.02,28.48,79.37,3.48
2018-03-31 01:00:00,0.02,28.34,79.84,3.41
2018-03-31 02:00:00,0.02,28.25,80.15,3.37
2018-03-31 03:00:00,0.03,28.19,80.35,3.42
2018-03-31 04:00:00,0.03,28.15,80.57,3.42
2018-03-31 05:00:00,0.03,28.13,80.71,3.43
2018-03-31 06:00:00,0.03,28.28,80.03,3.53
2018-03-31 07:00:00,0.03,28.76,77.33,4.08
2018-03-31 08:00:00,0.0,29.2,74.3,4.45
2018-03-31 09:00:00,0.0,29.66,71.1,4.21
2018-03-31 10:00:00,0.0,30.29,67.14,3.93
2018-03-31 11:00:00,0.0,30.9,63.51,3.92
2018-03-31 12:00:00,0.0,31.36,61.01,4.31
2018-03-31 13:00:00,0.0,31.55,59.99,4.81
2018-03-31 14:00:00,0.0,31.48,59.84,5.12
2018-03-31 15:00:00,0.0,31.2,60.47,5.13
2018-03-31 16:00:00,0.0,30.71,62.53,5.05
2018-03-31 17:00:00,0.0,30.17,65.71,5.04
2018-03-31 18:00:00,0.0,29.72,69.22,4.91
2018-03-31 19:00:00,0.0,29.47,71.96,4.54
2018-03-31 20:00:00,0.0,29.3,73.82,4.03
2018-03-31 21:00:00,0.0,29.12,75.27,3.52
2018-03-31 22:00:00,0.01,28.94,76.36,3.02
2018-03-31 23:00:00,0.0,28.8,76.97,2.41
2018-04-01 00:00:00,0.01,28.69,77.08,1.92
2018-04-01 01:00:00,0.01,28.61,77.03,1.69
2018-04-01 02:00:00,0.01,28.49,77.39,1.68
2018-04-01 03:00:00,0.02,28.37,77.86,1.69
2018-04-01 04:00:00,0.02,28.32,77.83,1.48
2018-04-01 05:00:00,0.02,28.29,77.64,1.23
2018-04-01 06:00:00,0.03,28.28,78.16,1.22
2018-04-01 07:00:00,0.03,28.37,76.39,1.56
2018-04-01 08:00:00,0.27,28.38,76.6,1.94
2018-04-01 09:00:00,0.2,28.53,75.64,2.4
2018-04-01 10:00:00,0.15,28.87,73.69,2.9
2018-04-01 11:00:00,0.1,29.52,70.07,3.12
2018-04-01 12:00:00,0.07,30.17,66.36,3.18
2018-04-01 13:00:00,0.06,30.64,63.88,3.31
2018-04-01 14:00:00,0.05,30.81,62.87,3.53
2018-04-01 15:00:00,0.04,30.7,62.92,3.52
2018-04-01 16:00:00,0.03,30.41,63.68,3.36
2018-04-01 17:00:00,0.03,29.99,65.56,3.19
2018-04-01 18:00:00,0.04,29.51,68.72,2.91
2018-04-01 19:00:00,0.06,29.18,71.63,2.58
2018-04-01 20:00:00,0.09,28.99,73.63,2.26
2018-04-01 21:00:00,0.12,28.92,74.6,1.95
2018-04-01 22:00:00,0.12,28.86,75.18,1.66
2018-04-01 23:00:00,0.14,28.74,75.71,1.41
2018-04-02 00:00:00,0.11,28.64,75.7,1.28
2018-04-02 01:00:00,0.11,28.58,75.23,1.14
2018-04-02 02:00:00,0.1,28.52,74.74,0.95
2018-04-02 03:00:00,0.1,28.45,74.36,0.78
2018-04-02 04:00:00,0.1,28.4,74.4,0.81
2018-04-02 05:00:00,0.13,28.28,75.56,1.12
2018-04-02 06:00:00,0.14,28.35,76.55,1.36
2018-04-02 07:00:00,0.14,28.84,72.87,1.69
2018-04-02 08:00:00,0.01,29.2,70.87,1.6
2018-04-02 09:00:00,0.01,29.64,68.0,1.47
2018-04-02 10:00:00,0.01,30.11,64.26,1.39
2018-04-02 11:00:00,0.0,30.68,60.31,1.54
2018-04-02 12:00:00,0.0,31.12,58.09,2.09
2018-04-02 13:00:00,0.0,31.32,57.68,2.77
2018-04-02 14:00:00,0.0,31.26,58.57,3.48
2018-04-02 15:00:00,0.0,30.94,60.41,4.11
2018-04-02 16:00:00,0.0,30.43,63.26,4.56
2018-04-02 17:00:00,0.0,29.89,66.34,4.59
2018-04-02 18:00:00,0.0,29.43,69.44,4.19
2018-04-02 19:00:00,0.0,29.22,71.4,3.42
2018-04-02 20:00:00,0.0,29.09,73.12,2.51
2018-04-02 21:00:00,0.0,29.0,74.16,1.91
2018-04-02 22:00:00,0.0,28.92,74.55,1.75
2018-04-02 23:00:00,0.01,28.82,74.79,1.78
2018-04-03 00:00:00,0.01,28.69,75.17,1.86
2018-04-03 01:00:00,0.01,28.58,75.39,1.91
2018-04-03 02:00:00,0.01,28.48,75.47,1.87
2018-04-03 03:00:00,0.01,28.4,75.28,1.73
2018-04-03 04:00:00,0.01,28.34,74.99,1.62
2018-04-03 05:00:00,0.01,28.32,74.79,1.64
2018-04-03 06:00:00,0.01,28.57,74.3,1.77
2018-04-03 07:00:00,0.01,29.22,69.55,2.2
2018-04-03 08:00:00,0.01,29.72,67.16,2.45
2018-04-03 09:00:00,0.01,30.29,64.31,2.76
2018-04-03 10:00:00,0.0,30.81,62.15,3.11
2018-04-03 11:00:00,0.01,31.19,61.02,3.47
2018-04-03 12:00:00,0.01,31.4,60.5,3.81
2018-04-03 13:00:00,0.01,31.44,60.44,4.05
2018-04-03 14:00:00,0.01,31.46,60.58,4.3
2018-04-03 15:00:00,0.01,31.26,61.56,4.44
2018-04-03 16:00:00,0.01,30.97,62.91,4.39
2018-04-03 17:00:00,0.01,30.51,65.33,4.4
2018-04-03 18:00:00,0.01,30.0,68.7,4.34
2018-04-03 19:00:00,0.01,29.69,70.82,3.97
2018-04-03 20:00:00,0.02,29.51,72.15,3.18
2018-04-03 21:00:00,0.02,29.36,73.7,2.23
2018-04-03 22:00:00,0.02,29.2,75.08,1.62
2018-04-03 23:00:00,0.03,29.04,76.17,1.54
2018-04-04 00:00:00,0.03,28.87,77.15,1.8
2018-04-04 01:00:00,0.03,28.69,78.26,2.2
2018-04-04 02:00:00,0.03,28.55,79.23,2.44
2018-04-04 03:00:00,0.03,28.42,80.27,2.45
2018-04-04 04:00:00,0.04,28.3,81.19,2.31
2018-04-04 05:00:00,0.04,28.22,81.82,2.11
2018-04-04 06:00:00,0.04,28.33,81.6,2.03
2018-04-04 07:00:00,0.04,28.64,78.67,2.04
2018-04-04 08:00:00,0.04,28.86,77.03,1.77
2018-04-04 09:00:00,0.03,29.26,74.01,1.41
2018-04-04 10:00:00,0.03,30.05,68.65,1.05
2018-04-04 11:00:00,0.02,31.04,62.94,1.21
2018-04-04 12:00:00,0.02,31.55,61.0,2.11
2018-04-04 13:00:00,0.01,31.51,61.67,3.09
2018-04-04 14:00:00,0.01,31.18,63.8,4.14
2018-04-04 15:00:00,0.01,30.58,67.9,4.96
2018-04-04 16:00:00,0.01,29.98,72.26,5.39
2018-04-04 17:00:00,0.01,29.57,75.2,5.15
2018-04-04 18:00:00,0.0,29.3,77.03,4.44
2018-04-04 19:00:00,0.01,29.16,78.01,3.54
2018-04-04 20:00:00,0.01,29.03,78.98,2.63
2018-04-04 21:00:00,0.02,28.92,80.11,2.07
2018-04-04 22:00:00,0.02,28.79,81.24,1.91
2018-04-04 23:00:00,0.02,28.63,82.2,1.95
2018-04-05 00:00:00,0.02,28.45,83.03,1.96
2018-04-05 01:00:00,0.02,28.28,83.79,1.95
2018-04-05 02:00:00,0.02,28.14,84.32,1.93
2018-04-05 03:00:00,0.02,28.03,84.63,1.92
2018-04-05 04:00:00,0.02,27.95,84.69,1.83
2018-04-05 05:00:00,0.02,27.93,84.1,1.57
2018-04-05 06:00:00,0.02,28.16,82.24,1.23
2018-04-05 07:00:00,0.02,28.49,78.98,0.97
2018-04-05 08:00:00,0.01,28.83,76.15,0.77
2018-04-05 09:00:00,0.01,29.25,72.26,0.44
2018-04-05 10:00:00,0.01,29.67,68.68,0.06
2018-04-05 11:00:00,0.0,30.04,65.98,0.74
2018-04-05 12:00:00,0.0,30.4,64.43,1.76
2018-04-05 13:00:00,0.0,30.77,63.37,2.55
2018-04-05 14:00:00,0.0,30.98,62.26,2.77
2018-04-05 15:00:00,0.0,31.07,61.74,2.94
2018-04-05 16:00:00,0.0,30.93,62.79,3.45
2018-04-05 17:00:00,0.0,30.45,66.34,4.22
2018-04-05 18:00:00,0.0,29.86,71.1,4.58
2018-04-05 19:00:00,0.0,29.54,74.04,4.21
2018-04-05 20:00:00,0.01,29.36,76.0,3.3
2018-04-05 21:00:00,0.02,29.24,77.47,2.49
2018-04-05 22:00:00,0.02,29.13,78.57,2.31
2018-04-05 23:00:00,0.02,28.99,79.52,2.66
2018-04-06 00:00:00,0.02,28.81,80.31,2.52
2018-04-06 01:00:00,0.02,28.58,81.2,1.94
2018-04-06 02:00:00,0.02,28.42,81.52,1.64
2018-04-06 03:00:00,0.02,28.37,81.47,1.63
2018-04-06 04:00:00,0.02,28.35,81.29,1.72
2018-04-06 05:00:00,0.1,28.32,80.87,1.53
2018-04-06 06:00:00,0.1,28.5,79.72,1.42
2018-04-06 07:00:00,0.08,28.81,76.21,1.34
2018-04-06 08:00:00,0.06,28.96,74.64,0.91
2018-04-06 09:00:00,0.05,29.09,73.1,0.48
2018-04-06 10:00:00,0.03,29.3,71.13,0.13
2018-04-06 11:00:00,0.04,29.74,67.92,0.13
2018-04-06 12:00:00,0.05,30.1,65.54,0.78
2018-04-06 13:00:00,0.04,30.48,64.33,1.84
2018-04-06 14:00:00,0.03,30.78,63.78,2.66
2018-04-06 15:00:00,0.02,30.83,64.23,3.31
2018-04-06 16:00:00,0.01,30.56,66.15,3.92
2018-04-06 17:00:00,0.01,30.09,68.96,4.16
2018-04-06 18:00:00,0.01,29.67,71.67,3.96
2018-04-06 19:00:00,0.01,29.44,73.49,3.48
2018-04-06 20:00:00,0.0,29.29,75.03,2.85
2018-04-06 21:00:00,0.01,29.16,76.29,2.26
2018-04-06 22:00:00,0.01,29.02,77.11,1.81
2018-04-06 23:00:00,0.02,28.86,77.71,1.54
2018-04-07 00:00:00,0.04,28.73,78.12,1.42
2018-04-07 01:00:00,0.05,28.63,78.17,1.33
2018-04-07 02:00:00,0.07,28.57,78.03,1.22
2018-04-07 03:00:00,0.08,28.5,78.21,1.18
2018-04-07 04:00:00,0.09,28.42,78.7,1.29
2018-04-07 05:00:00,0.11,28.34,79.36,1.48
2018-04-07 06:00:00,0.1,28.58,78.8,1.77
2018-04-07 07:00:00,0.08,29.12,74.97,2.22
2018-04-07 08:00:00,0.14,29.61,72.42,2.36
2018-04-07 09:00:00,0.07,30.39,68.0,2.25
2018-04-07 10:00:00,0.05,31.16,63.61,2.0
2018-04-07 11:00:00,0.04,31.73,62.23,1.9
2018-04-07 12:00:00,0.06,32.19,61.12,2.32
2018-04-07 13:00:00,0.05,32.5,59.96,3.24
2018-04-07 14:00:00,0.04,32.51,60.26,4.3
2018-04-07 15:00:00,0.04,32.17,62.1,5.37
2018-04-07 16:00:00,0.04,31.45,65.8,6.06
2018-04-07 17:00:00,0.03,30.66,69.99,5.87
2018-04-07 18:00:00,0.05,30.14,72.87,4.95
2018-04-07 19:00:00,0.17,29.92,74.18,3.85
2018-04-07 20:00:00,0.33,29.77,74.88,2.84
2018-04-07 21:00:00,0.49,29.65,75.34,2.31
2018-04-07 22:00:00,0.51,29.49,76.57,2.17
2018-04-07 23:00:00,0.55,29.32,78.18,2.13
2018-04-08 00:00:00,0.45,29.13,80.01,2.17
2018-04-08 01:00:00,0.4,28.93,81.47,2.17
2018-04-08 02:00:00,0.39,28.75,82.45,1.94
2018-04-08 03:00:00,0.35,28.62,82.8,1.5
2018-04-08 04:00:00,0.34,28.59,81.8,0.97
2018-04-08 05:00:00,0.3,28.66,79.87,0.5
2018-04-08 06:00:00,0.25,28.74,79.08,0.58
2018-04-08 07:00:00,0.23,29.01,76.73,1.09
2018-04-08 08:00:00,0.06,29.4,74.23,1.34
2018-04-08 09:00:00,0.06,29.85,70.82,1.27
2018-04-08 10:00:00,0.04,30.27,67.46,0.95
2018-04-08 11:00:00,0.03,30.7,64.44,0.84
2018-04-08 12:00:00,0.03,31.09,62.37,1.43
2018-04-08 13:00:00,0.03,31.3,61.54,2.28
2018-04-08 14:00:00,0.03,31.32,61.74,3.01
2018-04-08 15:00:00,0.03,31.2,62.66,3.47
2018-04-08 16:00:00,0.03,30.91,64.83,3.77
2018-04-08 17:00:00,0.03,30.5,68.03,3.87
2018-04-08 18:00:00,0.04,30.11,71.47,3.55
2018-04-08 19:00:00,0.06,29.91,73.7,2.83
2018-04-08 20:00:00,0.06,29.72,75.42,2.18
2018-04-08 21:00:00,0.07,29.55,76.62,2.04
2018-04-08 22:00:00,0.09,29.34,77.74,2.43
2018-04-08 23:00:00,0.09,29.14,78.77,2.81
2018-04-09 00:00:00,0.11,28.92,79.84,2.93
2018-04-09 01:00:00,0.13,28.69,80.83,2.93
2018-04-09 02:00:00,0.13,28.51,81.45,2.73
2018-04-09 03:00:00,0.13,28.37,81.77,2.42
2018-04-09 04:00:00,0.15,28.31,81.53,2.07
2018-04-09 05:00:00,0.15,28.33,80.54,1.7
2018-04-09 06:00:00,0.15,28.49,79.34,1.44
2018-04-09 07:00:00,0.14,28.95,74.85,1.28
2018-04-09 08:00:00,1.04,29.39,71.31,1.41
2018-04-09 09:00:00,0.76,29.82,68.35,1.54
2018-04-09 10:00:00,0.56,30.28,64.65,1.36
2018-04-09 11:00:00,0.37,30.73,61.1,0.95
2018-04-09 12:00:00,0.24,31.12,58.12,0.35
2018-04-09 13:00:00,0.2,31.48,56.68,0.47
2018-04-09 14:00:00,0.18,31.75,58.24,1.51
2018-04-09 15:00:00,0.13,31.9,58.56,2.52
2018-04-09 16:00:00,0.1,31.71,59.45,3.57
2018-04-09 17:00:00,0.08,31.05,63.43,4.44
2018-04-09 18:00:00,0.09,30.22,69.9,4.51
2018-04-09 19:00:00,0.1,29.77,74.12,4.32
2018-04-09 20:00:00,0.12,29.51,76.71,3.86
2018-04-09 21:00:00,0.18,29.29,78.62,3.44
2018-04-09 22:00:00,0.23,29.07,80.14,3.05
2018-04-09 23:00:00,0.28,28.84,81.31,2.69
2018-04-10 00:00:00,0.36,28.59,82.2,2.24
2018-04-10 01:00:00,0.41,28.37,82.39,1.78
2018-04-10 02:00:00,0.43,28.25,81.74,1.31
2018-04-10 03:00:00,0.44,28.21,80.4,0.91
2018-04-10 04:00:00,0.37,28.18,79.56,0.72
2018-04-10 05:00:00,0.26,28.14,79.17,0.8
2018-04-10 06:00:00,0.19,28.32,78.76,0.9
2018-04-10 07:00:00,0.13,28.91,73.45,1.14
2018-04-10 08:00:00,0.06,29.48,70.25,1.28
2018-04-10 09:00:00,0.05,30.18,65.74,1.17
2018-04-10 10:00:00,0.03,30.87,61.14,0.73
2018-04-10 11:00:00,0.03,31.43,59.04,0.52
2018-04-10 12:00:00,0.03,31.83,59.88,1.26
2018-04-10 13:00:00,0.06,32.13,59.6,2.13
2018-04-10 14:00:00,0.07,32.2,59.81,2.99
2018-04-10 15:00:00,0.1,32.03,60.36,3.8
2018-04-10 16:00:00,0.13,31.53,63.03,4.61
2018-04-10 17:00:00,0.21,30.81,67.84,4.88
2018-04-10 18:00:00,0.31,30.24,72.17,4.53
2018-04-10 19:00:00,0.44,29.94,74.8,3.9
2018-04-10 20:00:00,0.54,29.76,76.39,3.27
2018-04-10 21:00:00,0.61,29.64,77.75,2.86
2018-04-10 22:00:00,0.71,29.5,79.16,2.69
2018-04-10 23:00:00,0.75,29.36,80.39,2.56
2018-04-11 00:00:00,0.87,29.21,81.61,2.36
2018-04-11 01:00:00,1.23,29.07,82.65,2.23
2018-04-11 02:00:00,1.3,28.95,83.43,2.0
2018-04-11 03:00:00,1.26,28.86,83.88,1.68
2018-04-11 04:00:00,1.19,28.81,84.01,1.3
2018-04-11 05:00:00,0.96,28.8,83.59,1.02
2018-04-11 06:00:00,0.77,28.91,81.85,0.76
2018-04-11 07:00:00,0.72,29.12,78.52,0.6
2018-04-11 08:00:00,0.32,29.35,76.71,0.5
2018-04-11 09:00:00,0.34,29.62,74.35,0.48
2018-04-11 10:00:00,0.29,29.93,71.29,0.53
2018-04-11 11:00:00,0.27,30.25,68.7,0.73
2018-04-11 12:00:00,0.25,30.52,66.67,0.83
2018-04-11 13:00:00,0.24,30.73,65.45,1.06
2018-04-11 14:00:00,0.24,30.86,65.19,1.73
2018-04-11 15:00:00,0.33,30.8,66.56,2.5
2018-04-11 16:00:00,0.37,30.53,69.37,3.22
2018-04-11 17:00:00,0.31,30.11,73.31,3.62
2018-04-11 18:00:00,0.24,29.65,77.56,3.68
2018-04-11 19:00:00,0.22,29.4,80.28,3.54
2018-04-11 20:00:00,0.27,29.24,81.93,3.05
2018-04-11 21:00:00,0.31,29.11,82.93,2.49
2018-04-11 22:00:00,0.36,28.97,83.72,2.05
2018-04-11 23:00:00,0.31,28.84,84.15,1.78
2018-04-12 00:00:00,0.3,28.75,84.32,1.59
2018-04-12 01:00:00,0.26,28.68,84.43,1.48
2018-04-12 02:00:00,0.26,28.61,84.65,1.4
2018-04-12 03:00:00,0.28,28.55,84.98,1.44
2018-04-12 04:00:00,0.26,28.52,85.16,1.54
2018-04-12 05:00:00,0.25,28.5,85.43,1.8
2018-04-12 06:00:00,0.26,28.68,84.69,2.15
2018-04-12 07:00:00,0.25,28.98,81.92,2.36
2018-04-12 08:00:00,0.27,29.23,80.17,2.17
2018-04-12 09:00:00,0.22,29.49,77.83,1.8
2018-04-12 10:00:00,0.21,29.7,75.43,1.36
2018-04-12 11:00:00,0.16,29.92,73.17,1.17
2018-04-12 12:00:00,0.13,30.1,71.16,1.19
2018-04-12 13:00:00,0.11,30.27,69.72,1.43
2018-04-12 14:00:00,0.1,30.37,69.22,1.94
2018-04-12 15:00:00,0.11,30.35,69.94,2.57
2018-04-12 16:00:00,0.1,30.19,71.54,3.08
2018-04-12 17:00:00,0.11,29.89,73.9,3.31
2018-04-12 18:00:00,0.15,29.59,76.52,3.19
2018-04-12 19:00:00,0.19,29.44,78.2,2.87
2018-04-12 20:00:00,0.19,29.33,79.3,2.43
2018-04-12 21:00:00,0.29,29.23,80.03,1.95
2018-04-12 22:00:00,0.34,29.12,80.63,1.57
2018-04-12 23:00:00,0.36,29.01,80.99,1.22
2018-04-13 00:00:00,0.34,28.88,81.5,0.97
2018-04-13 01:00:00,0.29,28.74,82.23,0.8
2018-04-13 02:00:00,0.24,28.58,83.04,0.72
2018-04-13 03:00:00,0.17,28.46,83.78,0.78
2018-04-13 04:00:00,0.17,28.36,84.38,0.86
2018-04-13 05:00:00,0.16,28.32,84.73,1.09
2018-04-13 06:00:00,0.12,28.44,84.34,1.48
2018-04-13 07:00:00,0.08,28.77,81.89,2.11
2018-04-13 08:00:00,0.35,29.11,79.72,2.73
2018-04-13 09:00:00,0.23,29.43,76.53,3.34
2018-04-13 10:00:00,0.23,29.78,72.54,3.33
2018-04-13 11:00:00,0.39,30.12,68.97,2.46
2018-04-13 12:00:00,0.57,30.24,67.53,2.12
2018-04-13 13:00:00,0.75,30.07,68.35,2.71
2018-04-13 14:00:00,0.72,29.74,70.1,3.18
2018-04-13 15:00:00,0.72,29.42,71.76,3.19
2018-04-13 16:00:00,0.8,29.12,73.25,2.91
2018-04-13 17:00:00,0.83,28.86,74.83,2.59
2018-04-13 18:00:00,0.72,28.6,77.46,2.3
2018-04-13 19:00:00,0.67,28.44,79.86,2.16
2018-04-13 20:00:00,0.73,28.33,80.87,1.9
2018-04-13 21:00:00,0.96,28.23,81.12,1.48
2018-04-13 22:00:00,1.02,28.16,81.08,1.12
2018-04-13 23:00:00,0.88,28.17,79.83,0.83
2018-04-14 00:00:00,1.16,28.18,78.23,0.61
2018-04-14 01:00:00,1.87,28.16,77.14,0.45
2018-04-14 02:00:00,1.97,28.14,76.19,0.39
2018-04-14 03:00:00,1.76,28.1,76.52,0.39
2018-04-14 04:00:00,1.16,28.08,77.0,0.47
2018-04-14 05:00:00,0.86,28.16,75.56,0.55
2018-04-14 06:00:00,0.69,28.37,73.87,0.49
2018-04-14 07:00:00,0.72,28.79,71.48,0.59
2018-04-14 08:00:00,0.06,29.32,70.03,0.91
2018-04-14 09:00:00,0.06,29.95,67.32,1.12
2018-04-14 10:00:00,0.08,30.57,64.81,1.49
2018-04-14 11:00:00,0.12,31.08,63.26,2.1
2018-04-14 12:00:00,0.17,31.32,62.88,2.85
2018-04-14 13:00:00,0.23,31.28,63.61,3.62
2018-04-14 14:00:00,0.21,30.98,65.36,4.07
2018-04-14 15:00:00,0.2,30.52,67.64,4.04
2018-04-14 16:00:00,0.18,30.1,69.7,3.71
2018-04-14 17:00:00,0.16,29.75,71.56,3.25
2018-04-14 18:00:00,0.18,29.46,73.64,2.91
2018-04-14 19:00:00,0.2,29.31,75.55,2.93
2018-04-14 20:00:00,0.22,29.2,77.35,2.99
2018-04-14 21:00:00,0.23,29.1,78.83,2.92
2018-04-14 22:00:00,0.19,28.98,79.94,2.82
2018-04-14 23:00:00,0.18,28.83,80.83,2.66
2018-04-15 00:00:00,0.17,28.67,81.65,2.4
2018-04-15 01:00:00,0.18,28.51,82.23,2.12
2018-04-15 02:00:00,0.2,28.36,82.67,1.88
2018-04-15 03:00:00,0.22,28.27,82.74,1.77
2018-04-15 04:00:00,0.27,28.22,82.61,1.71
2018-04-15 05:00:00,0.27,28.21,82.26,1.67
2018-04-15 06:00:00,0.3,28.45,80.57,1.77
2018-04-15 07:00:00,0.29,28.91,76.45,2.0
2018-04-15 08:00:00,0.14,29.41,73.89,1.99
2018-04-15 09:00:00,0.15,30.01,71.18,2.34
2018-04-15 10:00:00,0.16,30.55,69.2,2.94
2018-04-15 11:00:00,0.17,30.71,68.9,3.84
2018-04-15 12:00:00,0.17,30.6,69.56,4.54
2018-04-15 13:00:00,0.18,30.49,69.9,4.94
2018-04-15 14:00:00,0.17,30.45,69.58,4.89
2018-04-15 15:00:00,0.16,30.44,69.0,4.66
2018-04-15 16:00:00,0.14,30.36,69.05,4.51
2018-04-15 17:00:00,0.16,30.13,70.48,4.21
2018-04-15 18:00:00,0.17,29.72,73.95,3.59
2018-04-15 19:00:00,0.18,29.45,76.32,3.14
2018-04-15 20:00:00,0.19,29.25,77.84,2.75
2018-04-15 21:00:00,0.23,29.13,78.66,2.41
2018-04-15 22:00:00,0.26,29.03,79.12,2.11
2018-04-15 23:00:00,0.36,28.95,79.18,1.83
2018-04-16 00:00:00,0.44,28.87,79.05,1.62
2018-04-16 01:00:00,0.5,28.8,78.87,1.43
2018-04-16 02:00:00,0.51,28.76,78.5,1.28
2018-04-16 03:00:00,0.4,28.75,77.78,1.08
2018-04-16 04:00:00,0.28,28.78,77.04,0.9
2018-04-16 05:00:00,0.1,28.79,76.49,0.76
2018-04-16 06:00:00,0.07,28.89,75.63,0.77
2018-04-16 07:00:00,0.07,29.24,73.78,0.92
2018-04-16 08:00:00,0.21,29.73,71.62,1.0
2018-04-16 09:00:00,0.15,30.22,68.97,0.96
2018-04-16 10:00:00,0.15,30.7,66.86,1.19
2018-04-16 11:00:00,0.14,31.09,65.72,1.8
2018-04-16 12:00:00,0.2,31.28,65.71,2.51
2018-04-16 13:00:00,0.25,31.21,66.53,3.09
2018-04-16 14:00:00,0.33,30.93,68.08,3.47
2018-04-16 15:00:00,0.31,30.6,70.01,3.43
2018-04-16 16:00:00,0.27,30.33,71.64,3.14
2018-04-16 17:00:00,0.3,30.07,73.51,2.82
2018-04-16 18:00:00,0.27,29.84,76.01,2.58
2018-04-16 19:00:00,0.21,29.7,78.3,2.38
2018-04-16 20:00:00,0.21,29.65,79.68,2.41
2018-04-16 21:00:00,0.21,29.6,80.37,2.54
2018-04-16 22:00:00,0.22,29.52,80.97,2.66
2018-04-16 23:00:00,0.19,29.41,81.48,2.64
2018-04-17 00:00:00,0.21,29.29,82.0,2.48
2018-04-17 01:00:00,0.23,29.16,82.44,2.26
2018-04-17 02:00:00,0.19,29.03,82.75,2.04
2018-04-17 03:00:00,0.18,28.92,82.84,1.87
2018-04-17 04:00:00,0.14,28.83,82.73,1.71
2018-04-17 05:00:00,0.13,28.72,82.87,1.67
2018-04-17 06:00:00,0.13,28.81,82.55,1.64
2018-04-17 07:00:00,0.12,29.28,78.54,1.9
2018-04-17 08:00:00,0.06,29.8,74.75,1.86
2018-04-17 09:00:00,0.05,30.51,69.8,1.57
2018-04-17 10:00:00,0.03,31.26,65.56,1.13
2018-04-17 11:00:00,0.04,31.72,65.48,1.04
2018-04-17 12:00:00,0.04,31.99,64.56,1.83
2018-04-17 13:00:00,0.06,31.96,65.07,2.86
2018-04-17 14:00:00,0.06,31.54,66.66,3.85
2018-04-17 15:00:00,0.06,30.85,70.42,4.46
2018-04-17 16:00:00,0.06,30.12,74.91,4.62
2018-04-17 17:00:00,0.04,29.63,77.89,4.33
2018-04-17 18:00:00,0.05,29.34,79.65,3.8
2018-04-17 19:00:00,0.07,29.21,80.3,3.16
2018-04-17 20:00:00,0.07,29.17,80.76,2.66
2018-04-17 21:00:00,0.08,29.13,81.37,2.37
2018-04-17 22:00:00,0.11,29.09,81.8,2.28
2018-04-17 23:00:00,0.14,29.01,82.23,2.27
2018-04-18 00:00:00,0.14,28.94,82.56,2.32
2018-04-18 01:00:00,0.18,28.83,83.11,2.42
2018-04-18 02:00:00,0.19,28.71,83.73,2.45
2018-04-18 03:00:00,0.19,28.59,84.32,2.41
2018-04-18 04:00:00,0.2,28.51,84.71,2.39
2018-04-18 05:00:00,0.21,28.46,85.31,2.54
2018-04-18 06:00:00,0.22,28.61,84.91,2.76
2018-04-18 07:00:00,0.24,28.95,82.65,3.15
2018-04-18 08:00:00,0.23,29.21,80.95,3.24
2018-04-18 09:00:00,0.23,29.4,79.34,3.14
2018-04-18 10:00:00,0.25,29.51,78.46,3.16
2018-04-18 11:00:00,0.26,29.62,77.91,3.43
2018-04-18 12:00:00,0.3,29.75,77.43,3.75
2018-04-18 13:00:00,0.27,29.81,77.33,4.19
2018-04-18 14:00:00,0.21,29.61,78.84,4.65
2018-04-18 15:00:00,0.18,29.4,80.31,4.79
2018-04-18 16:00:00,0.14,29.25,81.26,4.55
2018-04-18 17:00:00,0.12,29.13,81.99,4.01
2018-04-18 18:00:00,0.11,29.01,83.06,3.39
2018-04-18 19:00:00,0.1,28.95,83.77,2.98
2018-04-18 20:00:00,0.1,28.91,84.04,2.59
2018-04-18 21:00:00,0.08,28.9,83.84,2.29
2018-04-18 22:00:00,0.08,28.87,83.74,2.15
2018-04-18 23:00:00,0.1,28.81,83.98,2.15
2018-04-19 00:00:00,0.09,28.73,84.3,2.19
2018-04-19 01:00:00,0.1,28.63,84.77,2.24
2018-04-19 02:00:00,0.09,28.54,85.22,2.26
2018-04-19 03:00:00,0.1,28.45,85.48,2.22
2018-04-19 04:00:00,0.08,28.4,85.63,2.17
2018-04-19 05:00:00,0.08,28.37,85.54,2.05
2018-04-19 06:00:00,0.08,28.55,84.66,1.92
2018-04-19 07:00:00,0.08,28.94,81.73,2.0
2018-04-19 08:00:00,0.03,29.16,79.68,1.99
2018-04-19 09:00:00,0.02,29.31,78.49,1.93
2018-04-19 10:00:00,0.03,29.4,77.33,1.93
2018-04-19 11:00:00,0.02,29.54,76.4,2.2
2018-04-19 12:00:00,0.02,29.68,75.79,2.69
2018-04-19 13:00:00,0.02,29.8,75.53,3.33
2018-04-19 14:00:00,0.02,29.77,75.9,3.89
2018-04-19 15:00:00,0.02,29.61,76.96,4.26
2018-04-19 16:00:00,0.02,29.4,78.69,4.45
2018-04-19 17:00:00,0.02,29.19,80.44,4.26
2018-04-19 18:00:00,0.03,29.02,81.92,3.74
2018-04-19 19:00:00,0.03,28.94,82.95,3.23
2018-04-19 20:00:00,0.04,28.89,83.62,2.94
2018-04-19 21:00:00,0.05,28.83,84.15,2.87
2018-04-19 22:00:00,0.05,28.77,84.46,2.83
2018-04-19 23:00:00,0.05,28.72,84.7,2.83
2018-04-20 00:00:00,0.06,28.67,84.97,2.94
2018-04-20 01:00:00,0.07,28.65,85.02,3.17
2018-04-20 02:00:00,0.06,28.58,85.52,3.25
2018-04-20 03:00:00,0.07,28.52,85.81,3.28
2018-04-20 04:00:00,0.07,28.5,86.11,3.25
2018-04-20 05:00:00,0.07,28.52,86.26,3.18
2018-04-20 06:00:00,0.07,28.65,86.04,3.37
2018-04-20 07:00:00,0.07,28.87,84.77,3.94
2018-04-20 08:00:00,0.1,28.89,83.94,4.24
2018-04-20 09:00:00,0.09,28.91,82.68,4.29
2018-04-20 10:00:00,0.1,28.97,81.01,4.38
2018-04-20 11:00:00,0.1,29.02,79.3,4.5
2018-04-20 12:00:00,0.11,29.12,77.29,4.62
2018-04-20 13:00:00,0.08,29.24,75.25,4.64
2018-04-20 14:00:00,0.08,29.46,73.36,4.59
2018-04-20 15:00:00,0.06,29.66,72.22,4.63
2018-04-20 16:00:00,0.06,29.76,72.05,4.75
2018-04-20 17:00:00,0.06,29.65,73.59,4.59
2018-04-20 18:00:00,0.06,29.38,76.44,4.09
2018-04-20 19:00:00,0.05,29.28,78.05,3.67
2018-04-20 20:00:00,0.06,29.23,79.02,3.21
2018-04-20 21:00:00,0.08,29.18,79.74,2.82
2018-04-20 22:00:00,0.1,29.11,80.34,2.59
2018-04-20 23:00:00,0.12,29.03,80.85,2.56
2018-04-21 00:00:00,0.12,28.92,81.35,2.58
2018-04-21 01:00:00,0.09,28.81,81.8,2.65
2018-04-21 02:00:00,0.05,28.7,82.17,2.7
2018-04-21 03:00:00,0.04,28.62,82.44,2.76
2018-04-21 04:00:00,0.03,28.54,82.74,2.76
2018-04-21 05:00:00,0.05,28.46,83.0,2.73
2018-04-21 06:00:00,0.06,28.59,82.75,2.72
2018-04-21 07:00:00,0.05,29.05,79.77,3.0
2018-04-21 08:00:00,0.15,29.44,76.91,2.96
2018-04-21 09:00:00,0.11,29.9,74.2,2.8
2018-04-21 10:00:00,0.09,30.31,72.01,2.77
2018-04-21 11:00:00,0.09,30.62,70.49,2.81
2018-04-21 12:00:00,0.12,30.79,69.88,3.1
2018-04-21 13:00:00,0.14,30.75,70.32,3.5
2018-04-21 14:00:00,0.22,30.52,71.63,3.88
2018-04-21 15:00:00,0.21,30.24,73.09,4.08
2018-04-21 16:00:00,0.18,29.97,74.61,4.04
2018-04-21 17:00:00,0.13,29.72,76.33,3.66
2018-04-21 18:00:00,0.18,29.48,78.57,3.03
2018-04-21 19:00:00,0.22,29.33,80.44,2.45
2018-04-21 20:00:00,0.26,29.27,81.17,1.97
2018-04-21 21:00:00,0.35,29.23,81.12,1.52
2018-04-21 22:00:00,0.39,29.21,80.76,1.29
2018-04-21 23:00:00,0.47,29.11,81.07,1.27
2018-04-22 00:00:00,0.49,28.94,82.25,1.44
2018-04-22 01:00:00,0.55,28.77,83.68,1.71
2018-04-22 02:00:00,0.58,28.64,84.54,1.92
2018-04-22 03:00:00,0.52,28.59,84.67,2.06
2018-04-22 04:00:00,0.51,28.54,84.79,2.05
2018-04-22 05:00:00,0.54,28.51,84.68,1.96
2018-04-22 06:00:00,0.49,28.63,84.53,1.85
2018-04-22 07:00:00,0.53,28.98,82.15,2.0
2018-04-22 08:00:00,0.06,29.22,80.27,2.14
2018-04-22 09:00:00,0.07,29.39,79.07,2.26
2018-04-22 10:00:00,0.06,29.5,78.25,2.44
2018-04-22 11:00:00,0.06,29.6,77.53,2.82
2018-04-22 12:00:00,0.05,29.72,76.74,3.37
2018-04-22 13:00:00,0.05,29.73,76.32,3.88
2018-04-22 14:00:00,0.04,29.68,76.11,4.25
2018-04-22 15:00:00,0.04,29.63,75.68,4.3
2018-04-22 16:00:00,0.03,29.52,75.52,4.08
2018-04-22 17:00:00,0.02,29.33,76.04,3.63
2018-04-22 18:00:00,0.02,29.1,77.66,2.95
2018-04-22 19:00:00,0.03,28.99,78.96,2.45
2018-04-22 20:00:00,0.02,28.92,79.41,2.08
2018-04-22 21:00:00,0.02,28.89,79.06,1.71
2018-04-22 22:00:00,0.02,28.89,77.99,1.46
2018-04-22 23:00:00,0.02,28.87,77.09,1.34
2018-04-23 00:00:00,0.02,28.75,77.09,1.38
2018-04-23 01:00:00,0.01,28.63,77.36,1.5
2018-04-23 02:00:00,0.02,28.52,77.78,1.66
2018-04-23 03:00:00,0.01,28.45,78.05,1.77
2018-04-23 04:00:00,0.02,28.38,78.53,1.89
2018-04-23 05:00:00,0.01,28.31,79.22,2.08
2018-04-23 06:00:00,0.01,28.57,79.54,2.35
2018-04-23 07:00:00,0.01,29.26,76.29,3.12
2018-04-23 08:00:00,0.02,29.84,74.02,3.55
2018-04-23 09:00:00,0.02,30.45,71.0,3.72
2018-04-23 10:00:00,0.01,31.03,68.34,3.8
2018-04-23 11:00:00,0.01,31.4,66.66,3.85
2018-04-23 12:00:00,0.01,31.46,66.48,4.0
2018-04-23 13:00:00,0.02,31.34,67.31,4.24
2018-04-23 14:00:00,0.02,31.11,68.84,4.75
2018-04-23 15:00:00,0.02,30.79,70.51,5.16
2018-04-23 16:00:00,0.01,30.46,72.16,5.18
2018-04-23 17:00:00,0.02,30.13,74.13,4.92
2018-04-23 18:00:00,0.04,29.82,76.39,4.45
2018-04-23 19:00:00,0.05,29.69,77.87,4.05
2018-04-23 20:00:00,0.11,29.59,78.95,3.6
2018-04-23 21:00:00,0.15,29.48,79.84,3.19
2018-04-23 22:00:00,0.18,29.37,80.46,2.95
2018-04-23 23:00:00,0.21,29.24,81.07,2.82
2018-04-24 00:00:00,0.23,29.1,81.65,2.73
2018-04-24 01:00:00,0.24,28.97,82.16,2.64
2018-04-24 02:00:00,0.25,28.87,82.52,2.53
2018-04-24 03:00:00,0.27,28.84,82.47,2.46
2018-04-24 04:00:00,0.27,28.83,82.52,2.43
2018-04-24 05:00:00,0.23,28.83,82.56,2.51
2018-04-24 06:00:00,0.2,29.07,82.02,2.8
2018-04-24 07:00:00,0.15,29.59,78.83,3.56
2018-04-24 08:00:00,0.23,29.88,77.38,4.24
2018-04-24 09:00:00,0.22,30.05,76.72,4.66
2018-04-24 10:00:00,0.15,30.1,76.22,4.87
2018-04-24 11:00:00,0.12,30.15,75.63,4.94
2018-04-24 12:00:00,0.09,30.16,74.89,4.99
2018-04-24 13:00:00,0.1,30.07,74.73,5.03
2018-04-24 14:00:00,0.06,29.96,74.88,5.06
2018-04-24 15:00:00,0.06,29.8,75.47,5.18
2018-04-24 16:00:00,0.05,29.58,76.73,5.25
2018-04-24 17:00:00,0.06,29.32,78.53,5.05
2018-04-24 18:00:00,0.07,29.1,80.48,4.55
2018-04-24 19:00:00,0.08,29.03,81.57,4.06
2018-04-24 20:00:00,0.1,29.0,82.09,3.59
2018-04-24 21:00:00,0.1,28.97,82.31,3.2
2018-04-24 22:00:00,0.12,28.92,82.47,2.99
2018-04-24 23:00:00,0.12,28.86,82.55,2.93
2018-04-25 00:00:00,0.14,28.78,82.72,2.97
2018-04-25 01:00:00,0.18,28.71,82.91,3.03
2018-04-25 02:00:00,0.14,28.66,82.98,3.07
2018-04-25 03:00:00,0.13,28.64,82.92,3.04
2018-04-25 04:00:00,0.15,28.63,82.8,2.95
2018-04-25 05:00:00,0.17,28.63,82.64,2.84
2018-04-25 06:00:00,0.2,28.83,81.99,2.82
2018-04-25 07:00:00,0.22,29.32,79.1,3.17
2018-04-25 08:00:00,0.11,29.68,76.68,3.43
2018-04-25 09:00:00,0.1,29.98,75.11,3.54
2018-04-25 10:00:00,0.11,30.23,73.76,3.75
2018-04-25 11:00:00,0.1,30.4,72.74,4.0
2018-04-25 12:00:00,0.09,30.46,72.4,4.23
2018-04-25 13:00:00,0.09,30.41,72.6,4.41
2018-04-25 14:00:00,0.08,30.34,72.84,4.59
2018-04-25 15:00:00,0.06,30.2,73.29,4.68
2018-04-25 16:00:00,0.06,30.03,74.01,4.6
2018-04-25 17:00:00,0.06,29.81,75.36,4.28
2018-04-25 18:00:00,0.07,29.52,77.67,3.7
2018-04-25 19:00:00,0.08,29.36,79.17,3.41
2018-04-25 20:00:00,0.08,29.27,79.94,3.3
2018-04-25 21:00:00,0.1,29.21,80.44,3.22
2018-04-25 22:00:00,0.12,29.13,80.82,3.2
2018-04-25 23:00:00,0.13,29.03,81.16,3.2
2018-04-26 00:00:00,0.14,28.94,81.41,3.18
2018-04-26 01:00:00,0.17,28.87,81.52,3.17
2018-04-26 02:00:00,0.17,28.78,81.67,2.96
2018-04-26 03:00:00,0.16,28.69,81.69,2.71
2018-04-26 04:00:00,0.18,28.62,81.68,2.58
2018-04-26 05:00:00,0.17,28.56,81.76,2.6
2018-04-26 06:00:00,0.19,28.73,81.13,2.8
2018-04-26 07:00:00,0.21,29.12,78.37,3.36
2018-04-26 08:00:00,0.2,29.41,76.3,3.6
2018-04-26 09:00:00,0.12,29.8,73.63,3.67
2018-04-26 10:00:00,0.04,30.28,70.62,3.69
2018-04-26 11:00:00,0.03,30.79,68.58,3.84
2018-04-26 12:00:00,0.03,31.18,67.54,4.07
2018-04-26 13:00:00,0.05,31.36,67.24,4.35
2018-04-26 14:00:00,0.06,31.34,67.5,4.59
2018-04-26 15:00:00,0.08,31.1,68.61,4.61
2018-04-26 16:00:00,0.09,30.73,70.37,4.38
2018-04-26 17:00:00,0.11,30.35,72.43,3.89
2018-04-26 18:00:00,0.14,29.96,75.01,3.3
2018-04-26 19:00:00,0.15,29.74,76.82,2.82
2018-04-26 20:00:00,0.17,29.59,78.36,2.6
2018-04-26 21:00:00,0.18,29.44,79.96,2.48
2018-04-26 22:00:00,0.19,29.33,80.97,2.52
2018-04-26 23:00:00,0.2,29.2,81.74,2.5
2018-04-27 00:00:00,0.24,29.11,82.16,2.5
2018-04-27 01:00:00,0.27,29.0,82.4,2.56
2018-04-27 02:00:00,0.33,28.82,82.97,2.48
2018-04-27 03:00:00,0.3,28.52,84.27,2.51
2018-04-27 04:00:00,0.29,28.21,85.64,2.88
2018-04-27 05:00:00,0.29,27.91,86.89,3.41
2018-04-27 06:00:00,0.28,27.76,87.08,3.82
2018-04-27 07:00:00,0.31,27.87,85.64,3.78
2018-04-27 08:00:00,0.24,28.16,83.58,3.4
2018-04-27 09:00:00,0.24,28.63,80.74,2.86
2018-04-27 10:00:00,0.25,29.1,78.05,2.42
2018-04-27 11:00:00,0.23,29.51,75.88,2.29
2018-04-27 12:00:00,0.23,29.8,74.56,2.53
2018-04-27 13:00:00,0.21,29.9,74.41,3.05
2018-04-27 14:00:00,0.19,29.86,74.92,3.46
2018-04-27 15:00:00,0.21,29.74,75.81,3.72
2018-04-27 16:00:00,0.18,29.58,77.03,3.83
2018-04-27 17:00:00,0.17,29.44,78.5,3.61
2018-04-27 18:00:00,0.19,29.3,80.47,3.01
2018-04-27 19:00:00,0.19,29.25,81.51,2.64
2018-04-27 20:00:00,0.21,29.22,81.77,2.3
2018-04-27 21:00:00,0.22,29.21,81.53,1.99
2018-04-27 22:00:00,0.24,29.17,81.2,1.77
2018-04-27 23:00:00,0.26,29.12,80.92,1.62
2018-04-28 00:00:00,0.23,29.01,81.07,1.53
2018-04-28 01:00:00,0.21,28.92,81.28,1.49
2018-04-28 02:00:00,0.24,28.83,81.63,1.51
2018-04-28 03:00:00,0.21,28.74,82.23,1.56
2018-04-28 04:00:00,0.19,28.69,82.63,1.6
2018-04-28 05:00:00,0.19,28.66,82.99,1.62
2018-04-28 06:00:00,0.18,28.84,83.12,1.64
2018-04-28 07:00:00,0.19,29.33,80.14,1.82
2018-04-28 08:00:00,0.07,29.66,78.07,1.65
2018-04-28 09:00:00,0.07,30.01,75.4,1.12
2018-04-28 10:00:00,0.06,30.31,72.61,0.64
2018-04-28 11:00:00,0.05,30.56,70.63,0.94
2018-04-28 12:00:00,0.05,30.68,69.69,1.67
2018-04-28 13:00:00,0.05,30.67,69.85,2.5
2018-04-28 14:00:00,0.06,30.45,71.54,3.29
2018-04-28 15:00:00,0.05,30.17,73.72,3.81
2018-04-28 16:00:00,0.04,29.93,75.62,3.98
2018-04-28 17:00:00,0.04,29.69,77.44,3.78
2018-04-28 18:00:00,0.04,29.48,79.28,3.28
2018-04-28 19:00:00,0.03,29.33,80.72,2.75
2018-04-28 20:00:00,0.03,29.22,81.57,2.38
2018-04-28 21:00:00,0.03,29.14,82.2,2.12
2018-04-28 22:00:00,0.03,29.06,82.72,1.9
2018-04-28 23:00:00,0.03,28.97,83.21,1.79
2018-04-29 00:00:00,0.04,28.89,83.69,1.73
2018-04-29 01:00:00,0.05,28.78,84.28,1.72
2018-04-29 02:00:00,0.05,28.64,84.86,1.63
2018-04-29 03:00:00,0.05,28.52,85.06,1.53
2018-04-29 04:00:00,0.05,28.44,85.13,1.43
2018-04-29 05:00:00,0.05,28.39,85.19,1.39
2018-04-29 06:00:00,0.05,28.62,84.32,1.51
2018-04-29 07:00:00,0.05,28.97,81.79,1.97
2018-04-29 08:00:00,0.08,29.3,80.01,2.16
2018-04-29 09:00:00,0.08,29.59,78.23,2.3
2018-04-29 10:00:00,0.07,29.83,76.78,2.47
2018-04-29 11:00:00,0.07,29.98,75.81,2.73
2018-04-29 12:00:00,0.06,30.05,75.4,3.14
2018-04-29 13:00:00,0.04,30.07,75.54,3.55
2018-04-29 14:00:00,0.04,30.06,76.08,3.98
2018-04-29 15:00:00,0.04,29.99,76.87,4.32
2018-04-29 16:00:00,0.04,29.85,78.08,4.34
2018-04-29 17:00:00,0.04,29.68,79.44,3.87
2018-04-29 18:00:00,0.06,29.48,81.45,3.14
2018-04-29 19:00:00,0.06,29.37,82.66,2.75
2018-04-29 20:00:00,0.06,29.3,83.2,2.58
2018-04-29 21:00:00,0.06,29.24,83.52,2.51
2018-04-29 22:00:00,0.07,29.16,83.87,2.58
2018-04-29 23:00:00,0.07,29.06,84.3,2.74
2018-04-30 00:00:00,0.09,28.94,84.78,2.89
2018-04-30 01:00:00,0.1,28.84,84.99,3.02
2018-04-30 02:00:00,0.1,28.77,84.98,3.09
2018-04-30 03:00:00,0.09,28.72,84.95,3.07
2018-04-30 04:00:00,0.09,28.68,85.06,3.0
2018-04-30 05:00:00,0.08,28.66,84.98,2.96
2018-04-30 06:00:00,0.05,28.89,84.12,3.05
2018-04-30 07:00:00,0.04,29.37,81.35,3.54
2018-04-30 08:00:00,0.05,29.72,79.2,3.89
2018-04-30 09:00:00,0.04,29.98,77.75,4.01
2018-04-30 10:00:00,0.05,30.22,76.41,4.14
2018-04-30 11:00:00,0.05,30.38,75.41,4.31
2018-04-30 12:00:00,0.06,30.46,74.72,4.48
2018-04-30 13:00:00,0.08,30.47,74.36,4.55
2018-04-30 14:00:00,0.1,30.46,74.09,4.62
2018-04-30 15:00:00,0.11,30.37,74.38,4.65
2018-04-30 16:00:00,0.13,30.22,75.21,4.59
2018-04-30 17:00:00,0.13,29.97,76.97,4.38
2018-04-30 18:00:00,0.14,29.68,79.4,4.05
2018-04-30 19:00:00,0.12,29.53,80.78,3.95
2018-04-30 20:00:00,0.12,29.43,81.48,3.92
2018-04-30 21:00:00,0.11,29.32,82.07,3.89
2018-04-30 22:00:00,0.13,29.22,82.45,3.84
2018-04-30 23:00:00,0.15,29.1,82.8,3.81
2018-05-01 00:00:00,0.16,28.99,83.0,3.88
2018-05-01 01:00:00,0.16,28.88,83.0,3.97
2018-05-01 02:00:00,0.15,28.72,83.11,3.99
2018-05-01 03:00:00,0.15,28.52,83.08,3.97
2018-05-01 04:00:00,0.1,28.32,82.9,3.93
2018-05-01 05:00:00,0.07,28.09,82.74,3.86
2018-05-01 06:00:00,0.03,28.19,81.27,4.12
2018-05-01 07:00:00,0.01,28.5,78.69,4.63
2018-05-01 08:00:00,0.0,28.9,76.21,4.48
2018-05-01 09:00:00,0.0,29.43,73.07,4.18
2018-05-01 10:00:00,0.0,29.98,69.92,3.91
2018-05-01 11:00:00,0.0,30.51,67.28,3.89
2018-05-01 12:00:00,0.0,30.95,65.59,4.17
2018-05-01 13:00:00,0.0,31.21,65.02,4.58
2018-05-01 14:00:00,0.0,31.2,65.58,5.06
2018-05-01 15:00:00,0.0,30.95,67.03,5.38
2018-05-01 16:00:00,0.0,30.63,68.97,5.45
2018-05-01 17:00:00,0.0,30.25,71.5,5.25
2018-05-01 18:00:00,0.0,29.92,74.34,4.79
2018-05-01 19:00:00,0.0,29.77,76.42,4.35
2018-05-01 20:00:00,0.0,29.65,78.25,3.96
2018-05-01 21:00:00,0.0,29.51,79.99,3.64
2018-05-01 22:00:00,0.01,29.39,81.17,3.5
2018-05-01 23:00:00,0.02,29.27,82.03,3.49
2018-05-02 00:00:00,0.02,29.16,82.75,3.62
2018-05-02 01:00:00,0.03,29.07,83.24,3.8
2018-05-02 02:00:00,0.03,28.96,83.88,3.84
2018-05-02 03:00:00,0.03,28.88,84.31,3.85
2018-05-02 04:00:00,0.03,28.84,84.53,3.85
2018-05-02 05:00:00,0.03,28.83,84.55,3.89
2018-05-02 06:00:00,0.02,29.03,83.63,4.07
2018-05-02 07:00:00,0.02,29.47,80.99,4.56
2018-05-02 08:00:00,0.1,29.87,78.35,4.71
2018-05-02 09:00:00,0.12,30.21,76.23,4.72
2018-05-02 10:00:00,0.12,30.45,74.88,4.76
2018-05-02 11:00:00,0.13,30.6,74.07,4.8
2018-05-02 12:00:00,0.14,30.62,73.75,4.89
2018-05-02 13:00:00,0.18,30.59,73.56,4.97
2018-05-02 14:00:00,0.21,30.51,73.64,4.92
2018-05-02 15:00:00,0.23,30.39,74.02,4.92
2018-05-02 16:00:00,0.31,30.21,74.94,4.9
2018-05-02 17:00:00,0.68,29.96,76.42,4.65
2018-05-02 18:00:00,0.84,29.65,78.81,4.21
2018-05-02 19:00:00,0.93,29.44,80.38,3.78
2018-05-02 20:00:00,1.09,29.34,81.03,3.57
2018-05-02 21:00:00,1.05,29.24,81.57,3.62
2018-05-02 22:00:00,0.82,29.14,82.16,3.68
2018-05-02 23:00:00,0.55,29.05,82.68,3.6
2018-05-03 00:00:00,0.42,28.97,83.0,3.44
2018-05-03 01:00:00,0.5,28.92,82.96,3.35
2018-05-03 02:00:00,0.38,28.88,82.87,3.1
2018-05-03 03:00:00,0.28,28.84,82.79,2.82
2018-05-03 04:00:00,0.12,28.8,82.86,2.58
2018-05-03 05:00:00,0.07,28.78,82.6,2.27
2018-05-03 06:00:00,0.06,28.95,82.04,2.06
2018-05-03 07:00:00,0.06,29.43,78.88,2.32
2018-05-03 08:00:00,0.45,29.74,76.64,2.62
2018-05-03 09:00:00,0.51,29.93,75.81,2.87
2018-05-03 10:00:00,0.6,30.22,74.96,3.15
2018-05-03 11:00:00,0.62,30.51,73.91,3.53
2018-05-03 12:00:00,0.6,30.68,73.11,3.86
2018-05-03 13:00:00,0.75,30.63,73.23,4.09
2018-05-03 14:00:00,0.58,30.51,73.66,4.44
2018-05-03 15:00:00,0.45,30.24,74.96,4.83
2018-05-03 16:00:00,0.43,29.9,76.66,4.98
2018-05-03 17:00:00,0.37,29.61,78.21,4.76
2018-05-03 18:00:00,0.32,29.38,79.54,4.33
2018-05-03 19:00:00,0.2,29.27,80.15,4.03
2018-05-03 20:00:00,0.15,29.14,80.8,3.8
2018-05-03 21:00:00,0.2,29.0,81.46,3.6
2018-05-03 22:00:00,0.26,28.85,82.16,3.4
2018-05-03 23:00:00,0.44,28.68,82.93,3.18
2018-05-04 00:00:00,0.58,28.53,83.47,2.99
2018-05-04 01:00:00,0.94,28.41,83.86,2.86
2018-05-04 02:00:00,1.22,28.33,84.08,2.8
2018-05-04 03:00:00,1.45,28.26,84.5,2.85
2018-05-04 04:00:00,1.69,28.19,85.11,2.98
2018-05-04 05:00:00,1.51,28.13,85.61,3.14
2018-05-04 06:00:00,1.82,28.31,85.3,3.41
2018-05-04 07:00:00,1.59,28.74,82.98,3.86
2018-05-04 08:00:00,0.1,29.24,80.42,3.43
2018-05-04 09:00:00,0.12,29.96,76.23,2.55
2018-05-04 10:00:00,0.12,30.83,70.23,1.56
2018-05-04 11:00:00,0.13,31.48,67.5,1.22
2018-05-04 12:00:00,0.14,31.85,67.34,1.86
2018-05-04 13:00:00,0.16,32.05,66.39,2.71
2018-05-04 14:00:00,0.16,31.95,66.5,3.54
2018-05-04 15:00:00,0.17,31.61,67.93,4.2
2018-05-04 16:00:00,0.16,31.08,71.04,4.64
2018-05-04 17:00:00,0.16,30.44,75.6,4.74
2018-05-04 18:00:00,0.15,29.86,80.06,4.43
2018-05-04 19:00:00,0.15,29.61,82.05,3.85
2018-05-04 20:00:00,0.15,29.5,82.82,3.07
2018-05-04 21:00:00,0.17,29.41,83.21,2.46
2018-05-04 22:00:00,0.18,29.31,83.41,2.11
2018-05-04 23:00:00,0.2,29.21,83.46,1.96
2018-05-05 00:00:00,0.22,29.08,83.67,1.92
2018-05-05 01:00:00,0.26,28.95,83.93,2.09
2018-05-05 02:00:00,0.33,28.81,83.98,2.21
2018-05-05 03:00:00,0.36,28.64,84.1,2.24
2018-05-05 04:00:00,0.4,28.49,84.23,2.33
2018-05-05 05:00:00,0.45,28.35,84.16,2.33
2018-05-05 06:00:00,0.5,28.48,82.66,2.34
2018-05-05 07:00:00,0.55,28.77,79.03,2.37
2018-05-05 08:00:00,2.0,29.07,76.62,2.23
2018-05-05 09:00:00,2.04,29.36,74.58,2.01
2018-05-05 10:00:00,1.77,29.57,73.2,1.85
2018-05-05 11:00:00,1.27,29.75,72.46,1.96
2018-05-05 12:00:00,0.82,29.92,71.92,2.32
2018-05-05 13:00:00,0.47,29.98,71.88,2.75
2018-05-05 14:00:00,0.24,29.96,72.11,3.14
2018-05-05 15:00:00,0.14,29.88,72.73,3.42
2018-05-05 16:00:00,0.09,29.7,73.88,3.64
2018-05-05 17:00:00,0.05,29.53,75.43,3.71
2018-05-05 18:00:00,0.05,29.29,78.13,3.59
2018-05-05 19:00:00,0.04,29.17,79.6,3.64
2018-05-05 20:00:00,0.05,29.09,80.18,3.64
2018-05-05 21:00:00,0.07,28.95,80.74,3.57
2018-05-05 22:00:00,0.07,28.83,81.02,3.47
2018-05-05 23:00:00,0.09,28.69,81.23,3.36
2018-05-06 00:00:00,0.11,28.53,81.38,3.26
2018-05-06 01:00:00,0.16,28.42,81.47,3.14
2018-05-06 02:00:00,0.21,28.34,81.4,3.0
2018-05-06 03:00:00,0.27,28.31,81.17,2.91
2018-05-06 04:00:00,0.28,28.29,81.17,2.94
2018-05-06 05:00:00,0.29,28.26,81.23,2.97
2018-05-06 06:00:00,0.25,28.6,79.98,3.18
2018-05-06 07:00:00,0.23,29.18,76.1,3.59
2018-05-06 08:00:00,0.34,29.64,73.92,3.52
2018-05-06 09:00:00,0.29,30.11,71.32,3.3
2018-05-06 10:00:00,0.28,30.61,68.68,3.07
2018-05-06 11:00:00,0.27,30.93,67.22,3.1
2018-05-06 12:00:00,0.3,30.98,67.4,3.55
2018-05-06 13:00:00,0.34,30.74,68.95,4.16
2018-05-06 14:00:00,0.32,30.31,71.41,4.58
2018-05-06 15:00:00,0.27,29.9,73.73,4.64
2018-05-06 16:00:00,0.25,29.57,75.7,4.46
2018-05-06 17:00:00,0.23,29.28,77.42,4.05
2018-05-06 18:00:00,0.21,29.03,79.48,3.5
2018-05-06 19:00:00,0.18,28.87,81.08,3.19
2018-05-06 20:00:00,0.15,28.76,82.08,3.1
2018-05-06 21:00:00,0.14,28.68,82.8,3.13
2018-05-06 22:00:00,0.12,28.6,83.46,3.15
2018-05-06 23:00:00,0.11,28.48,84.12,3.22
2018-05-07 00:00:00,0.12,28.34,84.71,3.23
2018-05-07 01:00:00,0.11,28.2,85.17,3.18
2018-05-07 02:00:00,0.14,28.07,85.45,2.89
2018-05-07 03:00:00,0.15,27.95,85.36,2.52
2018-05-07 04:00:00,0.17,27.85,84.9,2.13
2018-05-07 05:00:00,0.19,27.79,84.0,1.73
2018-05-07 06:00:00,0.2,27.97,82.49,1.38
2018-05-07 07:00:00,0.24,28.37,78.44,1.35
2018-05-07 08:00:00,0.07,28.63,77.11,1.39
2018-05-07 09:00:00,0.08,28.89,75.77,1.53
2018-05-07 10:00:00,0.08,29.12,74.22,1.71
2018-05-07 11:00:00,0.1,29.3,73.33,2.03
2018-05-07 12:00:00,0.1,29.41,73.18,2.44
2018-05-07 13:00:00,0.1,29.43,73.45,2.85
2018-05-07 14:00:00,0.09,29.47,73.53,3.22
2018-05-07 15:00:00,0.08,29.48,73.54,3.44
2018-05-07 16:00:00,0.08,29.43,73.89,3.5
2018-05-07 17:00:00,0.08,29.3,75.1,3.33
2018-05-07 18:00:00,0.09,29.02,78.19,2.87
2018-05-07 19:00:00,0.11,28.89,79.94,2.67
2018-05-07 20:00:00,0.15,28.79,80.96,2.57
2018-05-07 21:00:00,0.19,28.7,81.84,2.66
2018-05-07 22:00:00,0.22,28.59,82.84,2.89
2018-05-07 23:00:00,0.23,28.46,83.95,3.13
2018-05-08 00:00:00,0.2,28.38,84.56,3.36
2018-05-08 01:00:00,0.19,28.28,85.02,3.33
2018-05-08 02:00:00,0.18,28.2,85.27,2.99
2018-05-08 03:00:00,0.16,28.14,85.58,2.61
2018-05-08 04:00:00,0.15,28.1,85.59,2.35
2018-05-08 05:00:00,0.16,28.05,85.35,2.37
2018-05-08 06:00:00,0.18,28.16,84.88,2.63
2018-05-08 07:00:00,0.2,28.48,82.54,3.07
2018-05-08 08:00:00,0.34,28.64,81.29,3.41
2018-05-08 09:00:00,0.38,28.88,79.65,3.65
2018-05-08 10:00:00,0.39,29.12,77.71,3.81
2018-05-08 11:00:00,0.41,29.26,76.46,3.9
2018-05-08 12:00:00,0.39,29.36,75.69,3.99
2018-05-08 13:00:00,0.35,29.39,75.51,4.17
2018-05-08 14:00:00,0.3,29.27,76.07,4.36
2018-05-08 15:00:00,0.28,29.16,76.89,4.48
2018-05-08 16:00:00,0.27,29.07,78.16,4.54
2018-05-08 17:00:00,0.27,28.97,79.83,4.34
2018-05-08 18:00:00,0.29,28.81,81.81,3.95
2018-05-08 19:00:00,0.3,28.78,82.67,3.8
2018-05-08 20:00:00,0.3,28.74,83.27,3.67
2018-05-08 21:00:00,0.27,28.66,83.93,3.54
2018-05-08 22:00:00,0.25,28.55,84.46,3.34
2018-05-08 23:00:00,0.22,28.4,84.06,3.18
2018-05-09 00:00:00,0.18,28.22,83.44,3.17
2018-05-09 01:00:00,0.13,28.06,82.78,3.31
2018-05-09 02:00:00,0.08,27.89,82.85,3.33
2018-05-09 03:00:00,0.05,27.76,83.17,3.25
2018-05-09 04:00:00,0.04,27.66,83.55,3.12
2018-05-09 05:00:00,0.03,27.61,83.76,2.95
2018-05-09 06:00:00,0.04,27.8,83.36,2.84
2018-05-09 07:00:00,0.04,28.26,80.4,2.98
2018-05-09 08:00:00,0.46,28.56,78.15,2.78
2018-05-09 09:00:00,0.65,28.83,75.95,2.29
2018-05-09 10:00:00,0.7,29.07,73.66,1.71
2018-05-09 11:00:00,0.83,29.31,71.24,1.11
2018-05-09 12:00:00,0.94,29.52,69.61,0.96
2018-05-09 13:00:00,0.94,29.61,69.28,1.31
2018-05-09 14:00:00,1.05,29.6,69.8,1.91
2018-05-09 15:00:00,1.14,29.57,70.73,2.5
2018-05-09 16:00:00,1.25,29.45,72.09,2.91
2018-05-09 17:00:00,1.25,29.16,74.99,3.04
2018-05-09 18:00:00,1.29,28.79,78.91,2.98
2018-05-09 19:00:00,1.03,28.63,80.3,3.09
2018-05-09 20:00:00,0.83,28.52,81.19,3.15
2018-05-09 21:00:00,0.68,28.4,81.99,3.18
2018-05-09 22:00:00,0.52,28.26,82.75,3.32
2018-05-09 23:00:00,0.49,28.1,83.48,3.51
2018-05-10 00:00:00,0.46,27.9,84.32,3.66
2018-05-10 01:00:00,0.53,27.72,85.17,3.74
2018-05-10 02:00:00,0.69,27.53,85.92,3.43
2018-05-10 03:00:00,0.8,27.35,86.39,2.97
2018-05-10 04:00:00,0.67,27.22,86.51,2.59
2018-05-10 05:00:00,0.72,27.17,86.24,2.21
2018-05-10 06:00:00,0.53,27.43,84.6,1.8
2018-05-10 07:00:00,0.49,27.84,79.77,1.43
2018-05-10 08:00:00,0.15,28.16,77.96,1.14
2018-05-10 09:00:00,0.17,28.55,76.23,1.17
2018-05-10 10:00:00,0.21,28.95,74.62,1.54
2018-05-10 11:00:00,0.28,29.22,74.13,2.23
2018-05-10 12:00:00,0.31,29.37,74.1,2.89
2018-05-10 13:00:00,0.37,29.34,74.76,3.48
2018-05-10 14:00:00,0.39,29.2,75.57,3.74
2018-05-10 15:00:00,0.39,29.03,76.21,3.83
2018-05-10 16:00:00,0.4,28.88,76.76,3.9
2018-05-10 17:00:00,0.38,28.65,78.18,3.96
2018-05-10 18:00:00,0.36,28.34,80.87,3.84
2018-05-10 19:00:00,0.36,28.16,82.43,3.92
2018-05-10 20:00:00,0.45,28.05,82.96,3.88
2018-05-10 21:00:00,0.54,28.03,82.76,3.62
2018-05-10 22:00:00,0.71,27.99,82.66,3.15
2018-05-10 23:00:00,0.91,27.93,82.64,2.49
2018-05-11 00:00:00,1.08,27.75,83.12,1.87
2018-05-11 01:00:00,1.08,27.55,83.62,1.48
2018-05-11 02:00:00,0.98,27.44,83.6,1.29
2018-05-11 03:00:00,0.82,27.4,83.27,1.19
2018-05-11 04:00:00,0.64,27.46,82.3,1.07
2018-05-11 05:00:00,0.48,27.54,81.47,0.98
2018-05-11 06:00:00,0.45,27.72,80.91,0.97
2018-05-11 07:00:00,0.45,28.04,78.76,1.12
2018-05-11 08:00:00,0.62,28.35,77.47,1.13
2018-05-11 09:00:00,0.63,28.75,74.93,1.25
2018-05-11 10:00:00,0.63,29.15,72.91,1.62
2018-05-11 11:00:00,0.63,29.37,72.64,2.09
2018-05-11 12:00:00,0.63,29.45,73.28,2.63
2018-05-11 13:00:00,0.62,29.47,74.17,3.08
2018-05-11 14:00:00,0.57,29.41,75.34,3.48
2018-05-11 15:00:00,0.6,29.27,76.7,3.67
2018-05-11 16:00:00,0.56,29.13,77.71,3.65
2018-05-11 17:00:00,0.56,28.92,79.57,3.42
2018-05-11 18:00:00,0.53,28.59,83.24,2.99
2018-05-11 19:00:00,0.42,28.44,84.79,2.94
2018-05-11 20:00:00,0.36,28.33,85.63,2.98
2018-05-11 21:00:00,0.39,28.25,86.2,3.09
2018-05-11 22:00:00,0.3,28.16,86.78,3.28
2018-05-11 23:00:00,0.32,28.07,87.26,3.54
2018-05-12 00:00:00,0.35,27.94,88.06,3.8
2018-05-12 01:00:00,0.44,27.85,88.32,4.04
2018-05-12 02:00:00,0.41,27.76,88.07,4.07
2018-05-12 03:00:00,0.49,27.66,87.61,3.9
2018-05-12 04:00:00,0.44,27.55,87.79,3.71
2018-05-12 05:00:00,0.43,27.46,87.89,3.46
2018-05-12 06:00:00,0.43,27.62,86.84,3.27
2018-05-12 07:00:00,0.45,27.92,84.2,3.33
2018-05-12 08:00:00,0.75,28.14,82.64,3.26
2018-05-12 09:00:00,0.87,28.36,81.27,3.28
2018-05-12 10:00:00,0.92,28.49,80.43,3.34
2018-05-12 11:00:00,1.08,28.55,80.03,3.44
2018-05-12 12:00:00,1.12,28.6,79.66,3.54
2018-05-12 13:00:00,1.06,28.58,79.57,3.66
2018-05-12 14:00:00,0.98,28.51,79.57,3.68
2018-05-12 15:00:00,0.89,28.43,79.38,3.58
2018-05-12 16:00:00,0.9,28.32,79.24,3.41
2018-05-12 17:00:00,0.76,28.14,80.23,3.05
2018-05-12 18:00:00,0.63,27.91,82.25,2.67
2018-05-12 19:00:00,0.57,27.84,82.32,2.6
2018-05-12 20:00:00,0.46,27.81,82.25,2.62
2018-05-12 21:00:00,0.45,27.83,81.94,2.63
2018-05-12 22:00:00,0.34,27.86,81.52,2.52
2018-05-12 23:00:00,0.32,27.87,81.04,2.22
2018-05-13 00:00:00,0.3,27.94,79.93,1.87
2018-05-13 01:00:00,0.25,27.98,79.13,1.65
2018-05-13 02:00:00,0.2,28.0,78.92,1.61
2018-05-13 03:00:00,0.14,28.03,78.94,1.64
2018-05-13 04:00:00,0.11,28.09,78.95,1.68
2018-05-13 05:00:00,0.06,28.14,78.93,1.73
2018-05-13 06:00:00,0.06,28.42,78.99,1.69
2018-05-13 07:00:00,0.06,29.0,75.23,1.89
2018-05-13 08:00:00,0.02,29.32,73.03,1.78
2018-05-13 09:00:00,0.04,29.5,72.17,1.73
2018-05-13 10:00:00,0.07,29.63,71.91,2.01
2018-05-13 11:00:00,0.11,29.83,71.54,2.45
2018-05-13 12:00:00,0.13,29.93,71.42,2.88
2018-05-13 13:00:00,0.17,29.94,71.67,3.28
2018-05-13 14:00:00,0.2,29.77,72.98,3.78
2018-05-13 15:00:00,0.22,29.55,74.5,4.19
2018-05-13 16:00:00,0.26,29.25,76.2,4.33
2018-05-13 17:00:00,0.25,28.84,78.78,4.1
2018-05-13 18:00:00,0.23,28.44,81.67,3.73
2018-05-13 19:00:00,0.24,28.25,82.88,3.57
2018-05-13 20:00:00,0.26,28.13,83.31,3.45
2018-05-13 21:00:00,0.29,27.97,83.47,3.34
2018-05-13 22:00:00,0.3,27.77,83.47,3.2
2018-05-13 23:00:00,0.31,27.54,83.87,3.04
2018-05-14 00:00:00,0.29,27.37,83.93,2.89
2018-05-14 01:00:00,0.32,27.27,83.51,2.6
2018-05-14 02:00:00,0.33,27.22,83.0,2.39
2018-05-14 03:00:00,0.33,27.17,82.88,2.36
2018-05-14 04:00:00,0.31,27.13,83.1,2.47
2018-05-14 05:00:00,0.26,27.06,83.77,2.67
2018-05-14 06:00:00,0.19,27.33,83.34,2.99
2018-05-14 07:00:00,0.15,27.71,80.96,3.37
2018-05-14 08:00:00,0.04,28.02,79.84,3.29
2018-05-14 09:00:00,0.03,28.37,78.39,3.18
2018-05-14 10:00:00,0.03,28.69,76.88,3.06
2018-05-14 11:00:00,0.04,28.98,75.29,2.93
2018-05-14 12:00:00,0.05,29.2,73.7,2.88
2018-05-14 13:00:00,0.05,29.3,72.64,2.94
2018-05-14 14:00:00,0.05,29.35,72.09,3.33
2018-05-14 15:00:00,0.06,29.25,72.41,3.8
2018-05-14 16:00:00,0.05,29.05,73.22,3.97
2018-05-14 17:00:00,0.03,28.72,75.19,3.84
2018-05-14 18:00:00,0.03,28.34,78.22,3.5
2018-05-14 19:00:00,0.02,28.17,79.37,3.52
2018-05-14 20:00:00,0.04,28.08,79.91,3.48
2018-05-14 21:00:00,0.06,27.99,80.44,3.38
2018-05-14 22:00:00,0.09,27.88,81.13,3.3
2018-05-14 23:00:00,0.12,27.79,81.77,3.28
2018-05-15 00:00:00,0.14,27.68,82.6,3.33
2018-05-15 01:00:00,0.14,27.58,83.49,3.4
2018-05-15 02:00:00,0.1,27.46,84.2,3.18
2018-05-15 03:00:00,0.08,27.37,84.46,2.93
2018-05-15 04:00:00,0.08,27.31,84.44,2.72
2018-05-15 05:00:00,0.07,27.27,84.2,2.55
2018-05-15 06:00:00,0.07,27.61,82.8,2.65
2018-05-15 07:00:00,0.09,28.15,78.76,3.1
2018-05-15 08:00:00,0.31,28.63,76.57,3.15
2018-05-15 09:00:00,0.27,29.26,73.82,3.15
2018-05-15 10:00:00,0.22,29.86,71.24,3.13
2018-05-15 11:00:00,0.21,30.26,69.72,3.08
2018-05-15 12:00:00,0.19,30.46,69.22,3.05
2018-05-15 13:00:00,0.19,30.52,69.4,3.07
2018-05-15 14:00:00,0.19,30.48,70.09,3.19
2018-05-15 15:00:00,0.21,30.31,71.34,3.43
2018-05-15 16:00:00,0.25,30.02,73.52,3.65
2018-05-15 17:00:00,0.28,29.58,77.11,3.64
2018-05-15 18:00:00,0.27,29.15,80.66,3.38
2018-05-15 19:00:00,0.32,28.95,81.98,3.27
2018-05-15 20:00:00,0.44,28.76,82.97,3.01
2018-05-15 21:00:00,0.44,28.53,83.99,2.86
2018-05-15 22:00:00,0.51,28.27,85.31,3.0
2018-05-15 23:00:00,0.55,27.96,86.95,3.32
2018-05-16 00:00:00,0.55,27.64,88.77,3.73
2018-05-16 01:00:00,0.56,27.42,89.93,4.11
2018-05-16 02:00:00,0.66,27.3,90.3,4.41
2018-05-16 03:00:00,0.72,27.23,90.35,4.75
2018-05-16 04:00:00,0.77,27.21,90.27,5.06
2018-05-16 05:00:00,0.75,27.19,90.31,5.17
2018-05-16 06:00:00,0.74,27.25,90.0,5.08
2018-05-16 07:00:00,0.74,27.43,88.65,4.91
2018-05-16 08:00:00,0.19,27.59,87.14,4.65
2018-05-16 09:00:00,0.2,27.72,85.5,4.19
2018-05-16 10:00:00,0.22,27.78,83.39,3.5
2018-05-16 11:00:00,0.26,27.84,80.72,2.83
2018-05-16 12:00:00,0.29,27.91,77.71,2.37
2018-05-16 13:00:00,0.28,28.01,75.22,1.96
2018-05-16 14:00:00,0.24,28.18,72.94,1.59
2018-05-16 15:00:00,0.19,28.33,71.45,1.44
2018-05-16 16:00:00,0.14,28.43,70.82,1.41
2018-05-16 17:00:00,0.11,28.42,71.42,1.24
2018-05-16 18:00:00,0.06,28.25,74.52,0.94
2018-05-16 19:00:00,0.04,28.34,72.86,0.79
2018-05-16 20:00:00,0.03,28.5,70.99,0.57
2018-05-16 21:00:00,0.02,28.59,70.14,0.34
2018-05-16 22:00:00,0.02,28.59,69.99,0.37
2018-05-16 23:00:00,0.03,28.55,70.23,0.53
2018-05-17 00:00:00,0.03,28.45,71.11,0.79
2018-05-17 01:00:00,0.03,28.29,73.12,1.05
2018-05-17 02:00:00,0.02,28.21,74.19,1.15
2018-05-17 03:00:00,0.02,28.18,74.7,1.16
2018-05-17 04:00:00,0.02,28.17,75.27,1.26
2018-05-17 05:00:00,0.02,28.16,76.07,1.39
2018-05-17 06:00:00,0.03,28.34,77.46,1.5
2018-05-17 07:00:00,0.05,28.83,75.08,1.97
2018-05-17 08:00:00,0.48,29.11,74.94,2.43
2018-05-17 09:00:00,0.66,29.31,75.15,2.8
2018-05-17 10:00:00,0.82,29.31,75.72,3.11
2018-05-17 11:00:00,0.9,29.18,76.66,3.39
2018-05-17 12:00:00,0.83,29.04,77.6,3.68
2018-05-17 13:00:00,0.88,28.88,78.32,3.98
2018-05-17 14:00:00,0.86,28.63,79.3,4.21
2018-05-17 15:00:00,0.94,28.42,80.37,4.35
2018-05-17 16:00:00,0.98,28.15,81.94,4.28
2018-05-17 17:00:00,1.01,27.85,84.05,3.94
2018-05-17 18:00:00,0.95,27.58,86.43,3.51
2018-05-17 19:00:00,0.9,27.46,87.34,3.26
2018-05-17 20:00:00,0.75,27.4,87.69,3.25
2018-05-17 21:00:00,0.64,27.33,87.82,3.26
2018-05-17 22:00:00,0.59,27.29,87.59,3.25
2018-05-17 23:00:00,0.44,27.25,87.4,3.38
2018-05-18 00:00:00,0.28,27.25,87.01,3.57
2018-05-18 01:00:00,0.19,27.29,86.6,3.71
2018-05-18 02:00:00,0.19,27.34,86.25,3.66
2018-05-18 03:00:00,0.14,27.36,85.79,3.53
2018-05-18 04:00:00,0.11,27.41,85.05,3.32
2018-05-18 05:00:00,0.11,27.47,84.19,3.01
2018-05-18 06:00:00,0.11,27.82,82.41,2.71
2018-05-18 07:00:00,0.14,28.37,77.73,2.72
2018-05-18 08:00:00,0.07,28.71,75.56,2.5
2018-05-18 09:00:00,0.09,29.03,73.91,2.3
2018-05-18 10:00:00,0.11,29.26,72.65,2.23
2018-05-18 11:00:00,0.12,29.38,71.8,2.28
2018-05-18 12:00:00,0.12,29.47,70.81,2.42
2018-05-18 13:00:00,0.12,29.47,70.34,2.65
2018-05-18 14:00:00,0.13,29.41,70.24,2.84
2018-05-18 15:00:00,0.11,29.31,70.28,2.91
2018-05-18 16:00:00,0.1,29.18,70.54,2.79
2018-05-18 17:00:00,0.1,29.02,71.62,2.5
2018-05-18 18:00:00,0.09,28.71,75.54,2.08
2018-05-18 19:00:00,0.1,28.62,76.6,2.01
2018-05-18 20:00:00,0.1,28.56,76.94,2.08
2018-05-18 21:00:00,0.12,28.51,77.18,2.22
2018-05-18 22:00:00,0.13,28.45,77.59,2.43
2018-05-18 23:00:00,0.13,28.36,78.05,2.57
2018-05-19 00:00:00,0.12,28.25,78.41,2.55
2018-05-19 01:00:00,0.1,28.16,78.53,2.44
2018-05-19 02:00:00,0.06,28.1,78.62,2.27
2018-05-19 03:00:00,0.04,28.1,78.45,2.09
2018-05-19 04:00:00,0.03,28.14,78.4,2.17
2018-05-19 05:00:00,0.03,28.11,78.47,2.29
2018-05-19 06:00:00,0.02,28.44,78.1,2.47
2018-05-19 07:00:00,0.02,28.97,74.25,2.94
2018-05-19 08:00:00,0.01,29.29,73.3,2.89
2018-05-19 09:00:00,0.01,29.64,72.56,2.84
2018-05-19 10:00:00,0.02,29.95,71.8,2.93
2018-05-19 11:00:00,0.02,30.2,71.32,3.14
2018-05-19 12:00:00,0.03,30.38,71.04,3.52
2018-05-19 13:00:00,0.04,30.37,71.32,4.0
2018-05-19 14:00:00,0.04,30.19,72.09,4.43
2018-05-19 15:00:00,0.05,29.89,73.67,4.75
2018-05-19 16:00:00,0.05,29.63,75.01,4.83
2018-05-19 17:00:00,0.07,29.39,76.76,4.68
2018-05-19 18:00:00,0.08,29.12,79.0,4.31
2018-05-19 19:00:00,0.1,28.97,80.18,4.18
2018-05-19 20:00:00,0.12,28.86,80.93,4.14
2018-05-19 21:00:00,0.17,28.74,81.88,4.1
2018-05-19 22:00:00,0.18,28.61,82.79,4.05
2018-05-19 23:00:00,0.2,28.46,83.66,4.14
2018-05-20 00:00:00,0.2,28.32,84.4,4.26
2018-05-20 01:00:00,0.22,28.23,84.73,4.46
2018-05-20 02:00:00,0.2,28.13,85.43,4.45
2018-05-20 03:00:00,0.16,28.05,86.04,4.27
2018-05-20 04:00:00,0.13,28.04,85.7,4.11
2018-05-20 05:00:00,0.12,28.07,85.3,3.9
2018-05-20 06:00:00,0.1,28.26,84.55,3.63
2018-05-20 07:00:00,0.11,28.71,81.24,3.56
2018-05-20 08:00:00,0.46,29.02,78.93,3.58
2018-05-20 09:00:00,0.48,29.24,78.39,3.89
2018-05-20 10:00:00,0.6,29.35,78.26,4.39
2018-05-20 11:00:00,0.62,29.29,78.86,4.85
2018-05-20 12:00:00,0.61,29.2,79.6,5.26
2018-05-20 13:00:00,0.76,29.2,79.42,5.58
2018-05-20 14:00:00,0.89,29.15,79.34,5.73
2018-05-20 15:00:00,1.16,28.94,80.64,5.71
2018-05-20 16:00:00,1.53,28.71,82.21,5.5
2018-05-20 17:00:00,2.17,28.47,84.02,5.08
2018-05-20 18:00:00,2.34,28.21,85.74,4.63
2018-05-20 19:00:00,2.07,28.12,86.12,4.28
2018-05-20 20:00:00,1.44,28.02,86.43,4.1
2018-05-20 21:00:00,0.96,27.89,86.69,4.02
2018-05-20 22:00:00,0.57,27.79,86.77,4.0
2018-05-20 23:00:00,0.35,27.68,86.85,4.05
2018-05-21 00:00:00,0.22,27.59,86.81,4.13
2018-05-21 01:00:00,0.17,27.52,86.7,4.14
2018-05-21 02:00:00,0.12,27.41,87.02,3.84
2018-05-21 03:00:00,0.12,27.26,87.84,3.47
2018-05-21 04:00:00,0.11,27.23,87.73,3.18
2018-05-21 05:00:00,0.08,27.22,87.49,2.96
2018-05-21 06:00:00,0.07,27.36,86.84,2.75
2018-05-21 07:00:00,0.08,27.68,84.53,2.71
2018-05-21 08:00:00,0.3,27.89,82.96,2.67
2018-05-21 09:00:00,0.38,28.1,81.93,2.67
2018-05-21 10:00:00,0.4,28.26,80.53,2.63
2018-05-21 11:00:00,0.41,28.44,78.31,2.69
2018-05-21 12:00:00,0.44,28.5,76.93,2.67
2018-05-21 13:00:00,0.39,28.56,75.88,2.66
2018-05-21 14:00:00,0.36,28.62,75.05,2.64
2018-05-21 15:00:00,0.35,28.67,74.3,2.54
2018-05-21 16:00:00,0.29,28.69,73.79,2.31
2018-05-21 17:00:00,0.28,28.56,75.48,1.85
2018-05-21 18:00:00,0.29,28.39,77.46,1.44
2018-05-21 19:00:00,0.29,28.47,75.56,1.28
2018-05-21 20:00:00,0.34,28.55,74.91,1.28
2018-05-21 21:00:00,0.24,28.48,76.74,1.63
2018-05-21 22:00:00,0.26,28.35,79.61,2.11
2018-05-21 23:00:00,0.5,28.25,81.96,2.62
2018-05-22 00:00:00,0.74,28.21,83.27,3.05
2018-05-22 01:00:00,0.96,28.18,83.93,3.24
2018-05-22 02:00:00,1.08,28.14,84.14,3.22
2018-05-22 03:00:00,1.15,28.05,84.38,3.18
2018-05-22 04:00:00,1.11,27.92,84.92,3.27
2018-05-22 05:00:00,1.08,27.77,85.4,3.31
2018-05-22 06:00:00,1.01,27.9,84.51,3.23
2018-05-22 07:00:00,0.71,28.42,80.57,3.35
2018-05-22 08:00:00,0.02,28.9,76.01,3.36
2018-05-22 09:00:00,0.03,29.34,72.48,3.01
2018-05-22 10:00:00,0.02,29.76,69.78,2.75
2018-05-22 11:00:00,0.02,30.11,68.13,2.71
2018-05-22 12:00:00,0.03,30.33,67.37,2.87
2018-05-22 13:00:00,0.03,30.44,67.23,3.19
2018-05-22 14:00:00,0.04,30.42,67.81,3.53
2018-05-22 15:00:00,0.04,30.31,68.8,3.78
2018-05-22 16:00:00,0.04,30.13,70.14,3.87
2018-05-22 17:00:00,0.04,29.82,73.08,3.61
2018-05-22 18:00:00,0.04,29.41,77.3,3.2
2018-05-22 19:00:00,0.04,29.28,78.36,3.16
2018-05-22 20:00:00,0.04,29.22,78.82,3.21
2018-05-22 21:00:00,0.04,29.16,79.47,3.33
2018-05-22 22:00:00,0.04,29.07,80.28,3.45
2018-05-22 23:00:00,0.04,28.96,81.11,3.57
2018-05-23 00:00:00,0.04,28.84,82.01,3.67
2018-05-23 01:00:00,0.05,28.72,82.92,3.79
2018-05-23 02:00:00,0.06,28.66,83.18,3.87
2018-05-23 03:00:00,0.07,28.58,83.56,3.82
2018-05-23 04:00:00,0.07,28.48,84.22,3.7
2018-05-23 05:00:00,0.08,28.41,84.73,3.67
2018-05-23 06:00:00,0.08,28.58,84.56,3.74
2018-05-23 07:00:00,0.09,28.95,82.87,4.15
2018-05-23 08:00:00,0.16,29.13,81.97,4.76
2018-05-23 09:00:00,0.16,29.16,81.89,5.26
2018-05-23 10:00:00,0.18,29.15,81.83,5.67
2018-05-23 11:00:00,0.18,29.02,82.36,5.87
2018-05-23 12:00:00,0.17,28.85,83.34,6.0
2018-05-23 13:00:00,0.16,28.76,83.87,6.2
2018-05-23 14:00:00,0.16,28.74,83.88,6.31
2018-05-23 15:00:00,0.17,28.73,83.98,6.33
2018-05-23 16:00:00,0.18,28.72,84.31,6.26
2018-05-23 17:00:00,0.21,28.67,85.02,6.05
2018-05-23 18:00:00,0.24,28.62,86.07,5.81
2018-05-23 19:00:00,0.27,28.66,86.86,5.71
2018-05-23 20:00:00,0.28,28.73,87.26,5.9
2018-05-23 21:00:00,0.29,28.76,87.52,6.12
2018-05-23 22:00:00,0.28,28.81,87.1,6.5
2018-05-23 23:00:00,0.3,28.81,86.9,6.53
2018-05-24 00:00:00,0.34,28.75,86.74,6.45
2018-05-24 01:00:00,0.4,28.68,86.35,6.38
2018-05-24 02:00:00,0.48,28.53,86.57,5.7
2018-05-24 03:00:00,0.51,28.33,87.04,4.75
2018-05-24 04:00:00,0.44,28.13,87.74,3.95
2018-05-24 05:00:00,0.34,27.98,87.9,3.51
2018-05-24 06:00:00,0.25,28.03,87.32,3.36
2018-05-24 07:00:00,0.17,28.28,86.27,3.46
2018-05-24 08:00:00,0.36,28.53,84.8,4.0
2018-05-24 09:00:00,0.35,28.78,83.96,4.56
2018-05-24 10:00:00,0.45,29.07,82.76,5.06
2018-05-24 11:00:00,0.7,29.38,81.17,5.48
2018-05-24 12:00:00,1.07,29.61,79.82,5.79
2018-05-24 13:00:00,1.52,29.75,79.25,5.98
2018-05-24 14:00:00,1.84,29.8,79.09,5.85
2018-05-24 15:00:00,1.84,29.73,79.61,5.56
2018-05-24 16:00:00,1.47,29.58,80.96,5.1
2018-05-24 17:00:00,1.04,29.32,82.67,4.67
2018-05-24 18:00:00,0.73,29.1,83.45,4.45
2018-05-24 19:00:00,0.51,29.01,83.8,4.3
2018-05-24 20:00:00,0.44,28.92,84.32,4.22
2018-05-24 21:00:00,0.51,28.78,85.2,4.21
2018-05-24 22:00:00,0.58,28.61,86.08,4.32
2018-05-24 23:00:00,0.63,28.45,86.81,4.58
2018-05-25 00:00:00,0.69,28.31,87.25,4.99
2018-05-25 01:00:00,0.71,28.1,88.7,5.25
2018-05-25 02:00:00,0.67,27.95,89.95,5.17
2018-05-25 03:00:00,0.64,27.82,90.56,5.31
2018-05-25 04:00:00,0.63,27.68,90.81,5.93
2018-05-25 05:00:00,0.64,27.46,91.17,6.61
2018-05-25 06:00:00,0.63,27.34,90.93,7.12
2018-05-25 07:00:00,0.61,27.4,90.67,7.32
2018-05-25 08:00:00,0.16,27.69,89.76,7.51
2018-05-25 09:00:00,0.15,28.23,87.52,7.63
2018-05-25 10:00:00,0.15,28.59,86.46,7.77
2018-05-25 11:00:00,0.16,28.75,85.85,8.82
2018-05-25 12:00:00,0.17,28.76,85.55,10.72
2018-05-25 13:00:00,0.15,28.66,85.51,11.97
2018-05-25 14:00:00,0.11,28.55,85.45,12.42
2018-05-25 15:00:00,0.08,28.29,86.2,11.99
2018-05-25 16:00:00,0.07,28.03,86.73,11.26
2018-05-25 17:00:00,0.08,27.81,86.79,10.49
2018-05-25 18:00:00,0.09,27.64,87.14,9.78
2018-05-25 19:00:00,0.09,27.55,87.83,9.22
2018-05-25 20:00:00,0.09,27.49,88.65,8.97
2018-05-25 21:00:00,0.08,27.44,89.43,8.94
2018-05-25 22:00:00,0.11,27.44,89.83,9.16
2018-05-25 23:00:00,0.14,27.48,89.26,9.54
2018-05-26 00:00:00,0.17,27.43,89.05,9.81
2018-05-26 01:00:00,0.19,27.43,89.03,9.91
2018-05-26 02:00:00,0.23,27.45,89.18,9.88
2018-05-26 03:00:00,0.26,27.46,89.2,9.68
2018-05-26 04:00:00,0.27,27.45,89.25,9.34
2018-05-26 05:00:00,0.41,27.43,89.4,8.92
2018-05-26 06:00:00,0.31,27.42,89.56,8.64
2018-05-26 07:00:00,0.24,27.55,89.04,8.42
2018-05-26 08:00:00,0.64,27.73,88.03,8.6
2018-05-26 09:00:00,0.64,27.89,87.53,8.69
2018-05-26 10:00:00,0.73,28.06,86.97,8.64
2018-05-26 11:00:00,0.81,28.2,86.62,8.56
2018-05-26 12:00:00,0.8,28.31,86.2,8.43
2018-05-26 13:00:00,0.73,28.36,85.84,8.12
2018-05-26 14:00:00,0.82,28.39,85.4,7.84
2018-05-26 15:00:00,1.15,28.38,85.12,7.71
2018-05-26 16:00:00,1.21,28.28,85.43,7.72
2018-05-26 17:00:00,0.92,28.15,85.95,7.82
2018-05-26 18:00:00,0.77,28.07,85.83,8.01
2018-05-26 19:00:00,0.98,28.06,85.0,8.22
2018-05-26 20:00:00,1.6,28.0,84.23,8.35
2018-05-26 21:00:00,0.9,27.76,84.8,8.25
2018-05-26 22:00:00,0.55,27.48,85.87,8.36
2018-05-26 23:00:00,0.43,27.13,87.09,8.52
2018-05-27 00:00:00,0.34,26.84,87.84,8.51
2018-05-27 01:00:00,0.28,26.71,88.53,8.33
2018-05-27 02:00:00,0.26,26.66,89.1,7.92
2018-05-27 03:00:00,0.27,26.69,89.36,7.35
2018-05-27 04:00:00,0.32,26.77,89.46,6.85
2018-05-27 05:00:00,0.24,26.91,89.68,6.47
2018-05-27 06:00:00,0.2,27.19,89.48,6.26
2018-05-27 07:00:00,0.16,27.58,88.36,6.28
2018-05-27 08:00:00,0.17,27.93,87.36,6.53
2018-05-27 09:00:00,0.2,28.24,86.35,6.9
2018-05-27 10:00:00,0.25,28.44,85.87,7.07
2018-05-27 11:00:00,0.28,28.63,85.21,7.08
2018-05-27 12:00:00,0.35,28.8,84.15,6.89
2018-05-27 13:00:00,0.41,28.86,83.68,6.41
2018-05-27 14:00:00,0.45,28.84,83.62,5.81
2018-05-27 15:00:00,0.44,28.79,83.72,5.22
2018-05-27 16:00:00,0.48,28.66,84.37,4.76
2018-05-27 17:00:00,0.57,28.44,85.73,4.35
2018-05-27 18:00:00,0.66,28.17,86.82,4.25
2018-05-27 19:00:00,0.74,28.03,86.92,4.35
2018-05-27 20:00:00,0.95,27.93,86.91,4.41
2018-05-27 21:00:00,1.46,27.82,87.03,4.33
2018-05-27 22:00:00,2.13,27.68,87.27,4.11
2018-05-27 23:00:00,2.44,27.53,87.7,3.98
2018-05-28 00:00:00,2.44,27.43,88.28,4.09
2018-05-28 01:00:00,1.79,27.38,89.07,4.12
2018-05-28 02:00:00,1.41,27.35,89.88,3.99
2018-05-28 03:00:00,1.0,27.36,90.32,4.05
2018-05-28 04:00:00,0.83,27.47,90.25,4.59
2018-05-28 05:00:00,0.74,27.64,90.01,5.17
2018-05-28 06:00:00,0.52,27.97,89.07,5.34
2018-05-28 07:00:00,0.51,28.35,87.62,5.54
2018-05-28 08:00:00,0.55,28.47,86.86,5.8
2018-05-28 09:00:00,0.57,28.44,86.76,6.02
2018-05-28 10:00:00,0.72,28.41,86.75,6.4
2018-05-28 11:00:00,0.8,28.35,87.23,6.87
2018-05-28 12:00:00,0.85,28.2,88.69,7.41
2018-05-28 13:00:00,0.73,28.17,89.79,7.97
2018-05-28 14:00:00,0.75,28.22,89.56,10.05
2018-05-28 15:00:00,0.73,28.14,88.57,13.49
2018-05-28 16:00:00,0.76,28.11,87.54,13.92
2018-05-28 17:00:00,0.82,28.1,86.32,12.42
2018-05-28 18:00:00,0.68,28.14,85.52,11.19
2018-05-28 19:00:00,0.74,28.25,84.59,10.3
2018-05-28 20:00:00,1.04,28.28,84.84,9.11
2018-05-28 21:00:00,1.23,28.18,85.75,8.2
2018-05-28 22:00:00,1.17,28.12,86.06,7.49
2018-05-28 23:00:00,1.21,28.05,86.2,7.05
2018-05-29 00:00:00,1.24,28.01,86.22,6.54
2018-05-29 01:00:00,1.2,27.99,85.99,6.2
2018-05-29 02:00:00,1.01,27.97,85.76,6.11
2018-05-29 03:00:00,0.77,27.95,85.59,6.2
2018-05-29 04:00:00,0.82,27.9,85.6,6.18
2018-05-29 05:00:00,0.73,27.87,85.61,6.16
2018-05-29 06:00:00,0.76,28.03,84.98,6.45
2018-05-29 07:00:00,0.68,28.34,83.76,7.02
2018-05-29 08:00:00,0.86,28.64,81.87,7.59
2018-05-29 09:00:00,0.67,29.0,79.89,8.1
2018-05-29 10:00:00,0.68,29.25,79.17,8.52
2018-05-29 11:00:00,0.82,29.18,80.08,8.54
2018-05-29 12:00:00,0.9,29.0,81.52,8.37
2018-05-29 13:00:00,0.84,28.87,82.33,8.12
2018-05-29 14:00:00,0.67,28.76,82.66,7.9
2018-05-29 15:00:00,0.56,28.62,82.71,7.63
2018-05-29 16:00:00,0.49,28.5,82.94,7.18
2018-05-29 17:00:00,0.38,28.31,83.93,6.59
2018-05-29 18:00:00,0.32,28.08,85.03,6.14
2018-05-29 19:00:00,0.28,27.97,85.52,6.06
2018-05-29 20:00:00,0.34,27.95,85.47,5.96
2018-05-29 21:00:00,0.36,27.95,85.31,5.89
2018-05-29 22:00:00,0.36,27.9,85.31,5.92
2018-05-29 23:00:00,0.41,27.86,85.25,6.07
2018-05-30 00:00:00,0.39,27.81,85.29,6.37
2018-05-30 01:00:00,0.41,27.79,85.11,6.62
2018-05-30 02:00:00,0.38,27.74,85.06,6.71
2018-05-30 03:00:00,0.37,27.7,84.77,6.73
2018-05-30 04:00:00,0.31,27.64,84.57,6.4
2018-05-30 05:00:00,0.28,27.6,84.42,5.96
2018-05-30 06:00:00,0.28,27.85,83.45,5.92
2018-05-30 07:00:00,0.26,28.33,81.37,6.09
2018-05-30 08:00:00,0.05,28.68,79.37,6.23
2018-05-30 09:00:00,0.08,28.99,77.63,6.45
2018-05-30 10:00:00,0.12,29.19,76.72,6.69
2018-05-30 11:00:00,0.13,29.32,76.65,6.93
2018-05-30 12:00:00,0.13,29.37,76.57,7.14
2018-05-30 13:00:00,0.16,29.36,76.54,7.24
2018-05-30 14:00:00,0.15,29.32,76.41,7.18
2018-05-30 15:00:00,0.14,29.23,76.49,6.9
2018-05-30 16:00:00,0.14,29.06,76.88,6.47
2018-05-30 17:00:00,0.13,28.78,78.58,5.7
2018-05-30 18:00:00,0.12,28.41,81.29,4.77
2018-05-30 19:00:00,0.13,28.29,82.17,4.41
2018-05-30 20:00:00,0.13,28.22,82.67,4.19
2018-05-30 21:00:00,0.13,28.16,83.11,4.09
2018-05-30 22:00:00,0.19,28.06,83.8,3.97
2018-05-30 23:00:00,0.22,27.96,84.42,3.91
2018-05-31 00:00:00,0.27,27.86,84.76,3.83
2018-05-31 01:00:00,0.28,27.77,84.89,3.74
2018-05-31 02:00:00,0.22,27.71,84.6,3.42
2018-05-31 03:00:00,0.19,27.65,84.56,3.01
2018-05-31 04:00:00,0.16,27.62,84.18,2.76
2018-05-31 05:00:00,0.18,27.6,83.84,2.54
2018-05-31 06:00:00,0.16,27.89,83.23,2.44
2018-05-31 07:00:00,0.15,28.47,79.67,2.89
2018-05-31 08:00:00,0.21,28.92,78.09,3.34
2018-05-31 09:00:00,0.24,29.27,77.35,3.8
2018-05-31 10:00:00,0.28,29.49,77.25,4.2
2018-05-31 11:00:00,0.32,29.58,77.27,4.53
2018-05-31 12:00:00,0.34,29.54,77.48,4.77
2018-05-31 13:00:00,0.34,29.46,77.82,4.85
2018-05-31 14:00:00,0.26,29.37,78.12,4.72
2018-05-31 15:00:00,0.2,29.3,78.07,4.49
2018-05-31 16:00:00,0.17,29.16,78.21,4.26
2018-05-31 17:00:00,0.16,28.9,80.09,3.85
2018-05-31 18:00:00,0.22,28.67,82.17,3.49
2018-05-31 19:00:00,0.33,28.59,82.72,3.29
2018-05-31 20:00:00,0.43,28.52,83.03,3.18
2018-05-31 21:00:00,0.51,28.44,83.23,3.12
2018-05-31 22:00:00,0.52,28.36,83.38,3.05
2018-05-31 23:00:00,0.43,28.28,83.48,3.04
2018-06-01 00:00:00,0.45,28.2,83.56,3.11
2018-06-01 01:00:00,0.5,28.1,84.07,3.15
2018-06-01 02:00:00,0.58,27.98,84.76,3.0
2018-06-01 03:00:00,0.6,27.83,85.47,2.83
2018-06-01 04:00:00,0.55,27.72,85.97,2.69
2018-06-01 05:00:00,0.43,27.61,86.41,2.57
2018-06-01 06:00:00,0.42,27.73,86.51,2.51
2018-06-01 07:00:00,0.56,28.02,84.41,2.71
2018-06-01 08:00:00,0.3,28.16,83.47,2.76
2018-06-01 09:00:00,0.38,28.33,82.5,2.87
2018-06-01 10:00:00,0.41,28.43,81.91,3.06
2018-06-01 11:00:00,0.4,28.51,81.52,3.3
2018-06-01 12:00:00,0.46,28.53,81.54,3.53
2018-06-01 13:00:00,0.51,28.52,81.69,3.75
2018-06-01 14:00:00,0.56,28.54,81.68,3.89
2018-06-01 15:00:00,0.56,28.56,81.72,3.96
2018-06-01 16:00:00,0.51,28.49,82.29,3.94
2018-06-01 17:00:00,0.39,28.31,84.29,3.73
2018-06-01 18:00:00,0.3,28.1,86.36,3.43
2018-06-01 19:00:00,0.26,28.06,86.95,3.36
2018-06-01 20:00:00,0.24,28.01,87.47,3.31
2018-06-01 21:00:00,0.23,27.92,88.13,3.32
2018-06-01 22:00:00,0.22,27.8,88.74,3.42
2018-06-01 23:00:00,0.21,27.65,89.31,3.57
2018-06-02 00:00:00,0.22,27.48,89.87,3.79
2018-06-02 01:00:00,0.27,27.32,90.22,3.9
2018-06-02 02:00:00,0.3,27.2,90.13,3.67
2018-06-02 03:00:00,0.33,27.12,90.12,3.33
2018-06-02 04:00:00,0.33,27.07,90.24,3.06
2018-06-02 05:00:00,0.35,27.05,90.42,2.88
2018-06-02 06:00:00,0.38,27.3,89.9,2.8
2018-06-02 07:00:00,0.38,27.68,88.1,3.1
2018-06-02 08:00:00,0.54,27.97,87.17,3.47
2018-06-02 09:00:00,0.58,28.18,86.83,3.84
2018-06-02 10:00:00,0.58,28.35,86.68,4.27
2018-06-02 11:00:00,0.51,28.52,85.95,4.77
2018-06-02 12:00:00,0.45,28.63,85.0,5.23
2018-06-02 13:00:00,0.35,28.62,84.64,5.59
2018-06-02 14:00:00,0.27,28.55,84.89,5.76
2018-06-02 15:00:00,0.19,28.48,85.22,5.72
2018-06-02 16:00:00,0.14,28.39,85.8,5.45
2018-06-02 17:00:00,0.12,28.24,86.64,5.07
2018-06-02 18:00:00,0.12,28.06,87.33,4.88
2018-06-02 19:00:00,0.16,27.97,87.43,4.77
2018-06-02 20:00:00,0.22,27.88,87.52,4.72
2018-06-02 21:00:00,0.25,27.73,87.94,4.71
2018-06-02 22:00:00,0.29,27.61,88.21,4.81
2018-06-02 23:00:00,0.29,27.51,88.2,4.98
2018-06-03 00:00:00,0.32,27.4,88.4,5.02
2018-06-03 01:00:00,0.27,27.32,88.53,4.85
2018-06-03 02:00:00,0.24,27.28,88.54,4.43
2018-06-03 03:00:00,0.22,27.26,88.48,3.88
2018-06-03 04:00:00,0.21,27.25,88.56,3.81
2018-06-03 05:00:00,0.18,27.27,88.65,4.06
2018-06-03 06:00:00,0.17,27.51,88.02,4.38
2018-06-03 07:00:00,0.19,27.92,86.24,4.78
2018-06-03 08:00:00,1.11,28.15,84.65,5.05
2018-06-03 09:00:00,1.43,28.28,83.61,5.18
2018-06-03 10:00:00,1.49,28.26,83.56,5.35
2018-06-03 11:00:00,1.51,28.2,83.91,5.53
2018-06-03 12:00:00,1.52,28.12,84.33,5.69
2018-06-03 13:00:00,1.59,28.12,84.27,5.61
2018-06-03 14:00:00,1.62,28.17,83.75,5.08
2018-06-03 15:00:00,1.44,28.07,84.15,4.58
2018-06-03 16:00:00,1.17,27.92,85.06,4.2
2018-06-03 17:00:00,0.95,27.81,86.3,3.78
2018-06-03 18:00:00,0.78,27.73,86.58,3.73
2018-06-03 19:00:00,0.78,27.77,86.0,3.99
2018-06-03 20:00:00,0.94,27.83,85.45,4.2
2018-06-03 21:00:00,0.92,27.84,85.38,4.33
2018-06-03 22:00:00,1.14,27.84,85.45,4.35
2018-06-03 23:00:00,1.44,27.8,85.78,4.37
2018-06-04 00:00:00,1.57,27.77,86.09,4.42
2018-06-04 01:00:00,1.6,27.73,86.47,4.47
2018-06-04 02:00:00,1.35,27.66,87.08,4.43
2018-06-04 03:00:00,0.76,27.59,87.78,4.25
2018-06-04 04:00:00,0.73,27.55,88.33,4.21
2018-06-04 05:00:00,0.76,27.54,88.71,4.21
2018-06-04 06:00:00,0.86,27.71,88.62,4.44
2018-06-04 07:00:00,1.01,28.06,87.47,4.84
2018-06-04 08:00:00,0.67,28.33,86.05,5.17
2018-06-04 09:00:00,0.58,28.58,84.44,5.31
2018-06-04 10:00:00,0.51,28.82,82.61,5.34
2018-06-04 11:00:00,0.45,28.94,81.54,5.29
2018-06-04 12:00:00,0.38,28.97,80.82,5.36
2018-06-04 13:00:00,0.48,29.0,79.72,5.53
2018-06-04 14:00:00,0.62,28.98,79.07,5.53
2018-06-04 15:00:00,0.72,28.94,78.74,5.3
2018-06-04 16:00:00,1.08,28.85,79.28,4.88
2018-06-04 17:00:00,1.07,28.63,81.41,4.32
2018-06-04 18:00:00,0.88,28.34,83.16,4.0
2018-06-04 19:00:00,0.7,28.24,83.87,3.89
2018-06-04 20:00:00,0.6,28.16,84.56,3.72
2018-06-04 21:00:00,0.46,28.08,84.91,3.64
2018-06-04 22:00:00,0.41,28.0,85.4,3.59
2018-06-04 23:00:00,0.33,27.9,85.78,3.75
2018-06-05 00:00:00,0.26,27.85,85.72,4.0
2018-06-05 01:00:00,0.2,27.82,85.6,4.2
2018-06-05 02:00:00,0.15,27.8,85.42,4.19
2018-06-05 03:00:00,0.12,27.79,85.16,4.06
2018-06-05 04:00:00,0.08,27.77,85.02,3.91
2018-06-05 05:00:00,0.07,27.76,84.89,3.74
2018-06-05 06:00:00,0.07,28.02,84.53,3.6
2018-06-05 07:00:00,0.08,28.54,82.14,3.91
2018-06-05 08:00:00,0.05,28.87,79.87,4.29
2018-06-05 09:00:00,0.13,29.07,79.44,4.36
2018-06-05 10:00:00,0.31,29.17,79.59,4.43
2018-06-05 11:00:00,0.55,29.22,79.86,4.6
2018-06-05 12:00:00,0.78,29.24,79.85,4.6
2018-06-05 13:00:00,0.82,29.24,79.38,4.53
2018-06-05 14:00:00,0.68,29.18,79.27,4.3
2018-06-05 15:00:00,0.51,29.11,79.1,3.99
2018-06-05 16:00:00,0.41,29.04,79.13,3.75
2018-06-05 17:00:00,0.29,28.8,81.33,3.46
2018-06-05 18:00:00,0.27,28.51,83.33,3.43
2018-06-05 19:00:00,0.23,28.39,83.97,3.58
2018-06-05 20:00:00,0.23,28.3,84.71,3.74
2018-06-05 21:00:00,0.31,28.16,85.78,3.88
2018-06-05 22:00:00,0.32,28.03,86.52,3.97
2018-06-05 23:00:00,0.34,27.87,87.15,4.02
2018-06-06 00:00:00,0.45,27.7,87.59,4.06
2018-06-06 01:00:00,0.51,27.56,87.62,4.25
2018-06-06 02:00:00,0.51,27.45,87.09,4.08
2018-06-06 03:00:00,0.54,27.38,85.69,3.56
2018-06-06 04:00:00,0.49,27.36,84.0,2.82
2018-06-06 05:00:00,0.59,27.6,80.86,2.34
2018-06-06 06:00:00,0.52,28.01,79.0,2.08
2018-06-06 07:00:00,0.61,28.55,76.86,2.54
2018-06-06 08:00:00,0.58,28.94,76.4,3.32
2018-06-06 09:00:00,0.62,29.25,76.65,3.98
2018-06-06 10:00:00,0.75,29.42,76.94,4.6
2018-06-06 11:00:00,0.7,29.45,76.89,4.99
2018-06-06 12:00:00,0.62,29.39,76.77,5.11
2018-06-06 13:00:00,0.6,29.36,76.9,5.22
2018-06-06 14:00:00,0.63,29.29,76.98,5.2
2018-06-06 15:00:00,0.63,29.24,77.07,5.04
2018-06-06 16:00:00,0.56,29.14,77.81,4.8
2018-06-06 17:00:00,0.58,28.91,80.21,4.29
2018-06-06 18:00:00,0.63,28.61,82.73,4.0
2018-06-06 19:00:00,0.69,28.5,83.64,4.15
2018-06-06 20:00:00,0.77,28.41,84.15,4.26
2018-06-06 21:00:00,0.88,28.35,84.22,4.36
2018-06-06 22:00:00,0.95,28.29,84.2,4.51
2018-06-06 23:00:00,1.02,28.2,83.96,4.67
2018-06-07 00:00:00,1.01,28.06,84.04,4.74
2018-06-07 01:00:00,1.14,27.92,84.25,4.72
2018-06-07 02:00:00,1.25,27.74,85.11,4.41
2018-06-07 03:00:00,1.32,27.6,85.68,4.16
2018-06-07 04:00:00,1.41,27.54,86.3,3.93
2018-06-07 05:00:00,1.26,27.5,87.05,3.76
2018-06-07 06:00:00,0.92,27.72,87.1,3.89
2018-06-07 07:00:00,0.69,28.12,85.47,4.43
2018-06-07 08:00:00,0.82,28.36,83.91,4.78
2018-06-07 09:00:00,0.74,28.54,82.73,4.85
2018-06-07 10:00:00,0.77,28.65,82.3,4.77
2018-06-07 11:00:00,0.77,28.64,82.34,4.69
2018-06-07 12:00:00,0.66,28.55,82.77,4.64
2018-06-07 13:00:00,0.56,28.44,83.38,4.65
2018-06-07 14:00:00,0.44,28.35,84.02,4.77
2018-06-07 15:00:00,0.51,28.31,84.75,4.83
2018-06-07 16:00:00,0.71,28.28,85.51,4.71
2018-06-07 17:00:00,0.68,28.2,86.97,4.45
2018-06-07 18:00:00,0.91,28.12,87.83,4.37
2018-06-07 19:00:00,1.02,28.15,87.67,4.77
2018-06-07 20:00:00,1.21,28.16,87.65,5.29
2018-06-07 21:00:00,1.09,28.15,87.52,5.57
2018-06-07 22:00:00,0.95,28.15,87.16,5.77
2018-06-07 23:00:00,0.93,28.11,86.96,5.98
2018-06-08 00:00:00,0.83,28.06,86.98,6.21
2018-06-08 01:00:00,0.94,28.01,87.28,6.42
2018-06-08 02:00:00,1.09,27.97,87.59,6.61
2018-06-08 03:00:00,1.16,27.96,88.02,6.77
2018-06-08 04:00:00,1.35,27.95,88.56,6.79
2018-06-08 05:00:00,1.31,27.97,88.51,6.97
2018-06-08 06:00:00,1.51,28.13,88.43,7.17
2018-06-08 07:00:00,1.67,28.42,87.79,7.48
2018-06-08 08:00:00,0.94,28.62,86.86,7.62
2018-06-08 09:00:00,0.89,28.87,84.89,7.83
2018-06-08 10:00:00,0.84,28.96,84.38,7.88
2018-06-08 11:00:00,0.95,29.08,83.52,8.01
2018-06-08 12:00:00,1.06,29.12,82.66,8.04
2018-06-08 13:00:00,1.01,29.08,82.32,7.9
2018-06-08 14:00:00,0.89,28.95,82.79,7.8
2018-06-08 15:00:00,0.84,28.84,83.25,7.75
2018-06-08 16:00:00,0.87,28.71,84.01,7.55
2018-06-08 17:00:00,0.76,28.55,85.06,7.29
2018-06-08 18:00:00,0.78,28.34,86.12,7.06
2018-06-08 19:00:00,0.83,28.28,86.75,6.9
2018-06-08 20:00:00,0.89,28.26,87.25,6.75
2018-06-08 21:00:00,0.91,28.24,87.71,6.61
2018-06-08 22:00:00,0.95,28.21,88.16,6.52
2018-06-08 23:00:00,0.9,28.17,88.29,6.76
2018-06-09 00:00:00,0.91,28.12,88.24,7.15
2018-06-09 01:00:00,0.78,28.11,87.53,7.59
2018-06-09 02:00:00,0.63,28.09,87.1,7.75
2018-06-09 03:00:00,0.56,28.09,86.81,7.7
2018-06-09 04:00:00,0.5,28.11,86.56,7.63
2018-06-09 05:00:00,0.47,28.14,86.35,7.58
2018-06-09 06:00:00,0.49,28.37,85.6,7.85
2018-06-09 07:00:00,0.52,28.72,84.44,8.27
2018-06-09 08:00:00,0.48,29.02,83.11,8.62
2018-06-09 09:00:00,0.53,29.24,82.13,8.8
2018-06-09 10:00:00,0.64,29.32,82.0,9.13
2018-06-09 11:00:00,0.66,29.3,81.98,9.7
2018-06-09 12:00:00,0.72,29.23,82.37,10.1
2018-06-09 13:00:00,0.72,29.1,83.03,10.17
2018-06-09 14:00:00,0.68,28.99,83.47,10.0
2018-06-09 15:00:00,0.7,28.78,84.98,9.31
2018-06-09 16:00:00,0.79,28.58,86.67,8.56
2018-06-09 17:00:00,0.8,28.43,87.51,8.0
2018-06-09 18:00:00,0.88,28.33,88.04,7.34
2018-06-09 19:00:00,0.85,28.25,88.8,6.65
2018-06-09 20:00:00,0.86,28.19,89.41,5.87
2018-06-09 21:00:00,0.83,28.14,89.67,5.38
2018-06-09 22:00:00,0.88,28.1,89.62,5.4
2018-06-09 23:00:00,0.83,28.06,89.68,5.74
2018-06-10 00:00:00,0.78,28.02,89.64,5.93
2018-06-10 01:00:00,0.73,27.95,89.62,5.79
2018-06-10 02:00:00,0.71,27.92,89.4,5.72
2018-06-10 03:00:00,0.78,27.93,89.12,5.7
2018-06-10 04:00:00,0.84,27.96,88.84,5.9
2018-06-10 05:00:00,1.03,27.98,88.94,5.78
2018-06-10 06:00:00,0.92,28.12,88.82,5.99
2018-06-10 07:00:00,0.82,28.37,88.36,6.43
2018-06-10 08:00:00,1.51,28.58,87.65,6.64
2018-06-10 09:00:00,1.16,28.76,86.36,6.69
2018-06-10 10:00:00,1.09,28.82,85.78,6.68
2018-06-10 11:00:00,0.93,28.86,85.42,6.65
2018-06-10 12:00:00,1.06,28.89,85.11,6.6
2018-06-10 13:00:00,1.42,28.85,85.18,6.53
2018-06-10 14:00:00,1.32,28.78,85.41,6.55
2018-06-10 15:00:00,1.29,28.7,85.59,6.56
2018-06-10 16:00:00,1.48,28.58,86.4,6.36
2018-06-10 17:00:00,1.62,28.41,87.76,5.91
2018-06-10 18:00:00,1.64,28.19,88.68,5.47
2018-06-10 19:00:00,1.72,28.13,88.76,5.34
2018-06-10 20:00:00,1.62,28.09,88.81,5.33
2018-06-10 21:00:00,1.51,28.04,88.95,5.52
2018-06-10 22:00:00,1.49,27.99,89.08,5.89
2018-06-10 23:00:00,1.29,27.91,89.28,6.08
2018-06-11 00:00:00,1.17,27.84,89.11,6.25
2018-06-11 01:00:00,0.94,27.75,88.92,6.36
2018-06-11 02:00:00,0.97,27.68,88.79,6.3
2018-06-11 03:00:00,0.8,27.67,88.35,6.34
2018-06-11 04:00:00,0.73,27.68,87.91,6.5
2018-06-11 05:00:00,0.63,27.68,87.71,6.5
2018-06-11 06:00:00,0.65,27.96,86.27,6.78
2018-06-11 07:00:00,0.53,28.4,84.07,7.34
2018-06-11 08:00:00,0.54,28.79,81.29,7.75
2018-06-11 09:00:00,0.39,29.14,78.73,7.96
2018-06-11 10:00:00,0.37,29.36,77.4,7.88
2018-06-11 11:00:00,0.4,29.49,77.02,7.75
2018-06-11 12:00:00,0.49,29.52,77.13,7.81
2018-06-11 13:00:00,0.55,29.43,77.81,7.72
2018-06-11 14:00:00,0.55,29.28,78.74,7.53
2018-06-11 15:00:00,0.64,29.12,79.8,7.27
2018-06-11 16:00:00,0.74,28.93,81.45,6.87
2018-06-11 17:00:00,0.87,28.64,83.83,6.35
2018-06-11 18:00:00,0.9,28.33,85.57,6.09
2018-06-11 19:00:00,0.92,28.22,86.13,6.17
2018-06-11 20:00:00,1.0,28.14,86.51,6.07
2018-06-11 21:00:00,0.89,28.05,86.96,5.77
2018-06-11 22:00:00,0.89,27.96,87.3,5.63
2018-06-11 23:00:00,0.83,27.88,86.88,5.71
2018-06-12 00:00:00,0.99,27.76,87.03,5.77
2018-06-12 01:00:00,1.47,27.72,86.6,6.09
2018-06-12 02:00:00,1.45,27.69,86.24,6.27
2018-06-12 03:00:00,1.37,27.69,85.56,6.55
2018-06-12 04:00:00,1.3,27.61,85.68,6.34
2018-06-12 05:00:00,1.23,27.56,85.85,6.14
2018-06-12 06:00:00,1.22,27.8,85.32,6.29
2018-06-12 07:00:00,1.27,28.19,84.11,6.63
2018-06-12 08:00:00,0.72,28.43,82.87,7.08
2018-06-12 09:00:00,0.62,28.57,82.25,7.24
2018-06-12 10:00:00,0.54,28.59,82.3,7.3
2018-06-12 11:00:00,0.51,28.62,82.59,7.2
2018-06-12 12:00:00,0.52,28.74,82.75,7.08
2018-06-12 13:00:00,0.45,28.79,82.35,6.92
2018-06-12 14:00:00,0.42,28.79,81.91,6.86
2018-06-12 15:00:00,0.36,28.72,81.63,6.81
2018-06-12 16:00:00,0.38,28.55,82.08,6.78
2018-06-12 17:00:00,0.38,28.27,83.72,6.48
2018-06-12 18:00:00,0.34,28.0,84.93,5.97
2018-06-12 19:00:00,0.25,27.92,84.82,5.69
2018-06-12 20:00:00,0.26,27.92,84.25,5.61
2018-06-12 21:00:00,0.27,27.93,83.81,5.5
2018-06-12 22:00:00,0.31,27.91,83.61,5.42
2018-06-12 23:00:00,0.32,27.88,83.51,5.4
2018-06-13 00:00:00,0.31,27.83,83.44,5.47
2018-06-13 01:00:00,0.33,27.76,83.93,5.18
2018-06-13 02:00:00,0.38,27.68,84.72,4.78
2018-06-13 03:00:00,0.31,27.62,85.21,4.63
2018-06-13 04:00:00,0.26,27.53,85.93,4.33
2018-06-13 05:00:00,0.19,27.45,86.66,4.07
2018-06-13 06:00:00,0.19,27.65,87.15,3.8
2018-06-13 07:00:00,0.28,28.12,86.1,3.9
2018-06-13 08:00:00,0.59,28.41,85.25,4.45
2018-06-13 09:00:00,0.89,28.57,85.5,5.08
2018-06-13 10:00:00,1.03,28.63,86.0,5.57
2018-06-13 11:00:00,1.28,28.64,86.41,6.05
2018-06-13 12:00:00,1.37,28.56,86.92,6.73
2018-06-13 13:00:00,1.36,28.46,86.98,7.54
2018-06-13 14:00:00,1.37,28.26,86.41,8.14
2018-06-13 15:00:00,1.76,28.08,84.63,8.04
2018-06-13 16:00:00,1.9,27.95,83.42,7.04
2018-06-13 17:00:00,2.48,27.8,83.79,5.68
2018-06-13 18:00:00,2.39,27.59,84.57,4.52
2018-06-13 19:00:00,2.53,27.52,84.61,3.98
2018-06-13 20:00:00,2.06,27.5,84.72,3.73
2018-06-13 21:00:00,1.71,27.46,84.85,3.6
2018-06-13 22:00:00,1.55,27.4,85.15,3.63
2018-06-13 23:00:00,1.48,27.31,85.7,3.71
2018-06-14 00:00:00,1.58,27.19,86.28,3.79
2018-06-14 01:00:00,1.68,27.07,86.84,4.06
2018-06-14 02:00:00,1.78,27.01,87.06,4.52
2018-06-14 03:00:00,1.91,26.99,87.06,4.99
2018-06-14 04:00:00,1.65,26.98,87.13,5.37
2018-06-14 05:00:00,1.49,26.98,87.04,5.67
2018-06-14 06:00:00,1.31,27.18,86.26,5.96
2018-06-14 07:00:00,0.98,27.62,84.21,6.4
2018-06-14 08:00:00,0.58,28.0,81.28,6.55
2018-06-14 09:00:00,0.6,28.3,79.22,6.26
2018-06-14 10:00:00,0.53,28.53,78.14,6.12
2018-06-14 11:00:00,0.53,28.65,77.95,6.24
2018-06-14 12:00:00,0.55,28.7,77.99,6.36
2018-06-14 13:00:00,0.35,28.71,77.86,6.33
2018-06-14 14:00:00,0.36,28.68,78.01,6.12
2018-06-14 15:00:00,0.46,28.61,78.72,5.75
2018-06-14 16:00:00,0.34,28.46,80.1,5.24
2018-06-14 17:00:00,0.37,28.18,83.05,4.55
2018-06-14 18:00:00,0.29,27.81,85.74,3.96
2018-06-14 19:00:00,0.34,27.64,86.91,3.53
2018-06-14 20:00:00,0.42,27.47,87.75,3.06
2018-06-14 21:00:00,0.57,27.29,88.61,2.38
2018-06-14 22:00:00,0.77,27.22,88.84,1.97
2018-06-14 23:00:00,0.99,27.18,89.06,1.96
2018-06-15 00:00:00,1.31,27.07,89.86,2.43
2018-06-15 01:00:00,1.28,26.94,90.6,2.9
2018-06-15 02:00:00,1.45,26.92,90.46,3.13
2018-06-15 03:00:00,1.43,26.91,90.16,3.33
2018-06-15 04:00:00,1.3,26.91,90.01,3.43
2018-06-15 05:00:00,1.12,26.94,89.76,3.36
2018-06-15 06:00:00,1.04,27.28,89.13,3.27
2018-06-15 07:00:00,0.87,27.87,86.96,3.81
2018-06-15 08:00:00,0.07,28.19,85.37,4.29
2018-06-15 09:00:00,0.06,28.36,84.83,4.57
2018-06-15 10:00:00,0.05,28.45,84.39,4.83
2018-06-15 11:00:00,0.07,28.52,83.97,5.17
2018-06-15 12:00:00,0.08,28.56,83.73,5.21
2018-06-15 13:00:00,0.08,28.61,83.29,5.03
2018-06-15 14:00:00,0.11,28.67,82.65,4.74
2018-06-15 15:00:00,0.12,28.7,82.3,4.31
2018-06-15 16:00:00,0.15,28.61,82.38,3.77
2018-06-15 17:00:00,0.14,28.31,84.3,3.35
2018-06-15 18:00:00,0.18,27.88,87.47,2.94
2018-06-15 19:00:00,0.23,27.68,88.15,2.61
2018-06-15 20:00:00,0.26,27.59,87.75,1.97
2018-06-15 21:00:00,0.34,27.54,87.21,1.76
2018-06-15 22:00:00,0.44,27.52,86.73,1.67
2018-06-15 23:00:00,0.61,27.42,86.9,1.72
2018-06-16 00:00:00,0.74,27.27,87.56,1.99
2018-06-16 01:00:00,0.8,27.06,88.63,2.44
2018-06-16 02:00:00,0.75,26.92,89.11,2.81
2018-06-16 03:00:00,0.69,26.8,89.24,3.03
2018-06-16 04:00:00,0.48,26.75,88.94,3.22
2018-06-16 05:00:00,0.38,26.71,88.91,3.39
2018-06-16 06:00:00,0.32,26.98,88.55,3.49
2018-06-16 07:00:00,0.36,27.51,86.26,4.05
2018-06-16 08:00:00,0.49,27.74,84.79,4.32
2018-06-16 09:00:00,0.46,27.86,84.01,4.49
2018-06-16 10:00:00,0.52,27.93,82.56,4.66
2018-06-16 11:00:00,0.65,27.95,81.5,4.8
2018-06-16 12:00:00,0.87,27.88,81.16,4.97
2018-06-16 13:00:00,1.08,27.79,80.77,5.08
2018-06-16 14:00:00,1.18,27.68,80.28,5.12
2018-06-16 15:00:00,1.34,27.51,80.03,5.03
2018-06-16 16:00:00,1.77,27.29,80.38,4.66
2018-06-16 17:00:00,1.99,27.03,82.05,4.0
2018-06-16 18:00:00,1.79,26.64,84.92,3.4
2018-06-16 19:00:00,1.34,26.44,85.92,3.3
2018-06-16 20:00:00,0.85,26.31,86.77,3.31
2018-06-16 21:00:00,0.57,26.2,87.55,3.35
2018-06-16 22:00:00,0.54,26.09,88.21,3.39
2018-06-16 23:00:00,0.67,26.02,88.3,3.39
2018-06-17 00:00:00,0.85,25.93,88.36,3.37
2018-06-17 01:00:00,1.01,25.89,88.27,3.39
2018-06-17 02:00:00,1.05,25.83,88.51,3.49
2018-06-17 03:00:00,1.02,25.76,88.98,3.63
2018-06-17 04:00:00,0.87,25.66,89.62,3.69
2018-06-17 05:00:00,0.72,25.6,89.93,3.72
2018-06-17 06:00:00,0.66,25.95,89.17,4.0
2018-06-17 07:00:00,0.59,26.47,86.65,4.61
2018-06-17 08:00:00,0.18,26.89,84.53,4.78
2018-06-17 09:00:00,0.21,27.27,82.33,4.86
2018-06-17 10:00:00,0.25,27.61,79.61,5.01
2018-06-17 11:00:00,0.26,27.8,78.26,5.27
2018-06-17 12:00:00,0.24,27.87,78.14,5.59
2018-06-17 13:00:00,0.21,27.87,77.95,5.78
2018-06-17 14:00:00,0.18,27.8,77.93,5.8
2018-06-17 15:00:00,0.15,27.68,78.22,5.53
2018-06-17 16:00:00,0.12,27.56,79.15,4.9
2018-06-17 17:00:00,0.09,27.39,81.34,4.02
2018-06-17 18:00:00,0.07,27.14,83.49,3.4
2018-06-17 19:00:00,0.07,27.08,84.32,3.17
2018-06-17 20:00:00,0.09,27.06,84.85,2.96
2018-06-17 21:00:00,0.11,27.05,84.98,2.74
2018-06-17 22:00:00,0.13,27.04,85.05,2.59
2018-06-17 23:00:00,0.16,26.98,85.46,2.63
2018-06-18 00:00:00,0.17,26.87,86.39,2.91
2018-06-18 01:00:00,0.15,26.8,86.99,3.01
2018-06-18 02:00:00,0.14,26.71,87.69,2.91
2018-06-18 03:00:00,0.17,26.63,88.15,2.72
2018-06-18 04:00:00,0.2,26.58,88.39,2.57
2018-06-18 05:00:00,0.24,26.57,88.2,2.33
2018-06-18 06:00:00,0.27,26.83,88.03,2.12
2018-06-18 07:00:00,0.3,27.38,85.44,2.11
2018-06-18 08:00:00,0.72,27.82,82.91,1.97
2018-06-18 09:00:00,0.62,28.45,78.86,2.25
2018-06-18 10:00:00,0.56,28.8,77.37,2.97
2018-06-18 11:00:00,0.46,28.83,78.72,3.65
2018-06-18 12:00:00,0.41,28.75,80.4,4.11
2018-06-18 13:00:00,0.34,28.68,81.41,4.37
2018-06-18 14:00:00,0.27,28.56,81.87,4.52
2018-06-18 15:00:00,0.22,28.4,82.49,4.7
2018-06-18 16:00:00,0.21,28.21,83.42,4.73
2018-06-18 17:00:00,0.21,27.94,85.02,4.66
2018-06-18 18:00:00,0.19,27.66,86.79,4.54
2018-06-18 19:00:00,0.18,27.56,87.35,4.54
2018-06-18 20:00:00,0.18,27.52,87.39,4.43
2018-06-18 21:00:00,0.19,27.47,87.25,4.35
2018-06-18 22:00:00,0.2,27.4,87.18,4.38
2018-06-18 23:00:00,0.23,27.31,87.17,4.54
2018-06-19 00:00:00,0.22,27.21,87.3,4.68
2018-06-19 01:00:00,0.24,27.1,87.41,4.81
2018-06-19 02:00:00,0.24,27.02,87.42,4.88
2018-06-19 03:00:00,0.23,26.94,87.56,4.84
2018-06-19 04:00:00,0.24,26.85,87.86,4.78
2018-06-19 05:00:00,0.24,26.8,87.89,4.8
2018-06-19 06:00:00,0.27,27.11,86.88,5.12
2018-06-19 07:00:00,0.28,27.6,84.27,5.83
2018-06-19 08:00:00,1.31,27.97,82.13,6.1
2018-06-19 09:00:00,1.46,28.19,81.47,6.24
2018-06-19 10:00:00,1.6,28.27,81.56,6.4
2018-06-19 11:00:00,1.63,28.34,81.38,6.57
2018-06-19 12:00:00,1.65,28.34,81.41,6.72
2018-06-19 13:00:00,1.66,28.29,81.39,6.74
2018-06-19 14:00:00,1.39,28.22,81.57,6.6
2018-06-19 15:00:00,1.16,28.12,81.84,6.33
2018-06-19 16:00:00,1.14,27.94,82.37,6.0
2018-06-19 17:00:00,1.05,27.67,84.17,5.28
2018-06-19 18:00:00,0.99,27.38,86.47,4.46
2018-06-19 19:00:00,1.09,27.28,87.33,4.09
2018-06-19 20:00:00,1.2,27.2,87.88,3.98
2018-06-19 21:00:00,1.27,27.11,88.51,4.02
2018-06-19 22:00:00,1.52,27.05,89.0,4.22
2018-06-19 23:00:00,1.79,27.0,89.26,4.52
2018-06-20 00:00:00,1.9,26.95,89.4,4.82
2018-06-20 01:00:00,2.05,26.92,89.36,5.08
2018-06-20 02:00:00,2.13,26.89,89.44,4.9
2018-06-20 03:00:00,2.29,26.85,89.56,4.6
2018-06-20 04:00:00,2.31,26.82,89.75,4.28
2018-06-20 05:00:00,2.87,26.81,90.06,4.13
2018-06-20 06:00:00,3.01,27.03,89.91,4.34
2018-06-20 07:00:00,2.54,27.4,88.73,4.89
2018-06-20 08:00:00,1.97,27.68,87.46,5.15
2018-06-20 09:00:00,2.35,27.97,86.06,5.49
2018-06-20 10:00:00,2.36,28.11,85.4,5.86
2018-06-20 11:00:00,2.19,28.14,85.62,6.26
2018-06-20 12:00:00,2.04,28.09,85.73,6.45
2018-06-20 13:00:00,2.2,28.03,85.74,6.41
2018-06-20 14:00:00,2.31,27.88,86.03,6.31
2018-06-20 15:00:00,2.36,27.69,86.84,6.06
2018-06-20 16:00:00,2.47,27.51,87.9,5.59
2018-06-20 17:00:00,1.88,27.36,89.0,4.8
2018-06-20 18:00:00,1.52,27.19,89.85,4.0
2018-06-20 19:00:00,1.54,27.12,89.99,3.75
2018-06-20 20:00:00,1.38,27.07,90.33,3.78
2018-06-20 21:00:00,1.25,27.04,90.67,3.81
2018-06-20 22:00:00,1.56,27.0,91.08,3.77
2018-06-20 23:00:00,1.6,26.92,91.68,3.77
2018-06-21 00:00:00,1.59,26.89,91.77,3.9
2018-06-21 01:00:00,1.66,26.89,91.58,4.17
2018-06-21 02:00:00,1.84,26.87,91.57,4.15
2018-06-21 03:00:00,1.91,26.83,91.7,3.91
2018-06-21 04:00:00,2.02,26.82,91.74,3.74
2018-06-21 05:00:00,1.87,26.81,91.86,3.49
2018-06-21 06:00:00,1.85,27.06,91.54,3.26
2018-06-21 07:00:00,1.87,27.52,90.16,3.77
2018-06-21 08:00:00,1.24,27.79,88.45,4.48
2018-06-21 09:00:00,1.18,27.94,86.71,4.95
2018-06-21 10:00:00,1.1,28.04,85.24,5.25
2018-06-21 11:00:00,1.01,28.12,83.74,5.53
2018-06-21 12:00:00,0.93,28.22,82.08,5.66
2018-06-21 13:00:00,0.96,28.31,80.53,5.72
2018-06-21 14:00:00,0.91,28.31,79.31,5.86
2018-06-21 15:00:00,1.16,28.22,78.39,6.01
2018-06-21 16:00:00,1.41,28.04,78.4,5.87
2018-06-21 17:00:00,1.5,27.69,80.72,5.34
2018-06-21 18:00:00,1.41,27.32,82.91,4.83
2018-06-21 19:00:00,1.34,27.16,84.22,4.45
2018-06-21 20:00:00,1.08,27.03,85.88,3.95
2018-06-21 21:00:00,0.81,26.92,87.35,3.66
2018-06-21 22:00:00,0.62,26.82,88.45,3.53
2018-06-21 23:00:00,0.41,26.75,88.87,3.74
2018-06-22 00:00:00,0.43,26.69,88.85,3.95
2018-06-22 01:00:00,0.59,26.62,88.72,3.8
2018-06-22 02:00:00,0.69,26.55,88.56,3.4
2018-06-22 03:00:00,0.75,26.49,88.47,2.99
2018-06-22 04:00:00,0.84,26.44,88.65,2.72
2018-06-22 05:00:00,0.92,26.46,88.54,2.44
2018-06-22 06:00:00,1.18,26.81,87.87,2.09
2018-06-22 07:00:00,1.25,27.35,85.37,2.38
2018-06-22 08:00:00,0.84,27.7,83.63,2.78
2018-06-22 09:00:00,0.91,27.99,82.08,3.12
2018-06-22 10:00:00,0.8,28.24,80.74,3.63
2018-06-22 11:00:00,0.76,28.41,79.13,4.01
2018-06-22 12:00:00,0.65,28.5,78.17,4.23
2018-06-22 13:00:00,0.55,28.49,77.71,4.49
2018-06-22 14:00:00,0.47,28.41,77.58,4.85
2018-06-22 15:00:00,0.44,28.25,78.13,5.02
2018-06-22 16:00:00,0.54,28.0,79.48,4.92
2018-06-22 17:00:00,0.68,27.68,82.25,4.34
2018-06-22 18:00:00,0.64,27.25,85.96,3.71
2018-06-22 19:00:00,0.58,27.03,87.6,3.71
2018-06-22 20:00:00,0.58,26.89,88.58,3.82
2018-06-22 21:00:00,0.56,26.79,89.2,3.96
2018-06-22 22:00:00,0.55,26.68,89.81,3.92
2018-06-22 23:00:00,0.55,26.56,90.17,3.8
2018-06-23 00:00:00,0.48,26.47,89.96,3.68
2018-06-23 01:00:00,0.43,26.39,89.51,3.59
2018-06-23 02:00:00,0.38,26.35,89.07,3.34
2018-06-23 03:00:00,0.26,26.34,88.58,3.01
2018-06-23 04:00:00,0.2,26.34,88.24,2.83
2018-06-23 05:00:00,0.13,26.35,87.94,2.69
2018-06-23 06:00:00,0.08,26.73,87.62,2.68
2018-06-23 07:00:00,0.06,27.36,84.79,3.48
2018-06-23 08:00:00,0.01,27.76,82.87,3.87
2018-06-23 09:00:00,0.02,28.07,80.98,4.04
2018-06-23 10:00:00,0.04,28.31,79.58,4.05
2018-06-23 11:00:00,0.04,28.46,78.81,4.08
2018-06-23 12:00:00,0.05,28.47,78.74,4.23
2018-06-23 13:00:00,0.06,28.4,79.14,4.38
2018-06-23 14:00:00,0.06,28.27,79.96,4.68
2018-06-23 15:00:00,0.09,28.06,81.39,4.93
2018-06-23 16:00:00,0.11,27.81,83.14,5.08
2018-06-23 17:00:00,0.13,27.52,85.79,4.9
2018-06-23 18:00:00,0.16,27.22,89.01,4.36
2018-06-23 19:00:00,0.17,27.11,90.4,4.0
2018-06-23 20:00:00,0.18,27.08,90.69,4.03
2018-06-23 21:00:00,0.2,27.03,91.02,4.07
2018-06-23 22:00:00,0.22,26.98,91.41,4.12
2018-06-23 23:00:00,0.25,26.91,92.03,4.09
2018-06-24 00:00:00,0.29,26.85,92.31,4.19
2018-06-24 01:00:00,0.28,26.82,91.97,4.4
2018-06-24 02:00:00,0.25,26.78,91.62,4.27
2018-06-24 03:00:00,0.19,26.71,91.74,3.74
2018-06-24 04:00:00,0.17,26.64,91.86,3.33
2018-06-24 05:00:00,0.16,26.59,91.84,3.0
2018-06-24 06:00:00,0.14,26.84,90.87,2.82
2018-06-24 07:00:00,0.13,27.19,88.64,3.06
2018-06-24 08:00:00,0.27,27.4,87.18,3.14
2018-06-24 09:00:00,0.26,27.69,85.61,3.37
2018-06-24 10:00:00,0.25,27.97,84.24,3.67
2018-06-24 11:00:00,0.27,28.19,83.46,4.19
2018-06-24 12:00:00,0.26,28.33,83.01,4.81
2018-06-24 13:00:00,0.28,28.4,82.86,5.25
2018-06-24 14:00:00,0.33,28.4,82.86,5.56
2018-06-24 15:00:00,0.44,28.34,83.22,5.65
2018-06-24 16:00:00,0.57,28.19,84.44,5.3
2018-06-24 17:00:00,0.65,27.93,86.7,4.73
2018-06-24 18:00:00,0.72,27.62,88.62,4.3
2018-06-24 19:00:00,0.7,27.51,89.17,4.15
2018-06-24 20:00:00,0.7,27.44,89.45,3.88
2018-06-24 21:00:00,0.63,27.36,89.6,3.6
2018-06-24 22:00:00,0.5,27.24,89.58,3.38
2018-06-24 23:00:00,0.41,27.11,89.57,3.19
2018-06-25 00:00:00,0.37,26.99,89.64,3.08
2018-06-25 01:00:00,0.39,26.86,89.97,3.04
2018-06-25 02:00:00,0.48,26.73,90.08,2.92
2018-06-25 03:00:00,0.52,26.63,89.87,2.9
2018-06-25 04:00:00,0.61,26.54,89.64,2.89
2018-06-25 05:00:00,0.45,26.44,89.38,2.76
2018-06-25 06:00:00,0.57,26.69,88.62,2.78
2018-06-25 07:00:00,0.61,27.04,85.75,3.24
2018-06-25 08:00:00,1.19,27.32,82.76,3.68
2018-06-25 09:00:00,1.23,27.45,80.95,3.8
2018-06-25 10:00:00,1.04,27.44,80.56,4.04
2018-06-25 11:00:00,0.89,27.45,80.49,4.41
2018-06-25 12:00:00,0.85,27.46,80.42,4.71
2018-06-25 13:00:00,0.93,27.38,80.78,4.86
2018-06-25 14:00:00,0.84,27.28,81.7,5.03
2018-06-25 15:00:00,0.78,27.16,82.87,5.18
2018-06-25 16:00:00,0.79,27.02,84.31,5.05
2018-06-25 17:00:00,0.79,26.75,86.78,4.74
2018-06-25 18:00:00,0.78,26.41,89.4,4.66
2018-06-25 19:00:00,0.73,26.22,90.82,4.95
2018-06-25 20:00:00,0.68,26.09,91.55,5.01
2018-06-25 21:00:00,0.76,25.98,91.84,4.71
2018-06-25 22:00:00,0.84,25.87,91.86,4.26
2018-06-25 23:00:00,0.97,25.81,91.38,3.8
2018-06-26 00:00:00,1.0,25.71,91.05,3.3
2018-06-26 01:00:00,1.09,25.62,90.64,2.77
2018-06-26 02:00:00,1.05,25.6,89.99,2.48
2018-06-26 03:00:00,0.84,25.6,89.36,2.35
2018-06-26 04:00:00,0.44,25.67,88.71,2.21
2018-06-26 05:00:00,0.29,25.8,88.11,2.1
2018-06-26 06:00:00,0.25,26.33,87.02,2.09
2018-06-26 07:00:00,0.24,27.12,83.75,2.75
2018-06-26 08:00:00,0.21,27.83,82.52,4.58
2018-06-26 09:00:00,0.24,28.3,81.32,5.55
2018-06-26 10:00:00,0.27,28.56,80.47,6.01
2018-06-26 11:00:00,0.31,28.66,80.48,6.09
2018-06-26 12:00:00,0.36,28.67,80.92,5.98
2018-06-26 13:00:00,0.36,28.56,81.91,5.88
2018-06-26 14:00:00,0.33,28.45,83.08,5.93
2018-06-26 15:00:00,0.35,28.39,83.83,5.73
2018-06-26 16:00:00,0.38,28.28,84.84,5.2
2018-06-26 17:00:00,0.5,28.02,87.34,4.49
2018-06-26 18:00:00,0.58,27.67,89.88,3.9
2018-06-26 19:00:00,0.69,27.5,90.68,3.55
2018-06-26 20:00:00,0.77,27.39,90.85,3.84
2018-06-26 21:00:00,0.88,27.29,90.76,4.36
2018-06-26 22:00:00,1.04,27.2,89.94,4.6
2018-06-26 23:00:00,1.01,27.16,87.9,5.04
2018-06-27 00:00:00,0.95,27.03,87.73,4.75
2018-06-27 01:00:00,0.83,26.92,88.36,4.35
2018-06-27 02:00:00,0.81,26.86,88.58,4.18
2018-06-27 03:00:00,0.8,26.82,88.73,4.02
2018-06-27 04:00:00,0.8,26.8,88.67,3.75
2018-06-27 05:00:00,0.76,26.8,88.46,3.61
2018-06-27 06:00:00,0.77,27.07,87.94,3.63
2018-06-27 07:00:00,0.82,27.63,85.66,4.05
2018-06-27 08:00:00,1.29,27.98,83.59,4.61
2018-06-27 09:00:00,1.51,28.23,82.21,5.03
2018-06-27 10:00:00,1.42,28.3,81.82,5.19
2018-06-27 11:00:00,1.01,28.29,81.87,5.23
2018-06-27 12:00:00,0.72,28.31,81.89,5.29
2018-06-27 13:00:00,0.6,28.31,82.01,5.4
2018-06-27 14:00:00,0.57,28.22,82.44,5.6
2018-06-27 15:00:00,0.6,28.08,83.15,5.64
2018-06-27 16:00:00,0.59,27.94,84.35,5.33
2018-06-27 17:00:00,0.61,27.69,86.66,4.69
2018-06-27 18:00:00,0.61,27.36,89.09,3.98
2018-06-27 19:00:00,0.55,27.21,89.86,3.52
2018-06-27 20:00:00,0.68,27.13,89.91,3.03
2018-06-27 21:00:00,0.58,27.05,89.92,2.62
2018-06-27 22:00:00,0.6,27.0,89.47,2.47
2018-06-27 23:00:00,0.58,26.89,89.52,2.54
2018-06-28 00:00:00,0.64,26.79,89.48,2.61
2018-06-28 01:00:00,0.68,26.69,89.5,2.73
2018-06-28 02:00:00,0.63,26.66,89.18,2.78
2018-06-28 03:00:00,0.59,26.65,88.74,2.75
2018-06-28 04:00:00,0.61,26.65,88.26,2.74
2018-06-28 05:00:00,0.6,26.63,88.07,2.81
2018-06-28 06:00:00,0.6,26.83,87.84,2.77
2018-06-28 07:00:00,0.8,27.29,86.21,2.68
2018-06-28 08:00:00,1.02,27.51,84.77,2.95
2018-06-28 09:00:00,1.31,27.59,84.01,3.38
2018-06-28 10:00:00,1.52,27.62,83.17,3.45
2018-06-28 11:00:00,1.73,27.6,82.25,3.41
2018-06-28 12:00:00,1.91,27.51,81.18,3.6
2018-06-28 13:00:00,1.67,27.42,80.48,3.91
2018-06-28 14:00:00,1.29,27.34,80.55,4.15
2018-06-28 15:00:00,0.99,27.3,80.85,4.19
2018-06-28 16:00:00,0.78,27.25,81.32,4.09
2018-06-28 17:00:00,0.48,27.06,83.23,3.81
2018-06-28 18:00:00,0.3,26.69,86.36,3.44
2018-06-28 19:00:00,0.23,26.53,87.23,3.3
2018-06-28 20:00:00,0.23,26.43,87.57,2.98
2018-06-28 21:00:00,0.24,26.41,87.15,2.68
2018-06-28 22:00:00,0.28,26.4,86.6,2.5
2018-06-28 23:00:00,0.4,26.38,86.24,2.46
2018-06-29 00:00:00,0.57,26.34,86.19,2.45
2018-06-29 01:00:00,0.74,26.29,86.2,2.46
2018-06-29 02:00:00,0.78,26.25,86.0,2.43
2018-06-29 03:00:00,0.91,26.22,85.86,2.44
2018-06-29 04:00:00,0.88,26.17,86.04,2.56
2018-06-29 05:00:00,0.95,26.12,86.43,2.63
2018-06-29 06:00:00,0.92,26.26,87.02,2.65
2018-06-29 07:00:00,0.9,26.68,85.67,2.96
2018-06-29 08:00:00,1.07,26.87,84.54,3.47
2018-06-29 09:00:00,0.82,26.87,84.3,4.1
2018-06-29 10:00:00,0.72,26.81,83.45,4.89
2018-06-29 11:00:00,0.57,26.8,81.51,5.5
2018-06-29 12:00:00,0.41,26.92,79.31,5.87
2018-06-29 13:00:00,0.28,27.0,78.43,6.15
2018-06-29 14:00:00,0.21,27.01,78.43,6.19
2018-06-29 15:00:00,0.24,26.94,78.92,5.91
2018-06-29 16:00:00,0.31,26.86,79.85,5.36
2018-06-29 17:00:00,0.3,26.71,81.8,4.5
2018-06-29 18:00:00,0.35,26.44,84.26,3.79
2018-06-29 19:00:00,0.33,26.31,85.15,3.41
2018-06-29 20:00:00,0.35,26.25,85.46,3.05
2018-06-29 21:00:00,0.3,26.15,85.75,2.72
2018-06-29 22:00:00,0.26,26.07,85.77,2.53
2018-06-29 23:00:00,0.27,25.99,85.81,2.41
2018-06-30 00:00:00,0.3,25.89,86.07,2.33
2018-06-30 01:00:00,0.24,25.85,86.26,2.33
2018-06-30 02:00:00,0.27,25.83,86.66,2.31
2018-06-30 03:00:00,0.23,25.86,86.89,2.21
2018-06-30 04:00:00,0.22,25.9,87.13,2.25
2018-06-30 05:00:00,0.26,25.97,87.15,2.37
2018-06-30 06:00:00,0.28,26.31,86.73,2.38
2018-06-30 07:00:00,0.4,26.87,84.66,2.53
2018-06-30 08:00:00,0.41,27.24,82.54,2.91
2018-06-30 09:00:00,0.52,27.55,80.86,3.12
2018-06-30 10:00:00,0.61,27.73,80.04,3.31
2018-06-30 11:00:00,0.65,27.85,79.35,3.61
2018-06-30 12:00:00,0.59,27.89,79.89,4.07
2018-06-30 13:00:00,0.5,27.77,81.66,4.79
2018-06-30 14:00:00,0.43,27.55,83.48,5.69
2018-06-30 15:00:00,0.38,27.3,83.8,6.47
2018-06-30 16:00:00,0.44,27.0,82.76,6.74
2018-06-30 17:00:00,0.51,26.65,82.27,6.43
2018-06-30 18:00:00,0.43,26.29,82.66,5.82
2018-06-30 19:00:00,0.28,26.11,82.84,5.31
2018-06-30 20:00:00,0.13,26.0,82.83,4.77
2018-06-30 21:00:00,0.12,25.88,82.81,4.13
2018-06-30 22:00:00,0.1,25.79,82.52,3.64
2018-06-30 23:00:00,0.09,25.7,82.01,3.21
2018-07-01 00:00:00,0.11,25.66,81.37,2.84
2018-07-01 01:00:00,0.15,25.64,81.09,2.6
2018-07-01 02:00:00,0.19,25.66,81.11,2.5
2018-07-01 03:00:00,0.24,25.66,81.73,2.51
2018-07-01 04:00:00,0.25,25.69,82.6,2.54
2018-07-01 05:00:00,0.31,25.74,83.33,2.49
2018-07-01 06:00:00,0.32,26.02,84.17,2.42
2018-07-01 07:00:00,0.35,26.64,83.02,2.59
2018-07-01 08:00:00,0.31,27.07,81.7,2.96
2018-07-01 09:00:00,0.27,27.45,81.56,3.28
2018-07-01 10:00:00,0.25,27.82,81.2,3.55
2018-07-01 11:00:00,0.28,28.1,80.77,3.71
2018-07-01 12:00:00,0.31,28.24,80.61,3.88
2018-07-01 13:00:00,0.34,28.25,81.07,4.08
2018-07-01 14:00:00,0.4,28.25,81.16,4.41
2018-07-01 15:00:00,0.38,28.17,81.45,4.68
2018-07-01 16:00:00,0.46,28.02,82.18,4.77
2018-07-01 17:00:00,0.54,27.71,84.39,4.53
2018-07-01 18:00:00,0.58,27.28,87.31,4.08
2018-07-01 19:00:00,0.62,27.07,88.39,3.91
2018-07-01 20:00:00,0.7,26.94,88.76,3.62
2018-07-01 21:00:00,0.76,26.82,88.93,3.37
2018-07-01 22:00:00,0.66,26.73,88.95,3.2
2018-07-01 23:00:00,0.56,26.63,88.98,3.09
2018-07-02 00:00:00,0.46,26.53,89.15,3.1
2018-07-02 01:00:00,0.43,26.44,89.51,3.23
2018-07-02 02:00:00,0.49,26.35,89.84,3.34
2018-07-02 03:00:00,0.52,26.25,90.17,3.35
2018-07-02 04:00:00,0.62,26.15,90.61,3.29
2018-07-02 05:00:00,0.72,26.07,91.09,3.26
2018-07-02 06:00:00,0.72,26.36,90.65,3.36
2018-07-02 07:00:00,0.84,26.92,88.03,3.95
2018-07-02 08:00:00,2.08,27.4,84.94,4.12
2018-07-02 09:00:00,1.2,27.73,82.37,4.08
2018-07-02 10:00:00,0.52,27.98,80.58,4.06
2018-07-02 11:00:00,0.2,28.13,79.89,4.15
2018-07-02 12:00:00,0.09,28.23,79.58,4.29
2018-07-02 13:00:00,0.07,28.28,79.18,4.48
2018-07-02 14:00:00,0.08,28.32,78.55,4.82
2018-07-02 15:00:00,0.12,28.24,78.62,5.22
2018-07-02 16:00:00,0.18,28.04,79.35,5.37
2018-07-02 17:00:00,0.25,27.69,81.32,5.05
2018-07-02 18:00:00,0.29,27.29,83.7,4.5
2018-07-02 19:00:00,0.42,27.12,84.51,4.1
2018-07-02 20:00:00,0.65,27.02,84.97,3.53
2018-07-02 21:00:00,0.76,26.94,85.18,3.08
2018-07-02 22:00:00,0.84,26.85,85.35,2.86
2018-07-02 23:00:00,0.98,26.74,85.72,2.72
2018-07-03 00:00:00,1.12,26.63,86.13,2.63
2018-07-03 01:00:00,1.31,26.54,86.46,2.56
2018-07-03 02:00:00,1.42,26.52,86.58,2.52
2018-07-03 03:00:00,1.6,26.52,86.85,2.57
2018-07-03 04:00:00,1.29,26.5,87.28,2.64
2018-07-03 05:00:00,1.15,26.48,87.49,2.71
2018-07-03 06:00:00,0.81,26.74,87.55,2.9
2018-07-03 07:00:00,0.6,27.27,85.45,3.39
2018-07-03 08:00:00,0.1,27.56,83.69,3.51
2018-07-03 09:00:00,0.06,27.78,82.8,3.3
2018-07-03 10:00:00,0.06,27.92,81.99,3.17
2018-07-03 11:00:00,0.06,27.95,82.16,3.21
2018-07-03 12:00:00,0.05,27.95,82.28,3.41
2018-07-03 13:00:00,0.06,27.87,82.71,3.56
2018-07-03 14:00:00,0.05,27.78,82.82,3.85
2018-07-03 15:00:00,0.04,27.72,83.0,4.07
2018-07-03 16:00:00,0.04,27.61,83.72,4.19
2018-07-03 17:00:00,0.03,27.44,85.3,4.14
2018-07-03 18:00:00,0.03,27.22,87.07,4.09
2018-07-03 19:00:00,0.05,27.17,87.5,4.15
2018-07-03 20:00:00,0.05,27.16,87.76,4.14
2018-07-03 21:00:00,0.07,27.17,87.77,4.1
2018-07-03 22:00:00,0.08,27.15,87.86,4.04
2018-07-03 23:00:00,0.08,27.05,88.21,3.93
2018-07-04 00:00:00,0.08,26.93,88.64,3.77
2018-07-04 01:00:00,0.08,26.83,88.99,3.66
2018-07-04 02:00:00,0.07,26.73,89.32,3.59
2018-07-04 03:00:00,0.07,26.63,89.7,3.56
2018-07-04 04:00:00,0.07,26.57,89.98,3.55
2018-07-04 05:00:00,0.06,26.53,90.32,3.52
2018-07-04 06:00:00,0.06,26.82,89.83,3.62
2018-07-04 07:00:00,0.09,27.31,87.79,4.06
2018-07-04 08:00:00,0.02,27.69,85.1,4.46
2018-07-04 09:00:00,0.02,27.96,83.74,4.71
2018-07-04 10:00:00,0.02,28.08,83.43,4.87
2018-07-04 11:00:00,0.03,28.1,83.13,4.98
2018-07-04 12:00:00,0.03,28.1,82.95,5.08
2018-07-04 13:00:00,0.02,28.07,83.04,5.15
2018-07-04 14:00:00,0.02,28.06,83.01,5.3
2018-07-04 15:00:00,0.02,27.98,83.14,5.4
2018-07-04 16:00:00,0.02,27.86,83.53,5.18
2018-07-04 17:00:00,0.02,27.69,84.54,4.68
2018-07-04 18:00:00,0.02,27.43,85.89,4.21
2018-07-04 19:00:00,0.01,27.31,86.24,4.15
2018-07-04 20:00:00,0.01,27.24,86.33,4.0
2018-07-04 21:00:00,0.0,27.14,86.77,3.69
2018-07-04 22:00:00,0.0,27.03,87.15,3.35
2018-07-04 23:00:00,0.0,26.89,87.55,3.08
2018-07-05 00:00:00,0.0,26.72,88.09,2.83
2018-07-05 01:00:00,0.0,26.6,88.33,2.71
2018-07-05 02:00:00,0.0,26.48,88.61,2.74
2018-07-05 03:00:00,0.0,26.35,89.1,2.67
2018-07-05 04:00:00,0.01,26.26,89.51,2.55
2018-07-05 05:00:00,0.01,26.21,89.81,2.45
2018-07-05 06:00:00,0.01,26.54,89.32,2.61
2018-07-05 07:00:00,0.01,27.17,86.21,3.27
2018-07-05 08:00:00,0.12,27.66,83.85,3.83
2018-07-05 09:00:00,0.12,27.95,82.83,4.11
2018-07-05 10:00:00,0.09,28.13,82.4,4.48
2018-07-05 11:00:00,0.18,28.18,82.37,4.85
2018-07-05 12:00:00,0.16,28.14,82.74,5.16
2018-07-05 13:00:00,0.2,28.05,83.16,5.35
2018-07-05 14:00:00,0.2,27.96,83.6,5.45
2018-07-05 15:00:00,0.27,27.87,83.91,5.53
2018-07-05 16:00:00,0.29,27.73,84.71,5.42
2018-07-05 17:00:00,0.35,27.49,86.15,4.98
2018-07-05 18:00:00,0.32,27.16,88.36,4.39
2018-07-05 19:00:00,0.34,27.03,89.21,4.23
2018-07-05 20:00:00,0.34,26.96,89.49,4.23
2018-07-05 21:00:00,0.36,26.9,89.86,4.25
2018-07-05 22:00:00,0.42,26.83,90.22,4.3
2018-07-05 23:00:00,0.45,26.75,90.47,4.22
2018-07-06 00:00:00,0.45,26.67,90.49,4.07
2018-07-06 01:00:00,0.44,26.59,90.46,3.95
2018-07-06 02:00:00,0.36,26.52,90.36,3.81
2018-07-06 03:00:00,0.29,26.48,90.16,3.62
2018-07-06 04:00:00,0.28,26.45,90.14,3.61
2018-07-06 05:00:00,0.25,26.46,90.1,3.75
2018-07-06 06:00:00,0.3,26.87,89.42,4.18
2018-07-06 07:00:00,0.36,27.39,87.3,4.95
2018-07-06 08:00:00,0.23,27.77,85.85,5.1
2018-07-06 09:00:00,0.22,28.06,84.74,5.18
2018-07-06 10:00:00,0.21,28.24,84.04,5.34
2018-07-06 11:00:00,0.21,28.35,83.25,5.55
2018-07-06 12:00:00,0.19,28.38,82.38,5.78
2018-07-06 13:00:00,0.15,28.39,81.33,5.98
2018-07-06 14:00:00,0.11,28.35,80.16,6.45
2018-07-06 15:00:00,0.11,28.26,79.41,6.85
2018-07-06 16:00:00,0.14,28.17,79.06,6.67
2018-07-06 17:00:00,0.14,27.95,80.22,5.89
2018-07-06 18:00:00,0.1,27.57,82.64,5.02
2018-07-06 19:00:00,0.05,27.4,83.91,4.66
2018-07-06 20:00:00,0.03,27.32,84.69,4.45
2018-07-06 21:00:00,0.03,27.26,85.53,4.38
2018-07-06 22:00:00,0.04,27.2,86.2,4.61
2018-07-06 23:00:00,0.05,27.1,87.09,4.81
2018-07-07 00:00:00,0.05,27.04,87.46,4.96
2018-07-07 01:00:00,0.06,27.02,87.52,5.12
2018-07-07 02:00:00,0.09,26.98,87.7,5.12
2018-07-07 03:00:00,0.1,26.95,87.86,5.07
2018-07-07 04:00:00,0.17,26.91,88.08,4.96
2018-07-07 05:00:00,0.21,26.88,88.08,4.79
2018-07-07 06:00:00,0.32,27.03,87.71,4.92
2018-07-07 07:00:00,0.44,27.35,86.66,5.2
2018-07-07 08:00:00,0.42,27.48,85.87,5.58
2018-07-07 09:00:00,0.34,27.5,83.65,6.32
2018-07-07 10:00:00,0.33,27.41,77.46,7.17
2018-07-07 11:00:00,0.42,27.08,77.3,7.09
2018-07-07 12:00:00,0.46,26.87,78.66,6.65
2018-07-07 13:00:00,0.59,26.84,79.89,6.28
2018-07-07 14:00:00,0.63,26.98,80.65,6.38
2018-07-07 15:00:00,0.74,27.01,81.15,6.88
2018-07-07 16:00:00,0.78,26.95,81.27,7.18
2018-07-07 17:00:00,0.74,26.75,81.46,7.17
2018-07-07 18:00:00,0.75,26.52,82.63,6.6
2018-07-07 19:00:00,0.78,26.47,84.14,5.83
2018-07-07 20:00:00,0.87,26.55,85.73,5.37
2018-07-07 21:00:00,1.01,26.68,86.54,5.51
2018-07-07 22:00:00,1.17,26.81,85.62,6.19
2018-07-07 23:00:00,1.14,26.86,83.86,6.65
2018-07-08 00:00:00,0.99,26.88,83.13,6.72
2018-07-08 01:00:00,0.91,26.91,82.3,6.73
2018-07-08 02:00:00,0.75,26.95,81.05,6.75
2018-07-08 03:00:00,0.63,26.91,81.04,6.71
2018-07-08 04:00:00,0.54,26.84,81.96,6.5
2018-07-08 05:00:00,0.59,26.77,83.25,5.97
2018-07-08 06:00:00,0.49,26.89,84.42,5.71
2018-07-08 07:00:00,0.46,27.29,84.07,5.76
2018-07-08 08:00:00,0.38,27.51,83.68,5.8
2018-07-08 09:00:00,0.32,27.66,83.49,5.99
2018-07-08 10:00:00,0.4,27.76,83.32,6.13
2018-07-08 11:00:00,0.45,27.72,83.94,6.35
2018-07-08 12:00:00,0.44,27.62,84.24,6.69
2018-07-08 13:00:00,0.52,27.48,84.7,6.91
2018-07-08 14:00:00,0.65,27.34,85.36,6.93
2018-07-08 15:00:00,0.74,27.16,86.51,6.66
2018-07-08 16:00:00,0.79,27.04,87.31,6.2
2018-07-08 17:00:00,0.94,26.91,88.6,5.63
2018-07-08 18:00:00,1.06,26.82,89.54,5.13
2018-07-08 19:00:00,1.04,26.82,89.86,4.62
2018-07-08 20:00:00,1.03,26.85,89.94,4.47
2018-07-08 21:00:00,1.12,26.92,89.82,4.86
2018-07-08 22:00:00,1.36,26.88,90.39,4.74
2018-07-08 23:00:00,1.63,26.83,90.74,4.83
2018-07-09 00:00:00,1.75,26.75,91.1,4.89
2018-07-09 01:00:00,1.84,26.71,91.08,5.18
2018-07-09 02:00:00,2.3,26.68,91.22,5.49
2018-07-09 03:00:00,2.36,26.67,91.02,5.92
2018-07-09 04:00:00,2.57,26.69,90.62,6.11
2018-07-09 05:00:00,2.31,26.7,90.58,5.92
2018-07-09 06:00:00,2.05,26.82,90.47,5.75
2018-07-09 07:00:00,1.83,27.03,90.12,5.75
2018-07-09 08:00:00,2.68,27.2,89.56,5.97
2018-07-09 09:00:00,2.5,27.39,88.31,6.18
2018-07-09 10:00:00,2.59,27.54,87.1,6.42
2018-07-09 11:00:00,2.85,27.54,86.82,6.63
2018-07-09 12:00:00,3.03,27.53,86.51,7.07
2018-07-09 13:00:00,3.06,27.52,86.2,7.23
2018-07-09 14:00:00,3.11,27.47,86.41,7.08
2018-07-09 15:00:00,3.05,27.39,86.78,6.73
2018-07-09 16:00:00,2.8,27.26,87.37,6.09
2018-07-09 17:00:00,2.8,27.08,88.39,5.31
2018-07-09 18:00:00,2.46,26.82,89.83,4.82
2018-07-09 19:00:00,2.19,26.7,90.72,4.53
2018-07-09 20:00:00,2.55,26.68,90.61,4.02
2018-07-09 21:00:00,2.57,26.65,90.9,3.45
2018-07-09 22:00:00,3.01,26.59,91.56,3.51
2018-07-09 23:00:00,3.21,26.52,92.26,3.78
2018-07-10 00:00:00,2.82,26.5,92.49,4.08
2018-07-10 01:00:00,1.52,26.5,92.25,4.44
2018-07-10 02:00:00,1.2,26.53,91.82,4.69
2018-07-10 03:00:00,1.13,26.57,91.19,4.81
2018-07-10 04:00:00,1.22,26.61,90.69,4.83
2018-07-10 05:00:00,1.07,26.61,90.55,4.66
2018-07-10 06:00:00,0.97,26.75,90.44,4.58
2018-07-10 07:00:00,0.57,27.04,89.74,4.87
2018-07-10 08:00:00,0.44,27.21,89.48,5.24
2018-07-10 09:00:00,0.51,27.33,89.01,5.43
2018-07-10 10:00:00,0.53,27.4,88.08,5.58
2018-07-10 11:00:00,0.58,27.38,87.41,5.77
2018-07-10 12:00:00,0.77,27.36,86.79,6.04
2018-07-10 13:00:00,0.96,27.36,86.08,6.16
2018-07-10 14:00:00,1.12,27.33,85.84,6.18
2018-07-10 15:00:00,1.39,27.25,86.41,6.07
2018-07-10 16:00:00,1.69,27.09,87.69,5.95
2018-07-10 17:00:00,1.83,26.84,89.43,5.93
2018-07-10 18:00:00,2.24,26.65,90.03,6.11
2018-07-10 19:00:00,2.8,26.56,89.64,6.43
2018-07-10 20:00:00,3.35,26.47,89.26,6.57
2018-07-10 21:00:00,3.64,26.41,88.6,6.36
2018-07-10 22:00:00,3.25,26.31,88.44,5.57
2018-07-10 23:00:00,3.05,26.25,88.43,4.99
2018-07-11 00:00:00,2.66,26.19,88.53,4.89
2018-07-11 01:00:00,1.94,26.16,88.45,5.01
2018-07-11 02:00:00,1.3,26.1,88.3,5.15
2018-07-11 03:00:00,1.15,26.04,88.23,5.03
2018-07-11 04:00:00,1.21,26.03,87.87,4.87
2018-07-11 05:00:00,1.6,26.12,87.02,5.17
2018-07-11 06:00:00,1.82,26.42,86.1,5.22
2018-07-11 07:00:00,2.27,26.9,84.52,5.53
2018-07-11 08:00:00,3.93,27.2,83.57,6.01
2018-07-11 09:00:00,3.56,27.41,83.17,6.46
2018-07-11 10:00:00,2.73,27.6,82.69,6.84
2018-07-11 11:00:00,1.68,27.82,81.87,6.99
2018-07-11 12:00:00,1.09,27.95,81.23,6.9
2018-07-11 13:00:00,0.86,27.96,80.84,6.95
2018-07-11 14:00:00,0.84,27.88,80.72,7.03
2018-07-11 15:00:00,0.94,27.67,81.2,6.97
2018-07-11 16:00:00,1.3,27.43,82.29,6.49
2018-07-11 17:00:00,2.01,27.13,84.19,5.68
2018-07-11 18:00:00,2.34,26.86,85.51,5.15
2018-07-11 19:00:00,1.77,26.74,85.95,4.8
2018-07-11 20:00:00,1.22,26.64,86.27,4.59
2018-07-11 21:00:00,1.02,26.54,86.57,4.32
2018-07-11 22:00:00,0.86,26.41,87.34,3.96
2018-07-11 23:00:00,0.86,26.28,88.23,3.6
2018-07-12 00:00:00,0.73,26.17,89.02,3.37
2018-07-12 01:00:00,0.7,26.11,89.56,3.38
2018-07-12 02:00:00,0.77,26.06,90.15,3.53
2018-07-12 03:00:00,0.89,26.05,90.57,3.79
2018-07-12 04:00:00,0.98,26.08,90.81,4.14
2018-07-12 05:00:00,1.06,26.14,90.74,4.5
2018-07-12 06:00:00,0.98,26.36,90.2,4.73
2018-07-12 07:00:00,1.0,26.78,89.03,4.77
2018-07-12 08:00:00,0.66,27.14,87.48,4.92
2018-07-12 09:00:00,0.64,27.48,85.42,5.21
2018-07-12 10:00:00,0.57,27.76,83.72,5.38
2018-07-12 11:00:00,0.53,27.89,83.21,5.47
2018-07-12 12:00:00,0.52,27.89,83.83,5.68
2018-07-12 13:00:00,0.46,27.81,84.79,5.86
2018-07-12 14:00:00,0.48,27.73,85.47,5.6
2018-07-12 15:00:00,0.61,27.61,86.22,4.96
2018-07-12 16:00:00,0.74,27.43,87.54,4.32
2018-07-12 17:00:00,0.73,27.2,89.56,3.6
2018-07-12 18:00:00,0.69,26.87,91.63,2.91
2018-07-12 19:00:00,0.64,26.74,92.35,2.45
2018-07-12 20:00:00,0.82,26.67,92.6,2.4
2018-07-12 21:00:00,0.8,26.6,92.87,2.72
2018-07-12 22:00:00,0.89,26.49,93.22,2.86
2018-07-12 23:00:00,0.88,26.37,93.51,2.76
2018-07-13 00:00:00,0.94,26.26,93.77,2.78
2018-07-13 01:00:00,1.11,26.17,94.02,3.03
2018-07-13 02:00:00,1.07,26.11,94.31,3.19
2018-07-13 03:00:00,0.99,26.12,94.07,3.42
2018-07-13 04:00:00,0.82,26.14,93.61,3.55
2018-07-13 05:00:00,0.71,26.15,93.28,3.5
2018-07-13 06:00:00,0.67,26.34,92.96,3.5
2018-07-13 07:00:00,0.67,26.74,91.99,3.93
2018-07-13 08:00:00,0.44,27.03,90.69,4.41
2018-07-13 09:00:00,0.47,27.29,89.14,4.86
2018-07-13 10:00:00,0.56,27.51,87.69,5.15
2018-07-13 11:00:00,0.57,27.64,86.91,5.3
2018-07-13 12:00:00,0.66,27.67,86.59,5.49
2018-07-13 13:00:00,0.73,27.65,86.33,5.71
2018-07-13 14:00:00,0.89,27.61,86.22,5.79
2018-07-13 15:00:00,0.93,27.54,86.65,5.54
2018-07-13 16:00:00,0.99,27.37,87.78,5.16
2018-07-13 17:00:00,0.96,27.1,89.74,4.45
2018-07-13 18:00:00,0.83,26.77,91.9,3.77
2018-07-13 19:00:00,0.71,26.62,92.95,3.31
2018-07-13 20:00:00,0.7,26.56,93.28,3.15
2018-07-13 21:00:00,0.74,26.49,93.29,3.3
2018-07-13 22:00:00,0.74,26.43,93.26,3.34
2018-07-13 23:00:00,0.8,26.33,93.41,3.32
2018-07-14 00:00:00,0.77,26.28,93.16,3.65
2018-07-14 01:00:00,0.82,26.18,93.64,3.79
2018-07-14 02:00:00,0.79,26.14,93.59,3.9
2018-07-14 03:00:00,0.78,26.12,93.41,4.01
2018-07-14 04:00:00,0.85,26.07,93.6,3.73
2018-07-14 05:00:00,0.76,26.03,93.63,3.42
2018-07-14 06:00:00,0.65,26.18,93.22,3.46
2018-07-14 07:00:00,0.67,26.47,92.36,3.75
2018-07-14 08:00:00,1.33,26.72,90.77,3.98
2018-07-14 09:00:00,1.12,26.91,89.29,4.09
2018-07-14 10:00:00,0.83,27.08,88.12,4.27
2018-07-14 11:00:00,0.56,27.21,87.05,4.37
2018-07-14 12:00:00,0.41,27.31,86.48,4.38
2018-07-14 13:00:00,0.29,27.34,86.4,4.35
2018-07-14 14:00:00,0.24,27.31,86.67,4.5
2018-07-14 15:00:00,0.32,27.23,87.44,4.52
2018-07-14 16:00:00,0.49,27.08,88.88,4.2
2018-07-14 17:00:00,0.84,26.89,90.93,3.58
2018-07-14 18:00:00,1.11,26.64,92.74,2.94
2018-07-14 19:00:00,1.2,26.5,93.48,2.77
2018-07-14 20:00:00,1.23,26.45,93.66,2.71
2018-07-14 21:00:00,1.57,26.42,93.91,2.7
2018-07-14 22:00:00,1.73,26.38,94.17,2.78
2018-07-14 23:00:00,1.74,26.33,94.27,3.21
2018-07-15 00:00:00,1.81,26.26,94.16,3.64
2018-07-15 01:00:00,1.93,26.17,94.26,3.72
2018-07-15 02:00:00,2.45,26.1,94.41,3.97
2018-07-15 03:00:00,2.83,26.05,94.82,4.17
2018-07-15 04:00:00,2.9,26.06,94.89,4.27
2018-07-15 05:00:00,3.6,26.08,94.82,4.48
2018-07-15 06:00:00,3.08,26.31,94.33,4.96
2018-07-15 07:00:00,3.14,26.63,93.63,5.58
2018-07-15 08:00:00,4.84,26.83,92.77,6.09
2018-07-15 09:00:00,5.47,26.92,92.32,6.42
2018-07-15 10:00:00,5.27,26.93,92.35,6.43
2018-07-15 11:00:00,4.23,26.93,92.17,6.37
2018-07-15 12:00:00,4.68,26.94,91.63,6.29
2018-07-15 13:00:00,5.4,26.99,90.54,6.22
2018-07-15 14:00:00,5.54,26.86,90.66,5.83
2018-07-15 15:00:00,4.67,26.57,90.84,5.52
2018-07-15 16:00:00,4.04,26.16,91.92,5.65
2018-07-15 17:00:00,4.05,25.95,93.1,6.14
2018-07-15 18:00:00,4.43,26.09,93.6,6.61
2018-07-15 19:00:00,4.9,26.34,93.26,6.48
2018-07-15 20:00:00,4.98,26.43,92.66,5.87
2018-07-15 21:00:00,4.31,26.34,92.5,5.09
2018-07-15 22:00:00,4.29,26.22,92.87,4.25
2018-07-15 23:00:00,4.24,26.11,93.32,3.76
2018-07-16 00:00:00,4.83,26.05,93.33,3.5
2018-07-16 01:00:00,4.98,25.98,93.45,3.34
2018-07-16 02:00:00,4.68,25.92,93.79,3.47
2018-07-16 03:00:00,4.2,25.89,94.0,3.77
2018-07-16 04:00:00,4.02,25.92,93.78,4.13
2018-07-16 05:00:00,3.6,25.93,93.5,4.24
2018-07-16 06:00:00,3.44,26.14,92.49,4.26
2018-07-16 07:00:00,3.1,26.53,90.59,4.68
2018-07-16 08:00:00,1.45,26.8,88.2,5.18
2018-07-16 09:00:00,1.05,26.96,86.56,5.43
2018-07-16 10:00:00,1.25,27.01,86.18,5.62
2018-07-16 11:00:00,1.26,27.01,86.13,5.86
2018-07-16 12:00:00,1.34,26.98,86.17,5.91
2018-07-16 13:00:00,1.32,26.97,86.24,5.99
2018-07-16 14:00:00,1.48,26.99,86.1,5.88
2018-07-16 15:00:00,1.56,26.96,86.63,5.55
2018-07-16 16:00:00,1.56,26.92,87.29,5.33
2018-07-16 17:00:00,1.04,26.81,88.17,4.93
2018-07-16 18:00:00,0.61,26.58,89.03,4.62
2018-07-16 19:00:00,0.46,26.48,89.29,4.53
2018-07-16 20:00:00,0.38,26.36,90.3,4.37
2018-07-16 21:00:00,0.58,26.27,90.91,4.24
2018-07-16 22:00:00,0.76,26.2,90.98,3.89
2018-07-16 23:00:00,0.9,26.1,90.94,3.61
2018-07-17 00:00:00,0.94,26.0,90.76,3.5
2018-07-17 01:00:00,1.02,25.9,90.67,3.49
2018-07-17 02:00:00,1.01,25.85,90.58,3.78
2018-07-17 03:00:00,0.93,25.83,90.01,3.99
2018-07-17 04:00:00,0.61,25.9,88.47,4.26
2018-07-17 05:00:00,0.28,26.03,86.49,4.51
2018-07-17 06:00:00,0.17,26.36,86.23,4.46
2018-07-17 07:00:00,0.11,26.93,84.84,4.81
2018-07-17 08:00:00,0.1,27.24,84.31,5.0
2018-07-17 09:00:00,0.07,27.5,83.86,5.22
2018-07-17 10:00:00,0.06,27.65,84.08,5.36
2018-07-17 11:00:00,0.07,27.7,84.25,5.51
2018-07-17 12:00:00,0.09,27.65,84.92,5.55
2018-07-17 13:00:00,0.12,27.55,85.6,5.57
2018-07-17 14:00:00,0.16,27.44,86.16,5.64
2018-07-17 15:00:00,0.25,27.27,87.0,5.6
2018-07-17 16:00:00,0.55,27.05,88.47,5.27
2018-07-17 17:00:00,0.93,26.74,90.6,4.57
2018-07-17 18:00:00,1.41,26.43,93.03,3.72
2018-07-17 19:00:00,1.97,26.27,94.12,3.32
2018-07-17 20:00:00,2.59,26.17,94.52,3.06
2018-07-17 21:00:00,3.25,26.07,94.79,2.96
2018-07-17 22:00:00,3.72,26.01,94.7,3.29
2018-07-17 23:00:00,4.15,25.96,94.37,3.97
2018-07-18 00:00:00,4.22,25.92,94.14,4.66
2018-07-18 01:00:00,4.03,25.96,92.92,5.47
2018-07-18 02:00:00,3.77,25.91,92.27,5.78
2018-07-18 03:00:00,3.42,25.8,92.13,5.54
2018-07-18 04:00:00,3.02,25.71,91.74,5.41
2018-07-18 05:00:00,2.48,25.66,91.57,5.0
2018-07-18 06:00:00,2.12,25.81,91.24,4.7
2018-07-18 07:00:00,1.73,26.12,90.29,4.53
2018-07-18 08:00:00,0.79,26.34,89.22,4.42
2018-07-18 09:00:00,0.49,26.49,88.39,4.53
2018-07-18 10:00:00,0.38,26.67,87.01,4.63
2018-07-18 11:00:00,0.38,26.85,85.59,4.61
2018-07-18 12:00:00,0.48,26.96,85.1,4.69
2018-07-18 13:00:00,0.45,27.0,85.11,4.7
2018-07-18 14:00:00,0.38,26.98,85.76,4.65
2018-07-18 15:00:00,0.3,26.84,87.07,4.75
2018-07-18 16:00:00,0.35,26.66,88.42,4.59
2018-07-18 17:00:00,0.49,26.41,90.24,4.13
2018-07-18 18:00:00,0.5,26.15,91.42,3.9
2018-07-18 19:00:00,0.5,26.02,91.9,3.77
2018-07-18 20:00:00,0.53,25.94,92.43,3.67
2018-07-18 21:00:00,0.59,25.86,93.08,3.4
2018-07-18 22:00:00,0.68,25.85,93.09,3.58
2018-07-18 23:00:00,1.09,25.82,93.21,3.83
2018-07-19 00:00:00,1.46,25.79,93.02,4.15
2018-07-19 01:00:00,1.8,25.73,92.91,4.37
2018-07-19 02:00:00,2.17,25.65,93.08,4.22
2018-07-19 03:00:00,1.9,25.58,93.42,3.87
2018-07-19 04:00:00,1.55,25.59,93.54,3.89
2018-07-19 05:00:00,1.24,25.66,93.32,4.4
2018-07-19 06:00:00,0.83,25.87,92.73,5.05
2018-07-19 07:00:00,0.58,26.17,91.65,5.82
2018-07-19 08:00:00,0.28,26.31,91.17,6.09
2018-07-19 09:00:00,0.25,26.48,90.04,6.34
2018-07-19 10:00:00,0.32,26.62,89.03,6.49
2018-07-19 11:00:00,0.44,26.7,88.25,6.51
2018-07-19 12:00:00,0.72,26.72,87.73,6.73
2018-07-19 13:00:00,1.13,26.65,87.68,6.9
2018-07-19 14:00:00,1.45,26.6,87.45,6.78
2018-07-19 15:00:00,1.62,26.53,87.63,6.34
2018-07-19 16:00:00,1.42,26.42,88.24,5.97
2018-07-19 17:00:00,1.34,26.21,89.9,5.45
2018-07-19 18:00:00,1.28,25.99,91.61,4.67
2018-07-19 19:00:00,1.21,25.93,92.01,4.23
2018-07-19 20:00:00,1.24,25.92,92.02,4.02
2018-07-19 21:00:00,1.2,25.87,92.44,4.05
2018-07-19 22:00:00,1.18,25.82,92.87,4.26
2018-07-19 23:00:00,1.43,25.77,93.27,4.38
2018-07-20 00:00:00,1.68,25.73,93.51,4.2
2018-07-20 01:00:00,1.7,25.72,93.37,3.95
2018-07-20 02:00:00,1.35,25.7,92.85,3.76
2018-07-20 03:00:00,0.99,25.75,91.47,4.09
2018-07-20 04:00:00,0.81,25.73,91.31,4.0
2018-07-20 05:00:00,0.48,25.71,91.11,3.62
2018-07-20 06:00:00,0.38,25.89,91.14,3.25
2018-07-20 07:00:00,0.41,26.33,89.45,3.49
2018-07-20 08:00:00,0.15,26.6,88.21,3.68
2018-07-20 09:00:00,0.12,26.88,86.66,3.98
2018-07-20 10:00:00,0.09,27.09,85.67,4.35
2018-07-20 11:00:00,0.09,27.2,85.21,4.83
2018-07-20 12:00:00,0.1,27.21,85.27,5.21
2018-07-20 13:00:00,0.09,27.16,85.34,5.29
2018-07-20 14:00:00,0.1,27.11,85.3,5.22
2018-07-20 15:00:00,0.1,27.0,85.71,5.07
2018-07-20 16:00:00,0.12,26.84,86.81,4.78
2018-07-20 17:00:00,0.14,26.61,88.76,4.35
2018-07-20 18:00:00,0.12,26.35,90.42,4.12
2018-07-20 19:00:00,0.12,26.25,91.01,4.19
2018-07-20 20:00:00,0.11,26.2,91.37,4.1
2018-07-20 21:00:00,0.11,26.16,91.57,3.9
2018-07-20 22:00:00,0.15,26.1,92.0,3.68
2018-07-20 23:00:00,0.15,26.03,92.33,3.62
2018-07-21 00:00:00,0.14,25.93,93.0,3.64
2018-07-21 01:00:00,0.12,25.88,92.82,3.67
2018-07-21 02:00:00,0.14,25.82,92.72,3.67
2018-07-21 03:00:00,0.12,25.82,92.14,4.01
2018-07-21 04:00:00,0.12,25.82,92.07,4.17
2018-07-21 05:00:00,0.14,25.82,92.06,4.08
2018-07-21 06:00:00,0.16,26.04,91.27,4.26
2018-07-21 07:00:00,0.14,26.45,89.84,4.77
2018-07-21 08:00:00,0.33,26.73,88.55,5.09
2018-07-21 09:00:00,0.32,26.89,87.93,5.23
2018-07-21 10:00:00,0.3,27.01,87.35,5.34
2018-07-21 11:00:00,0.3,27.12,86.66,5.5
2018-07-21 12:00:00,0.27,27.16,85.71,5.73
2018-07-21 13:00:00,0.27,27.12,84.76,5.76
2018-07-21 14:00:00,0.25,27.06,84.18,5.67
2018-07-21 15:00:00,0.22,26.91,84.51,5.47
2018-07-21 16:00:00,0.22,26.75,85.73,4.98
2018-07-21 17:00:00,0.21,26.54,88.02,4.21
2018-07-21 18:00:00,0.23,26.29,90.58,3.18
2018-07-21 19:00:00,0.2,26.19,91.75,2.46
2018-07-21 20:00:00,0.25,26.14,92.3,1.99
2018-07-21 21:00:00,0.27,26.14,92.34,1.75
2018-07-21 22:00:00,0.25,26.12,92.44,1.88
2018-07-21 23:00:00,0.35,26.04,92.82,2.18
2018-07-22 00:00:00,0.35,25.96,93.32,2.52
2018-07-22 01:00:00,0.38,25.89,93.88,2.65
2018-07-22 02:00:00,0.44,25.83,94.3,2.77
2018-07-22 03:00:00,0.37,25.79,94.28,2.9
2018-07-22 04:00:00,0.21,25.77,94.02,3.04
2018-07-22 05:00:00,0.14,25.73,94.14,3.01
2018-07-22 06:00:00,0.1,26.02,93.67,3.17
2018-07-22 07:00:00,0.06,26.53,91.92,3.86
2018-07-22 08:00:00,0.06,26.92,89.62,4.65
2018-07-22 09:00:00,0.07,27.21,87.68,5.17
2018-07-22 10:00:00,0.07,27.43,86.06,5.46
2018-07-22 11:00:00,0.06,27.58,84.79,5.75
2018-07-22 12:00:00,0.07,27.62,84.18,5.93
2018-07-22 13:00:00,0.09,27.56,84.05,6.02
2018-07-22 14:00:00,0.11,27.49,84.13,5.86
2018-07-22 15:00:00,0.15,27.35,84.76,5.53
2018-07-22 16:00:00,0.19,27.15,85.96,5.21
2018-07-22 17:00:00,0.23,26.85,88.36,4.71
2018-07-22 18:00:00,0.27,26.55,90.66,4.18
2018-07-22 19:00:00,0.31,26.41,91.64,3.91
2018-07-22 20:00:00,0.34,26.34,92.06,3.84
2018-07-22 21:00:00,0.37,26.3,92.22,3.87
2018-07-22 22:00:00,0.38,26.25,92.35,3.88
2018-07-22 23:00:00,0.36,26.18,92.32,3.99
2018-07-23 00:00:00,0.29,26.13,92.06,4.26
2018-07-23 01:00:00,0.24,26.08,91.98,4.45
2018-07-23 02:00:00,0.23,26.01,92.19,4.49
2018-07-23 03:00:00,0.22,25.96,92.16,4.51
2018-07-23 04:00:00,0.17,25.93,92.0,4.52
2018-07-23 05:00:00,0.19,25.93,91.76,4.51
2018-07-23 06:00:00,0.16,26.2,90.93,4.69
2018-07-23 07:00:00,0.13,26.64,89.26,5.17
2018-07-23 08:00:00,0.26,26.98,87.63,5.55
2018-07-23 09:00:00,0.27,27.26,86.0,5.85
2018-07-23 10:00:00,0.29,27.38,85.25,6.09
2018-07-23 11:00:00,0.33,27.4,85.17,6.31
2018-07-23 12:00:00,0.36,27.38,85.16,6.49
2018-07-23 13:00:00,0.33,27.32,85.25,6.56
2018-07-23 14:00:00,0.26,27.25,85.38,6.23
2018-07-23 15:00:00,0.24,27.16,85.51,5.69
2018-07-23 16:00:00,0.29,26.99,86.11,4.97
2018-07-23 17:00:00,0.27,26.74,87.93,3.97
2018-07-23 18:00:00,0.33,26.4,90.52,2.91
2018-07-23 19:00:00,0.48,26.21,91.75,2.28
2018-07-23 20:00:00,0.56,26.1,92.26,2.27
2018-07-23 21:00:00,0.83,25.99,92.85,2.55
2018-07-23 22:00:00,1.09,25.88,93.56,2.71
2018-07-23 23:00:00,1.2,25.77,94.15,2.82
2018-07-24 00:00:00,1.5,25.69,94.26,3.05
2018-07-24 01:00:00,1.35,25.62,94.16,3.42
2018-07-24 02:00:00,0.75,25.59,93.58,3.8
2018-07-24 03:00:00,0.46,25.57,93.13,3.95
2018-07-24 04:00:00,0.48,25.58,92.81,4.12
2018-07-24 05:00:00,0.54,25.61,92.53,4.27
2018-07-24 06:00:00,0.73,26.0,91.51,4.54
2018-07-24 07:00:00,0.65,26.57,89.26,5.25
2018-07-24 08:00:00,0.36,27.01,86.74,6.01
2018-07-24 09:00:00,0.36,27.31,84.98,6.27
2018-07-24 10:00:00,0.41,27.44,84.06,6.46
2018-07-24 11:00:00,0.51,27.5,83.51,6.62
2018-07-24 12:00:00,0.5,27.48,83.48,6.72
2018-07-24 13:00:00,0.54,27.44,83.46,6.77
2018-07-24 14:00:00,0.48,27.38,83.33,6.74
2018-07-24 15:00:00,0.41,27.31,83.23,6.59
2018-07-24 16:00:00,0.5,27.17,83.84,6.15
2018-07-24 17:00:00,0.41,26.91,85.84,5.34
2018-07-24 18:00:00,0.28,26.55,88.41,4.45
2018-07-24 19:00:00,0.17,26.38,89.57,4.06
2018-07-24 20:00:00,0.15,26.28,90.28,3.75
2018-07-24 21:00:00,0.21,26.18,90.84,3.55
2018-07-24 22:00:00,0.28,26.07,91.37,3.63
2018-07-24 23:00:00,0.48,25.96,91.91,3.76
2018-07-25 00:00:00,0.8,25.85,92.55,3.74
2018-07-25 01:00:00,1.02,25.77,93.04,3.59
2018-07-25 02:00:00,1.05,25.7,93.54,3.59
2018-07-25 03:00:00,0.96,25.63,94.08,3.67
2018-07-25 04:00:00,0.86,25.6,94.11,3.85
2018-07-25 05:00:00,0.7,25.59,93.84,3.99
2018-07-25 06:00:00,0.72,25.89,92.85,4.23
2018-07-25 07:00:00,0.66,26.35,91.1,4.81
2018-07-25 08:00:00,0.22,26.65,89.72,5.34
2018-07-25 09:00:00,0.21,26.89,88.38,5.7
2018-07-25 10:00:00,0.27,27.1,87.42,5.88
2018-07-25 11:00:00,0.27,27.29,86.64,6.03
2018-07-25 12:00:00,0.27,27.39,86.07,6.17
2018-07-25 13:00:00,0.25,27.4,85.84,6.26
2018-07-25 14:00:00,0.21,27.38,85.59,6.21
2018-07-25 15:00:00,0.17,27.34,85.15,6.01
2018-07-25 16:00:00,0.17,27.21,85.38,5.53
2018-07-25 17:00:00,0.14,26.94,87.13,4.8
2018-07-25 18:00:00,0.1,26.54,90.21,3.82
2018-07-25 19:00:00,0.13,26.34,91.94,3.16
2018-07-25 20:00:00,0.18,26.21,92.96,2.78
2018-07-25 21:00:00,0.3,26.12,93.5,2.62
2018-07-25 22:00:00,0.41,26.01,94.08,2.68
2018-07-25 23:00:00,0.44,25.93,94.4,2.91
2018-07-26 00:00:00,0.47,25.84,94.65,3.22
2018-07-26 01:00:00,0.44,25.77,94.66,3.46
2018-07-26 02:00:00,0.41,25.71,94.68,3.82
2018-07-26 03:00:00,0.39,25.68,94.46,4.2
2018-07-26 04:00:00,0.36,25.65,94.06,4.41
2018-07-26 05:00:00,0.33,25.61,93.98,4.36
2018-07-26 06:00:00,0.33,25.91,92.99,4.51
2018-07-26 07:00:00,0.29,26.39,90.68,5.16
2018-07-26 08:00:00,0.1,26.82,88.27,5.52
2018-07-26 09:00:00,0.09,27.18,86.43,5.63
2018-07-26 10:00:00,0.07,27.42,85.22,5.71
2018-07-26 11:00:00,0.06,27.57,84.13,5.76
2018-07-26 12:00:00,0.05,27.54,83.74,5.79
2018-07-26 13:00:00,0.04,27.33,84.11,5.81
2018-07-26 14:00:00,0.03,27.09,85.07,5.81
2018-07-26 15:00:00,0.04,26.88,86.28,5.68
2018-07-26 16:00:00,0.05,26.7,87.53,5.27
2018-07-26 17:00:00,0.05,26.5,89.16,4.64
2018-07-26 18:00:00,0.06,26.28,90.34,4.13
2018-07-26 19:00:00,0.06,26.19,90.62,3.92
2018-07-26 20:00:00,0.08,26.12,90.86,3.87
2018-07-26 21:00:00,0.1,26.0,91.68,3.67
2018-07-26 22:00:00,0.11,25.9,92.46,3.45
2018-07-26 23:00:00,0.14,25.78,93.21,3.44
2018-07-27 00:00:00,0.17,25.66,93.84,3.57
2018-07-27 01:00:00,0.16,25.57,94.15,3.74
2018-07-27 02:00:00,0.14,25.51,93.99,3.63
2018-07-27 03:00:00,0.1,25.44,93.89,3.43
2018-07-27 04:00:00,0.08,25.39,93.73,3.37
2018-07-27 05:00:00,0.06,25.34,93.84,3.24
2018-07-27 06:00:00,0.05,25.73,92.71,3.34
2018-07-27 07:00:00,0.05,26.3,90.12,4.14
2018-07-27 08:00:00,0.02,26.76,87.66,5.03
2018-07-27 09:00:00,0.02,27.12,85.98,5.61
2018-07-27 10:00:00,0.02,27.44,84.19,5.91
2018-07-27 11:00:00,0.03,27.64,82.83,6.09
2018-07-27 12:00:00,0.02,27.71,81.62,6.22
2018-07-27 13:00:00,0.02,27.7,80.59,6.2
2018-07-27 14:00:00,0.02,27.62,80.13,6.08
2018-07-27 15:00:00,0.02,27.45,80.53,5.82
2018-07-27 16:00:00,0.03,27.25,81.46,5.28
2018-07-27 17:00:00,0.03,26.95,84.03,4.44
2018-07-27 18:00:00,0.02,26.55,86.9,3.79
2018-07-27 19:00:00,0.02,26.36,88.03,3.66
2018-07-27 20:00:00,0.02,26.19,89.33,3.46
2018-07-27 21:00:00,0.03,26.07,90.27,3.31
2018-07-27 22:00:00,0.04,25.98,90.85,3.1
2018-07-27 23:00:00,0.05,25.94,90.51,3.14
2018-07-28 00:00:00,0.05,25.94,89.63,3.39
2018-07-28 01:00:00,0.05,25.93,89.1,3.5
2018-07-28 02:00:00,0.03,25.89,88.77,3.54
2018-07-28 03:00:00,0.02,25.77,89.13,3.45
2018-07-28 04:00:00,0.01,25.64,89.87,3.26
2018-07-28 05:00:00,0.01,25.52,90.72,2.99
2018-07-28 06:00:00,0.01,25.86,90.28,2.89
2018-07-28 07:00:00,0.01,26.52,86.89,3.5
2018-07-28 08:00:00,0.03,26.99,84.24,4.33
2018-07-28 09:00:00,0.03,27.25,83.14,4.92
2018-07-28 10:00:00,0.03,27.39,82.74,5.34
2018-07-28 11:00:00,0.04,27.48,82.48,5.65
2018-07-28 12:00:00,0.07,27.56,81.91,5.83
2018-07-28 13:00:00,0.12,27.58,81.37,5.88
2018-07-28 14:00:00,0.18,27.52,81.28,5.87
2018-07-28 15:00:00,0.18,27.42,81.31,5.76
2018-07-28 16:00:00,0.23,27.23,82.03,5.44
2018-07-28 17:00:00,0.21,26.95,84.19,4.77
2018-07-28 18:00:00,0.21,26.59,87.29,3.94
2018-07-28 19:00:00,0.25,26.41,89.12,3.38
2018-07-28 20:00:00,0.3,26.32,90.22,2.97
2018-07-28 21:00:00,0.3,26.25,90.8,2.93
2018-07-28 22:00:00,0.31,26.19,91.1,3.1
2018-07-28 23:00:00,0.3,26.13,91.37,3.32
2018-07-29 00:00:00,0.26,26.07,91.51,3.64
2018-07-29 01:00:00,0.2,26.01,91.83,3.83
2018-07-29 02:00:00,0.14,25.96,92.05,3.97
2018-07-29 03:00:00,0.1,25.91,92.4,4.11
2018-07-29 04:00:00,0.09,25.87,92.57,4.12
2018-07-29 05:00:00,0.1,25.85,92.61,4.05
2018-07-29 06:00:00,0.11,26.15,91.63,4.19
2018-07-29 07:00:00,0.14,26.65,88.79,4.8
2018-07-29 08:00:00,0.01,27.09,85.64,5.44
2018-07-29 09:00:00,0.01,27.44,83.78,5.64
2018-07-29 10:00:00,0.02,27.61,83.19,5.82
2018-07-29 11:00:00,0.02,27.68,82.91,6.07
2018-07-29 12:00:00,0.03,27.68,82.81,6.28
2018-07-29 13:00:00,0.03,27.62,82.63,6.32
2018-07-29 14:00:00,0.04,27.52,82.64,6.23
2018-07-29 15:00:00,0.07,27.35,83.32,5.99
2018-07-29 16:00:00,0.09,27.11,84.91,5.53
2018-07-29 17:00:00,0.12,26.82,87.3,4.9
2018-07-29 18:00:00,0.15,26.52,89.91,4.13
2018-07-29 19:00:00,0.17,26.39,91.41,3.68
2018-07-29 20:00:00,0.19,26.31,92.52,3.35
2018-07-29 21:00:00,0.23,26.24,93.17,3.3
2018-07-29 22:00:00,0.28,26.16,93.7,3.41
2018-07-29 23:00:00,0.33,26.09,93.94,3.57
2018-07-30 00:00:00,0.37,26.02,94.06,3.73
2018-07-30 01:00:00,0.43,25.95,94.19,3.91
2018-07-30 02:00:00,0.46,25.91,94.2,3.92
2018-07-30 03:00:00,0.5,25.86,94.29,3.64
2018-07-30 04:00:00,0.51,25.86,93.96,3.57
2018-07-30 05:00:00,2.2,25.86,93.66,3.78
2018-07-30 06:00:00,2.28,26.03,93.1,4.05
2018-07-30 07:00:00,2.18,26.36,91.61,4.56
2018-07-30 08:00:00,4.44,26.62,90.03,4.84
2018-07-30 09:00:00,4.16,26.84,88.88,5.18
2018-07-30 10:00:00,3.92,27.03,87.74,5.34
2018-07-30 11:00:00,3.4,27.13,87.05,5.36
2018-07-30 12:00:00,2.95,27.13,87.12,5.39
2018-07-30 13:00:00,2.81,27.17,86.92,5.51
2018-07-30 14:00:00,2.62,27.14,86.8,5.59
2018-07-30 15:00:00,2.37,27.06,87.1,5.5
2018-07-30 16:00:00,2.43,26.9,87.99,5.21
2018-07-30 17:00:00,2.4,26.64,90.09,4.73
2018-07-30 18:00:00,2.55,26.33,92.59,4.13
2018-07-30 19:00:00,2.37,26.18,93.81,3.9
2018-07-30 20:00:00,1.97,26.11,94.26,3.53
2018-07-30 21:00:00,1.81,26.07,94.4,3.22
2018-07-30 22:00:00,1.81,26.0,94.37,3.26
2018-07-30 23:00:00,1.76,25.96,93.79,3.52
2018-07-31 00:00:00,2.03,25.92,93.48,3.58
2018-07-31 01:00:00,2.22,25.87,93.79,3.55
2018-07-31 02:00:00,2.32,25.84,93.79,3.39
2018-07-31 03:00:00,2.27,25.81,93.95,3.48
2018-07-31 04:00:00,2.14,25.73,94.22,3.68
2018-07-31 05:00:00,1.88,25.64,94.31,3.65
2018-07-31 06:00:00,1.78,25.77,93.94,3.71
2018-07-31 07:00:00,1.77,26.07,92.93,3.83
2018-07-31 08:00:00,1.4,26.33,91.61,4.14
2018-07-31 09:00:00,1.13,26.5,90.57,4.38
2018-07-31 10:00:00,1.09,26.71,89.23,4.61
2018-07-31 11:00:00,1.1,26.89,87.58,5.01
2018-07-31 12:00:00,0.92,27.0,85.96,5.4
2018-07-31 13:00:00,0.68,27.02,84.65,5.72
2018-07-31 14:00:00,0.49,27.0,83.64,5.7
2018-07-31 15:00:00,0.36,26.93,83.49,5.31
2018-07-31 16:00:00,0.34,26.76,84.58,4.73
2018-07-31 17:00:00,0.28,26.53,87.05,3.88
2018-07-31 18:00:00,0.3,26.24,89.78,2.83
2018-07-31 19:00:00,0.33,26.11,90.87,2.4
2018-07-31 20:00:00,0.48,26.03,91.2,2.29
2018-07-31 21:00:00,0.65,25.96,91.46,2.3
2018-07-31 22:00:00,0.71,25.87,91.84,2.3
2018-07-31 23:00:00,0.71,25.8,92.13,2.27
2018-08-01 00:00:00,0.87,25.7,92.61,2.38
2018-08-01 01:00:00,0.91,25.58,93.25,2.67
2018-08-01 02:00:00,1.06,25.52,93.5,2.53
2018-08-01 03:00:00,1.0,25.52,93.39,2.14
2018-08-01 04:00:00,1.06,25.52,93.42,1.9
2018-08-01 05:00:00,0.92,25.5,93.6,1.82
2018-08-01 06:00:00,0.72,25.69,93.42,1.79
2018-08-01 07:00:00,0.71,26.16,91.91,2.2
2018-08-01 08:00:00,0.46,26.55,90.29,3.03
2018-08-01 09:00:00,0.38,26.83,89.01,3.72
2018-08-01 10:00:00,0.39,27.02,88.01,4.24
2018-08-01 11:00:00,0.39,27.1,87.47,4.5
2018-08-01 12:00:00,0.38,27.15,86.94,4.5
2018-08-01 13:00:00,0.28,27.18,86.25,4.18
2018-08-01 14:00:00,0.26,27.17,85.69,3.93
2018-08-01 15:00:00,0.23,27.08,85.81,3.7
2018-08-01 16:00:00,0.28,26.95,86.43,3.41
2018-08-01 17:00:00,0.21,26.68,88.88,2.72
2018-08-01 18:00:00,0.23,26.34,91.64,2.18
2018-08-01 19:00:00,0.26,26.17,92.63,1.94
2018-08-01 20:00:00,0.35,26.03,93.19,1.62
2018-08-01 21:00:00,0.49,25.91,93.41,1.43
2018-08-01 22:00:00,0.69,25.81,93.5,1.33
2018-08-01 23:00:00,0.82,25.71,93.67,1.35
2018-08-02 00:00:00,0.89,25.56,94.29,1.45
2018-08-02 01:00:00,0.95,25.48,94.43,1.51
2018-08-02 02:00:00,1.14,25.39,94.27,1.64
2018-08-02 03:00:00,1.17,25.33,94.06,1.65
2018-08-02 04:00:00,0.94,25.28,93.92,1.69
2018-08-02 05:00:00,0.74,25.19,94.15,1.82
2018-08-02 06:00:00,0.62,25.41,94.0,2.12
2018-08-02 07:00:00,0.55,26.0,91.76,3.09
2018-08-02 08:00:00,0.48,26.46,89.05,3.71
2018-08-02 09:00:00,0.36,26.9,86.05,3.9
2018-08-02 10:00:00,0.29,27.29,83.78,3.79
2018-08-02 11:00:00,0.34,27.53,82.91,3.64
2018-08-02 12:00:00,0.25,27.63,82.76,3.74
2018-08-02 13:00:00,0.17,27.62,83.23,3.98
2018-08-02 14:00:00,0.1,27.53,83.9,4.28
2018-08-02 15:00:00,0.05,27.37,84.64,4.51
2018-08-02 16:00:00,0.07,27.15,85.74,4.48
2018-08-02 17:00:00,0.11,26.8,88.21,4.18
2018-08-02 18:00:00,0.19,26.41,91.17,3.71
2018-08-02 19:00:00,0.34,26.23,92.5,3.56
2018-08-02 20:00:00,0.68,26.1,93.46,3.38
2018-08-02 21:00:00,0.86,25.99,94.04,3.1
2018-08-02 22:00:00,0.96,25.88,94.46,2.9
2018-08-02 23:00:00,1.0,25.78,94.63,2.85
2018-08-03 00:00:00,1.05,25.69,94.69,2.92
2018-08-03 01:00:00,0.94,25.62,94.69,2.97
2018-08-03 02:00:00,0.9,25.57,94.55,2.92
2018-08-03 03:00:00,0.77,25.5,94.67,2.82
2018-08-03 04:00:00,0.74,25.45,94.72,2.77
2018-08-03 05:00:00,0.58,25.43,94.72,2.83
2018-08-03 06:00:00,0.51,25.68,94.04,2.91
2018-08-03 07:00:00,0.47,26.22,91.94,3.21
2018-08-03 08:00:00,0.28,26.62,89.89,3.18
2018-08-03 09:00:00,0.25,26.97,88.21,3.27
2018-08-03 10:00:00,0.32,27.22,86.4,3.67
2018-08-03 11:00:00,0.38,27.39,84.76,4.25
2018-08-03 12:00:00,0.49,27.48,82.79,4.89
2018-08-03 13:00:00,0.79,27.42,81.51,5.53
2018-08-03 14:00:00,1.18,27.2,81.33,6.16
2018-08-03 15:00:00,1.73,26.9,82.04,6.6
2018-08-03 16:00:00,2.02,26.58,83.61,6.68
2018-08-03 17:00:00,1.55,26.26,85.84,6.13
2018-08-03 18:00:00,0.66,25.99,87.77,5.2
2018-08-03 19:00:00,0.17,25.87,88.83,4.22
2018-08-03 20:00:00,0.06,25.78,89.59,3.34
2018-08-03 21:00:00,0.04,25.68,90.1,2.71
2018-08-03 22:00:00,0.07,25.6,90.05,2.18
2018-08-03 23:00:00,0.14,25.54,89.57,1.65
2018-08-04 00:00:00,0.24,25.41,89.4,1.18
2018-08-04 01:00:00,0.27,25.3,89.53,0.95
2018-08-04 02:00:00,0.22,25.26,89.62,1.11
2018-08-04 03:00:00,0.2,25.17,90.4,1.37
2018-08-04 04:00:00,0.21,25.06,91.35,1.55
2018-08-04 05:00:00,0.27,24.99,92.02,1.71
2018-08-04 06:00:00,0.23,25.23,92.0,1.84
2018-08-04 07:00:00,0.22,25.82,89.92,2.38
2018-08-04 08:00:00,0.19,26.34,88.2,2.97
2018-08-04 09:00:00,0.18,26.7,87.22,3.35
2018-08-04 10:00:00,0.15,26.9,86.71,3.76
2018-08-04 11:00:00,0.14,27.05,86.07,4.25
2018-08-04 12:00:00,0.13,27.23,84.84,4.7
2018-08-04 13:00:00,0.13,27.32,84.08,5.04
2018-08-04 14:00:00,0.12,27.3,84.01,5.3
2018-08-04 15:00:00,0.12,27.18,84.47,5.45
2018-08-04 16:00:00,0.11,26.96,85.95,5.21
2018-08-04 17:00:00,0.13,26.65,88.49,4.75
2018-08-04 18:00:00,0.12,26.3,91.17,4.29
2018-08-04 19:00:00,0.11,26.17,92.44,3.98
2018-08-04 20:00:00,0.14,26.1,93.07,3.81
2018-08-04 21:00:00,0.15,26.04,93.47,3.69
2018-08-04 22:00:00,0.23,25.97,93.62,3.52
2018-08-04 23:00:00,0.22,25.87,93.76,3.31
2018-08-05 00:00:00,0.21,25.76,93.65,3.19
2018-08-05 01:00:00,0.18,25.65,93.77,3.3
2018-08-05 02:00:00,0.13,25.58,93.84,3.59
2018-08-05 03:00:00,0.08,25.56,93.64,3.84
2018-08-05 04:00:00,0.06,25.57,93.3,4.02
2018-08-05 05:00:00,0.05,25.58,93.04,3.98
2018-08-05 06:00:00,0.04,25.83,92.14,3.99
2018-08-05 07:00:00,0.05,26.37,90.05,4.27
2018-08-05 08:00:00,0.11,26.85,87.23,4.64
2018-08-05 09:00:00,0.11,27.16,85.43,5.08
2018-08-05 10:00:00,0.1,27.42,84.29,5.46
2018-08-05 11:00:00,0.12,27.59,83.46,5.87
2018-08-05 12:00:00,0.1,27.58,83.19,6.33
2018-08-05 13:00:00,0.1,27.49,83.19,6.63
2018-08-05 14:00:00,0.11,27.34,83.58,6.73
2018-08-05 15:00:00,0.1,27.18,84.08,6.7
2018-08-05 16:00:00,0.14,26.97,85.13,6.47
2018-08-05 17:00:00,0.16,26.73,86.79,5.85
2018-08-05 18:00:00,0.15,26.44,89.07,4.88
2018-08-05 19:00:00,0.24,26.31,90.37,4.22
2018-08-05 20:00:00,0.32,26.26,90.88,3.85
2018-08-05 21:00:00,0.38,26.22,91.1,3.8
2018-08-05 22:00:00,0.42,26.17,91.33,4.08
2018-08-05 23:00:00,0.41,26.12,91.36,4.37
2018-08-06 00:00:00,0.47,26.1,91.07,4.61
2018-08-06 01:00:00,0.42,26.06,90.79,4.62
2018-08-06 02:00:00,0.36,26.02,90.62,4.61
2018-08-06 03:00:00,0.22,25.97,90.71,4.54
2018-08-06 04:00:00,0.19,25.93,91.02,4.47
2018-08-06 05:00:00,0.13,25.9,90.83,4.43
2018-08-06 06:00:00,0.11,26.29,88.95,4.76
2018-08-06 07:00:00,0.1,26.86,86.21,5.5
2018-08-06 08:00:00,0.05,27.24,83.77,6.11
2018-08-06 09:00:00,0.06,27.53,81.47,6.36
2018-08-06 10:00:00,0.05,27.75,79.59,6.52
2018-08-06 11:00:00,0.06,27.94,78.62,6.53
2018-08-06 12:00:00,0.06,28.04,78.07,6.62
2018-08-06 13:00:00,0.05,28.04,77.96,6.73
2018-08-06 14:00:00,0.04,27.97,78.24,6.77
2018-08-06 15:00:00,0.04,27.87,78.76,6.59
2018-08-06 16:00:00,0.07,27.69,79.81,6.33
2018-08-06 17:00:00,0.07,27.33,82.24,5.76
2018-08-06 18:00:00,0.05,26.86,85.13,5.03
2018-08-06 19:00:00,0.05,26.63,86.57,4.68
2018-08-06 20:00:00,0.07,26.48,87.26,4.47
2018-08-06 21:00:00,0.09,26.36,87.6,4.22
2018-08-06 22:00:00,0.17,26.24,87.86,4.13
2018-08-06 23:00:00,0.36,26.14,87.9,4.18
2018-08-07 00:00:00,0.38,26.01,88.26,4.22
2018-08-07 01:00:00,0.39,25.9,88.62,4.18
2018-08-07 02:00:00,0.45,25.82,88.71,4.1
2018-08-07 03:00:00,0.57,25.75,88.85,3.97
2018-08-07 04:00:00,0.59,25.7,89.27,3.74
2018-08-07 05:00:00,0.68,25.68,89.51,3.62
2018-08-07 06:00:00,0.68,26.09,88.91,3.78
2018-08-07 07:00:00,0.7,26.79,86.32,4.66
2018-08-07 08:00:00,0.8,27.24,84.4,5.56
2018-08-07 09:00:00,0.75,27.54,83.57,5.9
2018-08-07 10:00:00,0.6,27.72,83.26,6.08
2018-08-07 11:00:00,0.5,27.81,83.07,6.27
2018-08-07 12:00:00,0.43,27.81,82.92,6.46
2018-08-07 13:00:00,0.54,27.74,82.94,6.59
2018-08-07 14:00:00,0.76,27.67,82.94,6.65
2018-08-07 15:00:00,1.04,27.51,83.62,6.54
2018-08-07 16:00:00,1.22,27.28,85.08,6.12
2018-08-07 17:00:00,1.2,26.95,87.63,5.36
2018-08-07 18:00:00,1.24,26.58,90.16,4.66
2018-08-07 19:00:00,1.24,26.44,91.49,4.17
2018-08-07 20:00:00,1.25,26.39,91.64,4.17
2018-08-07 21:00:00,1.22,26.35,91.46,4.44
2018-08-07 22:00:00,1.31,26.29,91.46,4.69
2018-08-07 23:00:00,1.25,26.2,91.53,4.81
2018-08-08 00:00:00,1.68,26.12,91.15,5.06
2018-08-08 01:00:00,2.34,26.04,91.0,4.99
2018-08-08 02:00:00,2.96,25.99,90.82,4.87
2018-08-08 03:00:00,3.33,26.02,90.37,4.87
2018-08-08 04:00:00,3.11,26.03,90.53,4.71
2018-08-08 05:00:00,2.62,26.04,90.89,4.67
2018-08-08 06:00:00,2.09,26.26,90.7,4.79
2018-08-08 07:00:00,1.67,26.66,89.16,5.29
2018-08-08 08:00:00,2.42,26.9,88.0,5.28
2018-08-08 09:00:00,2.43,27.04,86.63,5.39
2018-08-08 10:00:00,2.56,27.04,86.71,5.65
2018-08-08 11:00:00,2.83,27.01,86.92,6.09
2018-08-08 12:00:00,2.61,26.92,86.91,6.58
2018-08-08 13:00:00,2.26,26.74,87.19,6.87
2018-08-08 14:00:00,1.83,26.6,87.6,6.77
2018-08-08 15:00:00,1.6,26.47,88.22,6.42
2018-08-08 16:00:00,1.33,26.37,88.76,5.73
2018-08-08 17:00:00,1.25,26.22,89.98,4.98
2018-08-08 18:00:00,1.38,26.03,91.4,4.33
2018-08-08 19:00:00,1.76,26.0,91.81,4.24
2018-08-08 20:00:00,1.69,25.93,92.42,3.96
2018-08-08 21:00:00,1.4,25.89,92.37,3.74
2018-08-08 22:00:00,1.28,25.83,92.42,3.4
2018-08-08 23:00:00,1.33,25.73,92.68,3.18
2018-08-09 00:00:00,1.46,25.64,92.65,2.95
2018-08-09 01:00:00,1.66,25.57,92.48,2.67
2018-08-09 02:00:00,2.27,25.52,92.55,2.71
2018-08-09 03:00:00,2.57,25.49,92.78,2.93
2018-08-09 04:00:00,2.96,25.47,92.96,3.25
2018-08-09 05:00:00,2.34,25.48,92.7,3.44
2018-08-09 06:00:00,2.28,25.74,91.63,3.63
2018-08-09 07:00:00,2.22,26.29,89.31,4.41
2018-08-09 08:00:00,1.52,26.67,87.45,5.0
2018-08-09 09:00:00,1.31,26.91,86.5,5.19
2018-08-09 10:00:00,1.02,27.09,85.79,5.41
2018-08-09 11:00:00,0.75,27.28,84.79,5.67
2018-08-09 12:00:00,0.53,27.4,84.15,5.87
2018-08-09 13:00:00,0.37,27.44,83.72,6.11
2018-08-09 14:00:00,0.36,27.44,83.44,6.25
2018-08-09 15:00:00,0.42,27.31,83.68,6.3
2018-08-09 16:00:00,0.54,27.06,85.04,6.07
2018-08-09 17:00:00,0.7,26.78,87.27,5.26
2018-08-09 18:00:00,0.57,26.51,89.15,4.62
2018-08-09 19:00:00,0.64,26.38,89.75,4.57
2018-08-09 20:00:00,0.71,26.31,90.08,4.31
2018-08-09 21:00:00,0.79,26.24,90.44,4.05
2018-08-09 22:00:00,0.91,26.16,90.73,3.93
2018-08-09 23:00:00,1.0,26.08,91.08,4.0
2018-08-10 00:00:00,0.95,26.01,91.29,4.17
2018-08-10 01:00:00,1.0,25.97,91.11,4.44
2018-08-10 02:00:00,1.0,25.91,91.22,4.41
2018-08-10 03:00:00,1.12,25.88,91.21,4.47
2018-08-10 04:00:00,1.17,25.87,91.2,4.43
2018-08-10 05:00:00,1.3,25.89,91.11,4.49
2018-08-10 06:00:00,1.52,26.04,90.87,4.55
2018-08-10 07:00:00,1.55,26.37,90.23,4.74
2018-08-10 08:00:00,0.94,26.7,88.95,4.98
2018-08-10 09:00:00,0.75,26.97,88.01,5.3
2018-08-10 10:00:00,0.76,27.18,87.05,5.54
2018-08-10 11:00:00,0.66,27.28,86.27,5.57
2018-08-10 12:00:00,0.53,27.3,86.02,5.62
2018-08-10 13:00:00,0.43,27.24,86.0,5.77
2018-08-10 14:00:00,0.34,27.16,86.18,5.84
2018-08-10 15:00:00,0.28,27.02,86.69,5.9
2018-08-10 16:00:00,0.35,26.85,87.9,5.88
2018-08-10 17:00:00,0.36,26.58,89.67,5.54
2018-08-10 18:00:00,0.35,26.37,91.07,5.11
2018-08-10 19:00:00,0.38,26.31,91.55,4.84
2018-08-10 20:00:00,0.4,26.26,91.88,4.5
2018-08-10 21:00:00,0.44,26.21,92.08,4.19
2018-08-10 22:00:00,0.43,26.13,92.54,4.04
2018-08-10 23:00:00,0.5,26.03,92.93,3.79
2018-08-11 00:00:00,0.54,25.95,93.11,3.71
2018-08-11 01:00:00,0.55,25.9,93.05,3.95
2018-08-11 02:00:00,0.65,25.87,92.83,4.13
2018-08-11 03:00:00,0.73,25.85,92.59,4.29
2018-08-11 04:00:00,0.86,25.86,92.38,4.42
2018-08-11 05:00:00,0.94,25.88,92.22,4.68
2018-08-11 06:00:00,0.83,26.03,91.75,5.1
2018-08-11 07:00:00,0.65,26.32,90.91,5.75
2018-08-11 08:00:00,0.34,26.61,89.45,6.18
2018-08-11 09:00:00,0.27,26.83,87.93,6.7
2018-08-11 10:00:00,0.19,27.07,86.93,7.09
2018-08-11 11:00:00,0.16,27.24,85.75,7.38
2018-08-11 12:00:00,0.13,27.24,85.36,7.38
2018-08-11 13:00:00,0.1,27.17,85.41,7.23
2018-08-11 14:00:00,0.07,27.11,85.33,7.14
2018-08-11 15:00:00,0.06,27.01,85.13,7.16
2018-08-11 16:00:00,0.08,26.83,85.61,6.97
2018-08-11 17:00:00,0.09,26.54,86.9,6.35
2018-08-11 18:00:00,0.13,26.23,88.75,5.61
2018-08-11 19:00:00,0.16,26.12,89.62,5.25
2018-08-11 20:00:00,0.19,26.12,89.85,5.13
2018-08-11 21:00:00,0.19,26.11,90.21,5.09
2018-08-11 22:00:00,0.19,26.1,90.49,5.02
2018-08-11 23:00:00,0.22,26.09,90.59,5.03
2018-08-12 00:00:00,0.28,26.08,90.54,5.16
2018-08-12 01:00:00,0.33,26.05,90.51,5.3
2018-08-12 02:00:00,0.39,26.0,90.44,5.51
2018-08-12 03:00:00,0.42,25.95,90.27,5.62
2018-08-12 04:00:00,0.5,25.91,89.98,5.47
2018-08-12 05:00:00,0.63,25.92,89.16,5.53
2018-08-12 06:00:00,0.82,26.09,88.54,5.52
2018-08-12 07:00:00,0.85,26.47,87.79,5.88
2018-08-12 08:00:00,1.14,26.76,86.93,5.91
2018-08-12 09:00:00,1.12,26.99,85.85,5.97
2018-08-12 10:00:00,1.07,27.18,84.85,6.1
2018-08-12 11:00:00,1.11,27.35,84.18,6.29
2018-08-12 12:00:00,1.05,27.3,84.62,6.49
2018-08-12 13:00:00,1.01,27.09,85.53,6.64
2018-08-12 14:00:00,0.78,26.78,86.93,6.68
2018-08-12 15:00:00,0.57,26.44,88.16,6.63
2018-08-12 16:00:00,0.41,26.11,89.29,6.4
2018-08-12 17:00:00,0.39,25.78,90.33,6.02
2018-08-12 18:00:00,0.38,25.44,91.16,5.5
2018-08-12 19:00:00,0.41,25.16,91.96,4.67
2018-08-12 20:00:00,0.5,24.97,92.15,3.82
2018-08-12 21:00:00,0.5,24.89,91.86,3.13
2018-08-12 22:00:00,0.65,24.88,91.6,2.73
2018-08-12 23:00:00,1.07,24.94,91.17,3.08
2018-08-13 00:00:00,1.0,25.12,89.89,4.01
2018-08-13 01:00:00,0.63,25.33,87.92,4.72
2018-08-13 02:00:00,0.24,25.39,87.32,4.71
2018-08-13 03:00:00,0.15,25.39,87.88,4.16
2018-08-13 04:00:00,0.19,25.36,89.13,3.62
2018-08-13 05:00:00,0.28,25.38,90.43,3.11
2018-08-13 06:00:00,0.21,25.71,91.13,2.66
2018-08-13 07:00:00,0.21,26.4,89.66,2.77
2018-08-13 08:00:00,0.18,26.87,88.18,3.63
2018-08-13 09:00:00,0.21,27.22,87.31,4.5
2018-08-13 10:00:00,0.31,27.5,86.22,5.15
2018-08-13 11:00:00,0.53,27.67,85.68,5.49
2018-08-13 12:00:00,0.56,27.73,85.45,5.73
2018-08-13 13:00:00,0.61,27.76,85.37,5.9
2018-08-13 14:00:00,0.66,27.76,85.55,5.67
2018-08-13 15:00:00,0.72,27.74,85.69,5.24
2018-08-13 16:00:00,0.78,27.59,86.55,4.67
2018-08-13 17:00:00,0.87,27.31,88.68,3.92
2018-08-13 18:00:00,0.91,26.94,91.01,3.3
2018-08-13 19:00:00,1.04,26.82,90.97,3.45
2018-08-13 20:00:00,1.07,26.76,90.98,3.87
2018-08-13 21:00:00,0.68,26.71,91.23,4.27
2018-08-13 22:00:00,0.41,26.68,91.4,4.58
2018-08-13 23:00:00,0.29,26.61,91.81,4.97
2018-08-14 00:00:00,0.28,26.6,91.71,5.72
2018-08-14 01:00:00,0.3,26.67,89.32,6.53
2018-08-14 02:00:00,0.35,26.65,85.21,6.97
2018-08-14 03:00:00,0.53,26.52,82.06,6.82
2018-08-14 04:00:00,0.76,26.39,80.44,6.52
2018-08-14 05:00:00,1.01,26.3,80.01,6.41
2018-08-14 06:00:00,1.04,26.47,79.43,6.5
2018-08-14 07:00:00,0.95,26.9,78.18,6.85
2018-08-14 08:00:00,0.85,27.24,76.86,6.93
2018-08-14 09:00:00,0.45,27.5,76.53,6.86
2018-08-14 10:00:00,0.45,27.68,77.38,6.61
2018-08-14 11:00:00,0.7,27.79,79.04,6.33
2018-08-14 12:00:00,1.11,27.88,80.58,6.13
2018-08-14 13:00:00,1.41,27.89,82.06,6.18
2018-08-14 14:00:00,1.59,27.78,83.9,6.39
2018-08-14 15:00:00,2.03,27.61,86.06,6.47
2018-08-14 16:00:00,2.62,27.36,88.52,6.47
2018-08-14 17:00:00,3.25,27.04,90.86,6.29
2018-08-14 18:00:00,3.74,26.77,92.16,6.06
2018-08-14 19:00:00,4.22,26.73,91.44,6.2
2018-08-14 20:00:00,4.42,26.69,90.37,6.5
2018-08-14 21:00:00,4.31,26.61,90.62,6.66
2018-08-14 22:00:00,4.28,26.51,91.6,6.91
2018-08-14 23:00:00,4.46,26.43,92.24,7.14
2018-08-15 00:00:00,4.74,26.35,92.73,7.12
2018-08-15 01:00:00,4.82,26.3,92.71,6.99
2018-08-15 02:00:00,4.78,26.28,92.31,7.06
2018-08-15 03:00:00,4.71,26.29,91.36,7.16
2018-08-15 04:00:00,4.95,26.3,90.84,7.01
2018-08-15 05:00:00,6.51,26.32,91.02,6.91
2018-08-15 06:00:00,8.12,26.5,90.72,6.97
2018-08-15 07:00:00,8.44,26.81,89.44,7.25
2018-08-15 08:00:00,9.12,27.02,87.52,7.22
2018-08-15 09:00:00,6.29,27.15,86.28,7.31
2018-08-15 10:00:00,5.4,27.26,85.15,7.73
2018-08-15 11:00:00,4.83,27.33,83.64,8.35
2018-08-15 12:00:00,2.94,27.36,82.51,8.69
2018-08-15 13:00:00,1.36,27.33,82.24,8.58
2018-08-15 14:00:00,0.69,27.3,82.86,8.26
2018-08-15 15:00:00,0.63,27.23,83.92,7.97
2018-08-15 16:00:00,1.18,27.14,85.24,7.65
2018-08-15 17:00:00,1.78,26.94,87.07,7.41
2018-08-15 18:00:00,2.29,26.76,88.47,7.52
2018-08-15 19:00:00,2.6,26.71,88.8,7.91
2018-08-15 20:00:00,2.65,26.69,88.42,7.99
2018-08-15 21:00:00,2.23,26.62,87.91,7.95
2018-08-15 22:00:00,1.83,26.55,86.03,7.99
2018-08-15 23:00:00,2.09,26.39,85.41,7.69
2018-08-16 00:00:00,3.87,26.22,86.15,7.27
2018-08-16 01:00:00,6.14,26.15,86.54,6.82
2018-08-16 02:00:00,6.81,26.14,86.56,6.7
2018-08-16 03:00:00,5.27,26.15,86.4,6.89
2018-08-16 04:00:00,4.23,26.17,86.14,7.09
2018-08-16 05:00:00,3.27,26.19,85.89,7.31
2018-08-16 06:00:00,2.13,26.31,85.38,7.65
2018-08-16 07:00:00,1.29,26.54,84.7,8.14
2018-08-16 08:00:00,0.98,26.68,84.54,8.36
2018-08-16 09:00:00,0.73,26.81,83.95,8.33
2018-08-16 10:00:00,1.11,26.85,83.37,8.2
2018-08-16 11:00:00,1.71,26.8,83.69,7.94
2018-08-16 12:00:00,2.26,26.79,84.26,7.6
2018-08-16 13:00:00,2.48,26.79,84.91,7.25
2018-08-16 14:00:00,2.37,26.76,85.89,7.15
2018-08-16 15:00:00,2.31,26.66,87.7,7.13
2018-08-16 16:00:00,2.61,26.54,89.2,7.29
2018-08-16 17:00:00,3.01,26.42,89.65,7.27
2018-08-16 18:00:00,2.7,26.3,89.56,7.16
2018-08-16 19:00:00,2.0,26.24,89.61,7.06
2018-08-16 20:00:00,1.68,26.21,89.64,6.83
2018-08-16 21:00:00,1.73,26.17,89.81,6.66
2018-08-16 22:00:00,2.12,26.11,90.24,6.65
2018-08-16 23:00:00,2.01,26.03,90.52,6.52
2018-08-17 00:00:00,1.54,25.97,90.67,6.3
2018-08-17 01:00:00,1.62,25.94,90.53,6.38
2018-08-17 02:00:00,1.68,25.91,90.16,6.67
2018-08-17 03:00:00,1.98,25.91,89.39,6.87
2018-08-17 04:00:00,2.03,25.89,88.71,6.77
2018-08-17 05:00:00,1.99,25.9,88.51,6.5
2018-08-17 06:00:00,2.03,26.08,88.66,6.42
2018-08-17 07:00:00,1.89,26.48,88.35,6.89
2018-08-17 08:00:00,0.9,26.75,88.2,7.42
2018-08-17 09:00:00,1.17,26.88,88.32,7.83
2018-08-17 10:00:00,1.47,26.98,88.43,8.01
2018-08-17 11:00:00,1.69,27.03,88.6,8.09
2018-08-17 12:00:00,1.69,27.06,88.19,8.17
2018-08-17 13:00:00,1.88,27.01,87.9,8.12
2018-08-17 14:00:00,1.9,26.9,88.07,8.04
2018-08-17 15:00:00,2.02,26.73,88.67,7.85
2018-08-17 16:00:00,2.38,26.5,89.8,7.38
2018-08-17 17:00:00,3.11,26.31,90.82,6.81
2018-08-17 18:00:00,3.42,26.16,91.56,6.35
2018-08-17 19:00:00,3.37,26.13,91.62,6.28
2018-08-17 20:00:00,3.03,26.11,91.45,6.22
2018-08-17 21:00:00,2.82,26.11,91.39,6.16
2018-08-17 22:00:00,2.81,26.04,92.01,5.96
2018-08-17 23:00:00,2.84,25.94,92.68,5.75
2018-08-18 00:00:00,2.92,25.88,92.65,5.96
2018-08-18 01:00:00,2.45,25.81,92.14,6.24
2018-08-18 02:00:00,1.84,25.76,91.76,6.47
2018-08-18 03:00:00,1.41,25.71,91.5,6.66
2018-08-18 04:00:00,0.92,25.66,91.57,6.28
2018-08-18 05:00:00,0.67,25.63,91.85,5.9
2018-08-18 06:00:00,0.65,25.79,91.47,5.82
2018-08-18 07:00:00,0.57,26.16,89.77,6.24
2018-08-18 08:00:00,0.44,26.39,88.76,6.35
2018-08-18 09:00:00,0.41,26.53,87.26,6.51
2018-08-18 10:00:00,0.39,26.58,84.76,6.7
2018-08-18 11:00:00,0.32,26.47,83.84,6.65
2018-08-18 12:00:00,0.23,26.3,84.14,6.56
2018-08-18 13:00:00,0.2,26.16,84.81,6.45
2018-08-18 14:00:00,0.19,26.08,85.51,6.36
2018-08-18 15:00:00,0.21,26.01,86.14,6.29
2018-08-18 16:00:00,0.23,25.87,87.31,6.05
2018-08-18 17:00:00,0.24,25.7,88.9,5.77
2018-08-18 18:00:00,0.28,25.54,90.18,5.73
2018-08-18 19:00:00,0.36,25.49,90.84,5.92
2018-08-18 20:00:00,0.64,25.49,91.48,5.71
2018-08-18 21:00:00,1.03,25.5,91.95,5.33
2018-08-18 22:00:00,1.27,25.5,92.41,5.29
2018-08-18 23:00:00,1.41,25.49,92.75,5.22
2018-08-19 00:00:00,1.67,25.43,93.01,4.93
2018-08-19 01:00:00,1.67,25.42,93.01,5.04
2018-08-19 02:00:00,1.69,25.42,93.12,5.29
2018-08-19 03:00:00,1.66,25.42,93.3,5.41
2018-08-19 04:00:00,1.53,25.44,93.16,5.38
2018-08-19 05:00:00,0.91,25.44,93.06,5.28
2018-08-19 06:00:00,0.83,25.68,92.08,5.64
2018-08-19 07:00:00,0.86,26.04,91.28,5.94
2018-08-19 08:00:00,0.54,26.27,90.64,6.2
2018-08-19 09:00:00,0.63,26.46,89.77,6.48
2018-08-19 10:00:00,0.63,26.57,89.21,6.66
2018-08-19 11:00:00,0.57,26.63,88.62,6.85
2018-08-19 12:00:00,0.46,26.62,88.37,6.93
2018-08-19 13:00:00,0.32,26.55,88.35,6.92
2018-08-19 14:00:00,0.23,26.48,88.35,6.82
2018-08-19 15:00:00,0.23,26.35,88.79,6.62
2018-08-19 16:00:00,0.22,26.19,89.73,6.17
2018-08-19 17:00:00,0.23,25.99,91.02,5.57
2018-08-19 18:00:00,0.29,25.84,91.65,4.8
2018-08-19 19:00:00,0.26,25.79,91.72,4.37
2018-08-19 20:00:00,0.23,25.75,91.66,4.17
2018-08-19 21:00:00,0.21,25.69,91.79,4.01
2018-08-19 22:00:00,0.2,25.63,91.87,3.84
2018-08-19 23:00:00,0.21,25.51,92.57,3.8
2018-08-20 00:00:00,0.2,25.43,92.94,3.87
2018-08-20 01:00:00,0.23,25.37,93.1,3.95
2018-08-20 02:00:00,0.23,25.32,93.37,4.13
2018-08-20 03:00:00,0.21,25.29,93.6,4.29
2018-08-20 04:00:00,0.23,25.28,93.65,4.36
2018-08-20 05:00:00,0.22,25.24,93.92,4.35
2018-08-20 06:00:00,0.26,25.38,93.82,4.48
2018-08-20 07:00:00,0.25,25.76,92.61,4.94
2018-08-20 08:00:00,0.19,26.11,90.64,5.42
2018-08-20 09:00:00,0.19,26.38,89.15,5.78
2018-08-20 10:00:00,0.17,26.59,88.0,6.06
2018-08-20 11:00:00,0.14,26.68,87.36,6.37
2018-08-20 12:00:00,0.12,26.69,87.19,6.63
2018-08-20 13:00:00,0.11,26.65,87.1,6.78
2018-08-20 14:00:00,0.09,26.61,86.95,6.77
2018-08-20 15:00:00,0.1,26.52,87.06,6.59
2018-08-20 16:00:00,0.16,26.34,88.22,6.06
2018-08-20 17:00:00,0.16,26.11,90.24,5.23
2018-08-20 18:00:00,0.16,25.88,91.7,4.6
2018-08-20 19:00:00,0.17,25.78,92.25,4.25
2018-08-20 20:00:00,0.15,25.7,92.51,3.9
2018-08-20 21:00:00,0.16,25.61,92.78,3.59
2018-08-20 22:00:00,0.18,25.54,92.69,3.42
2018-08-20 23:00:00,0.23,25.44,92.74,3.28
2018-08-21 00:00:00,0.2,25.33,93.09,3.3
2018-08-21 01:00:00,0.18,25.21,93.63,3.44
2018-08-21 02:00:00,0.18,25.12,93.95,3.48
2018-08-21 03:00:00,0.17,25.08,93.88,3.51
2018-08-21 04:00:00,0.18,25.04,93.76,3.61
2018-08-21 05:00:00,0.15,25.0,93.73,3.65
2018-08-21 06:00:00,0.13,25.34,92.94,3.66
2018-08-21 07:00:00,0.1,26.0,90.27,4.19
2018-08-21 08:00:00,0.07,26.5,87.25,4.71
2018-08-21 09:00:00,0.07,26.83,85.68,4.92
2018-08-21 10:00:00,0.08,27.08,84.32,5.11
2018-08-21 11:00:00,0.09,27.21,83.58,5.22
2018-08-21 12:00:00,0.08,27.27,83.34,5.21
2018-08-21 13:00:00,0.07,27.24,83.29,5.22
2018-08-21 14:00:00,0.05,27.19,83.2,5.13
2018-08-21 15:00:00,0.04,27.11,83.28,5.0
2018-08-21 16:00:00,0.03,26.87,84.27,4.83
2018-08-21 17:00:00,0.05,26.47,87.04,3.98
2018-08-21 18:00:00,0.05,25.98,91.18,2.74
2018-08-21 19:00:00,0.06,25.74,92.75,2.23
2018-08-21 20:00:00,0.06,25.55,93.66,2.03
2018-08-21 21:00:00,0.09,25.4,94.39,1.94
2018-08-21 22:00:00,0.14,25.25,95.13,1.93
2018-08-21 23:00:00,0.17,25.16,95.35,1.94
2018-08-22 00:00:00,0.17,25.08,95.44,2.06
2018-08-22 01:00:00,0.19,25.01,95.62,2.22
2018-08-22 02:00:00,0.18,24.94,95.88,2.41
2018-08-22 03:00:00,0.16,24.89,95.99,2.62
2018-08-22 04:00:00,0.13,24.85,96.08,2.82
2018-08-22 05:00:00,0.11,24.83,96.03,2.91
2018-08-22 06:00:00,0.07,25.26,94.74,3.13
2018-08-22 07:00:00,0.05,25.93,91.31,4.22
2018-08-22 08:00:00,0.03,26.46,87.55,4.97
2018-08-22 09:00:00,0.03,26.91,84.6,5.3
2018-08-22 10:00:00,0.03,27.23,82.52,5.49
2018-08-22 11:00:00,0.01,27.44,81.15,5.59
2018-08-22 12:00:00,0.01,27.53,80.52,5.63
2018-08-22 13:00:00,0.02,27.52,80.38,5.53
2018-08-22 14:00:00,0.01,27.43,80.43,5.47
2018-08-22 15:00:00,0.01,27.28,80.6,5.55
2018-08-22 16:00:00,0.01,26.95,81.87,5.48
2018-08-22 17:00:00,0.01,26.48,85.24,4.86
2018-08-22 18:00:00,0.01,26.0,89.32,4.05
2018-08-22 19:00:00,0.01,25.79,91.36,3.72
2018-08-22 20:00:00,0.02,25.64,92.61,3.46
2018-08-22 21:00:00,0.03,25.53,92.87,3.13
2018-08-22 22:00:00,0.03,25.39,93.17,2.87
2018-08-22 23:00:00,0.04,25.28,93.41,2.83
2018-08-23 00:00:00,0.04,25.2,93.55,3.01
2018-08-23 01:00:00,0.05,25.15,93.68,3.22
2018-08-23 02:00:00,0.05,25.1,93.73,3.35
2018-08-23 03:00:00,0.04,25.08,93.63,3.49
2018-08-23 04:00:00,0.04,25.05,93.56,3.64
2018-08-23 05:00:00,0.02,25.04,93.45,3.77
2018-08-23 06:00:00,0.02,25.28,92.62,4.14
2018-08-23 07:00:00,0.02,25.71,90.54,4.73
2018-08-23 08:00:00,0.02,26.2,87.12,4.94
2018-08-23 09:00:00,0.02,26.69,83.51,5.08
2018-08-23 10:00:00,0.03,27.01,81.9,5.15
2018-08-23 11:00:00,0.03,27.2,81.03,5.33
2018-08-23 12:00:00,0.03,27.24,80.81,5.53
2018-08-23 13:00:00,0.03,27.15,80.94,5.75
2018-08-23 14:00:00,0.03,27.05,81.05,6.02
2018-08-23 15:00:00,0.03,26.87,81.76,5.98
2018-08-23 16:00:00,0.02,26.62,83.67,5.49
2018-08-23 17:00:00,0.02,26.29,86.99,4.83
2018-08-23 18:00:00,0.02,25.89,90.73,4.25
2018-08-23 19:00:00,0.02,25.71,92.9,3.94
2018-08-23 20:00:00,0.03,25.61,94.0,3.59
2018-08-23 21:00:00,0.04,25.53,94.63,3.35
2018-08-23 22:00:00,0.05,25.45,94.97,3.33
2018-08-23 23:00:00,0.06,25.35,95.44,3.41
2018-08-24 00:00:00,0.07,25.28,95.33,3.6
2018-08-24 01:00:00,0.07,25.22,95.32,3.75
2018-08-24 02:00:00,0.06,25.16,95.47,3.78
2018-08-24 03:00:00,0.06,25.13,95.29,3.79
2018-08-24 04:00:00,0.05,25.1,94.64,3.83
2018-08-24 05:00:00,0.11,25.09,94.24,3.84
2018-08-24 06:00:00,0.08,25.25,93.54,3.98
2018-08-24 07:00:00,0.09,25.6,92.01,4.46
2018-08-24 08:00:00,0.12,25.91,90.19,4.58
2018-08-24 09:00:00,0.09,26.24,88.09,4.66
2018-08-24 10:00:00,0.09,26.56,86.26,4.69
2018-08-24 11:00:00,0.1,26.92,84.42,4.69
2018-08-24 12:00:00,0.11,27.15,82.82,4.93
2018-08-24 13:00:00,0.11,27.23,82.23,5.28
2018-08-24 14:00:00,0.09,27.17,82.28,5.74
2018-08-24 15:00:00,0.08,26.98,83.04,5.94
2018-08-24 16:00:00,0.04,26.71,84.38,5.69
2018-08-24 17:00:00,0.03,26.33,86.9,5.15
2018-08-24 18:00:00,0.02,25.88,90.19,4.49
2018-08-24 19:00:00,0.02,25.65,92.01,4.12
2018-08-24 20:00:00,0.02,25.51,93.08,3.71
2018-08-24 21:00:00,0.03,25.39,93.82,3.45
2018-08-24 22:00:00,0.04,25.28,94.63,3.32
2018-08-24 23:00:00,0.09,25.18,95.43,3.18
2018-08-25 00:00:00,0.17,25.13,95.59,3.24
2018-08-25 01:00:00,0.19,25.07,95.8,3.28
2018-08-25 02:00:00,0.2,25.04,95.77,3.4
2018-08-25 03:00:00,0.18,25.02,95.42,3.6
2018-08-25 04:00:00,0.15,24.99,95.27,3.57
2018-08-25 05:00:00,0.13,24.95,95.09,3.4
2018-08-25 06:00:00,0.1,25.3,93.62,3.57
2018-08-25 07:00:00,0.09,25.87,90.76,4.29
2018-08-25 08:00:00,0.06,26.34,87.86,4.5
2018-08-25 09:00:00,0.08,26.73,85.93,4.47
2018-08-25 10:00:00,0.07,27.08,84.48,4.45
2018-08-25 11:00:00,0.07,27.29,83.61,4.58
2018-08-25 12:00:00,0.07,27.32,83.48,4.79
2018-08-25 13:00:00,0.06,27.28,83.6,5.05
2018-08-25 14:00:00,0.07,27.16,83.85,5.41
2018-08-25 15:00:00,0.06,27.02,84.14,5.64
2018-08-25 16:00:00,0.06,26.77,85.1,5.64
2018-08-25 17:00:00,0.05,26.39,87.35,5.47
2018-08-25 18:00:00,0.06,25.98,90.3,5.09
2018-08-25 19:00:00,0.08,25.79,92.1,4.73
2018-08-25 20:00:00,0.07,25.65,93.36,4.17
2018-08-25 21:00:00,0.07,25.55,94.04,3.81
2018-08-25 22:00:00,0.05,25.46,94.27,3.67
2018-08-25 23:00:00,0.06,25.37,94.27,3.61
2018-08-26 00:00:00,0.06,25.29,93.95,3.75
2018-08-26 01:00:00,0.06,25.22,93.57,3.99
2018-08-26 02:00:00,0.05,25.16,93.26,4.08
2018-08-26 03:00:00,0.04,25.1,93.03,4.0
2018-08-26 04:00:00,0.03,25.05,92.98,3.93
2018-08-26 05:00:00,0.03,25.03,92.88,3.96
2018-08-26 06:00:00,0.03,25.23,92.28,4.08
2018-08-26 07:00:00,0.03,25.67,90.55,4.48
2018-08-26 08:00:00,0.07,26.03,88.61,4.68
2018-08-26 09:00:00,0.05,26.31,87.35,4.89
2018-08-26 10:00:00,0.07,26.55,86.28,5.09
2018-08-26 11:00:00,0.06,26.66,85.79,5.22
2018-08-26 12:00:00,0.07,26.81,85.04,5.29
2018-08-26 13:00:00,0.1,26.87,84.72,5.4
2018-08-26 14:00:00,0.09,26.8,84.97,5.68
2018-08-26 15:00:00,0.06,26.67,85.6,5.72
2018-08-26 16:00:00,0.05,26.53,86.72,5.26
2018-08-26 17:00:00,0.05,26.24,89.1,4.88
2018-08-26 18:00:00,0.05,25.89,92.04,4.41
2018-08-26 19:00:00,0.03,25.72,93.49,3.72
2018-08-26 20:00:00,0.02,25.61,94.12,3.34
2018-08-26 21:00:00,0.04,25.51,94.82,2.93
2018-08-26 22:00:00,0.05,25.42,95.27,2.82
2018-08-26 23:00:00,0.1,25.38,95.31,3.17
2018-08-27 00:00:00,0.14,25.31,95.44,3.56
2018-08-27 01:00:00,0.15,25.26,95.16,3.69
2018-08-27 02:00:00,0.14,25.2,95.12,3.47
2018-08-27 03:00:00,0.14,25.16,94.73,3.27
2018-08-27 04:00:00,0.1,25.14,93.94,3.12
2018-08-27 05:00:00,0.06,25.1,93.58,3.0
2018-08-27 06:00:00,0.03,25.28,92.8,2.93
2018-08-27 07:00:00,0.06,25.74,90.72,3.24
2018-08-27 08:00:00,0.8,26.11,88.49,3.45
2018-08-27 09:00:00,1.05,26.44,86.8,3.74
2018-08-27 10:00:00,1.13,26.64,86.08,4.17
2018-08-27 11:00:00,1.16,26.69,86.23,4.71
2018-08-27 12:00:00,1.39,26.68,86.6,5.23
2018-08-27 13:00:00,1.54,26.66,86.98,5.52
2018-08-27 14:00:00,0.74,26.73,86.54,5.73
2018-08-27 15:00:00,0.49,26.74,85.78,5.76
2018-08-27 16:00:00,0.39,26.59,86.39,5.47
2018-08-27 17:00:00,0.28,26.27,89.06,4.82
2018-08-27 18:00:00,0.2,25.91,91.83,4.3
2018-08-27 19:00:00,0.19,25.74,93.24,4.1
2018-08-27 20:00:00,0.2,25.62,94.09,3.83
2018-08-27 21:00:00,0.11,25.5,94.8,3.43
2018-08-27 22:00:00,0.14,25.38,95.22,3.03
2018-08-27 23:00:00,0.27,25.26,95.21,2.71
2018-08-28 00:00:00,0.41,25.15,95.02,2.58
2018-08-28 01:00:00,0.4,25.05,94.53,2.64
2018-08-28 02:00:00,0.81,24.95,94.27,2.78
2018-08-28 03:00:00,0.86,24.87,94.16,2.84
2018-08-28 04:00:00,0.78,24.82,94.07,2.76
2018-08-28 05:00:00,0.42,24.8,93.92,2.62
2018-08-28 06:00:00,0.39,25.11,92.95,2.61
2018-08-28 07:00:00,0.55,25.75,90.35,3.21
2018-08-28 08:00:00,0.16,26.24,87.97,3.54
2018-08-28 09:00:00,0.15,26.65,86.37,3.99
2018-08-28 10:00:00,0.16,26.92,85.31,4.43
2018-08-28 11:00:00,0.16,27.07,84.82,4.77
2018-08-28 12:00:00,0.21,27.18,84.26,5.08
2018-08-28 13:00:00,0.28,27.19,84.28,5.43
2018-08-28 14:00:00,0.38,27.13,84.22,5.79
2018-08-28 15:00:00,0.45,26.98,84.52,5.96
2018-08-28 16:00:00,0.55,26.7,86.09,5.73
2018-08-28 17:00:00,0.55,26.38,88.81,5.08
2018-08-28 18:00:00,0.59,26.08,91.09,4.6
2018-08-28 19:00:00,0.72,25.95,91.66,4.53
2018-08-28 20:00:00,0.67,25.85,92.17,4.43
2018-08-28 21:00:00,0.61,25.76,92.6,4.29
2018-08-28 22:00:00,0.46,25.68,92.89,4.26
2018-08-28 23:00:00,0.37,25.57,93.3,4.4
2018-08-29 00:00:00,0.26,25.48,93.63,4.47
2018-08-29 01:00:00,0.18,25.39,93.91,4.44
2018-08-29 02:00:00,0.16,25.29,94.37,4.32
2018-08-29 03:00:00,0.1,25.21,94.62,4.21
2018-08-29 04:00:00,0.07,25.15,94.79,4.14
2018-08-29 05:00:00,0.04,25.11,94.74,4.1
2018-08-29 06:00:00,0.04,25.34,93.75,4.28
2018-08-29 07:00:00,0.03,25.81,91.53,5.03
2018-08-29 08:00:00,0.0,26.16,89.29,5.55
2018-08-29 09:00:00,0.01,26.49,87.31,5.79
2018-08-29 10:00:00,0.01,26.83,85.2,5.93
2018-08-29 11:00:00,0.02,27.19,83.28,6.05
2018-08-29 12:00:00,0.02,27.38,81.8,6.16
2018-08-29 13:00:00,0.03,27.33,81.53,6.26
2018-08-29 14:00:00,0.03,27.2,81.41,6.41
2018-08-29 15:00:00,0.02,27.0,81.7,6.45
2018-08-29 16:00:00,0.02,26.76,82.41,6.03
2018-08-29 17:00:00,0.01,26.42,84.33,5.23
2018-08-29 18:00:00,0.01,26.01,87.16,4.59
2018-08-29 19:00:00,0.0,25.8,88.69,4.37
2018-08-29 20:00:00,0.01,25.66,89.63,4.19
2018-08-29 21:00:00,0.01,25.58,89.89,4.2
2018-08-29 22:00:00,0.02,25.45,90.42,4.25
2018-08-29 23:00:00,0.02,25.35,90.85,4.26
2018-08-30 00:00:00,0.02,25.26,91.46,4.34
2018-08-30 01:00:00,0.03,25.21,91.9,4.42
2018-08-30 02:00:00,0.04,25.2,92.01,4.33
2018-08-30 03:00:00,0.02,25.19,92.32,4.13
2018-08-30 04:00:00,0.02,25.17,92.51,3.91
2018-08-30 05:00:00,0.01,25.17,92.46,3.71
2018-08-30 06:00:00,0.0,25.38,91.76,3.65
2018-08-30 07:00:00,0.0,25.87,89.71,4.15
2018-08-30 08:00:00,0.01,26.32,86.66,4.53
2018-08-30 09:00:00,0.01,26.76,83.4,4.99
2018-08-30 10:00:00,0.01,27.05,81.74,5.35
2018-08-30 11:00:00,0.02,27.19,81.4,5.66
2018-08-30 12:00:00,0.03,27.28,81.27,5.88
2018-08-30 13:00:00,0.03,27.25,81.64,6.01
2018-08-30 14:00:00,0.05,27.14,82.13,5.97
2018-08-30 15:00:00,0.05,26.97,82.82,5.97
2018-08-30 16:00:00,0.06,26.7,84.16,5.97
2018-08-30 17:00:00,0.07,26.34,86.61,5.53
2018-08-30 18:00:00,0.06,26.03,89.03,4.89
2018-08-30 19:00:00,0.05,25.9,90.5,4.56
2018-08-30 20:00:00,0.07,25.82,91.41,4.26
2018-08-30 21:00:00,0.09,25.75,91.94,4.05
2018-08-30 22:00:00,0.09,25.7,92.19,4.03
2018-08-30 23:00:00,0.09,25.63,92.4,4.34
2018-08-31 00:00:00,0.09,25.54,92.48,4.9
2018-08-31 01:00:00,0.09,25.47,92.32,5.24
2018-08-31 02:00:00,0.1,25.36,92.38,5.3
2018-08-31 03:00:00,0.08,25.27,92.31,5.14
2018-08-31 04:00:00,0.05,25.19,92.21,4.81
2018-08-31 05:00:00,0.05,25.14,92.16,4.46
2018-08-31 06:00:00,0.04,25.36,91.59,4.47
2018-08-31 07:00:00,0.04,25.79,89.85,4.83
2018-08-31 08:00:00,0.03,26.09,88.34,5.0
2018-08-31 09:00:00,0.03,26.28,87.63,4.94
2018-08-31 10:00:00,0.05,26.43,87.15,4.8
2018-08-31 11:00:00,0.08,26.55,86.63,4.63
2018-08-31 12:00:00,0.11,26.66,85.96,4.65
2018-08-31 13:00:00,0.15,26.7,85.91,4.85
2018-08-31 14:00:00,0.17,26.7,85.87,5.01
2018-08-31 15:00:00,0.18,26.62,86.0,4.96
2018-08-31 16:00:00,0.17,26.47,86.52,4.7
2018-08-31 17:00:00,0.16,26.22,88.13,4.38
2018-08-31 18:00:00,0.14,25.91,90.35,3.92
2018-08-31 19:00:00,0.14,25.76,91.46,3.71
2018-08-31 20:00:00,0.19,25.69,92.01,3.49
2018-08-31 21:00:00,0.26,25.62,92.55,3.28
2018-08-31 22:00:00,0.27,25.55,92.99,3.24
2018-08-31 23:00:00,0.19,25.45,93.76,3.2
2018-09-01 00:00:00,0.13,25.35,94.36,3.22
2018-09-01 01:00:00,0.08,25.25,94.55,3.24
2018-09-01 02:00:00,0.07,25.15,94.26,3.2
2018-09-01 03:00:00,0.07,25.06,93.94,2.95
2018-09-01 04:00:00,0.06,25.0,93.75,2.62
2018-09-01 05:00:00,0.06,24.96,93.62,2.36
2018-09-01 06:00:00,0.06,25.21,92.74,2.24
2018-09-01 07:00:00,0.04,25.81,90.09,2.67
2018-09-01 08:00:00,0.01,26.24,87.56,2.87
2018-09-01 09:00:00,0.01,26.55,85.94,2.91
2018-09-01 10:00:00,0.01,26.74,85.28,2.89
2018-09-01 11:00:00,0.01,26.78,85.49,2.91
2018-09-01 12:00:00,0.01,26.89,84.95,3.0
2018-09-01 13:00:00,0.01,26.9,84.33,3.29
2018-09-01 14:00:00,0.01,26.87,83.94,3.36
2018-09-01 15:00:00,0.02,26.85,83.59,3.23
2018-09-01 16:00:00,0.02,26.72,83.86,3.11
2018-09-01 17:00:00,0.01,26.45,85.53,3.03
2018-09-01 18:00:00,0.01,26.11,88.19,2.98
2018-09-01 19:00:00,0.01,25.91,89.63,2.94
2018-09-01 20:00:00,0.01,25.75,90.73,2.92
2018-09-01 21:00:00,0.01,25.6,91.67,2.96
2018-09-01 22:00:00,0.01,25.45,92.66,3.18
2018-09-01 23:00:00,0.01,25.29,93.62,3.1
2018-09-02 00:00:00,0.01,25.16,94.42,3.06
2018-09-02 01:00:00,0.01,25.09,95.02,3.19
2018-09-02 02:00:00,0.01,25.02,95.58,3.01
2018-09-02 03:00:00,0.02,24.96,95.77,2.73
2018-09-02 04:00:00,0.01,24.92,95.78,2.57
2018-09-02 05:00:00,0.01,24.88,95.66,2.47
2018-09-02 06:00:00,0.01,25.15,94.66,2.44
2018-09-02 07:00:00,0.01,25.69,91.75,2.9
2018-09-02 08:00:00,0.0,26.06,88.45,3.44
2018-09-02 09:00:00,0.0,26.38,86.11,3.71
2018-09-02 10:00:00,0.0,26.62,84.87,3.81
2018-09-02 11:00:00,0.0,26.81,84.05,3.74
2018-09-02 12:00:00,0.01,26.87,83.64,3.76
2018-09-02 13:00:00,0.0,26.93,83.36,3.85
2018-09-02 14:00:00,0.0,26.89,83.29,4.1
2018-09-02 15:00:00,0.0,26.72,83.68,4.44
2018-09-02 16:00:00,0.0,26.49,84.71,4.55
2018-09-02 17:00:00,0.0,26.21,86.73,4.25
2018-09-02 18:00:00,0.0,25.87,89.31,3.82
2018-09-02 19:00:00,0.0,25.7,90.71,3.61
2018-09-02 20:00:00,0.0,25.59,91.6,3.56
2018-09-02 21:00:00,0.0,25.52,92.2,3.58
2018-09-02 22:00:00,0.0,25.45,92.65,3.59
2018-09-02 23:00:00,0.0,25.35,93.32,3.55
2018-09-03 00:00:00,0.0,25.28,93.98,3.51
2018-09-03 01:00:00,0.0,25.25,94.32,3.4
2018-09-03 02:00:00,0.0,25.21,94.5,3.27
2018-09-03 03:00:00,0.01,25.18,94.32,3.16
2018-09-03 04:00:00,0.0,25.18,93.28,3.17
2018-09-03 05:00:00,0.0,25.14,92.73,3.16
2018-09-03 06:00:00,0.0,25.32,91.66,3.16
2018-09-03 07:00:00,0.0,25.89,87.91,3.83
2018-09-03 08:00:00,0.0,26.41,84.52,4.26
2018-09-03 09:00:00,0.0,26.86,82.04,4.52
2018-09-03 10:00:00,0.0,27.22,80.39,4.6
2018-09-03 11:00:00,0.0,27.45,79.25,4.62
2018-09-03 12:00:00,0.0,27.59,78.23,4.71
2018-09-03 13:00:00,0.0,27.66,77.24,4.92
2018-09-03 14:00:00,0.0,27.61,76.91,5.23
2018-09-03 15:00:00,0.0,27.47,77.1,5.52
2018-09-03 16:00:00,0.0,27.2,77.91,5.65
2018-09-03 17:00:00,0.0,26.8,79.9,5.39
2018-09-03 18:00:00,0.0,26.32,82.91,4.94
2018-09-03 19:00:00,0.0,26.06,84.58,4.75
2018-09-03 20:00:00,0.0,25.9,85.59,4.53
2018-09-03 21:00:00,0.0,25.78,86.24,4.3
2018-09-03 22:00:00,0.0,25.7,86.36,4.2
2018-09-03 23:00:00,0.0,25.62,86.44,4.25
2018-09-04 00:00:00,0.0,25.55,86.54,4.44
2018-09-04 01:00:00,0.0,25.49,86.78,4.61
2018-09-04 02:00:00,0.0,25.41,87.15,4.61
2018-09-04 03:00:00,0.0,25.35,87.31,4.61
2018-09-04 04:00:00,0.0,25.29,87.4,4.61
2018-09-04 05:00:00,0.0,25.23,87.56,4.53
2018-09-04 06:00:00,0.0,25.52,86.72,4.59
2018-09-04 07:00:00,0.0,26.12,83.81,5.23
2018-09-04 08:00:00,0.0,26.63,81.27,5.41
2018-09-04 09:00:00,0.0,27.07,79.42,5.4
2018-09-04 10:00:00,0.0,27.42,78.12,5.36
2018-09-04 11:00:00,0.0,27.64,77.46,5.29
2018-09-04 12:00:00,0.0,27.78,76.85,5.27
2018-09-04 13:00:00,0.0,27.83,76.31,5.24
2018-09-04 14:00:00,0.0,27.78,76.12,5.25
2018-09-04 15:00:00,0.0,27.63,76.23,5.3
2018-09-04 16:00:00,0.0,27.36,76.99,5.23
2018-09-04 17:00:00,0.0,26.93,79.01,4.93
2018-09-04 18:00:00,0.0,26.41,82.04,4.48
2018-09-04 19:00:00,0.0,26.14,83.42,4.34
2018-09-04 20:00:00,0.0,25.96,84.21,4.4
2018-09-04 21:00:00,0.0,25.81,84.84,4.4
2018-09-04 22:00:00,0.0,25.65,85.58,4.39
2018-09-04 23:00:00,0.0,25.52,86.43,4.43
2018-09-05 00:00:00,0.0,25.41,87.27,4.51
2018-09-05 01:00:00,0.0,25.33,87.95,4.6
2018-09-05 02:00:00,0.0,25.23,88.72,4.56
2018-09-05 03:00:00,0.0,25.17,89.19,4.53
2018-09-05 04:00:00,0.0,25.1,89.69,4.41
2018-09-05 05:00:00,0.0,25.01,90.23,4.18
2018-09-05 06:00:00,0.0,25.24,89.6,4.33
2018-09-05 07:00:00,0.0,25.72,87.34,4.98
2018-09-05 08:00:00,0.0,26.14,85.61,5.33
2018-09-05 09:00:00,0.0,26.52,84.07,5.54
2018-09-05 10:00:00,0.0,26.87,82.47,5.57
2018-09-05 11:00:00,0.0,27.22,80.62,5.49
2018-09-05 12:00:00,0.0,27.45,79.25,5.48
2018-09-05 13:00:00,0.0,27.61,78.11,5.54
2018-09-05 14:00:00,0.0,27.75,76.84,5.6
2018-09-05 15:00:00,0.0,27.74,76.11,5.52
2018-09-05 16:00:00,0.0,27.59,76.12,5.33
2018-09-05 17:00:00,0.0,27.18,78.23,5.03
2018-09-05 18:00:00,0.0,26.64,81.84,4.7
2018-09-05 19:00:00,0.0,26.37,83.83,4.64
2018-09-05 20:00:00,0.0,26.18,85.32,4.52
2018-09-05 21:00:00,0.0,26.03,86.34,4.3
2018-09-05 22:00:00,0.0,25.92,86.69,4.25
2018-09-05 23:00:00,0.0,25.8,87.1,4.2
2018-09-06 00:00:00,0.0,25.68,87.36,4.06
2018-09-06 01:00:00,0.0,25.58,87.53,4.02
2018-09-06 02:00:00,0.0,25.53,87.46,4.07
2018-09-06 03:00:00,0.0,25.49,87.36,4.09
2018-09-06 04:00:00,0.0,25.49,87.05,4.03
2018-09-06 05:00:00,0.0,25.49,86.77,3.86
2018-09-06 06:00:00,0.0,25.91,85.41,3.86
2018-09-06 07:00:00,0.0,26.66,81.66,4.34
2018-09-06 08:00:00,0.01,27.21,78.41,4.42
2018-09-06 09:00:00,0.01,27.65,76.5,4.38
2018-09-06 10:00:00,0.0,27.97,75.67,4.55
2018-09-06 11:00:00,0.0,28.17,75.51,4.82
2018-09-06 12:00:00,0.0,28.24,75.67,5.17
2018-09-06 13:00:00,0.0,28.22,75.73,5.52
2018-09-06 14:00:00,0.0,28.05,76.24,5.83
2018-09-06 15:00:00,0.0,27.86,76.86,6.02
2018-09-06 16:00:00,0.0,27.6,77.82,6.04
2018-09-06 17:00:00,0.0,27.19,80.02,5.64
2018-09-06 18:00:00,0.0,26.78,82.67,4.95
2018-09-06 19:00:00,0.0,26.57,83.8,4.59
2018-09-06 20:00:00,0.0,26.47,83.81,4.29
2018-09-06 21:00:00,0.0,26.38,83.7,3.94
2018-09-06 22:00:00,0.01,26.27,83.64,3.74
2018-09-06 23:00:00,0.01,26.16,83.57,3.88
2018-09-07 00:00:00,0.0,26.08,83.37,4.09
2018-09-07 01:00:00,0.0,26.02,82.94,4.09
2018-09-07 02:00:00,0.0,25.94,82.78,4.1
2018-09-07 03:00:00,0.0,25.85,82.84,4.0
2018-09-07 04:00:00,0.0,25.75,83.12,3.75
2018-09-07 05:00:00,0.0,25.67,83.42,3.53
2018-09-07 06:00:00,0.0,26.01,83.14,3.46
2018-09-07 07:00:00,0.0,26.81,79.02,4.18
2018-09-07 08:00:00,0.0,27.25,76.69,4.69
2018-09-07 09:00:00,0.0,27.56,75.65,5.0
2018-09-07 10:00:00,0.0,27.85,74.44,5.15
2018-09-07 11:00:00,0.0,28.08,73.44,5.2
2018-09-07 12:00:00,0.0,28.25,72.77,5.32
2018-09-07 13:00:00,0.0,28.32,72.45,5.41
2018-09-07 14:00:00,0.0,28.26,72.56,5.48
2018-09-07 15:00:00,0.0,28.12,72.93,5.64
2018-09-07 16:00:00,0.0,27.86,73.93,5.66
2018-09-07 17:00:00,0.0,27.42,76.31,5.28
2018-09-07 18:00:00,0.0,26.97,79.5,4.66
2018-09-07 19:00:00,0.0,26.81,80.75,4.47
2018-09-07 20:00:00,0.0,26.71,81.54,4.31
2018-09-07 21:00:00,0.0,26.6,82.28,4.16
2018-09-07 22:00:00,0.0,26.47,82.9,4.12
2018-09-07 23:00:00,0.0,26.33,83.45,4.11
2018-09-08 00:00:00,0.0,26.19,84.32,4.07
2018-09-08 01:00:00,0.0,26.05,85.15,4.0
2018-09-08 02:00:00,0.0,25.91,85.65,3.94
2018-09-08 03:00:00,0.0,25.8,85.74,3.81
2018-09-08 04:00:00,0.0,25.74,85.36,3.7
2018-09-08 05:00:00,0.0,25.69,85.18,3.61
2018-09-08 06:00:00,0.0,26.05,84.19,3.75
2018-09-08 07:00:00,0.0,26.77,80.48,4.46
2018-09-08 08:00:00,0.0,27.3,78.22,4.68
2018-09-08 09:00:00,0.0,27.76,77.04,4.83
2018-09-08 10:00:00,0.0,28.12,75.99,5.1
2018-09-08 11:00:00,0.0,28.36,75.24,5.4
2018-09-08 12:00:00,0.0,28.44,75.05,5.7
2018-09-08 13:00:00,0.0,28.41,75.1,5.95
2018-09-08 14:00:00,0.0,28.3,75.29,6.09
2018-09-08 15:00:00,0.0,28.16,75.48,6.09
2018-09-08 16:00:00,0.0,27.9,76.23,5.9
2018-09-08 17:00:00,0.0,27.49,78.42,5.44
2018-09-08 18:00:00,0.0,27.0,81.59,4.82
2018-09-08 19:00:00,0.0,26.74,83.55,4.57
2018-09-08 20:00:00,0.0,26.55,84.86,4.42
2018-09-08 21:00:00,0.0,26.35,86.02,4.29
2018-09-08 22:00:00,0.0,26.17,86.93,4.21
2018-09-08 23:00:00,0.0,25.97,87.82,4.13
2018-09-09 00:00:00,0.0,25.81,88.46,4.08
2018-09-09 01:00:00,0.0,25.66,88.91,4.01
2018-09-09 02:00:00,0.0,25.53,89.32,4.01
2018-09-09 03:00:00,0.0,25.46,89.41,4.04
2018-09-09 04:00:00,0.0,25.42,89.38,3.98
2018-09-09 05:00:00,0.0,25.37,89.3,3.93
2018-09-09 06:00:00,0.0,25.79,87.73,4.22
2018-09-09 07:00:00,0.0,26.54,84.3,5.1
2018-09-09 08:00:00,0.0,27.15,80.26,5.33
2018-09-09 09:00:00,0.0,27.74,76.23,5.27
2018-09-09 10:00:00,0.0,28.22,73.5,5.07
2018-09-09 11:00:00,0.0,28.6,71.44,4.97
2018-09-09 12:00:00,0.0,28.81,70.44,5.01
2018-09-09 13:00:00,0.0,28.86,70.25,5.21
2018-09-09 14:00:00,0.0,28.78,70.54,5.49
2018-09-09 15:00:00,0.0,28.58,71.06,5.71
2018-09-09 16:00:00,0.0,28.23,72.32,5.71
2018-09-09 17:00:00,0.0,27.67,75.41,5.31
2018-09-09 18:00:00,0.0,27.03,79.49,4.65
2018-09-09 19:00:00,0.0,26.71,81.56,4.24
2018-09-09 20:00:00,0.0,26.49,82.68,3.97
2018-09-09 21:00:00,0.0,26.33,83.55,3.78
2018-09-09 22:00:00,0.0,26.16,84.44,3.72
2018-09-09 23:00:00,0.0,26.0,85.12,3.77
2018-09-10 00:00:00,0.0,25.84,85.84,3.84
2018-09-10 01:00:00,0.0,25.7,86.61,3.93
2018-09-10 02:00:00,0.0,25.57,87.32,3.96
2018-09-10 03:00:00,0.0,25.44,88.01,3.94
2018-09-10 04:00:00,0.0,25.33,88.56,3.92
2018-09-10 05:00:00,0.0,25.21,89.19,3.9
2018-09-10 06:00:00,0.0,25.52,88.24,4.1
2018-09-10 07:00:00,0.0,26.16,85.62,4.88
2018-09-10 08:00:00,0.0,26.72,82.52,5.09
2018-09-10 09:00:00,0.0,27.33,78.7,5.12
2018-09-10 10:00:00,0.0,27.87,75.38,5.13
2018-09-10 11:00:00,0.0,28.28,72.73,5.14
2018-09-10 12:00:00,0.0,28.53,71.25,5.14
2018-09-10 13:00:00,0.01,28.58,71.04,5.25
2018-09-10 14:00:00,0.01,28.47,71.78,5.53
2018-09-10 15:00:00,0.01,28.19,73.2,5.76
2018-09-10 16:00:00,0.01,27.72,75.68,5.78
2018-09-10 17:00:00,0.01,27.18,79.21,5.46
2018-09-10 18:00:00,0.02,26.71,82.62,4.96
2018-09-10 19:00:00,0.03,26.51,84.31,4.66
2018-09-10 20:00:00,0.06,26.36,85.34,4.31
2018-09-10 21:00:00,0.06,26.25,85.9,3.96
2018-09-10 22:00:00,0.07,26.14,86.33,3.84
2018-09-10 23:00:00,0.09,26.03,86.86,4.07
2018-09-11 00:00:00,0.1,25.9,87.54,4.48
2018-09-11 01:00:00,0.1,25.79,88.1,4.62
2018-09-11 02:00:00,0.05,25.68,88.56,4.53
2018-09-11 03:00:00,0.01,25.61,88.55,4.39
2018-09-11 04:00:00,0.01,25.6,87.91,4.27
2018-09-11 05:00:00,0.01,25.6,87.37,4.2
2018-09-11 06:00:00,0.01,25.91,86.39,4.33
2018-09-11 07:00:00,0.0,26.55,83.31,4.81
2018-09-11 08:00:00,0.0,27.05,81.15,4.58
2018-09-11 09:00:00,0.0,27.58,79.02,4.28
2018-09-11 10:00:00,0.0,27.99,77.37,4.16
2018-09-11 11:00:00,0.0,28.28,76.15,4.2
2018-09-11 12:00:00,0.0,28.43,75.38,4.26
2018-09-11 13:00:00,0.0,28.38,75.16,4.32
2018-09-11 14:00:00,0.0,28.18,75.67,4.49
2018-09-11 15:00:00,0.0,27.9,76.69,4.7
2018-09-11 16:00:00,0.0,27.56,78.25,4.95
2018-09-11 17:00:00,0.0,27.13,80.68,4.97
2018-09-11 18:00:00,0.0,26.71,83.49,4.58
2018-09-11 19:00:00,0.0,26.5,84.87,4.32
2018-09-11 20:00:00,0.0,26.36,85.45,4.23
2018-09-11 21:00:00,0.0,26.23,85.99,4.28
2018-09-11 22:00:00,0.0,26.08,86.58,4.31
2018-09-11 23:00:00,0.0,25.92,87.07,4.27
2018-09-12 00:00:00,0.0,25.8,87.29,4.15
2018-09-12 01:00:00,0.0,25.77,87.38,4.07
2018-09-12 02:00:00,0.0,25.76,87.58,4.03
2018-09-12 03:00:00,0.0,25.72,87.78,4.03
2018-09-12 04:00:00,0.0,25.67,87.86,4.06
2018-09-12 05:00:00,0.0,25.59,87.89,4.12
2018-09-12 06:00:00,0.0,25.93,86.81,4.46
2018-09-12 07:00:00,0.0,26.6,83.46,5.16
2018-09-12 08:00:00,0.0,27.15,80.89,5.24
2018-09-12 09:00:00,0.0,27.71,77.85,5.13
2018-09-12 10:00:00,0.0,28.25,74.32,4.97
2018-09-12 11:00:00,0.0,28.59,72.39,4.89
2018-09-12 12:00:00,0.0,28.82,70.99,4.86
2018-09-12 13:00:00,0.0,28.8,71.23,5.01
2018-09-12 14:00:00,0.0,28.62,72.19,5.24
2018-09-12 15:00:00,0.0,28.24,73.7,5.31
2018-09-12 16:00:00,0.0,27.81,75.8,5.22
2018-09-12 17:00:00,0.0,27.33,78.84,4.99
2018-09-12 18:00:00,0.0,26.81,82.2,4.71
2018-09-12 19:00:00,0.0,26.54,84.0,4.63
2018-09-12 20:00:00,0.0,26.4,84.7,4.58
2018-09-12 21:00:00,0.0,26.29,85.15,4.54
2018-09-12 22:00:00,0.0,26.18,85.52,4.45
2018-09-12 23:00:00,0.0,26.06,85.84,4.47
2018-09-13 00:00:00,0.0,25.97,85.91,4.56
2018-09-13 01:00:00,0.0,25.88,86.16,4.61
2018-09-13 02:00:00,0.0,25.78,86.59,4.54
2018-09-13 03:00:00,0.0,25.71,86.52,4.42
2018-09-13 04:00:00,0.0,25.71,86.26,4.32
2018-09-13 05:00:00,0.0,25.67,86.57,4.2
2018-09-13 06:00:00,0.0,25.96,85.53,4.35
2018-09-13 07:00:00,0.0,26.55,82.4,4.99
2018-09-13 08:00:00,0.0,27.03,80.5,5.02
2018-09-13 09:00:00,0.0,27.54,78.39,4.92
2018-09-13 10:00:00,0.0,27.93,76.56,4.87
2018-09-13 11:00:00,0.0,28.19,75.14,4.97
2018-09-13 12:00:00,0.0,28.32,74.25,5.22
2018-09-13 13:00:00,0.0,28.33,73.85,5.56
2018-09-13 14:00:00,0.0,28.24,73.69,5.88
2018-09-13 15:00:00,0.0,28.05,73.92,5.98
2018-09-13 16:00:00,0.0,27.78,74.86,5.86
2018-09-13 17:00:00,0.0,27.32,77.41,5.49
2018-09-13 18:00:00,0.0,26.85,80.48,4.94
2018-09-13 19:00:00,0.0,26.62,82.09,4.56
2018-09-13 20:00:00,0.0,26.47,82.84,4.23
2018-09-13 21:00:00,0.0,26.33,83.41,3.95
2018-09-13 22:00:00,0.0,26.17,83.97,3.7
2018-09-13 23:00:00,0.0,26.03,84.37,3.53
2018-09-14 00:00:00,0.0,25.91,84.9,3.43
2018-09-14 01:00:00,0.0,25.85,85.28,3.33
2018-09-14 02:00:00,0.0,25.83,85.63,3.23
2018-09-14 03:00:00,0.0,25.8,85.89,3.12
2018-09-14 04:00:00,0.0,25.76,86.07,3.04
2018-09-14 05:00:00,0.0,25.72,86.32,3.05
2018-09-14 06:00:00,0.0,25.97,85.97,3.27
2018-09-14 07:00:00,0.0,26.47,83.5,4.03
2018-09-14 08:00:00,0.0,26.89,82.0,4.27
2018-09-14 09:00:00,0.0,27.35,80.14,4.28
2018-09-14 10:00:00,0.0,27.77,78.42,4.22
2018-09-14 11:00:00,0.0,28.14,76.58,4.17
2018-09-14 12:00:00,0.0,28.41,75.28,4.26
2018-09-14 13:00:00,0.0,28.55,74.28,4.47
2018-09-14 14:00:00,0.0,28.53,74.21,4.85
2018-09-14 15:00:00,0.0,28.34,74.83,5.17
2018-09-14 16:00:00,0.0,28.04,75.97,5.24
2018-09-14 17:00:00,0.0,27.66,78.24,4.91
2018-09-14 18:00:00,0.0,27.3,80.98,4.47
2018-09-14 19:00:00,0.0,27.15,82.33,4.33
2018-09-14 20:00:00,0.0,27.01,83.45,4.05
2018-09-14 21:00:00,0.0,26.87,84.35,3.67
2018-09-14 22:00:00,0.01,26.75,84.86,3.45
2018-09-14 23:00:00,0.01,26.61,85.37,3.35
2018-09-15 00:00:00,0.02,26.48,85.86,3.21
2018-09-15 01:00:00,0.04,26.39,86.0,2.98
2018-09-15 02:00:00,0.04,26.39,85.99,3.11
2018-09-15 03:00:00,0.03,26.41,86.24,3.63
2018-09-15 04:00:00,0.01,26.36,86.61,3.83
2018-09-15 05:00:00,0.0,26.25,86.93,3.66
2018-09-15 06:00:00,0.0,26.42,86.48,3.49
2018-09-15 07:00:00,0.0,26.89,83.76,3.73
2018-09-15 08:00:00,0.0,27.38,81.17,3.48
2018-09-15 09:00:00,0.0,27.96,77.66,3.12
2018-09-15 10:00:00,0.0,28.4,74.89,2.95
2018-09-15 11:00:00,0.0,28.68,73.27,2.98
2018-09-15 12:00:00,0.0,28.74,72.55,3.01
2018-09-15 13:00:00,0.0,28.66,72.59,3.05
2018-09-15 14:00:00,0.0,28.5,73.16,3.05
2018-09-15 15:00:00,0.0,28.31,74.01,3.32
2018-09-15 16:00:00,0.0,28.09,75.75,3.63
2018-09-15 17:00:00,0.0,27.82,78.22,3.32
2018-09-15 18:00:00,0.0,27.57,80.76,2.89
2018-09-15 19:00:00,0.0,27.48,81.59,2.75
2018-09-15 20:00:00,0.0,27.42,82.19,2.56
2018-09-15 21:00:00,0.0,27.34,82.78,2.38
2018-09-15 22:00:00,0.0,27.2,83.45,2.34
2018-09-15 23:00:00,0.01,27.02,84.37,2.35
2018-09-16 00:00:00,0.01,26.86,85.22,2.34
2018-09-16 01:00:00,0.01,26.73,85.8,2.2
2018-09-16 02:00:00,0.01,26.66,85.96,2.09
2018-09-16 03:00:00,0.01,26.66,85.85,2.09
2018-09-16 04:00:00,0.01,26.67,85.83,2.15
2018-09-16 05:00:00,0.01,26.7,85.87,2.25
2018-09-16 06:00:00,0.01,26.88,85.76,2.35
2018-09-16 07:00:00,0.01,27.34,83.72,2.62
2018-09-16 08:00:00,0.02,27.74,81.05,2.86
2018-09-16 09:00:00,0.02,28.08,79.29,3.05
2018-09-16 10:00:00,0.02,28.35,77.91,3.29
2018-09-16 11:00:00,0.02,28.49,77.15,3.51
2018-09-16 12:00:00,0.02,28.56,76.48,3.72
2018-09-16 13:00:00,0.03,28.59,76.16,3.9
2018-09-16 14:00:00,0.03,28.57,76.08,4.03
2018-09-16 15:00:00,0.04,28.51,76.33,4.07
2018-09-16 16:00:00,0.04,28.37,77.01,3.99
2018-09-16 17:00:00,0.04,28.04,79.41,3.68
2018-09-16 18:00:00,0.04,27.6,83.02,3.23
2018-09-16 19:00:00,0.04,27.42,84.25,3.17
2018-09-16 20:00:00,0.04,27.3,84.97,3.1
2018-09-16 21:00:00,0.04,27.18,85.5,2.99
2018-09-16 22:00:00,0.04,27.07,85.83,2.92
2018-09-16 23:00:00,0.05,26.94,86.27,2.9
2018-09-17 00:00:00,0.07,26.84,86.35,2.98
2018-09-17 01:00:00,0.08,26.74,86.49,3.01
2018-09-17 02:00:00,0.07,26.64,86.82,2.94
2018-09-17 03:00:00,0.05,26.54,87.1,2.85
2018-09-17 04:00:00,0.03,26.46,87.17,2.72
2018-09-17 05:00:00,0.03,26.4,86.83,2.64
2018-09-17 06:00:00,0.02,26.56,86.16,2.52
2018-09-17 07:00:00,0.01,27.1,82.51,2.86
2018-09-17 08:00:00,0.01,27.42,80.63,2.98
2018-09-17 09:00:00,0.01,27.65,79.45,3.1
2018-09-17 10:00:00,0.01,27.86,77.91,3.33
2018-09-17 11:00:00,0.0,28.11,75.99,3.62
2018-09-17 12:00:00,0.01,28.24,75.04,3.91
2018-09-17 13:00:00,0.01,28.29,74.73,4.15
2018-09-17 14:00:00,0.02,28.28,74.74,4.37
2018-09-17 15:00:00,0.02,28.22,75.04,4.42
2018-09-17 16:00:00,0.01,28.07,75.84,4.29
2018-09-17 17:00:00,0.01,27.77,78.18,3.96
2018-09-17 18:00:00,0.01,27.38,82.16,3.53
2018-09-17 19:00:00,0.01,27.21,84.04,3.38
2018-09-17 20:00:00,0.01,27.15,84.7,3.26
2018-09-17 21:00:00,0.01,27.11,85.07,3.23
2018-09-17 22:00:00,0.02,27.06,85.39,3.53
2018-09-17 23:00:00,0.02,26.98,85.68,3.82
2018-09-18 00:00:00,0.03,26.9,85.75,3.9
2018-09-18 01:00:00,0.02,26.81,85.66,3.98
2018-09-18 02:00:00,0.02,26.73,85.58,4.0
2018-09-18 03:00:00,0.02,26.68,85.38,3.99
2018-09-18 04:00:00,0.02,26.64,85.15,3.9
2018-09-18 05:00:00,0.03,26.6,84.98,3.77
2018-09-18 06:00:00,0.03,26.78,84.28,3.72
2018-09-18 07:00:00,0.03,27.28,81.5,4.02
2018-09-18 08:00:00,0.1,27.62,79.09,4.27
2018-09-18 09:00:00,0.11,27.84,77.92,4.33
2018-09-18 10:00:00,0.14,28.02,77.0,4.46
2018-09-18 11:00:00,0.16,28.09,76.39,4.68
2018-09-18 12:00:00,0.17,28.12,76.32,4.88
2018-09-18 13:00:00,0.21,28.12,76.43,5.04
2018-09-18 14:00:00,0.21,28.06,76.71,5.19
2018-09-18 15:00:00,0.18,27.96,77.47,5.2
2018-09-18 16:00:00,0.19,27.83,78.26,5.1
2018-09-18 17:00:00,0.19,27.57,80.06,4.81
2018-09-18 18:00:00,0.19,27.22,82.82,4.6
2018-09-18 19:00:00,0.13,27.1,83.93,4.68
2018-09-18 20:00:00,0.1,27.03,84.71,4.52
2018-09-18 21:00:00,0.07,26.98,85.07,4.23
2018-09-18 22:00:00,0.06,26.93,85.22,4.0
2018-09-18 23:00:00,0.06,26.87,85.25,3.96
2018-09-19 00:00:00,0.06,26.8,85.3,4.1
2018-09-19 01:00:00,0.08,26.7,85.74,4.27
2018-09-19 02:00:00,0.09,26.63,86.06,4.34
2018-09-19 03:00:00,0.09,26.56,86.37,4.27
2018-09-19 04:00:00,0.08,26.53,86.37,4.15
2018-09-19 05:00:00,0.09,26.5,86.25,4.12
2018-09-19 06:00:00,0.08,26.8,85.37,4.26
2018-09-19 07:00:00,0.09,27.42,82.29,4.95
2018-09-19 08:00:00,0.09,27.83,80.47,5.27
2018-09-19 09:00:00,0.11,28.03,79.67,5.39
2018-09-19 10:00:00,0.16,28.01,79.73,5.53
2018-09-19 11:00:00,0.2,27.86,80.33,5.69
2018-09-19 12:00:00,0.25,27.68,81.18,5.87
2018-09-19 13:00:00,0.3,27.47,82.24,5.95
2018-09-19 14:00:00,0.29,27.3,82.94,6.0
2018-09-19 15:00:00,0.36,27.22,83.22,5.97
2018-09-19 16:00:00,0.4,27.14,83.63,5.74
2018-09-19 17:00:00,0.46,26.96,84.81,5.18
2018-09-19 18:00:00,0.43,26.75,86.2,4.48
2018-09-19 19:00:00,0.28,26.69,86.51,4.18
2018-09-19 20:00:00,0.25,26.64,86.57,4.14
2018-09-19 21:00:00,0.19,26.56,86.84,4.09
2018-09-19 22:00:00,0.17,26.47,87.03,4.11
2018-09-19 23:00:00,0.15,26.4,86.91,4.26
2018-09-20 00:00:00,0.15,26.36,86.66,4.43
2018-09-20 01:00:00,0.15,26.33,86.37,4.55
2018-09-20 02:00:00,0.16,26.29,86.34,4.5
2018-09-20 03:00:00,0.21,26.29,86.28,4.34
2018-09-20 04:00:00,0.24,26.32,86.15,4.17
2018-09-20 05:00:00,0.24,26.36,85.85,3.99
2018-09-20 06:00:00,0.32,26.67,85.03,3.88
2018-09-20 07:00:00,0.45,27.38,81.13,4.39
2018-09-20 08:00:00,0.79,27.85,79.19,4.48
2018-09-20 09:00:00,0.99,28.13,78.41,4.38
2018-09-20 10:00:00,0.87,28.33,77.82,4.39
2018-09-20 11:00:00,0.4,28.43,77.21,4.63
2018-09-20 12:00:00,0.22,28.44,77.11,4.97
2018-09-20 13:00:00,0.13,28.36,77.5,5.18
2018-09-20 14:00:00,0.06,28.23,77.72,5.25
2018-09-20 15:00:00,0.04,28.07,77.85,5.19
2018-09-20 16:00:00,0.05,27.84,78.45,4.97
2018-09-20 17:00:00,0.05,27.45,80.42,4.69
2018-09-20 18:00:00,0.06,26.99,83.24,4.32
2018-09-20 19:00:00,0.06,26.76,84.31,4.25
2018-09-20 20:00:00,0.06,26.6,84.66,4.25
2018-09-20 21:00:00,0.06,26.48,84.65,4.27
2018-09-20 22:00:00,0.06,26.38,84.46,4.34
2018-09-20 23:00:00,0.04,26.3,84.21,4.47
2018-09-21 00:00:00,0.05,26.27,84.06,4.51
2018-09-21 01:00:00,0.05,26.25,83.91,4.54
2018-09-21 02:00:00,0.05,26.26,83.64,4.49
2018-09-21 03:00:00,0.04,26.26,83.54,4.35
2018-09-21 04:00:00,0.06,26.25,83.67,4.12
2018-09-21 05:00:00,0.06,26.19,83.73,3.86
2018-09-21 06:00:00,0.05,26.49,82.86,3.68
2018-09-21 07:00:00,0.04,27.25,78.39,4.18
2018-09-21 08:00:00,0.01,27.86,74.63,4.4
2018-09-21 09:00:00,0.02,28.37,72.76,4.25
2018-09-21 10:00:00,0.02,28.78,71.67,4.15
2018-09-21 11:00:00,0.03,29.06,70.95,4.22
2018-09-21 12:00:00,0.03,29.25,70.12,4.31
2018-09-21 13:00:00,0.04,29.29,70.03,4.28
2018-09-21 14:00:00,0.04,29.23,70.1,4.21
2018-09-21 15:00:00,0.02,29.07,70.52,4.17
2018-09-21 16:00:00,0.01,28.76,71.66,4.09
2018-09-21 17:00:00,0.0,28.3,74.34,3.79
2018-09-21 18:00:00,0.0,27.82,78.29,3.27
2018-09-21 19:00:00,0.0,27.59,80.15,2.9
2018-09-21 20:00:00,0.0,27.42,81.27,2.54
2018-09-21 21:00:00,0.0,27.29,81.96,2.31
2018-09-21 22:00:00,0.01,27.16,82.44,2.28
2018-09-21 23:00:00,0.02,26.99,82.99,2.43
2018-09-22 00:00:00,0.03,26.84,83.65,2.6
2018-09-22 01:00:00,0.04,26.73,84.03,2.7
2018-09-22 02:00:00,0.03,26.65,84.17,2.66
2018-09-22 03:00:00,0.03,26.54,84.32,2.51
2018-09-22 04:00:00,0.02,26.49,83.82,2.3
2018-09-22 05:00:00,0.01,26.46,83.25,2.06
2018-09-22 06:00:00,0.01,26.69,82.68,1.84
2018-09-22 07:00:00,0.01,27.21,78.6,1.78
2018-09-22 08:00:00,0.01,27.57,77.14,1.53
2018-09-22 09:00:00,0.01,27.96,75.44,1.49
2018-09-22 10:00:00,0.01,28.44,73.02,1.65
2018-09-22 11:00:00,0.01,28.88,71.54,1.91
2018-09-22 12:00:00,0.02,29.19,70.88,2.19
2018-09-22 13:00:00,0.01,29.27,70.88,2.48
2018-09-22 14:00:00,0.01,29.27,70.65,2.8
2018-09-22 15:00:00,0.01,29.16,70.66,3.02
2018-09-22 16:00:00,0.01,28.93,71.23,3.12
2018-09-22 17:00:00,0.01,28.53,73.63,3.06
2018-09-22 18:00:00,0.01,28.11,77.67,2.82
2018-09-22 19:00:00,0.01,27.88,80.09,2.67
2018-09-22 20:00:00,0.02,27.71,81.54,2.64
2018-09-22 21:00:00,0.03,27.52,82.86,2.74
2018-09-22 22:00:00,0.03,27.34,84.13,2.84
2018-09-22 23:00:00,0.03,27.16,85.34,2.93
2018-09-23 00:00:00,0.04,26.98,86.41,2.94
2018-09-23 01:00:00,0.06,26.86,86.83,2.84
2018-09-23 02:00:00,0.07,26.79,86.98,2.68
2018-09-23 03:00:00,0.08,26.74,86.93,2.49
2018-09-23 04:00:00,0.08,26.7,86.76,2.27
2018-09-23 05:00:00,0.07,26.7,86.41,2.08
2018-09-23 06:00:00,0.05,26.95,85.61,1.91
2018-09-23 07:00:00,0.04,27.43,82.09,1.96
2018-09-23 08:00:00,0.11,27.7,80.95,1.91
2018-09-23 09:00:00,0.11,27.95,80.25,2.18
2018-09-23 10:00:00,0.1,28.21,79.63,2.66
2018-09-23 11:00:00,0.13,28.38,79.24,3.2
2018-09-23 12:00:00,0.15,28.47,78.99,3.71
2018-09-23 13:00:00,0.17,28.49,78.83,4.15
2018-09-23 14:00:00,0.16,28.51,78.28,4.45
2018-09-23 15:00:00,0.13,28.47,78.09,4.57
2018-09-23 16:00:00,0.13,28.24,79.21,4.58
2018-09-23 17:00:00,0.13,27.94,81.2,4.38
2018-09-23 18:00:00,0.13,27.64,83.43,4.07
2018-09-23 19:00:00,0.14,27.53,84.6,3.84
2018-09-23 20:00:00,0.17,27.45,85.23,3.56
2018-09-23 21:00:00,0.21,27.4,85.46,3.3
2018-09-23 22:00:00,0.32,27.33,85.63,3.18
2018-09-23 23:00:00,0.45,27.23,86.0,3.14
2018-09-24 00:00:00,0.65,27.1,86.59,3.2
2018-09-24 01:00:00,1.13,26.94,87.09,3.35
2018-09-24 02:00:00,1.77,26.76,86.99,3.45
2018-09-24 03:00:00,1.91,26.52,87.1,3.38
2018-09-24 04:00:00,1.52,26.34,86.5,3.0
2018-09-24 05:00:00,1.0,26.19,85.47,2.57
2018-09-24 06:00:00,0.59,26.2,83.88,2.46
2018-09-24 07:00:00,0.33,26.49,80.24,2.93
2018-09-24 08:00:00,1.61,26.85,78.23,3.28
2018-09-24 09:00:00,1.02,27.33,76.37,3.37
2018-09-24 10:00:00,0.85,27.79,73.97,3.41
2018-09-24 11:00:00,0.85,28.04,72.88,3.44
2018-09-24 12:00:00,0.65,28.19,72.56,3.68
2018-09-24 13:00:00,0.65,28.2,73.03,3.98
2018-09-24 14:00:00,0.45,28.11,73.75,4.24
2018-09-24 15:00:00,0.44,27.97,74.38,4.46
2018-09-24 16:00:00,0.49,27.76,75.57,4.47
2018-09-24 17:00:00,0.61,27.46,77.85,4.17
2018-09-24 18:00:00,0.48,27.19,79.72,3.86
2018-09-24 19:00:00,0.32,27.14,79.75,3.74
2018-09-24 20:00:00,0.23,27.13,79.58,3.41
2018-09-24 21:00:00,0.24,27.11,79.52,3.02
2018-09-24 22:00:00,0.25,27.09,79.47,2.75
2018-09-24 23:00:00,0.33,27.06,79.56,2.61
2018-09-25 00:00:00,0.45,27.0,79.95,2.55
2018-09-25 01:00:00,0.8,26.93,80.48,2.52
2018-09-25 02:00:00,0.86,26.86,81.12,2.55
2018-09-25 03:00:00,0.99,26.8,81.89,2.6
2018-09-25 04:00:00,0.91,26.78,82.45,2.62
2018-09-25 05:00:00,0.67,26.76,83.0,2.64
2018-09-25 06:00:00,0.71,27.04,83.16,2.68
2018-09-25 07:00:00,0.94,27.7,80.41,3.24
2018-09-25 08:00:00,0.1,28.13,78.93,3.6
2018-09-25 09:00:00,0.1,28.45,77.41,3.67
2018-09-25 10:00:00,0.1,28.58,76.46,3.65
2018-09-25 11:00:00,0.12,28.7,76.02,3.77
2018-09-25 12:00:00,0.11,28.76,75.51,4.06
2018-09-25 13:00:00,0.09,28.75,75.0,4.39
2018-09-25 14:00:00,0.08,28.67,74.54,4.6
2018-09-25 15:00:00,0.05,28.55,74.19,4.61
2018-09-25 16:00:00,0.04,28.34,74.58,4.44
2018-09-25 17:00:00,0.04,28.01,76.51,3.98
2018-09-25 18:00:00,0.02,27.68,79.09,3.5
2018-09-25 19:00:00,0.02,27.57,79.69,3.29
2018-09-25 20:00:00,0.01,27.5,80.07,3.07
2018-09-25 21:00:00,0.01,27.44,80.41,2.93
2018-09-25 22:00:00,0.01,27.36,80.99,2.8
2018-09-25 23:00:00,0.01,27.26,81.72,2.75
2018-09-26 00:00:00,0.02,27.17,82.64,2.75
2018-09-26 01:00:00,0.02,27.07,83.62,2.75
2018-09-26 02:00:00,0.02,26.99,84.54,2.7
2018-09-26 03:00:00,0.01,26.88,85.38,2.75
2018-09-26 04:00:00,0.01,26.79,86.21,3.09
2018-09-26 05:00:00,0.03,26.74,86.72,3.79
2018-09-26 06:00:00,0.04,26.92,86.18,4.53
2018-09-26 07:00:00,0.02,27.36,83.41,5.22
2018-09-26 08:00:00,0.01,27.74,80.34,5.13
2018-09-26 09:00:00,0.01,28.18,77.09,4.73
2018-09-26 10:00:00,0.0,28.57,74.3,4.37
2018-09-26 11:00:00,0.0,28.95,72.2,4.13
2018-09-26 12:00:00,0.0,29.26,70.96,4.07
2018-09-26 13:00:00,0.01,29.4,70.52,4.17
2018-09-26 14:00:00,0.01,29.39,70.35,4.35
2018-09-26 15:00:00,0.01,29.19,70.65,4.57
2018-09-26 16:00:00,0.01,28.81,71.93,4.74
2018-09-26 17:00:00,0.01,28.23,75.01,4.57
2018-09-26 18:00:00,0.02,27.72,78.03,4.21
2018-09-26 19:00:00,0.03,27.49,79.38,3.93
2018-09-26 20:00:00,0.04,27.38,80.17,3.62
2018-09-26 21:00:00,0.05,27.3,80.92,3.3
2018-09-26 22:00:00,0.07,27.19,81.75,2.89
2018-09-26 23:00:00,0.09,27.06,82.51,2.51
2018-09-27 00:00:00,0.12,26.9,83.39,2.2
2018-09-27 01:00:00,0.23,26.77,83.9,1.99
2018-09-27 02:00:00,0.37,26.67,84.06,1.76
2018-09-27 03:00:00,0.51,26.57,83.84,1.6
2018-09-27 04:00:00,0.55,26.49,84.09,1.79
2018-09-27 05:00:00,0.55,26.46,85.2,2.55
2018-09-27 06:00:00,0.54,26.73,85.47,3.23
2018-09-27 07:00:00,0.48,27.32,82.78,3.7
2018-09-27 08:00:00,0.47,27.86,80.66,3.44
2018-09-27 09:00:00,0.42,28.38,78.35,3.06
2018-09-27 10:00:00,0.37,28.76,76.53,2.76
2018-09-27 11:00:00,0.34,29.03,75.23,2.72
2018-09-27 12:00:00,0.33,29.24,74.55,2.99
2018-09-27 13:00:00,0.28,29.32,74.17,3.34
2018-09-27 14:00:00,0.18,29.19,74.65,3.62
2018-09-27 15:00:00,0.12,28.9,75.79,3.78
2018-09-27 16:00:00,0.1,28.61,77.07,3.76
2018-09-27 17:00:00,0.09,28.27,79.36,3.62
2018-09-27 18:00:00,0.09,27.94,81.98,3.52
2018-09-27 19:00:00,0.09,27.8,83.01,3.79
2018-09-27 20:00:00,0.12,27.66,84.07,4.1
2018-09-27 21:00:00,0.17,27.5,85.17,4.39
2018-09-27 22:00:00,0.26,27.33,86.22,4.65
2018-09-27 23:00:00,0.39,27.12,87.37,4.87
2018-09-28 00:00:00,0.56,26.86,88.4,5.02
2018-09-28 01:00:00,0.75,26.52,89.24,5.15
2018-09-28 02:00:00,0.86,26.23,89.72,5.16
2018-09-28 03:00:00,0.79,26.0,90.2,5.04
2018-09-28 04:00:00,0.55,25.8,90.54,4.71
2018-09-28 05:00:00,0.3,25.67,90.2,4.16
2018-09-28 06:00:00,0.14,25.62,89.78,3.55
2018-09-28 07:00:00,0.07,25.78,88.26,3.12
2018-09-28 08:00:00,0.1,26.0,86.53,2.73
2018-09-28 09:00:00,0.08,26.29,84.53,2.51
2018-09-28 10:00:00,0.08,26.58,82.57,2.55
2018-09-28 11:00:00,0.11,26.8,80.93,2.78
2018-09-28 12:00:00,0.17,26.94,80.4,3.16
2018-09-28 13:00:00,0.21,27.07,80.07,3.7
2018-09-28 14:00:00,0.25,27.19,79.6,4.18
2018-09-28 15:00:00,0.28,27.23,79.22,4.46
2018-09-28 16:00:00,0.35,27.1,79.93,4.52
2018-09-28 17:00:00,0.44,26.89,81.77,4.28
2018-09-28 18:00:00,0.58,26.75,83.68,3.88
2018-09-28 19:00:00,0.75,26.77,84.27,3.64
2018-09-28 20:00:00,0.98,26.8,84.67,3.37
2018-09-28 21:00:00,1.37,26.77,85.29,3.1
2018-09-28 22:00:00,1.99,26.67,86.32,2.96
2018-09-28 23:00:00,2.77,26.56,87.32,3.01
2018-09-29 00:00:00,3.49,26.43,88.45,3.19
2018-09-29 01:00:00,4.06,26.35,89.43,3.53
2018-09-29 02:00:00,4.26,26.3,90.06,3.85
2018-09-29 03:00:00,3.9,26.33,89.98,4.12
2018-09-29 04:00:00,3.18,26.38,89.56,4.27
2018-09-29 05:00:00,2.28,26.41,89.02,4.11
2018-09-29 06:00:00,1.38,26.52,88.26,4.03
2018-09-29 07:00:00,0.79,26.72,86.95,4.15
2018-09-29 08:00:00,0.45,26.86,85.83,4.13
2018-09-29 09:00:00,0.36,26.96,85.18,3.95
2018-09-29 10:00:00,0.31,26.98,84.69,3.89
2018-09-29 11:00:00,0.27,26.87,84.99,4.02
2018-09-29 12:00:00,0.27,26.71,85.72,4.18
2018-09-29 13:00:00,0.24,26.6,86.23,4.31
2018-09-29 14:00:00,0.24,26.61,86.15,4.36
2018-09-29 15:00:00,0.23,26.54,86.26,4.31
2018-09-29 16:00:00,0.21,26.38,86.77,4.14
2018-09-29 17:00:00,0.23,26.28,87.33,3.67
2018-09-29 18:00:00,0.25,26.18,88.24,3.15
2018-09-29 19:00:00,0.28,26.2,88.24,2.91
2018-09-29 20:00:00,0.34,26.24,88.05,2.78
2018-09-29 21:00:00,0.35,26.26,87.87,2.72
2018-09-29 22:00:00,0.4,26.27,87.71,2.69
2018-09-29 23:00:00,0.44,26.24,87.78,2.71
2018-09-30 00:00:00,0.48,26.19,88.02,2.73
2018-09-30 01:00:00,0.49,26.12,88.13,2.69
2018-09-30 02:00:00,0.46,26.07,88.21,2.64
2018-09-30 03:00:00,0.41,26.04,88.22,2.65
2018-09-30 04:00:00,0.35,26.02,88.35,2.71
2018-09-30 05:00:00,0.28,26.06,88.19,2.8
2018-09-30 06:00:00,0.24,26.38,87.57,3.0
2018-09-30 07:00:00,0.24,27.03,84.56,3.47
2018-09-30 08:00:00,0.12,27.55,82.2,3.32
2018-09-30 09:00:00,0.12,28.01,79.85,2.89
2018-09-30 10:00:00,0.13,28.39,77.95,2.55
2018-09-30 11:00:00,0.15,28.69,76.65,2.63
2018-09-30 12:00:00,0.2,28.87,76.08,3.11
2018-09-30 13:00:00,0.24,28.79,76.76,3.76
2018-09-30 14:00:00,0.23,28.53,78.44,4.16
2018-09-30 15:00:00,0.22,28.3,79.86,4.18
2018-09-30 16:00:00,0.2,28.07,81.16,4.0
2018-09-30 17:00:00,0.21,27.82,82.99,3.6
2018-09-30 18:00:00,0.22,27.59,84.87,3.13
2018-09-30 19:00:00,0.21,27.48,85.74,2.89
2018-09-30 20:00:00,0.21,27.36,86.61,2.69
2018-09-30 21:00:00,0.25,27.24,87.41,2.49
2018-09-30 22:00:00,0.27,27.04,88.39,2.25
2018-09-30 23:00:00,0.3,26.8,89.52,1.96
2018-10-01 00:00:00,0.33,26.61,90.23,1.64
2018-10-01 01:00:00,0.34,26.51,90.05,1.27
2018-10-01 02:00:00,0.33,26.55,88.89,0.95
2018-10-01 03:00:00,0.29,26.64,87.56,0.52
2018-10-01 04:00:00,0.24,26.71,86.83,0.23
2018-10-01 05:00:00,0.22,26.68,87.14,0.76
2018-10-01 06:00:00,0.21,26.73,88.26,1.4
2018-10-01 07:00:00,0.22,27.2,86.34,2.4
2018-10-01 08:00:00,0.16,27.63,84.02,2.36
2018-10-01 09:00:00,0.12,28.15,80.73,1.88
2018-10-01 10:00:00,0.09,28.62,78.03,1.93
2018-10-01 11:00:00,0.07,29.02,75.94,2.35
2018-10-01 12:00:00,0.06,29.2,75.03,2.83
2018-10-01 13:00:00,0.08,29.17,75.13,3.27
2018-10-01 14:00:00,0.09,29.01,76.14,3.69
2018-10-01 15:00:00,0.1,28.76,77.63,3.92
2018-10-01 16:00:00,0.1,28.42,79.6,4.01
2018-10-01 17:00:00,0.11,28.05,82.09,3.86
2018-10-01 18:00:00,0.11,27.72,84.77,3.5
2018-10-01 19:00:00,0.12,27.56,85.94,3.26
2018-10-01 20:00:00,0.13,27.46,86.37,2.98
2018-10-01 21:00:00,0.12,27.35,86.73,2.73
2018-10-01 22:00:00,0.12,27.26,86.92,2.57
2018-10-01 23:00:00,0.1,27.12,87.27,2.43
2018-10-02 00:00:00,0.09,27.0,87.47,2.31
2018-10-02 01:00:00,0.09,26.88,87.62,2.11
2018-10-02 02:00:00,0.08,26.79,87.56,1.88
2018-10-02 03:00:00,0.08,26.78,87.21,1.68
2018-10-02 04:00:00,0.07,26.82,86.45,1.47
2018-10-02 05:00:00,0.07,26.9,85.39,1.23
2018-10-02 06:00:00,0.07,27.07,84.53,1.01
2018-10-02 07:00:00,0.07,27.4,82.63,0.98
2018-10-02 08:00:00,0.17,27.67,81.52,1.04
2018-10-02 09:00:00,0.16,27.97,79.95,1.06
2018-10-02 10:00:00,0.17,28.21,78.38,1.15
2018-10-02 11:00:00,0.2,28.36,77.42,1.44
2018-10-02 12:00:00,0.26,28.46,77.1,1.92
2018-10-02 13:00:00,0.31,28.29,78.39,2.47
2018-10-02 14:00:00,0.34,28.0,80.53,2.99
2018-10-02 15:00:00,0.32,27.71,82.55,3.23
2018-10-02 16:00:00,0.33,27.41,84.26,3.18
2018-10-02 17:00:00,0.45,27.14,85.96,2.88
2018-10-02 18:00:00,0.53,26.94,87.78,2.45
2018-10-02 19:00:00,0.65,26.88,88.33,2.25
2018-10-02 20:00:00,0.81,26.84,88.72,2.13
2018-10-02 21:00:00,0.92,26.78,89.14,2.1
2018-10-02 22:00:00,1.05,26.71,89.63,2.14
2018-10-02 23:00:00,1.2,26.6,90.21,2.13
2018-10-03 00:00:00,1.31,26.47,90.92,2.15
2018-10-03 01:00:00,1.4,26.37,91.35,2.19
2018-10-03 02:00:00,1.34,26.27,91.81,2.18
2018-10-03 03:00:00,1.27,26.23,91.87,2.12
2018-10-03 04:00:00,1.19,26.19,91.89,2.06
2018-10-03 05:00:00,0.98,26.2,91.65,1.98
2018-10-03 06:00:00,0.9,26.36,91.22,1.88
2018-10-03 07:00:00,0.88,26.74,89.12,2.07
2018-10-03 08:00:00,0.84,26.99,87.56,1.94
2018-10-03 09:00:00,0.87,27.27,85.5,1.82
2018-10-03 10:00:00,0.99,27.43,84.46,1.93
2018-10-03 11:00:00,1.11,27.54,83.63,2.22
2018-10-03 12:00:00,1.25,27.59,83.01,2.62
2018-10-03 13:00:00,1.35,27.56,83.18,3.08
2018-10-03 14:00:00,1.47,27.45,83.98,3.33
2018-10-03 15:00:00,1.58,27.25,85.07,3.3
2018-10-03 16:00:00,1.69,27.06,86.05,3.2
2018-10-03 17:00:00,1.98,26.83,87.57,3.08
2018-10-03 18:00:00,2.37,26.62,89.38,2.88
2018-10-03 19:00:00,2.79,26.56,89.98,2.74
2018-10-03 20:00:00,3.37,26.57,90.08,2.5
2018-10-03 21:00:00,3.69,26.54,90.26,2.24
2018-10-03 22:00:00,3.61,26.47,90.58,1.98
2018-10-03 23:00:00,3.27,26.41,90.71,1.69
2018-10-04 00:00:00,2.91,26.34,90.84,1.45
2018-10-04 01:00:00,2.67,26.29,90.95,1.4
2018-10-04 02:00:00,2.37,26.24,91.6,1.61
2018-10-04 03:00:00,2.22,26.25,91.88,1.73
2018-10-04 04:00:00,2.14,26.29,91.64,1.63
2018-10-04 05:00:00,2.17,26.36,90.9,1.39
2018-10-04 06:00:00,2.16,26.51,89.98,1.02
2018-10-04 07:00:00,2.2,26.78,88.21,0.54
2018-10-04 08:00:00,2.34,27.1,86.52,0.88
2018-10-04 09:00:00,2.11,27.55,83.54,1.29
2018-10-04 10:00:00,1.85,28.06,80.15,1.48
2018-10-04 11:00:00,1.48,28.53,77.17,1.66
2018-10-04 12:00:00,1.19,28.91,75.16,1.85
2018-10-04 13:00:00,0.95,29.21,74.35,1.93
2018-10-04 14:00:00,0.74,29.37,73.93,2.03
2018-10-04 15:00:00,0.74,29.34,74.02,2.23
2018-10-04 16:00:00,0.78,29.09,75.02,2.51
2018-10-04 17:00:00,0.8,28.56,78.19,2.82
2018-10-04 18:00:00,0.82,27.9,83.41,2.92
2018-10-04 19:00:00,0.88,27.54,85.89,2.84
2018-10-04 20:00:00,0.97,27.35,87.07,2.42
2018-10-04 21:00:00,1.01,27.23,87.47,1.96
2018-10-04 22:00:00,0.93,27.15,87.22,1.53
2018-10-04 23:00:00,0.72,27.07,86.67,1.01
2018-10-05 00:00:00,0.55,26.94,86.52,0.65
2018-10-05 01:00:00,0.38,26.77,86.8,0.8
2018-10-05 02:00:00,0.28,26.64,86.94,0.96
2018-10-05 03:00:00,0.22,26.52,87.0,0.91
2018-10-05 04:00:00,0.2,26.45,86.28,0.84
2018-10-05 05:00:00,0.3,26.4,85.47,0.99
2018-10-05 06:00:00,0.73,26.43,85.39,1.29
2018-10-05 07:00:00,1.82,26.73,84.08,1.94
2018-10-05 08:00:00,0.62,27.0,81.99,2.63
2018-10-05 09:00:00,0.97,27.26,81.5,2.75
2018-10-05 10:00:00,1.14,27.53,81.17,2.92
2018-10-05 11:00:00,1.13,27.97,79.43,3.22
2018-10-05 12:00:00,1.22,28.42,77.54,3.32
2018-10-05 13:00:00,1.06,28.78,75.95,3.37
2018-10-05 14:00:00,0.76,28.88,75.58,3.15
2018-10-05 15:00:00,0.62,28.82,76.31,2.71
2018-10-05 16:00:00,0.51,28.66,78.2,2.3
2018-10-05 17:00:00,0.41,28.35,81.99,2.15
2018-10-05 18:00:00,0.34,27.98,84.6,2.52
2018-10-05 19:00:00,0.29,27.68,86.46,3.06
2018-10-05 20:00:00,0.25,27.38,87.62,3.76
2018-10-05 21:00:00,0.24,27.09,87.16,4.43
2018-10-05 22:00:00,0.22,26.81,85.81,4.9
2018-10-05 23:00:00,0.21,26.54,86.14,4.89
2018-10-06 00:00:00,0.21,26.36,86.52,4.97
2018-10-06 01:00:00,0.18,26.24,87.06,5.19
2018-10-06 02:00:00,0.17,26.19,87.41,5.28
2018-10-06 03:00:00,0.12,26.2,87.65,5.3
2018-10-06 04:00:00,0.08,26.24,87.76,5.3
2018-10-06 05:00:00,0.07,26.34,87.54,5.14
2018-10-06 06:00:00,0.08,26.66,86.7,4.94
2018-10-06 07:00:00,0.11,27.41,83.6,5.18
2018-10-06 08:00:00,0.24,28.18,81.05,5.63
2018-10-06 09:00:00,0.32,28.97,78.14,6.22
2018-10-06 10:00:00,0.42,29.4,76.69,6.44
2018-10-06 11:00:00,0.54,29.56,76.42,6.47
2018-10-06 12:00:00,0.61,29.59,76.32,6.49
2018-10-06 13:00:00,0.67,29.49,76.52,6.46
2018-10-06 14:00:00,0.66,29.25,77.54,6.32
2018-10-06 15:00:00,0.67,28.9,79.36,6.05
2018-10-06 16:00:00,0.75,28.53,81.5,5.59
2018-10-06 17:00:00,0.78,28.05,84.66,4.89
2018-10-06 18:00:00,0.81,27.67,87.01,4.32
2018-10-06 19:00:00,0.78,27.51,87.88,3.96
2018-10-06 20:00:00,0.72,27.41,88.22,3.68
2018-10-06 21:00:00,0.76,27.3,88.52,3.44
2018-10-06 22:00:00,0.8,27.21,88.55,3.19
2018-10-06 23:00:00,0.83,27.08,88.76,3.01
2018-10-07 00:00:00,0.83,26.93,89.11,2.93
2018-10-07 01:00:00,0.77,26.79,89.5,2.91
2018-10-07 02:00:00,0.65,26.69,89.77,2.96
2018-10-07 03:00:00,0.52,26.65,89.81,3.05
2018-10-07 04:00:00,0.43,26.62,89.83,3.12
2018-10-07 05:00:00,0.27,26.6,89.82,3.19
2018-10-07 06:00:00,0.18,26.81,89.27,3.36
2018-10-07 07:00:00,0.11,27.36,86.45,4.03
2018-10-07 08:00:00,0.21,27.76,84.07,4.24
2018-10-07 09:00:00,0.12,28.09,82.14,4.41
2018-10-07 10:00:00,0.09,28.33,80.6,4.59
2018-10-07 11:00:00,0.07,28.49,79.51,4.75
2018-10-07 12:00:00,0.13,28.58,78.77,4.86
2018-10-07 13:00:00,0.21,28.69,77.73,4.88
2018-10-07 14:00:00,0.42,28.77,76.78,4.85
2018-10-07 15:00:00,0.75,28.7,76.85,4.75
2018-10-07 16:00:00,1.2,28.47,78.06,4.54
2018-10-07 17:00:00,1.5,27.97,81.75,4.1
2018-10-07 18:00:00,1.65,27.49,84.91,3.76
2018-10-07 19:00:00,1.61,27.31,85.61,3.75
2018-10-07 20:00:00,1.3,27.18,85.98,3.76
2018-10-07 21:00:00,1.21,27.06,86.18,3.83
2018-10-07 22:00:00,1.09,26.91,86.58,3.81
2018-10-07 23:00:00,0.88,26.73,87.2,3.76
2018-10-08 00:00:00,1.0,26.55,87.88,3.6
2018-10-08 01:00:00,0.92,26.36,88.61,3.39
2018-10-08 02:00:00,0.79,26.23,88.93,3.13
2018-10-08 03:00:00,0.85,26.14,88.9,2.82
2018-10-08 04:00:00,0.94,26.1,88.49,2.6
2018-10-08 05:00:00,0.88,26.11,87.84,2.44
2018-10-08 06:00:00,0.81,26.38,86.87,2.37
2018-10-08 07:00:00,0.92,26.99,83.23,2.62
2018-10-08 08:00:00,0.3,27.36,81.73,2.62
2018-10-08 09:00:00,0.41,27.77,80.06,2.81
2018-10-08 10:00:00,0.46,28.04,79.49,3.28
2018-10-08 11:00:00,0.56,28.13,79.93,3.88
2018-10-08 12:00:00,0.67,28.07,80.64,4.36
2018-10-08 13:00:00,0.81,27.93,81.57,4.67
2018-10-08 14:00:00,0.83,27.82,82.11,4.76
2018-10-08 15:00:00,0.9,27.78,82.08,4.71
2018-10-08 16:00:00,0.88,27.61,82.53,4.57
2018-10-08 17:00:00,0.87,27.32,84.12,4.17
2018-10-08 18:00:00,0.87,27.07,86.0,3.67
2018-10-08 19:00:00,0.83,27.01,86.23,3.51
2018-10-08 20:00:00,0.77,26.95,86.28,3.41
2018-10-08 21:00:00,0.83,26.88,86.34,3.34
2018-10-08 22:00:00,1.12,26.79,86.52,3.31
2018-10-08 23:00:00,1.45,26.7,86.81,3.34
2018-10-09 00:00:00,1.69,26.6,87.2,3.39
2018-10-09 01:00:00,1.67,26.46,87.62,3.29
2018-10-09 02:00:00,1.34,26.32,87.85,3.13
2018-10-09 03:00:00,0.93,26.27,87.63,2.98
2018-10-09 04:00:00,0.58,26.23,87.49,2.85
2018-10-09 05:00:00,0.33,26.22,87.31,2.73
2018-10-09 06:00:00,0.17,26.41,86.8,2.63
2018-10-09 07:00:00,0.1,26.91,84.33,2.8
2018-10-09 08:00:00,0.02,27.23,83.1,2.69
2018-10-09 09:00:00,0.02,27.6,81.72,2.5
2018-10-09 10:00:00,0.05,27.86,80.42,2.17
2018-10-09 11:00:00,0.08,28.04,78.89,1.93
2018-10-09 12:00:00,0.11,28.06,78.43,2.08
2018-10-09 13:00:00,0.16,28.01,78.59,2.52
2018-10-09 14:00:00,0.19,27.94,78.7,2.83
2018-10-09 15:00:00,0.19,27.85,78.94,2.93
2018-10-09 16:00:00,0.16,27.72,79.49,2.96
2018-10-09 17:00:00,0.1,27.46,81.92,2.75
2018-10-09 18:00:00,0.06,27.19,84.39,2.57
2018-10-09 19:00:00,0.04,27.07,84.88,2.6
2018-10-09 20:00:00,0.05,26.95,85.45,2.67
2018-10-09 21:00:00,0.06,26.85,86.16,2.85
2018-10-09 22:00:00,0.07,26.72,86.87,3.01
2018-10-09 23:00:00,0.08,26.59,87.38,3.16
2018-10-10 00:00:00,0.07,26.46,87.63,3.4
2018-10-10 01:00:00,0.08,26.36,87.27,3.71
2018-10-10 02:00:00,0.09,26.28,86.48,3.89
2018-10-10 03:00:00,0.11,26.23,85.44,3.89
2018-10-10 04:00:00,0.11,26.18,84.93,3.74
2018-10-10 05:00:00,0.11,26.19,84.28,3.5
2018-10-10 06:00:00,0.11,26.4,83.26,3.23
2018-10-10 07:00:00,0.1,27.02,79.71,3.4
2018-10-10 08:00:00,0.18,27.38,77.16,3.48
2018-10-10 09:00:00,0.16,27.73,75.19,3.59
2018-10-10 10:00:00,0.15,28.06,73.59,3.91
2018-10-10 11:00:00,0.18,28.31,72.7,4.33
2018-10-10 12:00:00,0.2,28.46,72.22,4.78
2018-10-10 13:00:00,0.2,28.52,72.55,5.12
2018-10-10 14:00:00,0.2,28.51,73.3,5.27
2018-10-10 15:00:00,0.18,28.43,74.23,5.18
2018-10-10 16:00:00,0.15,28.29,75.67,4.91
2018-10-10 17:00:00,0.12,27.96,78.97,4.31
2018-10-10 18:00:00,0.1,27.64,81.55,3.75
2018-10-10 19:00:00,0.09,27.55,82.49,3.4
2018-10-10 20:00:00,0.1,27.45,83.53,3.35
2018-10-10 21:00:00,0.11,27.3,84.57,3.47
2018-10-10 22:00:00,0.15,27.15,85.25,3.41
2018-10-10 23:00:00,0.15,27.05,85.54,3.22
2018-10-11 00:00:00,0.18,26.96,85.89,3.1
2018-10-11 01:00:00,0.18,26.88,86.37,3.14
2018-10-11 02:00:00,0.18,26.81,86.69,3.22
2018-10-11 03:00:00,0.2,26.76,86.77,3.24
2018-10-11 04:00:00,0.22,26.74,86.74,3.24
2018-10-11 05:00:00,0.24,26.72,86.73,3.18
2018-10-11 06:00:00,0.27,26.91,86.48,3.13
2018-10-11 07:00:00,0.3,27.53,83.71,3.56
2018-10-11 08:00:00,1.87,27.94,82.2,3.71
2018-10-11 09:00:00,1.81,28.32,81.31,3.71
2018-10-11 10:00:00,1.59,28.61,80.68,3.81
2018-10-11 11:00:00,1.37,28.82,80.26,3.96
2018-10-11 12:00:00,1.1,28.97,79.77,4.11
2018-10-11 13:00:00,0.83,29.03,79.27,4.22
2018-10-11 14:00:00,0.61,29.08,78.66,4.23
2018-10-11 15:00:00,0.33,29.08,78.14,4.18
2018-10-11 16:00:00,0.18,28.9,78.86,4.17
2018-10-11 17:00:00,0.15,28.47,82.11,3.91
2018-10-11 18:00:00,0.17,28.1,84.58,3.6
2018-10-11 19:00:00,0.18,27.98,85.12,3.48
2018-10-11 20:00:00,0.21,27.9,85.46,3.34
2018-10-11 21:00:00,0.26,27.82,85.84,3.27
2018-10-11 22:00:00,0.28,27.72,86.29,3.35
2018-10-11 23:00:00,0.41,27.6,86.85,3.45
2018-10-12 00:00:00,0.58,27.47,87.36,3.55
2018-10-12 01:00:00,0.73,27.37,87.63,3.6
2018-10-12 02:00:00,1.01,27.27,87.72,3.5
2018-10-12 03:00:00,0.97,27.2,87.65,3.3
2018-10-12 04:00:00,0.98,27.17,87.46,3.11
2018-10-12 05:00:00,1.09,27.15,87.36,2.94
2018-10-12 06:00:00,0.89,27.35,87.16,2.84
2018-10-12 07:00:00,0.84,28.02,84.58,3.26
2018-10-12 08:00:00,0.05,28.41,82.51,3.52
2018-10-12 09:00:00,0.04,28.8,80.13,3.56
2018-10-12 10:00:00,0.03,29.15,77.58,3.55
2018-10-12 11:00:00,0.02,29.38,75.84,3.53
2018-10-12 12:00:00,0.02,29.52,74.74,3.51
2018-10-12 13:00:00,0.01,29.54,74.25,3.6
2018-10-12 14:00:00,0.01,29.49,73.89,3.63
2018-10-12 15:00:00,0.01,29.39,73.73,3.51
2018-10-12 16:00:00,0.01,29.16,74.57,3.33
2018-10-12 17:00:00,0.01,28.7,78.55,2.87
2018-10-12 18:00:00,0.01,28.24,82.39,2.4
2018-10-12 19:00:00,0.02,28.05,83.42,2.15
2018-10-12 20:00:00,0.02,27.93,84.1,2.08
2018-10-12 21:00:00,0.02,27.78,84.87,2.11
2018-10-12 22:00:00,0.03,27.63,85.58,2.13
2018-10-12 23:00:00,0.04,27.49,86.12,2.18
2018-10-13 00:00:00,0.04,27.32,86.79,2.2
2018-10-13 01:00:00,0.04,27.16,87.38,2.22
2018-10-13 02:00:00,0.05,27.04,87.7,2.26
2018-10-13 03:00:00,0.05,26.94,87.79,2.33
2018-10-13 04:00:00,0.04,26.86,87.58,2.36
2018-10-13 05:00:00,0.11,26.79,87.38,2.36
2018-10-13 06:00:00,0.13,26.88,87.14,2.36
2018-10-13 07:00:00,0.13,27.38,84.26,2.73
2018-10-13 08:00:00,0.21,27.63,82.15,2.83
2018-10-13 09:00:00,0.19,27.74,81.43,2.84
2018-10-13 10:00:00,0.2,27.85,81.27,2.91
2018-10-13 11:00:00,0.21,27.98,81.13,3.03
2018-10-13 12:00:00,0.23,28.04,80.85,3.22
2018-10-13 13:00:00,0.25,28.04,80.74,3.48
2018-10-13 14:00:00,0.26,27.95,80.83,3.61
2018-10-13 15:00:00,0.25,27.84,80.5,3.52
2018-10-13 16:00:00,0.28,27.68,80.61,3.35
2018-10-13 17:00:00,0.31,27.39,82.3,3.1
2018-10-13 18:00:00,0.35,27.11,84.91,2.91
2018-10-13 19:00:00,0.44,27.0,85.83,3.04
2018-10-13 20:00:00,0.49,26.93,86.5,3.22
2018-10-13 21:00:00,0.62,26.86,87.27,3.44
2018-10-13 22:00:00,0.83,26.75,88.14,3.67
2018-10-13 23:00:00,1.09,26.62,88.91,3.8
2018-10-14 00:00:00,1.36,26.46,89.65,3.77
2018-10-14 01:00:00,1.56,26.29,89.9,3.53
2018-10-14 02:00:00,1.55,26.17,88.83,3.04
2018-10-14 03:00:00,1.49,26.04,88.07,2.49
2018-10-14 04:00:00,1.51,25.92,87.47,2.14
2018-10-14 05:00:00,1.64,25.86,86.85,1.96
2018-10-14 06:00:00,1.69,25.97,86.07,1.82
2018-10-14 07:00:00,1.49,26.41,82.57,1.96
2018-10-14 08:00:00,5.65,26.78,80.64,2.07
2018-10-14 09:00:00,4.02,27.21,79.4,2.13
2018-10-14 10:00:00,2.44,27.56,78.66,2.4
2018-10-14 11:00:00,1.55,27.81,78.43,2.87
2018-10-14 12:00:00,1.28,27.87,78.67,3.34
2018-10-14 13:00:00,0.98,27.84,78.82,3.61
2018-10-14 14:00:00,0.69,27.75,78.98,3.67
2018-10-14 15:00:00,0.53,27.63,79.14,3.66
2018-10-14 16:00:00,0.48,27.45,79.78,3.56
2018-10-14 17:00:00,0.43,27.2,81.61,3.27
2018-10-14 18:00:00,0.47,27.02,83.07,2.96
2018-10-14 19:00:00,0.48,27.0,83.13,2.79
2018-10-14 20:00:00,0.5,26.98,82.97,2.59
2018-10-14 21:00:00,0.55,26.96,82.87,2.52
2018-10-14 22:00:00,0.57,26.93,82.79,2.51
2018-10-14 23:00:00,0.47,26.87,82.72,2.55
2018-10-15 00:00:00,0.45,26.8,82.72,2.56
2018-10-15 01:00:00,0.39,26.73,82.59,2.48
2018-10-15 02:00:00,0.25,26.69,81.98,2.26
2018-10-15 03:00:00,0.19,26.69,80.98,1.99
2018-10-15 04:00:00,0.17,26.74,79.77,1.75
2018-10-15 05:00:00,0.2,26.84,78.31,1.54
2018-10-15 06:00:00,0.15,27.0,77.59,1.38
2018-10-15 07:00:00,0.17,27.48,74.93,1.49
2018-10-15 08:00:00,0.11,27.88,73.15,1.49
2018-10-15 09:00:00,0.13,28.26,72.69,1.38
2018-10-15 10:00:00,0.2,28.56,72.3,1.53
2018-10-15 11:00:00,0.24,28.69,72.33,1.93
2018-10-15 12:00:00,0.29,28.68,72.87,2.41
2018-10-15 13:00:00,0.34,28.61,73.66,2.81
2018-10-15 14:00:00,0.31,28.49,74.36,3.06
2018-10-15 15:00:00,0.27,28.35,74.99,3.22
2018-10-15 16:00:00,0.27,28.16,76.04,3.22
2018-10-15 17:00:00,0.23,27.84,78.96,2.96
2018-10-15 18:00:00,0.22,27.64,80.68,2.84
2018-10-15 19:00:00,0.2,27.6,81.02,2.87
2018-10-15 20:00:00,0.21,27.51,81.38,2.81
2018-10-15 21:00:00,0.24,27.34,82.17,2.68
2018-10-15 22:00:00,0.26,27.08,83.34,2.44
2018-10-15 23:00:00,0.27,26.83,83.82,1.95
2018-10-16 00:00:00,0.33,26.5,84.32,1.47
2018-10-16 01:00:00,0.37,26.16,84.84,1.52
2018-10-16 02:00:00,0.41,26.03,84.55,1.87
2018-10-16 03:00:00,0.36,25.94,84.22,2.13
2018-10-16 04:00:00,0.34,25.88,83.1,2.04
2018-10-16 05:00:00,0.29,25.91,81.42,1.79
2018-10-16 06:00:00,0.24,26.16,79.75,1.59
2018-10-16 07:00:00,0.27,26.87,75.1,1.91
2018-10-16 08:00:00,0.34,27.4,72.54,2.06
2018-10-16 09:00:00,0.43,27.84,72.09,2.23
2018-10-16 10:00:00,0.53,28.35,71.33,2.38
2018-10-16 11:00:00,0.69,28.69,71.25,2.44
2018-10-16 12:00:00,0.98,28.8,71.82,2.48
2018-10-16 13:00:00,1.29,28.72,72.66,2.61
2018-10-16 14:00:00,1.47,28.57,73.83,2.81
2018-10-16 15:00:00,1.75,28.37,75.38,2.96
2018-10-16 16:00:00,1.94,28.07,77.87,2.9
2018-10-16 17:00:00,2.12,27.73,81.18,2.55
2018-10-16 18:00:00,2.34,27.5,83.36,2.33
2018-10-16 19:00:00,2.54,27.39,84.14,2.29
2018-10-16 20:00:00,3.32,27.25,84.98,2.38
2018-10-16 21:00:00,4.14,27.05,85.88,2.64
2018-10-16 22:00:00,3.63,26.82,86.17,2.92
2018-10-16 23:00:00,2.35,26.58,86.27,3.18
2018-10-17 00:00:00,1.3,26.35,86.68,3.38
2018-10-17 01:00:00,0.93,26.12,87.29,3.38
2018-10-17 02:00:00,0.75,25.94,87.54,3.07
2018-10-17 03:00:00,0.59,25.81,87.26,2.73
2018-10-17 04:00:00,0.5,25.73,86.64,2.48
2018-10-17 05:00:00,0.35,25.66,85.79,2.2
2018-10-17 06:00:00,0.29,25.77,84.44,1.84
2018-10-17 07:00:00,0.21,26.16,80.22,1.67
2018-10-17 08:00:00,0.11,26.36,77.35,1.12
2018-10-17 09:00:00,0.07,26.5,75.94,0.56
2018-10-17 10:00:00,0.05,26.75,73.25,0.11
2018-10-17 11:00:00,0.05,27.19,69.67,0.24
2018-10-17 12:00:00,0.06,27.44,67.97,0.41
2018-10-17 13:00:00,0.07,27.68,66.83,0.56
2018-10-17 14:00:00,0.07,27.96,65.95,0.95
2018-10-17 15:00:00,0.07,28.15,65.08,1.27
2018-10-17 16:00:00,0.05,28.21,64.65,1.39
2018-10-17 17:00:00,0.05,27.99,67.39,1.35
2018-10-17 18:00:00,0.04,27.72,72.05,1.15
2018-10-17 19:00:00,0.03,27.74,70.99,1.06
2018-10-17 20:00:00,0.03,27.77,69.68,0.91
2018-10-17 21:00:00,0.03,27.76,68.97,0.77
2018-10-17 22:00:00,0.02,27.71,68.82,0.67
2018-10-17 23:00:00,0.03,27.62,69.06,0.63
2018-10-18 00:00:00,0.04,27.45,70.18,0.73
2018-10-18 01:00:00,0.03,27.24,72.0,0.9
2018-10-18 02:00:00,0.02,27.0,74.24,1.05
2018-10-18 03:00:00,0.01,26.81,76.02,1.12
2018-10-18 04:00:00,0.01,26.67,77.28,1.13
2018-10-18 05:00:00,0.0,26.6,77.93,1.14
2018-10-18 06:00:00,0.0,26.64,79.09,1.13
2018-10-18 07:00:00,0.0,27.13,77.25,1.39
2018-10-18 08:00:00,0.01,27.48,76.11,1.46
2018-10-18 09:00:00,0.01,27.84,75.15,1.46
2018-10-18 10:00:00,0.02,28.24,73.33,1.52
2018-10-18 11:00:00,0.03,28.6,71.7,1.6
2018-10-18 12:00:00,0.04,28.88,70.43,1.71
2018-10-18 13:00:00,0.04,29.04,69.92,1.83
2018-10-18 14:00:00,0.05,29.07,69.84,2.0
2018-10-18 15:00:00,0.06,28.98,70.06,2.17
2018-10-18 16:00:00,0.11,28.75,71.27,2.35
2018-10-18 17:00:00,0.11,28.34,75.07,2.32
2018-10-18 18:00:00,0.13,28.01,78.5,2.32
2018-10-18 19:00:00,0.18,27.87,79.58,2.37
2018-10-18 20:00:00,0.23,27.77,80.22,2.31
2018-10-18 21:00:00,0.26,27.65,80.73,2.2
2018-10-18 22:00:00,0.4,27.51,81.29,2.14
2018-10-18 23:00:00,0.53,27.37,82.09,2.2
2018-10-19 00:00:00,0.65,27.21,83.11,2.31
2018-10-19 01:00:00,0.76,27.06,84.04,2.43
2018-10-19 02:00:00,0.92,26.94,84.68,2.47
2018-10-19 03:00:00,0.87,26.85,85.0,2.47
2018-10-19 04:00:00,0.88,26.78,85.25,2.47
2018-10-19 05:00:00,0.92,26.73,85.33,2.37
2018-10-19 06:00:00,0.89,26.79,85.33,2.18
2018-10-19 07:00:00,0.85,27.0,84.35,2.09
2018-10-19 08:00:00,0.2,27.13,83.1,2.02
2018-10-19 09:00:00,0.19,27.2,82.55,1.62
2018-10-19 10:00:00,0.17,27.26,82.14,1.13
2018-10-19 11:00:00,0.16,27.33,81.34,0.8
2018-10-19 12:00:00,0.17,27.42,80.39,0.75
2018-10-19 13:00:00,0.19,27.57,79.18,0.96
2018-10-19 14:00:00,0.18,27.71,78.33,1.27
2018-10-19 15:00:00,0.18,27.79,77.88,1.52
2018-10-19 16:00:00,0.19,27.8,78.16,1.63
2018-10-19 17:00:00,0.21,27.66,80.66,1.47
2018-10-19 18:00:00,0.23,27.54,81.3,1.44
2018-10-19 19:00:00,0.25,27.53,80.81,1.43
2018-10-19 20:00:00,0.28,27.55,80.12,1.37
2018-10-19 21:00:00,0.32,27.57,79.4,1.29
2018-10-19 22:00:00,0.36,27.51,79.4,1.29
2018-10-19 23:00:00,0.35,27.39,80.04,1.38
2018-10-20 00:00:00,0.45,27.26,80.71,1.45
2018-10-20 01:00:00,0.52,27.22,80.46,1.28
2018-10-20 02:00:00,0.69,27.11,80.74,1.12
2018-10-20 03:00:00,0.92,26.95,81.65,1.13
2018-10-20 04:00:00,1.31,26.8,82.62,1.22
2018-10-20 05:00:00,1.89,26.7,83.47,1.35
2018-10-20 06:00:00,2.68,26.66,85.03,1.69
2018-10-20 07:00:00,3.7,27.08,84.09,2.49
2018-10-20 08:00:00,1.37,27.41,82.45,2.43
2018-10-20 09:00:00,1.93,27.63,80.84,1.32
2018-10-20 10:00:00,2.6,27.81,80.58,2.0
2018-10-20 11:00:00,2.89,27.78,82.34,3.26
2018-10-20 12:00:00,2.25,27.6,84.28,4.4
2018-10-20 13:00:00,1.48,27.35,85.76,5.02
2018-10-20 14:00:00,1.15,27.19,86.34,5.27
2018-10-20 15:00:00,0.97,27.13,86.18,5.31
2018-10-20 16:00:00,0.78,27.07,86.23,5.13
2018-10-20 17:00:00,0.69,26.96,86.65,4.86
2018-10-20 18:00:00,0.73,26.88,86.95,4.7
2018-10-20 19:00:00,0.87,26.85,87.11,4.51
2018-10-20 20:00:00,0.97,26.77,87.44,4.11
2018-10-20 21:00:00,0.87,26.6,88.33,3.64
2018-10-20 22:00:00,0.68,26.33,87.23,3.61
2018-10-20 23:00:00,0.54,25.89,84.41,3.58
2018-10-21 00:00:00,0.46,25.45,83.83,2.85
2018-10-21 01:00:00,0.37,25.16,82.68,1.9
2018-10-21 02:00:00,0.27,25.04,80.99,1.15
2018-10-21 03:00:00,0.17,25.17,78.52,0.79
2018-10-21 04:00:00,0.1,25.41,76.94,0.8
2018-10-21 05:00:00,0.07,25.68,75.75,0.85
2018-10-21 06:00:00,0.06,26.01,74.67,0.8
2018-10-21 07:00:00,0.05,26.48,73.78,0.8
2018-10-21 08:00:00,0.08,27.09,71.17,0.84
2018-10-21 09:00:00,0.07,27.7,70.27,0.92
2018-10-21 10:00:00,0.1,28.16,69.71,1.16
2018-10-21 11:00:00,0.11,28.33,70.08,1.53
2018-10-21 12:00:00,0.15,28.31,71.16,1.99
2018-10-21 13:00:00,0.16,28.17,72.77,2.46
2018-10-21 14:00:00,0.15,27.99,74.38,2.84
2018-10-21 15:00:00,0.16,27.82,75.71,3.0
2018-10-21 16:00:00,0.17,27.68,77.08,3.04
2018-10-21 17:00:00,0.2,27.42,80.05,2.81
2018-10-21 18:00:00,0.25,27.21,82.06,2.78
2018-10-21 19:00:00,0.28,27.07,83.37,2.94
2018-10-21 20:00:00,0.39,26.89,85.01,3.11
2018-10-21 21:00:00,0.56,26.63,87.14,3.28
2018-10-21 22:00:00,0.81,26.38,89.27,3.42
2018-10-21 23:00:00,1.08,26.18,90.78,3.5
2018-10-22 00:00:00,1.26,26.08,91.61,3.64
2018-10-22 01:00:00,1.33,26.04,92.09,3.97
2018-10-22 02:00:00,1.18,26.07,92.11,4.16
2018-10-22 03:00:00,0.91,26.12,91.65,4.04
2018-10-22 04:00:00,0.67,26.14,90.87,3.53
2018-10-22 05:00:00,0.5,26.12,89.71,2.84
2018-10-22 06:00:00,0.45,26.14,87.83,2.34
2018-10-22 07:00:00,0.44,26.38,84.57,2.27
2018-10-22 08:00:00,0.73,26.65,80.03,2.58
2018-10-22 09:00:00,0.66,26.83,77.28,2.49
2018-10-22 10:00:00,0.62,27.02,76.14,2.1
2018-10-22 11:00:00,0.59,27.26,75.29,1.59
2018-10-22 12:00:00,0.54,27.58,74.07,1.04
2018-10-22 13:00:00,0.46,27.85,72.84,0.56
2018-10-22 14:00:00,0.39,28.06,72.08,0.51
2018-10-22 15:00:00,0.37,28.16,72.19,1.09
2018-10-22 16:00:00,0.34,28.06,73.9,1.69
2018-10-22 17:00:00,0.3,27.68,78.34,1.87
2018-10-22 18:00:00,0.29,27.4,80.03,1.98
2018-10-22 19:00:00,0.28,27.28,80.47,2.02
2018-10-22 20:00:00,0.29,27.23,80.53,1.95
2018-10-22 21:00:00,0.29,27.16,80.6,1.81
2018-10-22 22:00:00,0.35,27.09,80.65,1.67
2018-10-22 23:00:00,0.33,27.0,80.91,1.57
2018-10-23 00:00:00,0.35,26.89,81.42,1.58
2018-10-23 01:00:00,0.36,26.72,82.45,1.7
2018-10-23 02:00:00,0.37,26.59,83.15,1.77
2018-10-23 03:00:00,0.38,26.51,83.28,1.65
2018-10-23 04:00:00,0.38,26.47,83.26,1.5
2018-10-23 05:00:00,0.52,26.44,83.21,1.37
2018-10-23 06:00:00,0.52,26.5,83.48,1.26
2018-10-23 07:00:00,0.42,26.96,81.63,1.23
2018-10-23 08:00:00,0.74,27.34,79.29,1.02
2018-10-23 09:00:00,0.65,27.72,76.96,0.73
2018-10-23 10:00:00,0.43,28.09,74.48,0.74
2018-10-23 11:00:00,0.31,28.26,74.22,1.22
2018-10-23 12:00:00,0.27,28.34,74.6,1.73
2018-10-23 13:00:00,0.24,28.26,75.06,2.09
2018-10-23 14:00:00,0.23,28.13,75.77,2.46
2018-10-23 15:00:00,0.22,27.94,77.25,2.88
2018-10-23 16:00:00,0.2,27.67,79.57,3.16
2018-10-23 17:00:00,0.31,27.38,82.67,3.11
2018-10-23 18:00:00,0.29,27.16,84.89,2.93
2018-10-23 19:00:00,0.29,27.12,85.27,2.79
2018-10-23 20:00:00,0.29,27.08,85.19,2.48
2018-10-23 21:00:00,0.4,27.02,84.87,2.17
2018-10-23 22:00:00,0.4,26.98,84.28,1.91
2018-10-23 23:00:00,0.43,26.97,83.47,1.71
2018-10-24 00:00:00,0.37,26.97,82.69,1.55
2018-10-24 01:00:00,0.29,26.97,82.22,1.46
2018-10-24 02:00:00,0.32,26.93,82.39,1.43
2018-10-24 03:00:00,0.32,26.92,82.44,1.4
2018-10-24 04:00:00,0.34,26.91,82.25,1.34
2018-10-24 05:00:00,0.3,26.96,81.67,1.25
2018-10-24 06:00:00,0.28,27.09,81.16,1.15
2018-10-24 07:00:00,0.38,27.59,78.66,1.11
2018-10-24 08:00:00,0.14,27.99,75.96,1.08
2018-10-24 09:00:00,0.14,28.4,73.81,1.06
2018-10-24 10:00:00,0.1,28.92,70.7,0.88
2018-10-24 11:00:00,0.09,29.4,67.22,0.44
2018-10-24 12:00:00,0.08,29.93,64.11,0.19
2018-10-24 13:00:00,0.07,30.27,62.48,0.84
2018-10-24 14:00:00,0.07,30.35,63.22,1.7
2018-10-24 15:00:00,0.09,30.23,64.64,2.48
2018-10-24 16:00:00,0.09,29.83,67.78,3.06
2018-10-24 17:00:00,0.15,28.98,75.62,3.45
2018-10-24 18:00:00,0.21,28.28,81.2,3.78
2018-10-24 19:00:00,0.21,27.92,83.49,3.9
2018-10-24 20:00:00,0.23,27.68,84.72,3.48
2018-10-24 21:00:00,0.25,27.53,85.16,2.87
2018-10-24 22:00:00,0.33,27.4,85.11,2.33
2018-10-24 23:00:00,0.34,27.31,84.41,1.78
2018-10-25 00:00:00,0.34,27.3,82.7,1.2
2018-10-25 01:00:00,0.37,27.31,81.07,0.55
2018-10-25 02:00:00,0.4,27.2,80.72,0.3
2018-10-25 03:00:00,0.35,27.09,80.67,0.56
2018-10-25 04:00:00,0.37,26.95,81.23,1.01
2018-10-25 05:00:00,0.29,26.82,81.89,1.41
2018-10-25 06:00:00,0.3,26.88,82.38,1.71
2018-10-25 07:00:00,0.31,27.48,78.63,2.15
2018-10-25 08:00:00,0.12,28.01,75.75,2.23
2018-10-25 09:00:00,0.11,28.67,73.07,2.16
2018-10-25 10:00:00,0.08,29.28,69.91,1.71
2018-10-25 11:00:00,0.07,29.8,66.54,1.06
2018-10-25 12:00:00,0.07,30.27,63.68,0.5
2018-10-25 13:00:00,0.06,30.55,64.58,0.77
2018-10-25 14:00:00,0.06,30.65,65.19,1.33
2018-10-25 15:00:00,0.06,30.61,65.4,1.78
2018-10-25 16:00:00,0.06,30.33,66.95,2.25
2018-10-25 17:00:00,0.06,29.58,72.95,2.8
2018-10-25 18:00:00,0.05,28.9,78.59,3.07
2018-10-25 19:00:00,0.05,28.56,80.74,3.16
2018-10-25 20:00:00,0.05,28.38,81.61,2.86
2018-10-25 21:00:00,0.05,28.23,81.94,2.4
2018-10-25 22:00:00,0.05,28.12,81.87,1.96
2018-10-25 23:00:00,0.05,28.02,81.45,1.54
2018-10-26 00:00:00,0.06,27.96,80.31,1.09
2018-10-26 01:00:00,0.07,27.93,78.76,0.6
2018-10-26 02:00:00,0.08,27.82,78.22,0.53
2018-10-26 03:00:00,0.07,27.71,78.0,0.74
2018-10-26 04:00:00,0.06,27.63,77.66,0.97
2018-10-26 05:00:00,0.05,27.56,77.03,1.12
2018-10-26 06:00:00,0.03,27.62,76.56,1.16
2018-10-26 07:00:00,0.02,28.1,73.57,1.1
2018-10-26 08:00:00,0.01,28.61,69.79,1.16
2018-10-26 09:00:00,0.01,29.16,66.67,1.25
2018-10-26 10:00:00,0.0,29.7,63.36,1.1
2018-10-26 11:00:00,0.0,30.19,60.58,0.83
2018-10-26 12:00:00,0.0,30.59,58.49,0.51
2018-10-26 13:00:00,0.0,30.89,57.69,0.07
2018-10-26 14:00:00,0.0,30.96,60.39,0.75
2018-10-26 15:00:00,0.0,30.92,62.0,1.57
2018-10-26 16:00:00,0.0,30.72,63.13,2.16
2018-10-26 17:00:00,0.0,30.0,68.96,2.74
2018-10-26 18:00:00,0.01,29.29,75.0,2.99
2018-10-26 19:00:00,0.01,28.89,77.57,3.01
2018-10-26 20:00:00,0.01,28.64,78.92,2.68
2018-10-26 21:00:00,0.01,28.47,79.52,2.38
2018-10-26 22:00:00,0.02,28.32,79.87,2.24
2018-10-26 23:00:00,0.03,28.19,80.03,2.12
2018-10-27 00:00:00,0.05,28.08,79.76,1.89
2018-10-27 01:00:00,0.07,27.93,79.33,1.53
2018-10-27 02:00:00,0.07,27.82,78.29,1.07
2018-10-27 03:00:00,0.07,27.71,77.27,0.77
2018-10-27 04:00:00,0.06,27.63,76.39,0.78
2018-10-27 05:00:00,0.04,27.56,75.54,0.93
2018-10-27 06:00:00,0.03,27.58,75.69,1.1
2018-10-27 07:00:00,0.02,28.14,72.42,1.34
2018-10-27 08:00:00,0.02,28.68,68.42,1.3
2018-10-27 09:00:00,0.02,29.28,64.87,0.97
2018-10-27 10:00:00,0.02,29.86,61.29,0.73
2018-10-27 11:00:00,0.01,30.38,59.25,1.13
2018-10-27 12:00:00,0.01,30.65,59.07,1.85
2018-10-27 13:00:00,0.02,30.65,60.69,2.61
2018-10-27 14:00:00,0.02,30.48,62.92,3.2
2018-10-27 15:00:00,0.03,30.16,65.71,3.69
2018-10-27 16:00:00,0.03,29.65,70.05,4.07
2018-10-27 17:00:00,0.02,28.95,76.24,4.07
2018-10-27 18:00:00,0.02,28.51,79.96,3.91
2018-10-27 19:00:00,0.01,28.38,81.11,3.75
2018-10-27 20:00:00,0.02,28.3,81.73,3.38
2018-10-27 21:00:00,0.05,28.21,82.13,3.0
2018-10-27 22:00:00,0.17,28.11,82.47,2.74
2018-10-27 23:00:00,0.25,28.03,82.65,2.56
2018-10-28 00:00:00,0.31,27.9,83.01,2.4
2018-10-28 01:00:00,0.33,27.79,83.31,2.27
2018-10-28 02:00:00,0.33,27.72,83.28,2.1
2018-10-28 03:00:00,0.31,27.7,82.92,1.78
2018-10-28 04:00:00,0.31,27.68,82.25,1.47
2018-10-28 05:00:00,0.23,27.65,81.48,1.3
2018-10-28 06:00:00,0.23,27.66,80.77,1.23
2018-10-28 07:00:00,0.21,27.98,78.06,1.23
2018-10-28 08:00:00,0.12,28.32,74.11,1.27
2018-10-28 09:00:00,0.09,28.7,70.83,1.3
2018-10-28 10:00:00,0.05,29.1,66.95,1.25
2018-10-28 11:00:00,0.03,29.45,63.85,1.16
2018-10-28 12:00:00,0.02,29.71,61.66,1.18
2018-10-28 13:00:00,0.01,29.86,60.29,1.11
2018-10-28 14:00:00,0.01,29.95,59.01,0.59
2018-10-28 15:00:00,0.0,30.01,58.17,0.66
2018-10-28 16:00:00,0.0,29.8,61.85,1.64
2018-10-28 17:00:00,0.0,29.14,71.15,2.46
2018-10-28 18:00:00,0.0,28.57,76.37,3.24
2018-10-28 19:00:00,0.0,28.23,79.97,3.72
2018-10-28 20:00:00,0.0,27.97,82.75,3.73
2018-10-28 21:00:00,0.0,27.76,84.38,3.51
2018-10-28 22:00:00,0.0,27.56,85.22,3.22
2018-10-28 23:00:00,0.0,27.38,85.47,2.82
2018-10-29 00:00:00,0.0,27.3,84.76,2.3
2018-10-29 01:00:00,0.0,27.36,82.76,1.77
2018-10-29 02:00:00,0.01,27.41,81.14,1.45
2018-10-29 03:00:00,0.01,27.41,79.96,1.29
2018-10-29 04:00:00,0.01,27.38,79.04,1.17
2018-10-29 05:00:00,0.01,27.27,79.39,1.21
2018-10-29 06:00:00,0.01,27.17,80.71,1.3
2018-10-29 07:00:00,0.01,27.39,80.25,1.61
2018-10-29 08:00:00,0.01,27.55,79.41,1.81
2018-10-29 09:00:00,0.01,27.66,79.09,1.81
2018-10-29 10:00:00,0.02,27.8,78.54,1.89
2018-10-29 11:00:00,0.01,27.99,77.57,2.05
2018-10-29 12:00:00,0.02,28.26,76.29,2.23
2018-10-29 13:00:00,0.02,28.5,74.69,2.38
2018-10-29 14:00:00,0.01,28.6,73.36,2.59
2018-10-29 15:00:00,0.01,28.63,72.58,2.78
2018-10-29 16:00:00,0.0,28.51,72.98,2.85
2018-10-29 17:00:00,0.0,28.26,75.24,2.6
2018-10-29 18:00:00,0.0,28.04,77.93,2.31
2018-10-29 19:00:00,0.0,28.01,78.06,2.21
2018-10-29 20:00:00,0.0,28.0,77.55,2.08
2018-10-29 21:00:00,0.0,27.99,76.72,1.97
2018-10-29 22:00:00,0.0,27.97,75.77,1.91
2018-10-29 23:00:00,0.0,27.93,75.07,1.91
2018-10-30 00:00:00,0.0,27.83,75.04,2.02
2018-10-30 01:00:00,0.0,27.68,75.44,2.2
2018-10-30 02:00:00,0.0,27.57,75.73,2.33
2018-10-30 03:00:00,0.0,27.48,75.91,2.43
2018-10-30 04:00:00,0.0,27.39,76.11,2.54
2018-10-30 05:00:00,0.0,27.32,76.17,2.63
2018-10-30 06:00:00,0.0,27.44,76.26,2.62
2018-10-30 07:00:00,0.0,28.23,73.08,2.8
2018-10-30 08:00:00,0.0,28.76,69.94,2.85
2018-10-30 09:00:00,0.0,29.22,67.96,2.56
2018-10-30 10:00:00,0.0,29.68,65.46,2.17
2018-10-30 11:00:00,0.0,30.07,63.24,1.9
2018-10-30 12:00:00,0.0,30.36,61.88,1.99
2018-10-30 13:00:00,0.0,30.53,61.45,2.37
2018-10-30 14:00:00,0.0,30.52,61.62,2.68
2018-10-30 15:00:00,0.0,30.38,62.15,2.85
2018-10-30 16:00:00,0.0,30.09,63.6,2.94
2018-10-30 17:00:00,0.0,29.47,68.99,2.66
2018-10-30 18:00:00,0.0,28.96,72.3,2.5
2018-10-30 19:00:00,0.0,28.73,72.84,2.42
2018-10-30 20:00:00,0.0,28.57,73.11,2.37
2018-10-30 21:00:00,0.0,28.4,73.32,2.38
2018-10-30 22:00:00,0.0,28.27,73.39,2.37
2018-10-30 23:00:00,0.0,28.17,73.25,2.31
2018-10-31 00:00:00,0.01,28.11,72.84,2.18
2018-10-31 01:00:00,0.01,28.08,71.99,2.0
2018-10-31 02:00:00,0.01,28.03,71.38,1.81
2018-10-31 03:00:00,0.0,27.97,71.07,1.67
2018-10-31 04:00:00,0.0,27.92,70.75,1.54
2018-10-31 05:00:00,0.0,27.89,70.11,1.37
2018-10-31 06:00:00,0.0,27.94,70.21,1.16
2018-10-31 07:00:00,0.0,28.38,68.39,1.15
2018-10-31 08:00:00,0.0,28.82,66.1,0.98
2018-10-31 09:00:00,0.01,29.3,64.65,0.66
2018-10-31 10:00:00,0.03,29.82,62.98,0.35
2018-10-31 11:00:00,0.07,30.23,62.98,1.13
2018-10-31 12:00:00,0.19,30.25,64.51,2.31
2018-10-31 13:00:00,0.27,29.96,66.75,3.41
2018-10-31 14:00:00,0.42,29.62,68.88,4.11
2018-10-31 15:00:00,0.42,29.34,70.08,4.36
2018-10-31 16:00:00,0.41,29.07,71.2,4.3
2018-10-31 17:00:00,0.53,28.67,73.84,3.84
2018-10-31 18:00:00,0.56,28.4,75.41,3.56
2018-10-31 19:00:00,0.62,28.27,75.91,3.33
2018-10-31 20:00:00,0.81,28.16,76.16,3.06
2018-10-31 21:00:00,0.94,28.07,76.06,2.85
2018-10-31 22:00:00,1.0,27.99,75.92,2.7
2018-10-31 23:00:00,0.9,27.91,75.76,2.58
2018-11-01 00:00:00,0.76,27.82,75.73,2.47
2018-11-01 01:00:00,0.58,27.72,75.86,2.43
2018-11-01 02:00:00,0.47,27.65,75.82,2.43
2018-11-01 03:00:00,0.46,27.62,75.78,2.45
2018-11-01 04:00:00,0.48,27.59,75.83,2.49
2018-11-01 05:00:00,0.53,27.54,76.16,2.5
2018-11-01 06:00:00,0.61,27.58,76.87,2.61
2018-11-01 07:00:00,0.8,27.86,75.94,3.13
2018-11-01 08:00:00,0.03,27.89,75.31,3.66
2018-11-01 09:00:00,0.03,27.82,76.06,3.91
2018-11-01 10:00:00,0.04,27.71,77.21,4.04
2018-11-01 11:00:00,0.05,27.53,78.39,3.91
2018-11-01 12:00:00,0.07,27.38,79.26,3.65
2018-11-01 13:00:00,0.07,27.29,79.83,3.43
2018-11-01 14:00:00,0.07,27.17,80.35,3.18
2018-11-01 15:00:00,0.07,27.01,81.09,2.84
2018-11-01 16:00:00,0.07,26.88,81.74,2.47
2018-11-01 17:00:00,0.08,26.7,83.51,1.98
2018-11-01 18:00:00,0.09,26.58,84.7,1.55
2018-11-01 19:00:00,0.12,26.64,83.78,1.25
2018-11-01 20:00:00,0.16,26.77,82.33,1.01
2018-11-01 21:00:00,0.23,26.92,80.73,0.78
2018-11-01 22:00:00,0.33,27.01,79.6,0.57
2018-11-01 23:00:00,0.45,27.06,79.02,0.53
2018-11-02 00:00:00,0.56,26.96,79.83,0.74
2018-11-02 01:00:00,0.61,26.76,81.88,0.99
2018-11-02 02:00:00,0.61,26.57,83.89,1.17
2018-11-02 03:00:00,0.56,26.42,85.5,1.22
2018-11-02 04:00:00,0.48,26.31,86.5,1.03
2018-11-02 05:00:00,0.58,26.33,86.67,0.71
2018-11-02 06:00:00,0.43,26.35,87.61,0.41
2018-11-02 07:00:00,0.32,26.54,87.95,0.85
2018-11-02 08:00:00,0.33,26.84,86.21,2.1
2018-11-02 09:00:00,0.21,27.2,85.18,3.38
2018-11-02 10:00:00,0.15,27.8,81.98,4.33
2018-11-02 11:00:00,0.17,28.39,77.58,4.43
2018-11-02 12:00:00,0.2,28.84,74.15,4.11
2018-11-02 13:00:00,0.28,29.16,71.67,3.81
2018-11-02 14:00:00,0.33,29.35,70.18,3.52
2018-11-02 15:00:00,0.34,29.36,70.05,3.47
2018-11-02 16:00:00,0.41,29.17,71.67,3.58
2018-11-02 17:00:00,0.53,28.61,76.99,3.51
2018-11-02 18:00:00,0.48,28.12,80.51,3.63
2018-11-02 19:00:00,0.48,27.86,82.09,3.77
2018-11-02 20:00:00,0.49,27.65,83.42,3.72
2018-11-02 21:00:00,0.5,27.44,84.73,3.55
2018-11-02 22:00:00,0.57,27.22,86.21,3.46
2018-11-02 23:00:00,0.63,27.02,87.67,3.43
2018-11-03 00:00:00,0.6,26.86,88.76,3.46
2018-11-03 01:00:00,0.52,26.75,89.42,3.39
2018-11-03 02:00:00,0.37,26.66,89.73,3.23
2018-11-03 03:00:00,0.3,26.61,89.6,3.04
2018-11-03 04:00:00,0.2,26.59,88.93,2.85
2018-11-03 05:00:00,0.16,26.56,87.87,2.69
2018-11-03 06:00:00,0.16,26.74,86.34,2.53
2018-11-03 07:00:00,0.16,27.41,81.54,2.67
2018-11-03 08:00:00,0.2,27.92,78.56,2.49
2018-11-03 09:00:00,0.21,28.48,76.01,2.39
2018-11-03 10:00:00,0.28,28.94,73.98,2.51
2018-11-03 11:00:00,0.39,29.21,73.13,2.76
2018-11-03 12:00:00,0.6,29.26,73.21,3.07
2018-11-03 13:00:00,0.81,29.19,73.7,3.35
2018-11-03 14:00:00,0.92,29.0,74.67,3.47
2018-11-03 15:00:00,0.97,28.68,76.55,3.53
2018-11-03 16:00:00,0.99,28.27,79.17,3.48
2018-11-03 17:00:00,0.93,27.76,83.21,3.08
2018-11-03 18:00:00,0.71,27.4,85.77,2.62
2018-11-03 19:00:00,0.49,27.26,86.41,2.25
2018-11-03 20:00:00,0.31,27.2,86.38,1.82
2018-11-03 21:00:00,0.22,27.21,85.41,1.49
2018-11-03 22:00:00,0.19,27.27,83.73,1.27
2018-11-03 23:00:00,0.19,27.37,81.84,1.03
2018-11-04 00:00:00,0.2,27.41,80.46,0.84
2018-11-04 01:00:00,0.25,27.34,80.18,1.02
2018-11-04 02:00:00,0.28,27.23,80.51,1.45
2018-11-04 03:00:00,0.23,27.17,80.71,1.81
2018-11-04 04:00:00,0.19,27.13,80.63,2.02
2018-11-04 05:00:00,0.15,27.09,80.42,2.17
2018-11-04 06:00:00,0.12,27.11,80.6,2.38
2018-11-04 07:00:00,0.09,27.7,77.8,2.9
2018-11-04 08:00:00,0.04,28.21,74.39,3.32
2018-11-04 09:00:00,0.02,28.8,71.73,3.37
2018-11-04 10:00:00,0.01,29.4,68.36,3.11
2018-11-04 11:00:00,0.01,29.92,65.23,2.72
2018-11-04 12:00:00,0.0,30.26,63.07,2.43
2018-11-04 13:00:00,0.0,30.38,62.55,2.33
2018-11-04 14:00:00,0.0,30.36,62.99,2.25
2018-11-04 15:00:00,0.0,30.22,64.16,2.19
2018-11-04 16:00:00,0.0,29.84,68.43,2.16
2018-11-04 17:00:00,0.0,29.29,74.21,2.17
2018-11-04 18:00:00,0.0,28.89,76.67,2.21
2018-11-04 19:00:00,0.0,28.7,77.37,2.08
2018-11-04 20:00:00,0.01,28.58,77.63,1.81
2018-11-04 21:00:00,0.02,28.51,77.57,1.58
2018-11-04 22:00:00,0.03,28.49,76.92,1.32
2018-11-04 23:00:00,0.05,28.47,76.14,1.06
2018-11-05 00:00:00,0.06,28.32,76.36,1.06
2018-11-05 01:00:00,0.09,28.16,76.52,1.03
2018-11-05 02:00:00,0.09,28.02,76.01,0.76
2018-11-05 03:00:00,0.09,27.88,76.24,0.56
2018-11-05 04:00:00,0.08,27.76,75.86,0.6
2018-11-05 05:00:00,0.05,27.7,75.32,0.84
2018-11-05 06:00:00,0.05,27.73,75.63,1.22
2018-11-05 07:00:00,0.04,28.16,74.19,1.79
2018-11-05 08:00:00,0.11,28.69,71.5,1.84
2018-11-05 09:00:00,0.03,29.28,67.66,1.45
2018-11-05 10:00:00,0.01,29.87,62.87,0.78
2018-11-05 11:00:00,0.01,30.47,58.86,0.1
2018-11-05 12:00:00,0.0,30.85,56.72,0.63
2018-11-05 13:00:00,0.0,31.02,55.98,1.26
2018-11-05 14:00:00,0.0,30.99,56.49,1.9
2018-11-05 15:00:00,0.02,30.83,57.89,2.46
2018-11-05 16:00:00,0.03,30.42,61.32,2.87
2018-11-05 17:00:00,0.05,29.63,68.86,3.16
2018-11-05 18:00:00,0.08,28.98,74.8,3.32
2018-11-05 19:00:00,0.11,28.67,77.28,3.31
2018-11-05 20:00:00,0.14,28.49,78.56,2.89
2018-11-05 21:00:00,0.27,28.35,78.86,2.29
2018-11-05 22:00:00,0.3,28.23,78.58,1.78
2018-11-05 23:00:00,0.38,28.15,77.46,1.28
2018-11-06 00:00:00,0.42,28.09,75.79,0.79
2018-11-06 01:00:00,0.45,27.97,74.67,0.44
2018-11-06 02:00:00,0.31,27.83,73.89,0.37
2018-11-06 03:00:00,0.25,27.69,73.52,0.55
2018-11-06 04:00:00,0.17,27.55,74.07,0.85
2018-11-06 05:00:00,0.11,27.43,74.79,1.04
2018-11-06 06:00:00,0.08,27.4,75.48,1.14
2018-11-06 07:00:00,0.07,27.77,74.06,1.23
2018-11-06 08:00:00,0.02,28.2,69.55,1.32
2018-11-06 09:00:00,0.01,28.62,66.69,1.34
2018-11-06 10:00:00,0.01,29.08,63.19,1.29
2018-11-06 11:00:00,0.01,29.49,59.98,1.12
2018-11-06 12:00:00,0.0,29.86,57.59,0.92
2018-11-06 13:00:00,0.0,30.1,56.56,0.8
2018-11-06 14:00:00,0.0,30.2,56.69,0.99
2018-11-06 15:00:00,0.01,30.14,57.99,1.41
2018-11-06 16:00:00,0.01,29.81,62.12,1.72
2018-11-06 17:00:00,0.02,29.26,69.0,1.81
2018-11-06 18:00:00,0.02,28.86,71.91,1.89
2018-11-06 19:00:00,0.02,28.66,73.14,1.97
2018-11-06 20:00:00,0.02,28.46,74.29,1.95
2018-11-06 21:00:00,0.02,28.25,75.25,1.99
2018-11-06 22:00:00,0.02,28.01,76.08,2.1
2018-11-06 23:00:00,0.03,27.82,76.37,2.19
2018-11-07 00:00:00,0.03,27.61,76.74,2.25
2018-11-07 01:00:00,0.06,27.44,76.97,2.27
2018-11-07 02:00:00,0.06,27.32,76.66,2.06
2018-11-07 03:00:00,0.05,27.3,75.67,1.73
2018-11-07 04:00:00,0.06,27.27,74.78,1.38
2018-11-07 05:00:00,0.03,27.26,73.74,1.03
2018-11-07 06:00:00,0.03,27.31,73.75,0.78
2018-11-07 07:00:00,0.03,27.79,71.55,0.87
2018-11-07 08:00:00,0.01,28.35,69.07,1.33
2018-11-07 09:00:00,0.01,28.89,67.46,1.77
2018-11-07 10:00:00,0.01,29.38,66.2,2.12
2018-11-07 11:00:00,0.01,29.75,65.32,2.22
2018-11-07 12:00:00,0.0,30.01,64.78,2.18
2018-11-07 13:00:00,0.0,30.13,64.87,2.44
2018-11-07 14:00:00,0.0,30.08,65.72,2.9
2018-11-07 15:00:00,0.0,29.88,66.9,3.18
2018-11-07 16:00:00,0.0,29.5,69.4,3.37
2018-11-07 17:00:00,0.01,28.9,74.48,3.34
2018-11-07 18:00:00,0.01,28.43,78.44,3.27
2018-11-07 19:00:00,0.01,28.15,80.17,3.33
2018-11-07 20:00:00,0.01,27.97,81.19,3.16
2018-11-07 21:00:00,0.02,27.83,81.8,2.77
2018-11-07 22:00:00,0.03,27.7,81.92,2.37
2018-11-07 23:00:00,0.05,27.59,81.75,2.06
2018-11-08 00:00:00,0.07,27.49,81.43,1.8
2018-11-08 01:00:00,0.08,27.42,80.92,1.59
2018-11-08 02:00:00,0.08,27.37,80.44,1.44
2018-11-08 03:00:00,0.08,27.36,80.02,1.38
2018-11-08 04:00:00,0.07,27.34,79.94,1.49
2018-11-08 05:00:00,0.05,27.31,79.85,1.59
2018-11-08 06:00:00,0.05,27.32,79.95,1.65
2018-11-08 07:00:00,0.05,27.69,77.56,1.63
2018-11-08 08:00:00,0.1,28.11,72.5,1.33
2018-11-08 09:00:00,0.06,28.47,69.23,0.88
2018-11-08 10:00:00,0.04,28.89,65.09,0.5
2018-11-08 11:00:00,0.03,29.27,61.62,0.12
2018-11-08 12:00:00,0.03,29.5,59.9,0.48
2018-11-08 13:00:00,0.02,29.59,59.46,0.95
2018-11-08 14:00:00,0.02,29.56,60.38,1.51
2018-11-08 15:00:00,0.03,29.4,62.32,2.05
2018-11-08 16:00:00,0.04,29.07,66.19,2.45
2018-11-08 17:00:00,0.06,28.48,72.89,2.65
2018-11-08 18:00:00,0.06,28.05,76.92,2.96
2018-11-08 19:00:00,0.05,27.83,78.77,3.24
2018-11-08 20:00:00,0.07,27.62,79.96,3.13
2018-11-08 21:00:00,0.1,27.45,80.54,2.81
2018-11-08 22:00:00,0.16,27.32,80.63,2.45
2018-11-08 23:00:00,0.25,27.21,80.53,2.16
2018-11-09 00:00:00,0.39,27.12,80.2,1.9
2018-11-09 01:00:00,0.55,27.03,79.86,1.63
2018-11-09 02:00:00,0.66,26.9,80.36,1.53
2018-11-09 03:00:00,0.76,26.77,80.98,1.45
2018-11-09 04:00:00,0.81,26.66,81.37,1.34
2018-11-09 05:00:00,0.75,26.53,82.05,1.31
2018-11-09 06:00:00,0.6,26.44,83.01,1.31
2018-11-09 07:00:00,0.47,26.61,81.48,1.46
2018-11-09 08:00:00,0.18,26.72,80.32,1.4
2018-11-09 09:00:00,0.17,26.88,79.53,1.28
2018-11-09 10:00:00,0.16,27.04,78.96,1.35
2018-11-09 11:00:00,0.17,27.19,78.37,1.55
2018-11-09 12:00:00,0.2,27.37,77.73,1.81
2018-11-09 13:00:00,0.24,27.46,77.26,2.03
2018-11-09 14:00:00,0.24,27.53,77.21,2.44
2018-11-09 15:00:00,0.22,27.49,77.95,2.88
2018-11-09 16:00:00,0.19,27.35,79.49,3.15
2018-11-09 17:00:00,0.15,27.09,82.35,2.99
2018-11-09 18:00:00,0.11,26.91,84.03,2.78
2018-11-09 19:00:00,0.07,26.86,84.07,2.65
2018-11-09 20:00:00,0.06,26.86,83.57,2.44
2018-11-09 21:00:00,0.04,26.87,82.72,2.17
2018-11-09 22:00:00,0.03,26.91,81.57,1.94
2018-11-09 23:00:00,0.02,26.96,80.24,1.74
2018-11-10 00:00:00,0.02,26.99,79.16,1.51
2018-11-10 01:00:00,0.02,27.02,78.22,1.26
2018-11-10 02:00:00,0.01,27.05,77.49,0.98
2018-11-10 03:00:00,0.01,27.03,77.15,0.7
2018-11-10 04:00:00,0.01,26.99,76.93,0.48
2018-11-10 05:00:00,0.01,26.93,77.16,0.37
2018-11-10 06:00:00,0.01,26.94,77.43,0.37
2018-11-10 07:00:00,0.01,27.19,76.49,0.45
2018-11-10 08:00:00,0.01,27.45,75.23,0.55
2018-11-10 09:00:00,0.01,27.75,73.93,0.74
2018-11-10 10:00:00,0.0,28.22,71.73,0.92
2018-11-10 11:00:00,0.0,28.7,69.56,1.21
2018-11-10 12:00:00,0.0,29.06,68.14,1.56
2018-11-10 13:00:00,0.0,29.28,67.34,1.91
2018-11-10 14:00:00,0.0,29.36,67.0,2.27
2018-11-10 15:00:00,0.0,29.24,67.31,2.51
2018-11-10 16:00:00,0.01,28.91,69.35,2.78
2018-11-10 17:00:00,0.01,28.36,74.56,3.1
2018-11-10 18:00:00,0.01,27.91,78.62,3.37
2018-11-10 19:00:00,0.01,27.7,80.26,3.46
2018-11-10 20:00:00,0.04,27.56,81.18,3.25
2018-11-10 21:00:00,0.06,27.45,81.86,2.98
2018-11-10 22:00:00,0.12,27.32,82.39,2.73
2018-11-10 23:00:00,0.23,27.21,82.54,2.47
2018-11-11 00:00:00,0.32,27.1,82.36,2.16
2018-11-11 01:00:00,0.35,27.01,81.85,1.87
2018-11-11 02:00:00,0.33,26.86,82.06,1.74
2018-11-11 03:00:00,0.3,26.67,82.81,1.73
2018-11-11 04:00:00,0.32,26.55,83.18,1.66
2018-11-11 05:00:00,0.29,26.51,82.94,1.51
2018-11-11 06:00:00,0.35,26.59,82.85,1.33
2018-11-11 07:00:00,0.4,26.98,80.85,1.35
2018-11-11 08:00:00,0.02,27.28,78.83,1.14
2018-11-11 09:00:00,0.01,27.67,76.46,0.98
2018-11-11 10:00:00,0.01,28.09,73.81,1.21
2018-11-11 11:00:00,0.01,28.35,71.94,1.63
2018-11-11 12:00:00,0.01,28.55,71.13,2.07
2018-11-11 13:00:00,0.01,28.66,71.01,2.52
2018-11-11 14:00:00,0.01,28.67,71.29,2.92
2018-11-11 15:00:00,0.0,28.58,71.72,3.13
2018-11-11 16:00:00,0.0,28.31,73.19,3.24
2018-11-11 17:00:00,0.0,27.8,77.17,3.12
2018-11-11 18:00:00,0.0,27.36,81.07,2.95
2018-11-11 19:00:00,0.0,27.16,82.41,2.83
2018-11-11 20:00:00,0.0,27.06,82.63,2.53
2018-11-11 21:00:00,0.0,27.0,82.1,2.16
2018-11-11 22:00:00,0.0,26.99,81.15,1.89
2018-11-11 23:00:00,0.0,27.0,79.91,1.62
2018-11-12 00:00:00,0.0,27.0,78.74,1.32
2018-11-12 01:00:00,0.0,26.95,78.21,1.09
2018-11-12 02:00:00,0.0,26.88,78.13,1.08
2018-11-12 03:00:00,0.0,26.81,78.39,1.14
2018-11-12 04:00:00,0.01,26.79,78.19,1.16
2018-11-12 05:00:00,0.06,26.8,77.6,1.12
2018-11-12 06:00:00,0.05,26.83,77.61,1.07
2018-11-12 07:00:00,0.06,27.2,75.91,1.09
2018-11-12 08:00:00,0.14,27.57,74.02,1.18
2018-11-12 09:00:00,0.12,27.92,72.83,1.42
2018-11-12 10:00:00,0.11,28.24,72.41,1.73
2018-11-12 11:00:00,0.12,28.55,71.83,2.07
2018-11-12 12:00:00,0.16,28.77,71.04,2.44
2018-11-12 13:00:00,0.16,28.88,70.68,2.83
2018-11-12 14:00:00,0.16,28.87,70.95,3.17
2018-11-12 15:00:00,0.14,28.78,71.42,3.34
2018-11-12 16:00:00,0.13,28.61,72.27,3.35
2018-11-12 17:00:00,0.14,28.22,75.68,3.05
2018-11-12 18:00:00,0.12,27.83,79.39,2.6
2018-11-12 19:00:00,0.12,27.69,80.02,2.41
2018-11-12 20:00:00,0.14,27.58,80.32,2.31
2018-11-12 21:00:00,0.14,27.47,80.45,2.26
2018-11-12 22:00:00,0.18,27.36,80.68,2.24
2018-11-12 23:00:00,0.2,27.25,80.84,2.23
2018-11-13 00:00:00,0.2,27.16,81.08,2.24
2018-11-13 01:00:00,0.18,27.08,81.4,2.25
2018-11-13 02:00:00,0.18,26.97,81.89,2.19
2018-11-13 03:00:00,0.17,26.88,81.88,2.08
2018-11-13 04:00:00,0.18,26.78,81.98,2.0
2018-11-13 05:00:00,0.17,26.69,81.88,1.95
2018-11-13 06:00:00,0.18,26.75,82.01,1.98
2018-11-13 07:00:00,0.16,27.31,79.0,2.46
2018-11-13 08:00:00,0.09,27.64,77.23,2.72
2018-11-13 09:00:00,0.08,27.93,76.44,2.8
2018-11-13 10:00:00,0.07,28.2,75.87,2.89
2018-11-13 11:00:00,0.07,28.44,75.27,2.95
2018-11-13 12:00:00,0.06,28.8,73.6,3.09
2018-11-13 13:00:00,0.05,28.98,72.64,3.34
2018-11-13 14:00:00,0.05,29.02,72.35,3.57
2018-11-13 15:00:00,0.03,28.98,72.39,3.7
2018-11-13 16:00:00,0.03,28.81,73.24,3.77
2018-11-13 17:00:00,0.03,28.38,76.76,3.54
2018-11-13 18:00:00,0.02,27.98,80.04,3.27
2018-11-13 19:00:00,0.02,27.83,80.9,3.16
2018-11-13 20:00:00,0.03,27.71,81.29,2.99
2018-11-13 21:00:00,0.04,27.6,81.48,2.85
2018-11-13 22:00:00,0.02,27.48,81.6,2.73
2018-11-13 23:00:00,0.02,27.37,81.62,2.6
2018-11-14 00:00:00,0.01,27.24,81.79,2.52
2018-11-14 01:00:00,0.01,27.11,82.02,2.51
2018-11-14 02:00:00,0.0,27.0,82.35,2.59
2018-11-14 03:00:00,0.0,26.93,82.47,2.7
2018-11-14 04:00:00,0.01,26.91,82.33,2.77
2018-11-14 05:00:00,0.01,26.89,82.22,2.84
2018-11-14 06:00:00,0.01,27.02,81.92,2.95
2018-11-14 07:00:00,0.01,27.66,78.62,3.48
2018-11-14 08:00:00,0.01,28.07,76.39,3.73
2018-11-14 09:00:00,0.01,28.49,75.0,3.66
2018-11-14 10:00:00,0.02,28.87,73.72,3.58
2018-11-14 11:00:00,0.02,29.18,72.23,3.56
2018-11-14 12:00:00,0.02,29.39,71.02,3.58
2018-11-14 13:00:00,0.02,29.52,70.28,3.66
2018-11-14 14:00:00,0.01,29.55,69.93,3.8
2018-11-14 15:00:00,0.01,29.47,69.79,3.84
2018-11-14 16:00:00,0.0,29.25,70.31,3.84
2018-11-14 17:00:00,0.0,28.73,73.9,3.5
2018-11-14 18:00:00,0.0,28.29,76.68,3.22
2018-11-14 19:00:00,0.0,28.11,77.09,3.1
2018-11-14 20:00:00,0.0,27.96,77.29,2.91
2018-11-14 21:00:00,0.0,27.82,77.38,2.69
2018-11-14 22:00:00,0.0,27.69,77.37,2.49
2018-11-14 23:00:00,0.0,27.59,77.11,2.31
2018-11-15 00:00:00,0.0,27.5,76.84,2.19
2018-11-15 01:00:00,0.0,27.36,76.95,2.14
2018-11-15 02:00:00,0.0,27.29,76.67,2.05
2018-11-15 03:00:00,0.0,27.28,75.96,1.91
2018-11-15 04:00:00,0.0,27.28,75.28,1.8
2018-11-15 05:00:00,0.0,27.27,74.89,1.74
2018-11-15 06:00:00,0.0,27.33,75.03,1.67
2018-11-15 07:00:00,0.0,27.91,73.08,1.68
2018-11-15 08:00:00,0.0,28.49,70.08,1.7
2018-11-15 09:00:00,0.0,29.01,68.56,1.75
2018-11-15 10:00:00,0.0,29.54,66.89,1.89
2018-11-15 11:00:00,0.0,29.94,65.58,2.14
2018-11-15 12:00:00,0.0,30.22,64.59,2.45
2018-11-15 13:00:00,0.0,30.36,63.92,2.72
2018-11-15 14:00:00,0.01,30.4,63.49,2.99
2018-11-15 15:00:00,0.0,30.29,63.78,3.28
2018-11-15 16:00:00,0.0,29.92,65.72,3.53
2018-11-15 17:00:00,0.0,29.22,70.91,3.44
2018-11-15 18:00:00,0.01,28.63,75.0,3.33
2018-11-15 19:00:00,0.03,28.36,76.49,3.37
2018-11-15 20:00:00,0.13,28.19,77.46,3.25
2018-11-15 21:00:00,0.32,28.07,78.07,2.95
2018-11-15 22:00:00,0.59,27.97,78.45,2.75
2018-11-15 23:00:00,0.93,27.91,79.06,2.71
2018-11-16 00:00:00,0.86,27.75,80.15,2.86
2018-11-16 01:00:00,0.55,27.49,81.55,3.24
2018-11-16 02:00:00,0.24,27.25,82.57,3.6
2018-11-16 03:00:00,0.29,27.13,81.81,4.01
2018-11-16 04:00:00,0.36,27.07,80.55,4.41
2018-11-16 05:00:00,0.45,26.98,79.98,4.56
2018-11-16 06:00:00,0.49,26.83,80.57,4.47
2018-11-16 07:00:00,0.46,26.91,80.39,4.56
2018-11-16 08:00:00,0.57,27.1,79.5,4.84
2018-11-16 09:00:00,0.86,27.36,79.17,4.97
2018-11-16 10:00:00,1.73,27.72,79.04,5.15
2018-11-16 11:00:00,2.87,27.97,79.05,5.48
2018-11-16 12:00:00,4.12,28.11,79.23,5.92
2018-11-16 13:00:00,4.74,28.08,80.06,6.16
2018-11-16 14:00:00,4.28,27.98,80.89,5.76
2018-11-16 15:00:00,4.1,27.84,82.05,5.07
2018-11-16 16:00:00,4.33,27.67,83.56,4.38
2018-11-16 17:00:00,4.38,27.45,85.2,3.66
2018-11-16 18:00:00,4.34,27.31,85.96,2.99
2018-11-16 19:00:00,4.04,27.27,86.05,2.36
2018-11-16 20:00:00,3.14,27.22,86.29,2.05
2018-11-16 21:00:00,2.26,27.18,86.52,2.08
2018-11-16 22:00:00,1.22,27.13,86.65,2.2
2018-11-16 23:00:00,0.59,27.07,86.73,2.36
2018-11-17 00:00:00,0.22,27.01,86.7,2.49
2018-11-17 01:00:00,0.05,26.92,86.62,2.68
2018-11-17 02:00:00,0.02,26.82,86.64,3.2
2018-11-17 03:00:00,0.0,26.71,86.75,3.89
2018-11-17 04:00:00,0.0,26.63,86.84,4.44
2018-11-17 05:00:00,0.0,26.54,87.04,4.81
2018-11-17 06:00:00,0.0,26.59,86.82,5.13
2018-11-17 07:00:00,0.0,27.05,84.75,5.84
2018-11-17 08:00:00,0.0,27.61,82.16,6.09
2018-11-17 09:00:00,0.0,28.19,79.18,6.03
2018-11-17 10:00:00,0.0,28.64,76.62,5.84
2018-11-17 11:00:00,0.0,28.94,74.68,5.58
2018-11-17 12:00:00,0.0,29.18,73.06,5.33
2018-11-17 13:00:00,0.0,29.29,72.07,5.07
2018-11-17 14:00:00,0.0,29.33,71.48,4.8
2018-11-17 15:00:00,0.0,29.33,71.01,4.5
2018-11-17 16:00:00,0.0,29.19,71.42,4.22
2018-11-17 17:00:00,0.0,28.74,75.15,3.71
2018-11-17 18:00:00,0.0,28.28,78.4,3.48
2018-11-17 19:00:00,0.0,28.03,79.65,3.49
2018-11-17 20:00:00,0.0,27.81,80.8,3.51
2018-11-17 21:00:00,0.0,27.58,82.07,3.56
2018-11-17 22:00:00,0.0,27.35,83.29,3.57
2018-11-17 23:00:00,0.0,27.16,84.18,3.6
2018-11-18 00:00:00,0.0,27.01,84.7,3.61
2018-11-18 01:00:00,0.0,26.88,85.11,3.58
2018-11-18 02:00:00,0.01,26.79,85.22,3.57
2018-11-18 03:00:00,0.0,26.7,85.23,3.57
2018-11-18 04:00:00,0.0,26.64,85.12,3.56
2018-11-18 05:00:00,0.0,26.59,84.99,3.51
2018-11-18 06:00:00,0.0,26.72,84.65,3.5
2018-11-18 07:00:00,0.0,27.41,81.67,3.98
2018-11-18 08:00:00,0.0,27.95,78.93,4.14
2018-11-18 09:00:00,0.0,28.46,76.67,3.92
2018-11-18 10:00:00,0.0,28.94,74.32,3.68
2018-11-18 11:00:00,0.02,29.36,72.31,3.58
2018-11-18 12:00:00,0.04,29.65,71.0,3.64
2018-11-18 13:00:00,0.09,29.78,70.39,3.8
2018-11-18 14:00:00,0.13,29.76,70.57,4.03
2018-11-18 15:00:00,0.15,29.6,71.59,4.25
2018-11-18 16:00:00,0.16,29.29,73.81,4.27
2018-11-18 17:00:00,0.17,28.78,78.13,3.9
2018-11-18 18:00:00,0.26,28.35,81.3,3.7
2018-11-18 19:00:00,0.31,28.11,82.58,3.65
2018-11-18 20:00:00,0.33,27.94,83.27,3.57
2018-11-18 21:00:00,0.41,27.8,83.73,3.53
2018-11-18 22:00:00,0.46,27.66,84.05,3.51
2018-11-18 23:00:00,0.4,27.52,84.14,3.39
2018-11-19 00:00:00,0.29,27.37,84.23,3.18
2018-11-19 01:00:00,0.26,27.21,84.41,3.0
2018-11-19 02:00:00,0.22,27.06,84.6,2.83
2018-11-19 03:00:00,0.19,26.95,84.49,2.71
2018-11-19 04:00:00,0.15,26.88,84.16,2.56
2018-11-19 05:00:00,0.09,26.86,83.7,2.46
2018-11-19 06:00:00,0.07,26.98,83.41,2.35
2018-11-19 07:00:00,0.07,27.64,79.97,2.5
2018-11-19 08:00:00,0.1,28.14,77.01,2.31
2018-11-19 09:00:00,0.14,28.71,73.7,1.94
2018-11-19 10:00:00,0.16,29.28,70.03,1.41
2018-11-19 11:00:00,0.18,29.74,66.96,0.75
2018-11-19 12:00:00,0.23,30.15,65.7,0.16
2018-11-19 13:00:00,0.23,30.2,67.59,0.73
2018-11-19 14:00:00,0.27,30.21,67.28,1.45
2018-11-19 15:00:00,0.3,30.07,67.29,2.06
2018-11-19 16:00:00,0.33,29.73,69.33,2.3
2018-11-19 17:00:00,0.35,29.19,74.24,2.34
2018-11-19 18:00:00,0.51,28.72,78.86,2.44
2018-11-19 19:00:00,0.71,28.44,81.26,2.51
2018-11-19 20:00:00,0.96,28.2,83.13,2.36
2018-11-19 21:00:00,1.34,27.95,84.62,1.97
2018-11-19 22:00:00,1.85,27.7,85.7,1.53
2018-11-19 23:00:00,2.39,27.47,86.33,1.18
2018-11-20 00:00:00,3.0,27.3,87.05,1.03
2018-11-20 01:00:00,3.52,27.2,87.59,0.99
2018-11-20 02:00:00,3.99,27.19,87.26,0.98
2018-11-20 03:00:00,4.38,27.24,86.17,0.89
2018-11-20 04:00:00,4.41,27.27,85.3,0.8
2018-11-20 05:00:00,3.99,27.32,84.36,0.79
2018-11-20 06:00:00,3.44,27.42,83.18,0.8
2018-11-20 07:00:00,2.62,27.68,80.62,0.77
2018-11-20 08:00:00,2.75,28.03,78.1,0.71
2018-11-20 09:00:00,1.63,28.51,74.56,0.82
2018-11-20 10:00:00,0.72,29.07,70.15,0.57
2018-11-20 11:00:00,0.31,29.71,65.96,0.22
2018-11-20 12:00:00,0.19,30.15,64.25,1.19
2018-11-20 13:00:00,0.14,30.21,65.29,1.86
2018-11-20 14:00:00,0.12,30.11,66.29,2.48
2018-11-20 15:00:00,0.11,29.82,68.03,3.04
2018-11-20 16:00:00,0.11,29.32,71.58,3.49
2018-11-20 17:00:00,0.12,28.56,77.85,3.69
2018-11-20 18:00:00,0.16,27.96,82.68,3.74
2018-11-20 19:00:00,0.24,27.67,84.97,3.65
2018-11-20 20:00:00,0.34,27.5,86.18,3.17
2018-11-20 21:00:00,0.48,27.39,86.49,2.64
2018-11-20 22:00:00,0.64,27.32,86.41,2.29
2018-11-20 23:00:00,0.7,27.25,86.18,2.09
2018-11-21 00:00:00,0.8,27.14,86.38,2.15
2018-11-21 01:00:00,0.75,27.01,86.68,2.39
2018-11-21 02:00:00,0.7,26.88,86.89,2.64
2018-11-21 03:00:00,0.65,26.74,87.02,2.74
2018-11-21 04:00:00,0.54,26.64,86.97,2.77
2018-11-21 05:00:00,0.46,26.57,86.7,2.82
2018-11-21 06:00:00,0.4,26.67,86.12,2.84
2018-11-21 07:00:00,0.33,27.29,82.53,3.27
2018-11-21 08:00:00,0.08,27.72,80.1,3.49
2018-11-21 09:00:00,0.07,28.27,76.4,3.67
2018-11-21 10:00:00,0.07,28.84,72.1,3.66
2018-11-21 11:00:00,0.05,29.3,68.64,3.45
2018-11-21 12:00:00,0.04,29.59,66.35,3.22
2018-11-21 13:00:00,0.03,29.69,65.28,3.02
2018-11-21 14:00:00,0.02,29.7,65.38,2.99
2018-11-21 15:00:00,0.01,29.68,66.14,3.06
2018-11-21 16:00:00,0.01,29.52,68.23,3.05
2018-11-21 17:00:00,0.01,28.95,74.69,2.8
2018-11-21 18:00:00,0.02,28.46,78.01,2.81
2018-11-21 19:00:00,0.03,28.22,79.34,2.88
2018-11-21 20:00:00,0.04,28.02,80.44,2.79
2018-11-21 21:00:00,0.05,27.84,81.31,2.63
2018-11-21 22:00:00,0.06,27.67,81.9,2.5
2018-11-21 23:00:00,0.07,27.49,82.61,2.56
2018-11-22 00:00:00,0.07,27.33,83.16,2.79
2018-11-22 01:00:00,0.06,27.16,83.45,2.98
2018-11-22 02:00:00,0.05,26.98,83.04,2.83
2018-11-22 03:00:00,0.05,26.84,81.96,2.47
2018-11-22 04:00:00,0.04,26.75,80.63,2.23
2018-11-22 05:00:00,0.04,26.69,79.12,2.13
2018-11-22 06:00:00,0.03,26.83,77.5,1.94
2018-11-22 07:00:00,0.03,27.58,71.92,1.82
2018-11-22 08:00:00,0.02,28.25,68.5,1.86
2018-11-22 09:00:00,0.04,29.0,66.19,2.0
2018-11-22 10:00:00,0.05,29.67,63.92,1.73
2018-11-22 11:00:00,0.06,30.17,61.99,1.2
2018-11-22 12:00:00,0.08,30.46,61.84,0.59
2018-11-22 13:00:00,0.08,30.65,61.07,0.14
2018-11-22 14:00:00,0.08,30.78,60.19,0.33
2018-11-22 15:00:00,0.07,30.76,60.28,0.64
2018-11-22 16:00:00,0.08,30.61,61.64,0.95
2018-11-22 17:00:00,0.08,30.26,66.08,1.25
2018-11-22 18:00:00,0.09,29.75,73.99,1.52
2018-11-22 19:00:00,0.1,29.49,76.17,1.94
2018-11-22 20:00:00,0.12,29.21,76.84,2.37
2018-11-22 21:00:00,0.19,28.83,79.19,2.63
2018-11-22 22:00:00,0.27,28.44,81.42,2.81
2018-11-22 23:00:00,0.35,28.01,83.76,3.0
2018-11-23 00:00:00,0.32,27.64,85.99,3.08
2018-11-23 01:00:00,0.26,27.39,87.28,2.99
2018-11-23 02:00:00,0.19,27.27,87.69,3.07
2018-11-23 03:00:00,0.17,27.17,87.61,3.29
2018-11-23 04:00:00,0.19,27.07,87.21,3.4
2018-11-23 05:00:00,0.22,26.94,86.85,3.55
2018-11-23 06:00:00,0.25,26.85,86.51,3.57
2018-11-23 07:00:00,0.3,27.02,85.05,3.58
2018-11-23 08:00:00,0.55,27.23,82.21,3.65
2018-11-23 09:00:00,0.56,27.4,80.92,3.52
2018-11-23 10:00:00,0.53,27.62,80.02,3.58
2018-11-23 11:00:00,0.5,27.82,79.97,3.62
2018-11-23 12:00:00,0.38,28.02,79.65,3.58
2018-11-23 13:00:00,0.3,28.13,79.61,3.59
2018-11-23 14:00:00,0.25,28.22,79.42,3.55
2018-11-23 15:00:00,0.25,28.23,79.53,3.44
2018-11-23 16:00:00,0.3,28.13,80.6,3.1
2018-11-23 17:00:00,0.34,27.92,83.03,2.57
2018-11-23 18:00:00,0.36,27.85,82.9,2.22
2018-11-23 19:00:00,0.34,27.9,81.89,2.0
2018-11-23 20:00:00,0.36,27.94,81.12,1.88
2018-11-23 21:00:00,0.46,27.93,80.79,1.86
2018-11-23 22:00:00,0.6,27.9,80.54,1.84
2018-11-23 23:00:00,0.72,27.86,80.1,1.76
2018-11-24 00:00:00,0.83,27.82,79.56,1.66
2018-11-24 01:00:00,0.91,27.74,79.06,1.51
2018-11-24 02:00:00,0.82,27.63,78.67,1.37
2018-11-24 03:00:00,0.59,27.58,77.86,1.06
2018-11-24 04:00:00,0.36,27.54,77.29,0.7
2018-11-24 05:00:00,0.35,27.51,77.16,0.75
2018-11-24 06:00:00,0.5,27.51,77.51,1.22
2018-11-24 07:00:00,0.83,27.58,79.52,1.8
2018-11-24 08:00:00,1.08,27.87,77.45,2.52
2018-11-24 09:00:00,0.86,28.11,76.46,2.85
2018-11-24 10:00:00,0.6,28.39,75.35,2.9
2018-11-24 11:00:00,0.47,28.71,73.61,2.68
2018-11-24 12:00:00,0.4,28.89,72.21,2.38
2018-11-24 13:00:00,0.35,28.89,71.66,2.19
2018-11-24 14:00:00,0.35,28.79,72.11,2.34
2018-11-24 15:00:00,0.42,28.59,73.67,2.66
2018-11-24 16:00:00,0.46,28.35,76.13,2.77
2018-11-24 17:00:00,0.5,28.04,79.63,2.62
2018-11-24 18:00:00,0.51,27.87,81.3,2.55
2018-11-24 19:00:00,0.54,27.82,81.74,2.55
2018-11-24 20:00:00,0.66,27.74,82.16,2.41
2018-11-24 21:00:00,0.73,27.62,82.68,2.22
2018-11-24 22:00:00,0.84,27.45,83.35,2.03
2018-11-24 23:00:00,0.92,27.26,83.96,1.77
2018-11-25 00:00:00,1.0,27.11,83.83,1.42
2018-11-25 01:00:00,1.19,26.98,83.55,0.98
2018-11-25 02:00:00,1.22,26.82,84.12,0.71
2018-11-25 03:00:00,1.22,26.69,84.98,0.76
2018-11-25 04:00:00,1.37,26.62,85.58,0.97
2018-11-25 05:00:00,1.45,26.57,85.99,1.19
2018-11-25 06:00:00,1.48,26.63,86.16,1.35
2018-11-25 07:00:00,1.42,27.01,83.74,1.64
2018-11-25 08:00:00,0.42,27.29,81.67,1.54
2018-11-25 09:00:00,0.4,27.63,79.36,1.35
2018-11-25 10:00:00,0.38,27.98,77.12,1.23
2018-11-25 11:00:00,0.35,28.3,75.17,1.22
2018-11-25 12:00:00,0.31,28.58,73.31,1.36
2018-11-25 13:00:00,0.26,28.76,71.82,1.51
2018-11-25 14:00:00,0.2,28.87,71.01,1.79
2018-11-25 15:00:00,0.15,28.83,71.09,2.12
2018-11-25 16:00:00,0.09,28.63,72.5,2.37
2018-11-25 17:00:00,0.06,28.19,77.09,2.44
2018-11-25 18:00:00,0.03,27.81,80.62,2.38
2018-11-25 19:00:00,0.03,27.61,81.76,2.27
2018-11-25 20:00:00,0.03,27.48,82.06,1.97
2018-11-25 21:00:00,0.03,27.41,81.75,1.58
2018-11-25 22:00:00,0.02,27.35,81.17,1.24
2018-11-25 23:00:00,0.02,27.29,80.53,0.93
2018-11-26 00:00:00,0.02,27.2,80.1,0.69
2018-11-26 01:00:00,0.02,27.12,79.57,0.52
2018-11-26 02:00:00,0.02,27.05,79.19,0.41
2018-11-26 03:00:00,0.01,26.97,79.16,0.43
2018-11-26 04:00:00,0.01,26.9,79.43,0.58
2018-11-26 05:00:00,0.01,26.84,79.76,0.81
2018-11-26 06:00:00,0.01,26.85,80.18,1.07
2018-11-26 07:00:00,0.01,27.2,78.71,1.53
2018-11-26 08:00:00,0.0,27.65,76.45,2.01
2018-11-26 09:00:00,0.0,28.14,74.55,2.24
2018-11-26 10:00:00,0.0,28.65,72.16,2.03
2018-11-26 11:00:00,0.0,29.14,69.7,1.45
2018-11-26 12:00:00,0.0,29.61,67.59,0.85
2018-11-26 13:00:00,0.0,29.95,66.13,0.86
2018-11-26 14:00:00,0.0,30.1,65.6,1.44
2018-11-26 15:00:00,0.0,30.11,65.88,2.01
2018-11-26 16:00:00,0.0,29.87,67.46,2.37
2018-11-26 17:00:00,0.0,29.35,72.54,2.46
2018-11-26 18:00:00,0.0,28.95,75.95,2.52
2018-11-26 19:00:00,0.0,28.77,76.89,2.49
2018-11-26 20:00:00,0.0,28.61,77.47,2.34
2018-11-26 21:00:00,0.0,28.41,78.14,2.25
2018-11-26 22:00:00,0.01,28.17,78.89,2.29
2018-11-26 23:00:00,0.01,27.87,79.67,2.45
2018-11-27 00:00:00,0.02,27.51,80.21,2.72
2018-11-27 01:00:00,0.03,27.08,80.27,2.97
2018-11-27 02:00:00,0.02,26.72,79.74,3.03
2018-11-27 03:00:00,0.02,26.45,79.0,2.9
2018-11-27 04:00:00,0.02,26.27,77.94,2.74
2018-11-27 05:00:00,0.01,26.16,76.72,2.63
2018-11-27 06:00:00,0.01,26.21,75.53,2.59
2018-11-27 07:00:00,0.0,26.83,70.58,2.83
2018-11-27 08:00:00,0.0,27.37,66.32,2.88
2018-11-27 09:00:00,0.0,28.09,63.25,2.49
2018-11-27 10:00:00,0.0,28.81,60.71,1.99
2018-11-27 11:00:00,0.0,29.45,58.64,1.51
2018-11-27 12:00:00,0.0,29.94,56.53,1.05
2018-11-27 13:00:00,0.0,30.29,54.47,0.63
2018-11-27 14:00:00,0.0,30.55,52.97,0.25
2018-11-27 15:00:00,0.0,30.62,52.68,0.6
2018-11-27 16:00:00,0.0,30.46,53.58,0.93
2018-11-27 17:00:00,0.0,29.84,60.66,1.12
2018-11-27 18:00:00,0.0,29.24,65.35,1.33
2018-11-27 19:00:00,0.0,28.9,66.58,1.48
2018-11-27 20:00:00,0.0,28.62,67.06,1.43
2018-11-27 21:00:00,0.0,28.36,67.14,1.39
2018-11-27 22:00:00,0.0,28.03,67.75,1.49
2018-11-27 23:00:00,0.0,27.65,68.73,1.65
2018-11-28 00:00:00,0.0,27.25,69.61,1.84
2018-11-28 01:00:00,0.0,26.88,69.91,2.0
2018-11-28 02:00:00,0.0,26.56,70.15,2.08
2018-11-28 03:00:00,0.0,26.25,70.6,2.21
2018-11-28 04:00:00,0.0,25.95,71.37,2.46
2018-11-28 05:00:00,0.0,25.68,72.34,2.62
2018-11-28 06:00:00,0.0,25.66,72.8,2.68
2018-11-28 07:00:00,0.0,26.42,69.34,3.2
2018-11-28 08:00:00,0.0,26.99,66.24,3.4
2018-11-28 09:00:00,0.0,27.75,63.06,2.88
2018-11-28 10:00:00,0.0,28.64,58.23,2.06
2018-11-28 11:00:00,0.0,29.46,53.88,1.25
2018-11-28 12:00:00,0.0,30.02,52.38,0.81
2018-11-28 13:00:00,0.0,30.37,52.17,0.71
2018-11-28 14:00:00,0.0,30.53,52.82,0.64
2018-11-28 15:00:00,0.0,30.54,54.09,0.78
2018-11-28 16:00:00,0.0,30.37,56.17,1.16
2018-11-28 17:00:00,0.0,29.7,63.4,1.52
2018-11-28 18:00:00,0.0,29.09,69.04,1.79
2018-11-28 19:00:00,0.0,28.79,70.75,1.71
2018-11-28 20:00:00,0.0,28.6,71.08,1.24
2018-11-28 21:00:00,0.0,28.55,69.54,0.64
2018-11-28 22:00:00,0.0,28.61,66.97,0.22
2018-11-28 23:00:00,0.0,28.49,66.73,0.8
2018-11-29 00:00:00,0.0,28.17,68.45,1.36
2018-11-29 01:00:00,0.0,27.8,71.44,1.74
2018-11-29 02:00:00,0.0,27.57,72.35,1.76
2018-11-29 03:00:00,0.0,27.42,72.47,1.66
2018-11-29 04:00:00,0.0,27.31,72.36,1.59
2018-11-29 05:00:00,0.0,27.21,72.3,1.5
2018-11-29 06:00:00,0.0,27.22,72.84,1.47
2018-11-29 07:00:00,0.0,27.83,69.73,1.69
2018-11-29 08:00:00,0.02,28.46,67.13,2.12
2018-11-29 09:00:00,0.04,29.19,65.4,2.45
2018-11-29 10:00:00,0.07,29.86,63.76,2.44
2018-11-29 11:00:00,0.14,30.41,62.56,2.22
2018-11-29 12:00:00,0.22,30.68,64.05,1.84
2018-11-29 13:00:00,0.33,30.89,63.79,1.45
2018-11-29 14:00:00,0.35,31.03,61.7,0.77
2018-11-29 15:00:00,0.32,31.01,61.1,0.36
2018-11-29 16:00:00,0.27,30.82,62.47,0.41
2018-11-29 17:00:00,0.29,30.29,68.12,0.65
2018-11-29 18:00:00,0.34,29.79,73.38,0.9
2018-11-29 19:00:00,0.42,29.49,74.43,1.17
2018-11-29 20:00:00,0.49,29.16,76.0,1.13
2018-11-29 21:00:00,0.54,28.86,77.47,1.21
2018-11-29 22:00:00,0.52,28.54,79.08,1.39
2018-11-29 23:00:00,0.51,28.25,80.55,1.67
2018-11-30 00:00:00,0.46,27.95,81.84,2.03
2018-11-30 01:00:00,0.38,27.67,82.62,2.34
2018-11-30 02:00:00,0.25,27.4,82.81,2.46
2018-11-30 03:00:00,0.17,27.17,82.35,2.52
2018-11-30 04:00:00,0.12,26.98,81.61,2.62
2018-11-30 05:00:00,0.09,26.8,80.9,2.78
2018-11-30 06:00:00,0.07,26.79,80.16,2.95
2018-11-30 07:00:00,0.04,27.33,75.65,3.52
2018-11-30 08:00:00,0.01,27.85,73.09,3.79
2018-11-30 09:00:00,0.01,28.61,69.92,3.57
2018-11-30 10:00:00,0.0,29.46,66.14,2.98
2018-11-30 11:00:00,0.0,30.19,62.85,2.25
2018-11-30 12:00:00,0.0,30.59,62.96,1.4
2018-11-30 13:00:00,0.0,30.9,61.05,0.84
2018-11-30 14:00:00,0.01,30.95,61.82,0.84
2018-11-30 15:00:00,0.01,30.8,63.59,1.31
2018-11-30 16:00:00,0.02,30.52,65.14,1.71
2018-11-30 17:00:00,0.02,29.95,68.79,2.0
2018-11-30 18:00:00,0.02,29.34,73.3,2.19
2018-11-30 19:00:00,0.03,29.0,74.96,2.24
2018-11-30 20:00:00,0.04,28.77,76.17,1.97
2018-11-30 21:00:00,0.04,28.6,77.14,1.69
2018-11-30 22:00:00,0.05,28.45,78.19,1.54
2018-11-30 23:00:00,0.06,28.28,79.16,1.4
2018-12-01 00:00:00,0.06,28.06,79.93,1.28
2018-12-01 01:00:00,0.06,27.83,80.16,1.25
2018-12-01 02:00:00,0.06,27.61,80.09,1.32
2018-12-01 03:00:00,0.05,27.45,80.16,1.39
2018-12-01 04:00:00,0.04,27.37,79.69,1.42
2018-12-01 05:00:00,0.04,27.35,78.77,1.42
2018-12-01 06:00:00,0.02,27.39,78.5,1.44
2018-12-01 07:00:00,0.01,27.8,74.7,1.74
2018-12-01 08:00:00,0.01,28.12,72.93,1.92
2018-12-01 09:00:00,0.0,28.43,71.81,1.68
2018-12-01 10:00:00,0.0,28.73,70.33,1.21
2018-12-01 11:00:00,0.0,29.04,68.86,0.78
2018-12-01 12:00:00,0.0,29.2,68.42,0.48
2018-12-01 13:00:00,0.0,29.26,68.39,0.63
2018-12-01 14:00:00,0.0,29.31,68.61,1.0
2018-12-01 15:00:00,0.0,29.29,69.11,1.38
2018-12-01 16:00:00,0.0,29.14,70.7,1.66
2018-12-01 17:00:00,0.0,28.8,74.54,1.7
2018-12-01 18:00:00,0.0,28.55,76.99,1.71
2018-12-01 19:00:00,0.0,28.43,77.75,1.69
2018-12-01 20:00:00,0.0,28.32,78.28,1.58
2018-12-01 21:00:00,0.0,28.18,78.71,1.59
2018-12-01 22:00:00,0.01,28.01,79.14,1.74
2018-12-01 23:00:00,0.01,27.81,79.61,2.0
2018-12-02 00:00:00,0.01,27.55,80.0,2.27
2018-12-02 01:00:00,0.01,27.31,80.03,2.49
2018-12-02 02:00:00,0.01,27.07,79.94,2.5
2018-12-02 03:00:00,0.01,26.88,79.59,2.39
2018-12-02 04:00:00,0.01,26.72,79.06,2.29
2018-12-02 05:00:00,0.01,26.56,78.39,2.23
2018-12-02 06:00:00,0.01,26.54,77.58,2.26
2018-12-02 07:00:00,0.0,27.05,72.26,2.64
2018-12-02 08:00:00,0.0,27.54,68.51,2.64
2018-12-02 09:00:00,0.0,28.13,66.16,2.37
2018-12-02 10:00:00,0.0,28.71,64.06,1.94
2018-12-02 11:00:00,0.0,29.25,62.51,1.41
2018-12-02 12:00:00,0.0,29.7,61.43,1.08
2018-12-02 13:00:00,0.0,29.99,61.0,1.32
2018-12-02 14:00:00,0.0,30.11,61.13,1.8
2018-12-02 15:00:00,0.0,30.09,61.67,2.23
2018-12-02 16:00:00,0.0,29.88,63.26,2.53
2018-12-02 17:00:00,0.0,29.34,68.83,2.53
2018-12-02 18:00:00,0.0,28.85,73.22,2.46
2018-12-02 19:00:00,0.0,28.61,74.35,2.34
2018-12-02 20:00:00,0.0,28.47,74.6,2.07
2018-12-02 21:00:00,0.0,28.4,73.93,1.72
2018-12-02 22:00:00,0.01,28.4,72.29,1.3
2018-12-02 23:00:00,0.01,28.43,70.3,0.72
2018-12-03 00:00:00,0.01,28.27,70.27,0.35
2018-12-03 01:00:00,0.01,27.97,70.96,0.81
2018-12-03 02:00:00,0.01,27.73,72.41,1.09
2018-12-03 03:00:00,0.01,27.62,72.13,1.13
2018-12-03 04:00:00,0.01,27.51,71.76,1.13
2018-12-03 05:00:00,0.01,27.39,71.65,1.21
2018-12-03 06:00:00,0.01,27.35,72.29,1.33
2018-12-03 07:00:00,0.0,27.84,69.65,1.57
2018-12-03 08:00:00,0.0,28.42,65.98,1.6
2018-12-03 09:00:00,0.0,28.99,64.16,1.3
2018-12-03 10:00:00,0.0,29.57,62.25,0.88
2018-12-03 11:00:00,0.0,30.15,60.05,0.46
2018-12-03 12:00:00,0.0,30.56,60.06,0.39
2018-12-03 13:00:00,0.0,30.72,61.65,0.87
2018-12-03 14:00:00,0.0,30.76,61.77,1.37
2018-12-03 15:00:00,0.0,30.69,61.79,1.67
2018-12-03 16:00:00,0.0,30.49,62.11,1.79
2018-12-03 17:00:00,0.0,30.0,65.86,1.86
2018-12-03 18:00:00,0.0,29.43,70.8,1.95
2018-12-03 19:00:00,0.0,29.08,72.97,1.93
2018-12-03 20:00:00,0.0,28.86,73.75,1.75
2018-12-03 21:00:00,0.0,28.74,73.11,1.45
2018-12-03 22:00:00,0.0,28.72,71.38,1.05
2018-12-03 23:00:00,0.0,28.69,70.0,0.64
2018-12-04 00:00:00,0.0,28.54,69.97,0.49
2018-12-04 01:00:00,0.0,28.37,70.21,0.36
2018-12-04 02:00:00,0.0,28.25,70.0,0.11
2018-12-04 03:00:00,0.0,28.17,70.16,0.24
2018-12-04 04:00:00,0.0,28.07,70.46,0.48
2018-12-04 05:00:00,0.0,28.0,70.89,0.7
2018-12-04 06:00:00,0.0,28.01,72.0,0.8
2018-12-04 07:00:00,0.01,28.44,70.12,0.71
2018-12-04 08:00:00,0.13,28.91,67.16,0.48
2018-12-04 09:00:00,0.3,29.44,65.61,0.66
2018-12-04 10:00:00,0.4,29.89,64.35,0.79
2018-12-04 11:00:00,0.53,30.22,63.79,0.82
2018-12-04 12:00:00,0.63,30.34,64.72,0.93
2018-12-04 13:00:00,0.68,30.31,65.33,1.22
2018-12-04 14:00:00,0.74,30.16,66.01,1.75
2018-12-04 15:00:00,0.85,29.87,67.94,2.41
2018-12-04 16:00:00,0.9,29.45,71.58,2.85
2018-12-04 17:00:00,0.91,28.91,76.75,2.77
2018-12-04 18:00:00,0.9,28.54,79.78,2.55
2018-12-04 19:00:00,0.91,28.39,80.66,2.38
2018-12-04 20:00:00,0.86,28.25,81.24,2.0
2018-12-04 21:00:00,0.8,28.14,81.23,1.55
2018-12-04 22:00:00,0.72,28.1,80.28,1.15
2018-12-04 23:00:00,0.58,28.1,78.8,0.81
2018-12-05 00:00:00,0.49,27.98,78.42,0.59
2018-12-05 01:00:00,0.42,27.8,78.71,0.68
2018-12-05 02:00:00,0.32,27.6,78.83,0.76
2018-12-05 03:00:00,0.2,27.43,79.13,0.77
2018-12-05 04:00:00,0.1,27.26,78.98,0.9
2018-12-05 05:00:00,0.06,27.12,78.76,1.04
2018-12-05 06:00:00,0.04,27.14,78.72,1.16
2018-12-05 07:00:00,0.02,27.73,75.34,1.53
2018-12-05 08:00:00,0.0,28.24,71.94,1.61
2018-12-05 09:00:00,0.0,28.78,69.03,1.49
2018-12-05 10:00:00,0.0,29.38,65.79,1.38
2018-12-05 11:00:00,0.0,29.9,63.12,1.07
2018-12-05 12:00:00,0.0,30.25,61.38,0.53
2018-12-05 13:00:00,0.0,30.46,61.46,0.18
2018-12-05 14:00:00,0.0,30.52,62.33,1.02
2018-12-05 15:00:00,0.0,30.36,63.42,1.92
2018-12-05 16:00:00,0.01,29.95,66.75,2.52
2018-12-05 17:00:00,0.01,29.36,72.08,2.65
2018-12-05 18:00:00,0.01,28.96,75.57,2.4
2018-12-05 19:00:00,0.01,28.8,76.37,1.99
2018-12-05 20:00:00,0.01,28.69,76.6,1.58
2018-12-05 21:00:00,0.01,28.61,76.39,1.28
2018-12-05 22:00:00,0.01,28.51,76.12,1.07
2018-12-05 23:00:00,0.01,28.42,75.81,0.93
2018-12-06 00:00:00,0.02,28.33,75.54,0.85
2018-12-06 01:00:00,0.02,28.24,75.42,0.81
2018-12-06 02:00:00,0.03,28.13,75.45,0.69
2018-12-06 03:00:00,0.03,28.02,75.57,0.59
2018-12-06 04:00:00,0.05,27.94,75.62,0.56
2018-12-06 05:00:00,0.05,27.86,75.87,0.74
2018-12-06 06:00:00,0.06,27.76,77.36,1.11
2018-12-06 07:00:00,0.07,28.01,76.77,1.65
2018-12-06 08:00:00,0.09,28.34,74.44,1.87
2018-12-06 09:00:00,0.08,28.68,72.77,1.7
2018-12-06 10:00:00,0.07,28.99,70.72,1.36
2018-12-06 11:00:00,0.06,29.22,68.74,0.79
2018-12-06 12:00:00,0.05,29.4,67.76,0.27
2018-12-06 13:00:00,0.04,29.52,67.31,0.64
2018-12-06 14:00:00,0.04,29.53,67.73,1.36
2018-12-06 15:00:00,0.05,29.47,68.77,2.08
2018-12-06 16:00:00,0.05,29.25,71.15,2.63
2018-12-06 17:00:00,0.05,28.78,76.12,2.56
2018-12-06 18:00:00,0.06,28.42,79.34,2.38
2018-12-06 19:00:00,0.08,28.24,80.49,2.28
2018-12-06 20:00:00,0.09,28.11,80.93,1.95
2018-12-06 21:00:00,0.08,28.07,80.34,1.52
2018-12-06 22:00:00,0.08,28.11,78.77,1.04
2018-12-06 23:00:00,0.08,28.13,77.22,0.5
2018-12-07 00:00:00,0.08,28.03,76.92,0.13
2018-12-07 01:00:00,0.09,27.85,77.29,0.56
2018-12-07 02:00:00,0.09,27.68,78.25,0.8
2018-12-07 03:00:00,0.08,27.56,78.36,0.96
2018-12-07 04:00:00,0.07,27.48,78.19,1.12
2018-12-07 05:00:00,0.26,27.34,78.45,1.37
2018-12-07 06:00:00,0.25,27.28,78.92,1.71
2018-12-07 07:00:00,0.17,27.87,75.03,2.3
2018-12-07 08:00:00,0.18,28.35,71.48,2.44
2018-12-07 09:00:00,0.11,28.93,67.87,2.11
2018-12-07 10:00:00,0.09,29.58,63.62,1.51
2018-12-07 11:00:00,0.06,30.17,59.74,0.83
2018-12-07 12:00:00,0.03,30.67,57.85,0.19
2018-12-07 13:00:00,0.02,30.86,60.06,0.38
2018-12-07 14:00:00,0.01,30.98,60.29,0.93
2018-12-07 15:00:00,0.02,30.87,62.61,1.45
2018-12-07 16:00:00,0.04,30.62,64.79,1.82
2018-12-07 17:00:00,0.05,30.08,67.87,2.17
2018-12-07 18:00:00,0.06,29.46,72.59,2.4
2018-12-07 19:00:00,0.06,29.12,74.74,2.26
2018-12-07 20:00:00,0.07,28.93,75.54,1.75
2018-12-07 21:00:00,0.1,28.78,75.59,1.29
2018-12-07 22:00:00,0.14,28.65,75.25,1.18
2018-12-07 23:00:00,0.19,28.49,75.11,1.27
2018-12-08 00:00:00,0.18,28.36,74.48,1.33
2018-12-08 01:00:00,0.12,28.2,73.83,1.29
2018-12-08 02:00:00,0.1,28.02,73.44,1.21
2018-12-08 03:00:00,0.08,27.81,73.62,1.16
2018-12-08 04:00:00,0.07,27.61,74.01,1.21
2018-12-08 05:00:00,0.07,27.36,74.63,1.38
2018-12-08 06:00:00,0.05,27.18,75.66,1.61
2018-12-08 07:00:00,0.02,27.61,72.9,2.04
2018-12-08 08:00:00,0.0,28.1,69.0,2.38
2018-12-08 09:00:00,0.0,28.77,64.71,2.4
2018-12-08 10:00:00,0.0,29.48,60.3,2.02
2018-12-08 11:00:00,0.0,30.15,56.79,1.44
2018-12-08 12:00:00,0.0,30.6,56.56,0.81
2018-12-08 13:00:00,0.0,30.8,58.38,0.66
2018-12-08 14:00:00,0.0,30.84,60.06,1.23
2018-12-08 15:00:00,0.0,30.79,60.08,1.81
2018-12-08 16:00:00,0.0,30.4,63.6,2.18
2018-12-08 17:00:00,0.0,29.74,68.22,2.54
2018-12-08 18:00:00,0.0,29.09,72.27,2.83
2018-12-08 19:00:00,0.0,28.72,74.55,2.81
2018-12-08 20:00:00,0.0,28.5,75.8,2.32
2018-12-08 21:00:00,0.0,28.46,74.95,1.6
2018-12-08 22:00:00,0.01,28.54,72.35,0.93
2018-12-08 23:00:00,0.01,28.45,71.47,0.6
2018-12-09 00:00:00,0.01,28.12,73.3,1.04
2018-12-09 01:00:00,0.01,27.77,75.31,1.52
2018-12-09 02:00:00,0.01,27.55,75.6,1.64
2018-12-09 03:00:00,0.01,27.38,75.0,1.54
2018-12-09 04:00:00,0.0,27.23,74.24,1.47
2018-12-09 05:00:00,0.0,27.06,73.65,1.46
2018-12-09 06:00:00,0.0,26.96,73.69,1.51
2018-12-09 07:00:00,0.01,27.52,70.82,1.78
2018-12-09 08:00:00,0.0,28.14,65.88,2.0
2018-12-09 09:00:00,0.0,28.89,61.43,1.87
2018-12-09 10:00:00,0.0,29.71,56.73,1.47
2018-12-09 11:00:00,0.0,30.39,54.41,0.87
2018-12-09 12:00:00,0.0,30.91,52.55,0.2
2018-12-09 13:00:00,0.0,31.29,51.61,0.62
2018-12-09 14:00:00,0.0,31.24,55.14,1.39
2018-12-09 15:00:00,0.0,30.95,58.99,1.98
2018-12-09 16:00:00,0.0,30.59,60.96,2.39
2018-12-09 17:00:00,0.0,29.79,66.82,2.77
2018-12-09 18:00:00,0.0,29.02,72.17,3.11
2018-12-09 19:00:00,0.01,28.58,75.32,3.22
2018-12-09 20:00:00,0.01,28.3,77.22,2.91
2018-12-09 21:00:00,0.01,28.14,77.83,2.4
2018-12-09 22:00:00,0.02,28.1,76.99,1.9
2018-12-09 23:00:00,0.01,28.04,76.02,1.5
2018-12-10 00:00:00,0.01,27.81,76.5,1.42
2018-12-10 01:00:00,0.01,27.51,77.42,1.47
2018-12-10 02:00:00,0.02,27.28,77.69,1.49
2018-12-10 03:00:00,0.02,27.19,76.95,1.35
2018-12-10 04:00:00,0.02,27.18,75.76,1.15
2018-12-10 05:00:00,0.02,27.17,75.01,1.02
2018-12-10 06:00:00,0.02,27.2,74.63,0.99
2018-12-10 07:00:00,0.02,27.59,72.75,1.1
2018-12-10 08:00:00,0.01,28.05,70.15,0.89
2018-12-10 09:00:00,0.01,28.6,67.58,0.34
2018-12-10 10:00:00,0.0,29.2,65.08,0.26
2018-12-10 11:00:00,0.0,29.69,63.05,0.84
2018-12-10 12:00:00,0.0,30.03,62.06,1.43
2018-12-10 13:00:00,0.0,30.19,62.07,1.97
2018-12-10 14:00:00,0.0,30.18,62.47,2.35
2018-12-10 15:00:00,0.0,30.04,63.23,2.56
2018-12-10 16:00:00,0.0,29.74,65.1,2.65
2018-12-10 17:00:00,0.0,29.15,70.34,2.53
2018-12-10 18:00:00,0.0,28.63,74.93,2.37
2018-12-10 19:00:00,0.0,28.37,76.16,2.27
2018-12-10 20:00:00,0.0,28.19,76.46,2.01
2018-12-10 21:00:00,0.0,28.11,75.78,1.69
2018-12-10 22:00:00,0.0,28.13,74.06,1.31
2018-12-10 23:00:00,0.0,28.21,71.9,0.8
2018-12-11 00:00:00,0.0,28.16,70.94,0.44
2018-12-11 01:00:00,0.0,27.99,71.22,0.58
2018-12-11 02:00:00,0.0,27.87,71.52,0.65
2018-12-11 03:00:00,0.0,27.8,71.7,0.67
2018-12-11 04:00:00,0.0,27.76,71.9,0.73
2018-12-11 05:00:00,0.01,27.73,72.21,0.81
2018-12-11 06:00:00,0.02,27.74,72.99,0.93
2018-12-11 07:00:00,0.01,28.05,72.08,1.04
2018-12-11 08:00:00,0.01,28.48,70.34,1.0
2018-12-11 09:00:00,0.0,28.86,69.29,1.03
2018-12-11 10:00:00,0.0,29.25,67.99,1.12
2018-12-11 11:00:00,0.01,29.61,66.56,1.23
2018-12-11 12:00:00,0.01,29.89,65.28,1.44
2018-12-11 13:00:00,0.01,30.04,64.39,1.77
2018-12-11 14:00:00,0.01,30.0,64.27,2.22
2018-12-11 15:00:00,0.01,29.84,65.01,2.62
2018-12-11 16:00:00,0.01,29.55,66.82,2.78
2018-12-11 17:00:00,0.01,29.08,71.24,2.64
2018-12-11 18:00:00,0.01,28.69,75.35,2.46
2018-12-11 19:00:00,0.0,28.5,76.42,2.38
2018-12-11 20:00:00,0.0,28.37,76.76,2.19
2018-12-11 21:00:00,0.0,28.27,76.65,1.97
2018-12-11 22:00:00,0.01,28.2,76.25,1.82
2018-12-11 23:00:00,0.01,28.14,75.7,1.74
2018-12-12 00:00:00,0.01,28.08,75.25,1.72
2018-12-12 01:00:00,0.01,27.99,75.02,1.76
2018-12-12 02:00:00,0.02,27.86,75.26,1.89
2018-12-12 03:00:00,0.02,27.71,75.88,2.04
2018-12-12 04:00:00,0.02,27.59,76.3,2.15
2018-12-12 05:00:00,0.0,27.5,76.52,2.23
2018-12-12 06:00:00,0.0,27.5,77.1,2.27
2018-12-12 07:00:00,0.0,28.12,74.93,2.56
2018-12-12 08:00:00,0.0,28.65,71.69,2.77
2018-12-12 09:00:00,0.0,29.05,70.45,2.82
2018-12-12 10:00:00,0.0,29.42,69.05,2.79
2018-12-12 11:00:00,0.0,29.7,67.74,2.74
2018-12-12 12:00:00,0.0,29.87,66.75,2.83
2018-12-12 13:00:00,0.0,29.85,66.38,3.04
2018-12-12 14:00:00,0.0,29.75,66.5,3.2
2018-12-12 15:00:00,0.0,29.63,66.8,3.24
2018-12-12 16:00:00,0.0,29.45,67.56,3.12
2018-12-12 17:00:00,0.0,29.03,71.44,2.72
2018-12-12 18:00:00,0.0,28.63,75.0,2.41
2018-12-12 19:00:00,0.0,28.42,75.53,2.23
2018-12-12 20:00:00,0.0,28.28,75.41,2.03
2018-12-12 21:00:00,0.0,28.18,74.94,1.9
2018-12-12 22:00:00,0.0,28.08,74.69,1.82
2018-12-12 23:00:00,0.0,27.97,74.59,1.77
2018-12-13 00:00:00,0.0,27.85,74.78,1.77
2018-12-13 01:00:00,0.0,27.71,75.18,1.8
2018-12-13 02:00:00,0.0,27.51,76.16,1.92
2018-12-13 03:00:00,0.0,27.32,77.27,2.07
2018-12-13 04:00:00,0.0,27.14,78.34,2.25
2018-12-13 05:00:00,0.0,27.0,79.26,2.43
2018-12-13 06:00:00,0.0,27.0,80.22,2.65
2018-12-13 07:00:00,0.0,27.64,77.46,3.26
2018-12-13 08:00:00,0.0,28.05,74.79,3.6
2018-12-13 09:00:00,0.0,28.37,73.58,3.55
2018-12-13 10:00:00,0.0,28.66,72.2,3.3
2018-12-13 11:00:00,0.0,28.99,70.38,3.0
2018-12-13 12:00:00,0.0,29.29,68.47,2.76
2018-12-13 13:00:00,0.0,29.46,67.22,2.7
2018-12-13 14:00:00,0.0,29.5,66.63,2.82
2018-12-13 15:00:00,0.0,29.42,66.64,2.93
2018-12-13 16:00:00,0.0,29.22,67.6,2.94
2018-12-13 17:00:00,0.0,28.73,71.72,2.74
2018-12-13 18:00:00,0.0,28.27,75.86,2.59
2018-12-13 19:00:00,0.0,28.0,77.24,2.64
2018-12-13 20:00:00,0.0,27.78,78.19,2.46
2018-12-13 21:00:00,0.0,27.64,78.38,2.12
2018-12-13 22:00:00,0.0,27.57,77.65,1.73
2018-12-13 23:00:00,0.0,27.59,76.08,1.32
2018-12-14 00:00:00,0.01,27.54,75.32,1.04
2018-12-14 01:00:00,0.02,27.35,75.94,0.99
2018-12-14 02:00:00,0.02,27.08,77.46,1.19
2018-12-14 03:00:00,0.02,26.86,78.78,1.4
2018-12-14 04:00:00,0.02,26.65,79.92,1.56
2018-12-14 05:00:00,0.02,26.47,80.67,1.67
2018-12-14 06:00:00,0.02,26.4,81.56,1.7
2018-12-14 07:00:00,0.02,26.87,79.3,1.79
2018-12-14 08:00:00,0.0,27.28,76.49,1.59
2018-12-14 09:00:00,0.0,27.75,73.6,1.32
2018-12-14 10:00:00,0.0,28.33,69.39,1.07
2018-12-14 11:00:00,0.0,28.89,65.25,0.88
2018-12-14 12:00:00,0.0,29.43,61.71,0.87
2018-12-14 13:00:00,0.0,29.73,61.81,1.22
2018-12-14 14:00:00,0.0,29.77,63.63,1.81
2018-12-14 15:00:00,0.0,29.73,63.64,2.36
2018-12-14 16:00:00,0.0,29.49,64.39,2.73
2018-12-14 17:00:00,0.0,28.79,70.5,2.8
2018-12-14 18:00:00,0.0,28.1,76.9,2.8
2018-12-14 19:00:00,0.0,27.74,79.31,2.77
2018-12-14 20:00:00,0.0,27.5,80.6,2.52
2018-12-14 21:00:00,0.0,27.33,80.85,2.17
2018-12-14 22:00:00,0.0,27.26,79.94,1.83
2018-12-14 23:00:00,0.0,27.24,78.7,1.53
2018-12-15 00:00:00,0.0,27.22,77.43,1.21
2018-12-15 01:00:00,0.0,27.18,76.34,0.89
2018-12-15 02:00:00,0.0,27.07,75.95,0.74
2018-12-15 03:00:00,0.0,27.01,75.31,0.6
2018-12-15 04:00:00,0.0,26.96,74.8,0.43
2018-12-15 05:00:00,0.0,26.93,74.34,0.4
2018-12-15 06:00:00,0.0,26.97,74.04,0.52
2018-12-15 07:00:00,0.0,27.27,72.41,0.66
2018-12-15 08:00:00,0.0,27.7,70.13,0.67
2018-12-15 09:00:00,0.0,28.13,68.05,0.56
2018-12-15 10:00:00,0.0,28.62,65.5,0.48
2018-12-15 11:00:00,0.0,29.07,63.13,0.69
2018-12-15 12:00:00,0.0,29.38,62.11,1.25
2018-12-15 13:00:00,0.0,29.49,62.39,1.88
2018-12-15 14:00:00,0.0,29.42,63.45,2.43
2018-12-15 15:00:00,0.0,29.2,65.07,2.88
2018-12-15 16:00:00,0.0,28.8,67.78,3.23
2018-12-15 17:00:00,0.0,28.14,73.3,3.38
2018-12-15 18:00:00,0.0,27.56,78.08,3.41
2018-12-15 19:00:00,0.0,27.28,79.84,3.41
2018-12-15 20:00:00,0.0,27.1,80.73,3.17
2018-12-15 21:00:00,0.0,26.98,80.97,2.8
2018-12-15 22:00:00,0.0,26.89,80.89,2.47
2018-12-15 23:00:00,0.0,26.81,80.85,2.29
2018-12-16 00:00:00,0.0,26.73,80.67,2.22
2018-12-16 01:00:00,0.0,26.64,80.47,2.19
2018-12-16 02:00:00,0.0,26.56,80.0,2.07
2018-12-16 03:00:00,0.0,26.52,79.07,1.87
2018-12-16 04:00:00,0.0,26.57,77.53,1.68
2018-12-16 05:00:00,0.0,26.6,76.15,1.53
2018-12-16 06:00:00,0.0,26.69,74.84,1.41
2018-12-16 07:00:00,0.0,27.04,73.29,1.33
2018-12-16 08:00:00,0.0,27.49,68.77,1.11
2018-12-16 09:00:00,0.0,27.89,66.62,0.57
2018-12-16 10:00:00,0.0,28.42,64.28,1.01
2018-12-16 11:00:00,0.0,28.8,63.18,1.77
2018-12-16 12:00:00,0.0,29.05,62.87,2.29
2018-12-16 13:00:00,0.0,29.19,62.73,2.59
2018-12-16 14:00:00,0.0,29.25,62.58,2.68
2018-12-16 15:00:00,0.0,29.2,62.53,2.59
2018-12-16 16:00:00,0.0,29.02,63.41,2.42
2018-12-16 17:00:00,0.0,28.57,67.89,2.06
2018-12-16 18:00:00,0.0,28.12,71.66,1.95
2018-12-16 19:00:00,0.0,27.86,72.69,2.07
2018-12-16 20:00:00,0.0,27.62,73.97,2.19
2018-12-16 21:00:00,0.0,27.43,75.07,2.22
2018-12-16 22:00:00,0.0,27.24,76.12,2.2
2018-12-16 23:00:00,0.0,27.12,76.73,2.13
2018-12-17 00:00:00,0.0,27.02,77.15,2.02
2018-12-17 01:00:00,0.0,26.92,77.47,1.93
2018-12-17 02:00:00,0.0,26.85,77.8,1.9
2018-12-17 03:00:00,0.0,26.81,77.94,1.81
2018-12-17 04:00:00,0.0,26.78,78.15,1.75
2018-12-17 05:00:00,0.0,26.74,78.32,1.77
2018-12-17 06:00:00,0.0,26.75,79.0,1.79
2018-12-17 07:00:00,0.0,27.32,76.76,2.02
2018-12-17 08:00:00,0.0,27.75,74.04,2.24
2018-12-17 09:00:00,0.0,28.05,72.77,2.43
2018-12-17 10:00:00,0.0,28.34,72.31,2.64
2018-12-17 11:00:00,0.0,28.62,71.91,2.92
2018-12-17 12:00:00,0.0,28.87,71.0,3.21
2018-12-17 13:00:00,0.0,28.99,70.56,3.46
2018-12-17 14:00:00,0.0,28.99,70.48,3.56
2018-12-17 15:00:00,0.0,28.94,70.52,3.51
2018-12-17 16:00:00,0.0,28.79,70.96,3.38
2018-12-17 17:00:00,0.0,28.37,74.07,3.02
2018-12-17 18:00:00,0.0,27.95,77.73,2.63
2018-12-17 19:00:00,0.0,27.75,78.32,2.38
2018-12-17 20:00:00,0.0,27.61,77.9,1.98
2018-12-17 21:00:00,0.0,27.51,76.81,1.62
2018-12-17 22:00:00,0.0,27.39,75.94,1.47
2018-12-17 23:00:00,0.0,27.24,75.53,1.46
2018-12-18 00:00:00,0.0,27.07,75.4,1.52
2018-12-18 01:00:00,0.0,26.88,75.57,1.59
2018-12-18 02:00:00,0.0,26.71,76.06,1.76
2018-12-18 03:00:00,0.0,26.59,76.5,1.93
2018-12-18 04:00:00,0.0,26.49,76.78,2.07
2018-12-18 05:00:00,0.0,26.37,77.27,2.26
2018-12-18 06:00:00,0.0,26.36,78.11,2.5
2018-12-18 07:00:00,0.0,27.15,75.82,3.04
2018-12-18 08:00:00,0.0,27.8,72.19,3.65
2018-12-18 09:00:00,0.0,28.34,69.87,3.94
2018-12-18 10:00:00,0.0,28.85,67.25,4.1
2018-12-18 11:00:00,0.0,29.28,64.64,4.1
2018-12-18 12:00:00,0.0,29.61,62.06,4.01
2018-12-18 13:00:00,0.0,29.83,59.7,3.82
2018-12-18 14:00:00,0.0,29.91,58.18,3.73
2018-12-18 15:00:00,0.0,29.87,57.63,3.73
2018-12-18 16:00:00,0.0,29.58,59.07,3.64
2018-12-18 17:00:00,0.0,28.89,64.41,3.35
2018-12-18 18:00:00,0.0,28.3,67.85,3.26
2018-12-18 19:00:00,0.0,28.03,68.59,3.21
2018-12-18 20:00:00,0.0,27.83,69.01,3.01
2018-12-18 21:00:00,0.0,27.65,69.02,2.63
2018-12-18 22:00:00,0.0,27.56,67.77,2.2
2018-12-18 23:00:00,0.0,27.44,67.1,1.96
2018-12-19 00:00:00,0.0,27.2,67.94,1.99
2018-12-19 01:00:00,0.0,26.95,69.27,2.12
2018-12-19 02:00:00,0.0,26.8,70.13,2.08
2018-12-19 03:00:00,0.0,26.78,70.35,1.85
2018-12-19 04:00:00,0.0,26.78,70.59,1.62
2018-12-19 05:00:00,0.0,26.74,71.36,1.5
2018-12-19 06:00:00,0.0,26.7,73.22,1.54
2018-12-19 07:00:00,0.0,27.17,73.06,1.9
2018-12-19 08:00:00,0.0,27.68,70.4,2.26
2018-12-19 09:00:00,0.0,28.02,69.99,2.39
2018-12-19 10:00:00,0.0,28.38,69.13,2.46
2018-12-19 11:00:00,0.0,28.7,67.93,2.38
2018-12-19 12:00:00,0.0,28.98,66.62,2.18
2018-12-19 13:00:00,0.0,29.22,65.08,1.99
2018-12-19 14:00:00,0.0,29.37,63.89,1.87
2018-12-19 15:00:00,0.0,29.4,63.38,1.95
2018-12-19 16:00:00,0.0,29.29,64.04,2.12
2018-12-19 17:00:00,0.0,28.81,68.36,2.15
2018-12-19 18:00:00,0.0,28.31,73.65,2.06
2018-12-19 19:00:00,0.0,28.08,75.21,2.0
2018-12-19 20:00:00,0.0,27.95,75.92,1.78
2018-12-19 21:00:00,0.0,27.82,76.69,1.64
2018-12-19 22:00:00,0.0,27.6,78.05,1.77
2018-12-19 23:00:00,0.0,27.32,79.65,2.12
2018-12-20 00:00:00,0.0,27.04,80.89,2.54
2018-12-20 01:00:00,0.0,26.75,81.66,2.92
2018-12-20 02:00:00,0.0,26.45,81.88,3.19
2018-12-20 03:00:00,0.0,26.19,81.47,3.38
2018-12-20 04:00:00,0.0,25.93,80.68,3.46
2018-12-20 05:00:00,0.0,25.73,79.77,3.43
2018-12-20 06:00:00,0.0,25.72,78.33,3.41
2018-12-20 07:00:00,0.0,26.32,72.97,3.72
2018-12-20 08:00:00,0.0,26.9,68.49,3.42
2018-12-20 09:00:00,0.0,27.68,63.87,2.45
2018-12-20 10:00:00,0.0,28.58,58.98,1.19
2018-12-20 11:00:00,0.0,29.21,57.37,0.06
2018-12-20 12:00:00,0.0,29.54,57.19,0.82
2018-12-20 13:00:00,0.0,29.61,57.82,1.51
2018-12-20 14:00:00,0.0,29.56,58.42,1.93
2018-12-20 15:00:00,0.0,29.47,59.33,2.17
2018-12-20 16:00:00,0.0,29.23,61.32,2.39
2018-12-20 17:00:00,0.0,28.64,67.01,2.46
2018-12-20 18:00:00,0.0,28.03,72.72,2.49
2018-12-20 19:00:00,0.0,27.69,75.21,2.66
2018-12-20 20:00:00,0.0,27.39,77.26,2.73
2018-12-20 21:00:00,0.0,27.12,79.24,2.8
2018-12-20 22:00:00,0.0,26.88,81.11,2.84
2018-12-20 23:00:00,0.0,26.69,82.59,2.76
2018-12-21 00:00:00,0.0,26.53,83.89,2.65
2018-12-21 01:00:00,0.0,26.41,84.49,2.51
2018-12-21 02:00:00,0.0,26.29,84.78,2.33
2018-12-21 03:00:00,0.0,26.25,84.35,2.08
2018-12-21 04:00:00,0.0,26.26,83.41,1.83
2018-12-21 05:00:00,0.0,26.33,81.91,1.58
2018-12-21 06:00:00,0.0,26.46,80.7,1.31
2018-12-21 07:00:00,0.0,26.87,77.44,1.02
2018-12-21 08:00:00,0.0,27.2,75.73,0.7
2018-12-21 09:00:00,0.0,27.53,74.36,0.71
2018-12-21 10:00:00,0.0,27.88,73.02,0.89
2018-12-21 11:00:00,0.0,28.22,71.88,1.29
2018-12-21 12:00:00,0.0,28.5,71.05,1.72
2018-12-21 13:00:00,0.0,28.69,70.38,1.94
2018-12-21 14:00:00,0.0,28.8,69.75,2.05
2018-12-21 15:00:00,0.0,28.85,69.35,2.24
2018-12-21 16:00:00,0.0,28.79,69.6,2.53
2018-12-21 17:00:00,0.0,28.42,72.86,2.71
2018-12-21 18:00:00,0.0,28.01,77.34,2.55
2018-12-21 19:00:00,0.0,27.82,78.64,2.36
2018-12-21 20:00:00,0.0,27.69,78.86,2.15
2018-12-21 21:00:00,0.0,27.56,78.82,2.02
2018-12-21 22:00:00,0.0,27.39,79.36,2.06
2018-12-21 23:00:00,0.0,27.2,80.22,2.25
2018-12-22 00:00:00,0.0,26.99,81.2,2.5
2018-12-22 01:00:00,0.0,26.77,82.15,2.75
2018-12-22 02:00:00,0.0,26.59,82.66,2.83
2018-12-22 03:00:00,0.0,26.48,82.55,2.73
2018-12-22 04:00:00,0.0,26.37,82.23,2.53
2018-12-22 05:00:00,0.0,26.34,81.3,2.29
2018-12-22 06:00:00,0.0,26.44,80.24,2.01
2018-12-22 07:00:00,0.0,27.01,77.01,1.93
2018-12-22 08:00:00,0.0,27.59,73.58,2.02
2018-12-22 09:00:00,0.0,28.24,70.86,2.35
2018-12-22 10:00:00,0.01,28.85,67.81,2.33
2018-12-22 11:00:00,0.0,29.39,64.58,1.94
2018-12-22 12:00:00,0.0,29.85,62.63,1.63
2018-12-22 13:00:00,0.0,30.1,63.76,1.68
2018-12-22 14:00:00,0.0,30.3,63.0,2.0
2018-12-22 15:00:00,0.0,30.31,63.17,2.33
2018-12-22 16:00:00,0.0,30.1,64.85,2.44
2018-12-22 17:00:00,0.0,29.59,69.73,2.31
2018-12-22 18:00:00,0.0,29.14,73.42,2.27
2018-12-22 19:00:00,0.0,28.92,74.35,2.24
2018-12-22 20:00:00,0.0,28.71,75.42,2.2
2018-12-22 21:00:00,0.0,28.39,76.72,2.34
2018-12-22 22:00:00,0.01,27.9,77.71,2.57
2018-12-22 23:00:00,0.01,27.24,78.65,2.8
2018-12-23 00:00:00,0.01,26.59,80.12,2.83
2018-12-23 01:00:00,0.01,26.13,81.33,2.7
2018-12-23 02:00:00,0.01,25.9,82.26,2.51
2018-12-23 03:00:00,0.01,25.87,82.68,2.36
2018-12-23 04:00:00,0.01,25.96,82.4,2.25
2018-12-23 05:00:00,0.02,26.12,81.48,2.2
2018-12-23 06:00:00,0.02,26.38,80.24,2.19
2018-12-23 07:00:00,0.01,27.15,74.71,2.48
2018-12-23 08:00:00,0.02,27.92,71.62,2.87
2018-12-23 09:00:00,0.01,28.77,68.59,3.01
2018-12-23 10:00:00,0.01,29.55,65.61,2.62
2018-12-23 11:00:00,0.01,30.07,64.89,1.83
2018-12-23 12:00:00,0.02,30.44,63.46,0.98
2018-12-23 13:00:00,0.03,30.67,62.12,0.32
2018-12-23 14:00:00,0.03,30.61,63.5,0.9
2018-12-23 15:00:00,0.03,30.42,65.12,1.68
2018-12-23 16:00:00,0.03,30.07,67.55,2.21
2018-12-23 17:00:00,0.03,29.55,70.75,2.53
2018-12-23 18:00:00,0.02,29.05,74.9,2.39
2018-12-23 19:00:00,0.02,28.8,76.49,2.11
2018-12-23 20:00:00,0.02,28.62,77.35,1.58
2018-12-23 21:00:00,0.03,28.39,78.42,1.22
2018-12-23 22:00:00,0.03,28.16,79.58,1.25
2018-12-23 23:00:00,0.03,27.92,80.66,1.57
2018-12-24 00:00:00,0.03,27.67,81.81,1.88
2018-12-24 01:00:00,0.04,27.43,82.74,2.11
2018-12-24 02:00:00,0.04,27.19,83.28,2.15
2018-12-24 03:00:00,0.03,27.05,83.0,2.05
2018-12-24 04:00:00,0.03,26.97,82.19,1.94
2018-12-24 05:00:00,0.02,26.91,81.23,1.8
2018-12-24 06:00:00,0.02,26.94,80.71,1.67
2018-12-24 07:00:00,0.02,27.36,77.99,1.66
2018-12-24 08:00:00,0.02,27.74,74.36,1.71
2018-12-24 09:00:00,0.02,28.19,72.27,1.76
2018-12-24 10:00:00,0.02,28.83,69.6,1.6
2018-12-24 11:00:00,0.02,29.38,67.12,1.17
2018-12-24 12:00:00,0.03,29.75,65.21,0.7
2018-12-24 13:00:00,0.04,29.92,66.69,0.61
2018-12-24 14:00:00,0.05,29.93,67.18,0.91
2018-12-24 15:00:00,0.06,29.84,66.28,1.42
2018-12-24 16:00:00,0.06,29.58,67.32,1.68
2018-12-24 17:00:00,0.07,29.11,71.18,1.79
2018-12-24 18:00:00,0.08,28.68,75.67,1.64
2018-12-24 19:00:00,0.09,28.43,77.58,1.39
2018-12-24 20:00:00,0.1,28.25,78.3,1.01
2018-12-24 21:00:00,0.1,28.1,78.6,1.08
2018-12-24 22:00:00,0.09,27.89,79.8,1.49
2018-12-24 23:00:00,0.1,27.68,80.72,1.87
2018-12-25 00:00:00,0.09,27.48,81.24,2.1
2018-12-25 01:00:00,0.09,27.25,81.68,2.25
2018-12-25 02:00:00,0.09,27.07,81.72,2.23
2018-12-25 03:00:00,0.09,26.92,81.38,2.15
2018-12-25 04:00:00,0.07,26.8,80.87,2.11
2018-12-25 05:00:00,0.06,26.71,80.17,2.04
2018-12-25 06:00:00,0.05,26.77,79.32,1.94
2018-12-25 07:00:00,0.05,27.43,74.15,2.03
2018-12-25 08:00:00,0.06,28.09,69.88,1.91
2018-12-25 09:00:00,0.06,28.87,65.81,1.43
2018-12-25 10:00:00,0.04,29.51,62.96,0.85
2018-12-25 11:00:00,0.03,29.96,62.07,0.42
2018-12-25 12:00:00,0.04,30.05,64.8,0.41
2018-12-25 13:00:00,0.07,30.14,64.93,0.74
2018-12-25 14:00:00,0.11,30.13,65.56,1.29
2018-12-25 15:00:00,0.2,30.01,65.42,1.89
2018-12-25 16:00:00,0.23,29.68,67.27,2.26
2018-12-25 17:00:00,0.19,29.19,70.37,2.46
2018-12-25 18:00:00,0.18,28.61,75.55,2.61
2018-12-25 19:00:00,0.19,28.19,79.3,2.74
2018-12-25 20:00:00,0.21,27.86,81.96,2.64
2018-12-25 21:00:00,0.24,27.61,83.59,2.38
2018-12-25 22:00:00,0.23,27.42,84.47,2.0
2018-12-25 23:00:00,0.23,27.28,84.66,1.51
2018-12-26 00:00:00,0.2,27.17,84.55,1.28
2018-12-26 01:00:00,0.17,27.04,84.56,1.34
2018-12-26 02:00:00,0.17,26.98,83.68,1.23
2018-12-26 03:00:00,0.14,27.0,81.72,0.92
2018-12-26 04:00:00,0.13,26.99,80.15,0.6
2018-12-26 05:00:00,0.12,26.93,79.56,0.55
2018-12-26 06:00:00,0.11,26.91,79.91,0.74
2018-12-26 07:00:00,0.11,27.31,77.19,1.28
2018-12-26 08:00:00,0.03,27.75,74.42,1.55
2018-12-26 09:00:00,0.03,28.23,71.45,1.52
2018-12-26 10:00:00,0.02,28.73,67.96,1.54
2018-12-26 11:00:00,0.02,29.14,64.73,1.6
2018-12-26 12:00:00,0.02,29.41,62.42,1.71
2018-12-26 13:00:00,0.01,29.58,61.15,1.96
2018-12-26 14:00:00,0.01,29.62,60.95,2.38
2018-12-26 15:00:00,0.01,29.52,61.84,2.76
2018-12-26 16:00:00,0.0,29.22,63.95,2.96
2018-12-26 17:00:00,0.0,28.61,69.17,2.91
2018-12-26 18:00:00,0.0,28.03,75.11,2.74
2018-12-26 19:00:00,0.0,27.68,78.11,2.69
2018-12-26 20:00:00,0.0,27.42,80.09,2.46
2018-12-26 21:00:00,0.0,27.2,81.33,2.13
2018-12-26 22:00:00,0.0,27.03,81.86,1.84
2018-12-26 23:00:00,0.01,26.89,81.88,1.56
2018-12-27 00:00:00,0.01,26.74,81.93,1.3
2018-12-27 01:00:00,0.01,26.62,81.38,0.97
2018-12-27 02:00:00,0.01,26.49,81.08,0.82
2018-12-27 03:00:00,0.01,26.34,81.3,1.01
2018-12-27 04:00:00,0.01,26.24,81.2,1.23
2018-12-27 05:00:00,0.01,26.23,80.36,1.31
2018-12-27 06:00:00,0.01,26.31,79.81,1.3
2018-12-27 07:00:00,0.01,26.87,76.44,1.32
2018-12-27 08:00:00,0.08,27.37,73.49,1.12
2018-12-27 09:00:00,0.09,27.86,71.5,1.12
2018-12-27 10:00:00,0.11,28.43,68.84,1.31
2018-12-27 11:00:00,0.15,28.9,66.64,1.5
2018-12-27 12:00:00,0.18,29.22,65.03,1.67
2018-12-27 13:00:00,0.18,29.41,64.02,1.8
2018-12-27 14:00:00,0.13,29.51,63.34,1.99
2018-12-27 15:00:00,0.09,29.48,63.13,2.15
2018-12-27 16:00:00,0.05,29.3,63.61,2.26
2018-12-27 17:00:00,0.02,28.84,66.99,2.29
2018-12-27 18:00:00,0.01,28.31,72.21,2.23
2018-12-27 19:00:00,0.01,28.0,74.32,2.21
2018-12-27 20:00:00,0.01,27.76,75.35,2.14
2018-12-27 21:00:00,0.0,27.57,75.97,2.06
2018-12-27 22:00:00,0.01,27.39,76.63,2.01
2018-12-27 23:00:00,0.01,27.28,76.71,1.87
2018-12-28 00:00:00,0.01,27.19,76.5,1.7
2018-12-28 01:00:00,0.01,27.11,76.1,1.54
2018-12-28 02:00:00,0.02,27.09,75.28,1.35
2018-12-28 03:00:00,0.02,27.11,74.37,1.11
2018-12-28 04:00:00,0.02,27.13,73.65,0.89
2018-12-28 05:00:00,0.01,27.08,73.79,0.87
2018-12-28 06:00:00,0.01,27.02,75.05,1.14
2018-12-28 07:00:00,0.01,27.43,73.95,1.64
2018-12-28 08:00:00,0.02,27.91,72.11,1.95
2018-12-28 09:00:00,0.02,28.34,70.84,1.98
2018-12-28 10:00:00,0.03,28.79,68.64,1.81
2018-12-28 11:00:00,0.03,29.16,66.32,1.55
2018-12-28 12:00:00,0.04,29.46,64.53,1.47
2018-12-28 13:00:00,0.04,29.69,63.25,1.58
2018-12-28 14:00:00,0.03,29.8,62.29,1.78
2018-12-28 15:00:00,0.02,29.82,62.0,1.99
2018-12-28 16:00:00,0.02,29.64,63.11,2.17
2018-12-28 17:00:00,0.04,29.2,66.98,2.25
2018-12-28 18:00:00,0.05,28.7,72.43,2.26
2018-12-28 19:00:00,0.06,28.39,75.19,2.33
2018-12-28 20:00:00,0.07,28.16,76.77,2.28
2018-12-28 21:00:00,0.09,27.98,77.88,2.17
2018-12-28 22:00:00,0.12,27.8,78.81,2.04
2018-12-28 23:00:00,0.15,27.63,79.57,1.93
2018-12-29 00:00:00,0.2,27.46,80.28,1.92
2018-12-29 01:00:00,0.26,27.27,81.04,1.96
2018-12-29 02:00:00,0.34,27.09,81.85,2.0
2018-12-29 03:00:00,0.43,26.9,82.69,2.09
2018-12-29 04:00:00,0.52,26.75,83.38,2.26
2018-12-29 05:00:00,0.61,26.63,83.86,2.45
2018-12-29 06:00:00,0.66,26.61,83.92,2.72
2018-12-29 07:00:00,0.71,26.76,82.6,3.3
2018-12-29 08:00:00,0.06,26.79,82.1,3.53
2018-12-29 09:00:00,0.06,26.86,80.98,3.59
2018-12-29 10:00:00,0.05,26.91,79.13,3.46
2018-12-29 11:00:00,0.05,26.9,77.9,3.33
2018-12-29 12:00:00,0.05,26.95,76.56,3.23
2018-12-29 13:00:00,0.04,27.03,75.03,2.93
2018-12-29 14:00:00,0.02,27.13,73.27,2.34
2018-12-29 15:00:00,0.01,27.21,71.96,1.72
2018-12-29 16:00:00,0.0,27.28,71.65,1.41
2018-12-29 17:00:00,0.0,27.25,74.19,1.36
2018-12-29 18:00:00,0.0,27.25,76.26,1.52
2018-12-29 19:00:00,0.0,27.29,76.3,1.81
2018-12-29 20:00:00,0.0,27.29,76.58,2.11
2018-12-29 21:00:00,0.0,27.23,76.96,2.4
2018-12-29 22:00:00,0.0,27.04,77.85,2.71
2018-12-29 23:00:00,0.0,26.74,78.99,2.94
2018-12-30 00:00:00,0.0,26.41,80.04,3.03
2018-12-30 01:00:00,0.01,26.13,80.63,2.99
2018-12-30 02:00:00,0.02,25.9,80.85,2.78
2018-12-30 03:00:00,0.03,25.7,80.82,2.57
2018-12-30 04:00:00,0.04,25.55,80.63,2.48
2018-12-30 05:00:00,0.04,25.44,80.22,2.52
2018-12-30 06:00:00,0.04,25.45,79.49,2.65
2018-12-30 07:00:00,0.03,25.91,75.42,3.02
2018-12-30 08:00:00,0.02,26.34,70.34,3.41
2018-12-30 09:00:00,0.01,26.83,66.55,3.45
2018-12-30 10:00:00,0.0,27.51,62.15,3.23
2018-12-30 11:00:00,0.0,28.27,57.25,2.81
2018-12-30 12:00:00,0.0,29.0,52.88,2.25
2018-12-30 13:00:00,0.0,29.64,49.67,1.73
2018-12-30 14:00:00,0.0,30.07,48.29,1.31
2018-12-30 15:00:00,0.0,30.24,49.16,1.38
2018-12-30 16:00:00,0.0,30.08,52.53,1.69
2018-12-30 17:00:00,0.0,29.58,57.3,2.05
2018-12-30 18:00:00,0.0,28.8,64.99,2.43
2018-12-30 19:00:00,0.0,28.29,68.9,2.54
2018-12-30 20:00:00,0.0,28.0,70.64,2.13
2018-12-30 21:00:00,0.0,27.97,68.36,1.41
2018-12-30 22:00:00,0.0,27.81,67.75,0.86
2018-12-30 23:00:00,0.0,27.37,69.77,1.24
2018-12-31 00:00:00,0.0,26.86,71.86,1.92
2018-12-31 01:00:00,0.0,26.41,73.24,2.38
2018-12-31 02:00:00,0.0,26.02,74.04,2.53
2018-12-31 03:00:00,0.0,25.65,74.86,2.59
2018-12-31 04:00:00,0.0,25.36,75.3,2.68
2018-12-31 05:00:00,0.0,25.19,75.33,2.76
2018-12-31 06:00:00,0.0,25.22,75.08,2.85
2018-12-31 07:00:00,0.0,26.05,70.93,3.32
2018-12-31 08:00:00,0.0,26.81,66.58,3.61
2018-12-31 09:00:00,0.0,27.68,62.56,3.33
2018-12-31 10:00:00,0.0,28.6,57.75,2.72
2018-12-31 11:00:00,0.0,29.33,53.84,1.96
2018-12-31 12:00:00,0.0,29.87,50.84,1.21
2018-12-31 13:00:00,0.0,30.27,48.89,0.56
2018-12-31 14:00:00,0.0,30.49,49.53,0.42
2018-12-31 15:00:00,0.0,30.51,51.96,0.88
2018-12-31 16:00:00,0.0,30.37,53.95,1.22
2018-12-31 17:00:00,0.0,29.98,56.6,1.52
2018-12-31 18:00:00,0.0,29.33,61.45,1.85
2018-12-31 19:00:00,0.0,28.84,64.58,1.95
2018-12-31 20:00:00,0.0,28.59,64.92,1.65
2018-12-31 21:00:00,0.0,28.45,63.88,1.12
2018-12-31 22:00:00,0.0,28.01,66.25,1.01
2018-12-31 23:00:00,0.0,27.42,69.75,1.68
