,rainfall_mm,temperature_c,humidity_pct,wind_speed_ms
2019-01-01 00:00:00,0.0,17.03,93.99,0.26
2019-01-01 01:00:00,0.0,16.67,94.18,0.29
2019-01-01 02:00:00,0.0,16.24,94.44,0.29
2019-01-01 03:00:00,0.0,15.84,94.34,0.32
2019-01-01 04:00:00,0.0,15.47,94.46,0.34
2019-01-01 05:00:00,0.0,15.15,94.59,0.37
2019-01-01 06:00:00,0.0,15.13,93.5,0.46
2019-01-01 07:00:00,0.0,16.52,86.01,0.68
2019-01-01 08:00:00,0.0,18.91,73.94,0.74
2019-01-01 09:00:00,0.0,21.26,63.08,0.66
2019-01-01 10:00:00,0.0,23.03,55.89,0.48
2019-01-01 11:00:00,0.0,24.24,51.51,0.33
2019-01-01 12:00:00,0.0,25.0,48.93,0.24
2019-01-01 13:00:00,0.0,25.3,48.2,0.18
2019-01-01 14:00:00,0.0,25.14,49.75,0.19
2019-01-01 15:00:00,0.0,24.72,54.73,0.21
2019-01-01 16:00:00,0.0,23.77,61.59,0.22
2019-01-01 17:00:00,0.0,21.61,73.89,0.23
2019-01-01 18:00:00,0.0,19.83,75.92,0.34
2019-01-01 19:00:00,0.0,18.48,79.77,0.36
2019-01-01 20:00:00,0.0,17.37,83.31,0.33
2019-01-01 21:00:00,0.0,16.79,83.39,0.33
2019-01-01 22:00:00,0.0,16.44,83.51,0.31
2019-01-01 23:00:00,0.0,15.74,87.46,0.32
2019-01-02 00:00:00,0.0,15.2,90.84,0.32
2019-01-02 01:00:00,0.0,14.74,93.87,0.32
2019-01-02 02:00:00,0.0,14.47,94.95,0.31
2019-01-02 03:00:00,0.0,14.22,95.15,0.32
2019-01-02 04:00:00,0.0,13.98,95.29,0.33
2019-01-02 05:00:00,0.0,13.75,95.38,0.33
2019-01-02 06:00:00,0.0,13.82,94.01,0.4
2019-01-02 07:00:00,0.0,15.42,85.12,0.64
2019-01-02 08:00:00,0.0,17.82,71.41,0.75
2019-01-02 09:00:00,0.0,20.1,58.37,0.71
2019-01-02 10:00:00,0.0,21.86,50.13,0.62
2019-01-02 11:00:00,0.0,23.11,45.98,0.57
2019-01-02 12:00:00,0.0,23.92,44.03,0.53
2019-01-02 13:00:00,0.0,24.3,44.02,0.49
2019-01-02 14:00:00,0.0,24.27,46.15,0.41
2019-01-02 15:00:00,0.0,23.91,51.02,0.33
2019-01-02 16:00:00,0.0,22.86,58.65,0.25
2019-01-02 17:00:00,0.0,20.56,73.44,0.27
2019-01-02 18:00:00,0.0,18.76,76.04,0.54
2019-01-02 19:00:00,0.0,17.46,79.3,0.61
2019-01-02 20:00:00,0.0,16.14,84.25,0.51
2019-01-02 21:00:00,0.0,15.34,86.03,0.34
2019-01-02 22:00:00,0.0,15.16,86.24,0.34
2019-01-02 23:00:00,0.0,15.23,86.25,0.35
2019-01-03 00:00:00,0.0,15.02,89.72,0.36
2019-01-03 01:00:00,0.0,14.57,94.45,0.37
2019-01-03 02:00:00,0.0,14.44,96.1,0.37
2019-01-03 03:00:00,0.0,14.29,96.5,0.36
2019-01-03 04:00:00,0.0,14.08,96.77,0.37
2019-01-03 05:00:00,0.0,13.84,97.05,0.37
2019-01-03 06:00:00,0.0,13.9,95.84,0.43
2019-01-03 07:00:00,0.0,15.45,87.98,0.68
2019-01-03 08:00:00,0.0,17.89,74.36,0.83
2019-01-03 09:00:00,0.0,20.31,61.55,0.77
2019-01-03 10:00:00,0.0,22.3,53.5,0.65
2019-01-03 11:00:00,0.0,23.9,48.11,0.49
2019-01-03 12:00:00,0.0,25.01,44.82,0.34
2019-01-03 13:00:00,0.0,25.5,44.12,0.26
2019-01-03 14:00:00,0.0,25.4,46.05,0.19
2019-01-03 15:00:00,0.0,24.91,51.75,0.15
2019-01-03 16:00:00,0.0,23.87,58.74,0.15
2019-01-03 17:00:00,0.0,21.46,71.1,0.19
2019-01-03 18:00:00,0.0,19.51,72.21,0.36
2019-01-03 19:00:00,0.0,18.03,77.34,0.4
2019-01-03 20:00:00,0.0,17.42,77.19,0.34
2019-01-03 21:00:00,0.0,16.76,79.93,0.36
2019-01-03 22:00:00,0.0,16.08,83.01,0.33
2019-01-03 23:00:00,0.0,15.51,87.24,0.34
2019-01-04 00:00:00,0.0,15.08,90.57,0.35
2019-01-04 01:00:00,0.0,14.54,93.63,0.37
2019-01-04 02:00:00,0.0,14.15,94.81,0.37
2019-01-04 03:00:00,0.0,13.81,95.35,0.37
2019-01-04 04:00:00,0.0,13.49,95.98,0.37
2019-01-04 05:00:00,0.0,13.22,96.57,0.37
2019-01-04 06:00:00,0.0,13.34,95.12,0.4
2019-01-04 07:00:00,0.0,15.18,85.02,0.61
2019-01-04 08:00:00,0.0,18.01,70.46,0.74
2019-01-04 09:00:00,0.0,20.54,57.89,0.78
2019-01-04 10:00:00,0.0,22.38,51.52,0.75
2019-01-04 11:00:00,0.0,23.71,48.31,0.68
2019-01-04 12:00:00,0.0,24.55,46.71,0.61
2019-01-04 13:00:00,0.0,24.93,46.7,0.56
2019-01-04 14:00:00,0.0,24.88,48.66,0.49
2019-01-04 15:00:00,0.0,24.36,53.94,0.43
2019-01-04 16:00:00,0.0,23.19,62.49,0.33
2019-01-04 17:00:00,0.0,20.74,73.09,0.24
2019-01-04 18:00:00,0.0,18.96,76.27,0.3
2019-01-04 19:00:00,0.0,18.19,76.9,0.29
2019-01-04 20:00:00,0.0,17.62,78.42,0.3
2019-01-04 21:00:00,0.0,16.89,82.9,0.32
2019-01-04 22:00:00,0.0,16.24,86.85,0.33
2019-01-04 23:00:00,0.0,15.78,90.06,0.33
2019-01-05 00:00:00,0.0,15.25,93.19,0.33
2019-01-05 01:00:00,0.0,14.99,93.65,0.36
2019-01-05 02:00:00,0.0,14.73,93.77,0.36
2019-01-05 03:00:00,0.0,14.39,94.13,0.35
2019-01-05 04:00:00,0.0,14.1,94.46,0.32
2019-01-05 05:00:00,0.0,13.63,96.5,0.31
2019-01-05 06:00:00,0.0,13.68,95.89,0.33
2019-01-05 07:00:00,0.0,15.64,87.08,0.52
2019-01-05 08:00:00,0.0,18.51,73.96,0.62
2019-01-05 09:00:00,0.0,21.06,62.22,0.52
2019-01-05 10:00:00,0.0,23.0,54.24,0.37
2019-01-05 11:00:00,0.0,24.43,49.97,0.23
2019-01-05 12:00:00,0.0,25.35,47.93,0.15
2019-01-05 13:00:00,0.0,25.75,47.87,0.13
2019-01-05 14:00:00,0.0,25.66,49.68,0.14
2019-01-05 15:00:00,0.0,25.15,54.54,0.15
2019-01-05 16:00:00,0.0,23.8,66.37,0.14
2019-01-05 17:00:00,0.0,22.05,71.54,0.13
2019-01-05 18:00:00,0.0,20.4,74.65,0.28
2019-01-05 19:00:00,0.0,19.16,77.54,0.38
2019-01-05 20:00:00,0.0,17.76,82.64,0.36
2019-01-05 21:00:00,0.0,16.93,85.1,0.32
2019-01-05 22:00:00,0.0,16.39,86.85,0.37
2019-01-05 23:00:00,0.0,16.04,87.95,0.39
2019-01-06 00:00:00,0.0,15.37,92.0,0.35
2019-01-06 01:00:00,0.0,14.8,95.99,0.28
2019-01-06 02:00:00,0.0,14.61,96.96,0.26
2019-01-06 03:00:00,0.0,14.38,97.5,0.25
2019-01-06 04:00:00,0.0,14.12,97.72,0.25
2019-01-06 05:00:00,0.0,13.98,96.91,0.25
2019-01-06 06:00:00,0.0,14.09,94.83,0.28
2019-01-06 07:00:00,0.0,15.83,84.6,0.44
2019-01-06 08:00:00,0.0,18.63,69.78,0.41
2019-01-06 09:00:00,0.0,21.35,57.25,0.23
2019-01-06 10:00:00,0.0,23.31,49.96,0.09
2019-01-06 11:00:00,0.0,24.59,46.6,0.02
2019-01-06 12:00:00,0.0,25.38,45.37,0.03
2019-01-06 13:00:00,0.0,25.69,46.12,0.06
2019-01-06 14:00:00,0.0,25.54,48.72,0.08
2019-01-06 15:00:00,0.0,25.08,55.14,0.09
2019-01-06 16:00:00,0.0,24.32,60.39,0.09
2019-01-06 17:00:00,0.0,22.41,71.56,0.13
2019-01-06 18:00:00,0.0,21.16,69.82,0.28
2019-01-06 19:00:00,0.0,19.97,73.42,0.43
2019-01-06 20:00:00,0.0,18.44,80.79,0.45
2019-01-06 21:00:00,0.0,17.25,85.96,0.35
2019-01-06 22:00:00,0.0,16.62,87.55,0.25
2019-01-06 23:00:00,0.0,16.31,89.18,0.27
2019-01-07 00:00:00,0.0,16.04,90.4,0.26
2019-01-07 01:00:00,0.0,15.77,92.47,0.28
2019-01-07 02:00:00,0.0,15.45,94.35,0.28
2019-01-07 03:00:00,0.0,15.17,95.46,0.27
2019-01-07 04:00:00,0.0,14.92,95.74,0.28
2019-01-07 05:00:00,0.0,14.69,95.83,0.28
2019-01-07 06:00:00,0.0,14.75,94.58,0.32
2019-01-07 07:00:00,0.0,16.46,86.34,0.49
2019-01-07 08:00:00,0.0,19.05,73.43,0.52
2019-01-07 09:00:00,0.0,21.51,61.04,0.42
2019-01-07 10:00:00,0.0,23.36,53.33,0.28
2019-01-07 11:00:00,0.0,24.67,49.44,0.19
2019-01-07 12:00:00,0.0,25.53,47.83,0.13
2019-01-07 13:00:00,0.0,25.92,47.94,0.11
2019-01-07 14:00:00,0.0,25.85,49.67,0.11
2019-01-07 15:00:00,0.0,25.41,55.89,0.09
2019-01-07 16:00:00,0.0,24.26,65.57,0.03
2019-01-07 17:00:00,0.0,22.52,72.72,0.1
2019-01-07 18:00:00,0.0,21.43,69.92,0.34
2019-01-07 19:00:00,0.0,20.38,73.17,0.52
2019-01-07 20:00:00,0.0,19.03,79.06,0.58
2019-01-07 21:00:00,0.0,17.96,83.27,0.52
2019-01-07 22:00:00,0.0,17.45,84.29,0.53
2019-01-07 23:00:00,0.0,17.21,83.97,0.6
2019-01-08 00:00:00,0.0,17.02,83.8,0.63
2019-01-08 01:00:00,0.0,16.63,85.29,0.68
2019-01-08 02:00:00,0.0,16.06,88.41,0.73
2019-01-08 03:00:00,0.0,15.29,93.06,0.75
2019-01-08 04:00:00,0.0,14.47,98.42,0.7
2019-01-08 05:00:00,0.0,13.87,100.0,0.59
2019-01-08 06:00:00,0.0,13.94,100.0,0.44
2019-01-08 07:00:00,0.0,17.16,88.6,0.44
2019-01-08 08:00:00,0.0,20.46,76.3,0.43
2019-01-08 09:00:00,0.0,22.86,66.19,0.37
2019-01-08 10:00:00,0.0,24.47,59.35,0.33
2019-01-08 11:00:00,0.0,25.51,55.14,0.29
2019-01-08 12:00:00,0.0,26.16,52.25,0.25
2019-01-08 13:00:00,0.0,26.42,50.76,0.24
2019-01-08 14:00:00,0.0,26.26,51.34,0.24
2019-01-08 15:00:00,0.0,25.73,55.87,0.25
2019-01-08 16:00:00,0.0,24.72,62.09,0.21
2019-01-08 17:00:00,0.0,22.72,70.57,0.24
2019-01-08 18:00:00,0.0,20.98,70.4,0.45
2019-01-08 19:00:00,0.0,19.33,74.25,0.58
2019-01-08 20:00:00,0.0,17.66,78.95,0.56
2019-01-08 21:00:00,0.0,16.39,81.34,0.49
2019-01-08 22:00:00,0.0,15.46,82.84,0.42
2019-01-08 23:00:00,0.0,14.99,83.19,0.32
2019-01-09 00:00:00,0.0,14.46,85.76,0.29
2019-01-09 01:00:00,0.0,14.14,87.21,0.31
2019-01-09 02:00:00,0.0,13.96,88.4,0.3
2019-01-09 03:00:00,0.0,13.49,91.15,0.29
2019-01-09 04:00:00,0.0,13.17,91.65,0.29
2019-01-09 05:00:00,0.0,12.93,90.97,0.28
2019-01-09 06:00:00,0.0,13.12,89.16,0.28
2019-01-09 07:00:00,0.0,15.6,76.95,0.45
2019-01-09 08:00:00,0.0,18.91,65.24,0.45
2019-01-09 09:00:00,0.0,22.14,53.1,0.4
2019-01-09 10:00:00,0.0,24.1,45.99,0.38
2019-01-09 11:00:00,0.0,25.23,42.2,0.36
2019-01-09 12:00:00,0.0,25.88,40.59,0.34
2019-01-09 13:00:00,0.0,26.15,40.82,0.32
2019-01-09 14:00:00,0.0,26.17,42.5,0.26
2019-01-09 15:00:00,0.0,25.81,46.13,0.21
2019-01-09 16:00:00,0.0,24.64,56.54,0.16
2019-01-09 17:00:00,0.0,22.68,65.71,0.29
2019-01-09 18:00:00,0.0,21.02,65.11,0.53
2019-01-09 19:00:00,0.0,19.52,69.28,0.64
2019-01-09 20:00:00,0.0,17.88,75.64,0.61
2019-01-09 21:00:00,0.0,16.72,78.9,0.58
2019-01-09 22:00:00,0.0,15.69,81.83,0.57
2019-01-09 23:00:00,0.0,14.74,84.92,0.48
2019-01-10 00:00:00,0.0,14.08,86.81,0.39
2019-01-10 01:00:00,0.0,13.72,88.15,0.3
2019-01-10 02:00:00,0.0,13.68,88.53,0.29
2019-01-10 03:00:00,0.0,13.34,90.9,0.29
2019-01-10 04:00:00,0.0,13.08,92.88,0.29
2019-01-10 05:00:00,0.0,13.01,93.95,0.28
2019-01-10 06:00:00,0.0,13.37,93.02,0.28
2019-01-10 07:00:00,0.0,15.55,82.88,0.46
2019-01-10 08:00:00,0.0,18.9,69.05,0.48
2019-01-10 09:00:00,0.0,21.95,55.55,0.43
2019-01-10 10:00:00,0.0,23.93,48.29,0.37
2019-01-10 11:00:00,0.0,25.19,44.0,0.32
2019-01-10 12:00:00,0.0,25.95,41.8,0.29
2019-01-10 13:00:00,0.0,26.28,41.16,0.27
2019-01-10 14:00:00,0.0,26.31,42.89,0.23
2019-01-10 15:00:00,0.0,25.96,45.42,0.18
2019-01-10 16:00:00,0.0,24.8,55.02,0.11
2019-01-10 17:00:00,0.0,22.9,62.68,0.23
2019-01-10 18:00:00,0.0,21.66,59.99,0.4
2019-01-10 19:00:00,0.0,20.62,61.56,0.53
2019-01-10 20:00:00,0.0,19.15,67.52,0.66
2019-01-10 21:00:00,0.0,17.75,73.27,0.7
2019-01-10 22:00:00,0.0,16.86,75.8,0.72
2019-01-10 23:00:00,0.0,16.3,76.84,0.77
2019-01-11 00:00:00,0.0,15.98,77.08,0.85
2019-01-11 01:00:00,0.0,15.42,79.1,0.87
2019-01-11 02:00:00,0.0,14.66,82.88,0.85
2019-01-11 03:00:00,0.0,13.82,88.0,0.79
2019-01-11 04:00:00,0.0,13.02,93.84,0.67
2019-01-11 05:00:00,0.0,12.48,98.21,0.54
2019-01-11 06:00:00,0.0,12.68,98.23,0.37
2019-01-11 07:00:00,0.0,16.07,83.18,0.39
2019-01-11 08:00:00,0.0,19.62,71.61,0.29
2019-01-11 09:00:00,0.0,22.62,62.18,0.31
2019-01-11 10:00:00,0.0,24.4,54.71,0.37
2019-01-11 11:00:00,0.0,25.58,49.78,0.37
2019-01-11 12:00:00,0.0,26.34,46.94,0.32
2019-01-11 13:00:00,0.0,26.64,45.98,0.25
2019-01-11 14:00:00,0.0,26.55,47.35,0.19
2019-01-11 15:00:00,0.0,26.23,49.34,0.14
2019-01-11 16:00:00,0.0,25.19,57.02,0.08
2019-01-11 17:00:00,0.0,23.33,68.28,0.09
2019-01-11 18:00:00,0.0,22.24,63.91,0.1
2019-01-11 19:00:00,0.0,21.47,64.32,0.14
2019-01-11 20:00:00,0.0,20.7,66.92,0.32
2019-01-11 21:00:00,0.0,19.55,71.8,0.6
2019-01-11 22:00:00,0.0,18.22,77.36,0.73
2019-01-11 23:00:00,0.0,17.11,81.5,0.79
2019-01-12 00:00:00,0.0,16.17,84.84,0.82
2019-01-12 01:00:00,0.0,15.24,88.27,0.75
2019-01-12 02:00:00,0.0,14.51,91.21,0.65
2019-01-12 03:00:00,0.0,13.97,94.54,0.47
2019-01-12 04:00:00,0.0,13.83,96.18,0.39
2019-01-12 05:00:00,0.0,13.91,96.77,0.35
2019-01-12 06:00:00,0.0,14.31,95.2,0.33
2019-01-12 07:00:00,0.0,16.54,85.58,0.49
2019-01-12 08:00:00,0.0,19.67,73.25,0.53
2019-01-12 09:00:00,0.0,22.7,60.96,0.45
2019-01-12 10:00:00,0.0,24.74,52.98,0.39
2019-01-12 11:00:00,0.0,25.95,48.99,0.38
2019-01-12 12:00:00,0.0,26.66,46.72,0.36
2019-01-12 13:00:00,0.0,26.92,45.71,0.33
2019-01-12 14:00:00,0.0,26.76,47.21,0.28
2019-01-12 15:00:00,0.0,26.02,50.5,0.21
2019-01-12 16:00:00,0.0,24.65,61.65,0.13
2019-01-12 17:00:00,0.0,23.02,68.57,0.16
2019-01-12 18:00:00,0.0,21.83,68.51,0.28
2019-01-12 19:00:00,0.0,20.81,71.08,0.42
2019-01-12 20:00:00,0.0,19.49,76.01,0.5
2019-01-12 21:00:00,0.0,18.08,80.37,0.47
2019-01-12 22:00:00,0.0,16.99,83.01,0.43
2019-01-12 23:00:00,0.0,16.19,84.25,0.34
2019-01-13 00:00:00,0.0,15.76,85.32,0.39
2019-01-13 01:00:00,0.0,15.28,86.57,0.39
2019-01-13 02:00:00,0.0,14.86,88.72,0.32
2019-01-13 03:00:00,0.0,14.33,91.82,0.26
2019-01-13 04:00:00,0.0,14.14,92.89,0.26
2019-01-13 05:00:00,0.0,14.01,93.19,0.25
2019-01-13 06:00:00,0.0,14.1,92.01,0.28
2019-01-13 07:00:00,0.0,15.99,80.16,0.43
2019-01-13 08:00:00,0.0,19.13,64.5,0.43
2019-01-13 09:00:00,0.0,22.26,49.97,0.32
2019-01-13 10:00:00,0.0,24.49,42.25,0.17
2019-01-13 11:00:00,0.0,25.93,39.15,0.06
2019-01-13 12:00:00,0.0,26.85,37.97,0.06
2019-01-13 13:00:00,0.0,27.25,38.19,0.13
2019-01-13 14:00:00,0.0,27.19,40.23,0.14
2019-01-13 15:00:00,0.0,26.98,42.71,0.11
2019-01-13 16:00:00,0.0,26.09,47.56,0.1
2019-01-13 17:00:00,0.0,23.94,63.17,0.25
2019-01-13 18:00:00,0.0,22.48,62.15,0.44
2019-01-13 19:00:00,0.0,21.4,64.46,0.51
2019-01-13 20:00:00,0.0,20.15,70.04,0.56
2019-01-13 21:00:00,0.0,18.96,76.04,0.57
2019-01-13 22:00:00,0.0,18.01,80.83,0.57
2019-01-13 23:00:00,0.0,17.3,85.11,0.56
2019-01-14 00:00:00,0.0,16.86,88.08,0.57
2019-01-14 01:00:00,0.0,16.3,92.24,0.5
2019-01-14 02:00:00,0.0,15.98,95.24,0.42
2019-01-14 03:00:00,0.0,15.65,98.35,0.4
2019-01-14 04:00:00,0.0,15.37,100.0,0.35
2019-01-14 05:00:00,0.0,15.67,100.0,0.32
2019-01-14 06:00:00,0.0,16.22,96.75,0.31
2019-01-14 07:00:00,0.0,17.85,89.16,0.46
2019-01-14 08:00:00,0.06,19.87,80.74,0.49
2019-01-14 09:00:00,0.0,22.01,71.44,0.39
2019-01-14 10:00:00,0.0,24.09,61.62,0.3
2019-01-14 11:00:00,0.0,25.65,54.88,0.24
2019-01-14 12:00:00,0.0,26.75,50.49,0.2
2019-01-14 13:00:00,0.0,27.28,48.81,0.18
2019-01-14 14:00:00,0.01,27.21,49.88,0.16
2019-01-14 15:00:00,0.01,26.53,55.82,0.13
2019-01-14 16:00:00,0.01,25.48,62.68,0.13
2019-01-14 17:00:00,0.01,24.02,68.39,0.14
2019-01-14 18:00:00,0.0,22.85,67.89,0.28
2019-01-14 19:00:00,0.0,21.88,69.65,0.4
2019-01-14 20:00:00,0.0,20.57,74.9,0.53
2019-01-14 21:00:00,0.0,19.33,79.97,0.57
2019-01-14 22:00:00,0.0,18.35,82.83,0.58
2019-01-14 23:00:00,0.0,17.39,86.33,0.56
2019-01-15 00:00:00,0.0,16.63,89.45,0.55
2019-01-15 01:00:00,0.0,15.89,92.55,0.43
2019-01-15 02:00:00,0.02,15.59,94.06,0.35
2019-01-15 03:00:00,0.05,15.27,96.1,0.3
2019-01-15 04:00:00,0.05,15.22,96.62,0.24
2019-01-15 05:00:00,0.03,15.24,96.22,0.24
2019-01-15 06:00:00,0.03,15.51,94.91,0.28
2019-01-15 07:00:00,0.01,16.85,89.62,0.43
2019-01-15 08:00:00,0.0,19.69,75.74,0.44
2019-01-15 09:00:00,0.0,22.96,58.96,0.35
2019-01-15 10:00:00,0.0,25.2,49.51,0.27
2019-01-15 11:00:00,0.0,26.54,45.14,0.22
2019-01-15 12:00:00,0.0,27.36,43.17,0.18
2019-01-15 13:00:00,0.0,27.68,43.33,0.17
2019-01-15 14:00:00,0.0,27.57,45.58,0.15
2019-01-15 15:00:00,0.0,26.75,51.78,0.12
2019-01-15 16:00:00,0.0,25.86,56.22,0.05
2019-01-15 17:00:00,0.0,24.19,64.73,0.11
2019-01-15 18:00:00,0.0,22.7,64.21,0.33
2019-01-15 19:00:00,0.0,21.35,67.15,0.47
2019-01-15 20:00:00,0.0,19.72,72.95,0.52
2019-01-15 21:00:00,0.0,18.18,77.86,0.45
2019-01-15 22:00:00,0.0,17.24,77.87,0.32
2019-01-15 23:00:00,0.0,17.02,76.97,0.35
2019-01-16 00:00:00,0.0,16.66,78.09,0.39
2019-01-16 01:00:00,0.0,15.89,81.31,0.32
2019-01-16 02:00:00,0.0,15.5,84.44,0.32
2019-01-16 03:00:00,0.0,15.17,88.32,0.32
2019-01-16 04:00:00,0.0,14.91,91.06,0.32
2019-01-16 05:00:00,0.0,14.77,92.11,0.32
2019-01-16 06:00:00,0.0,14.93,90.78,0.36
2019-01-16 07:00:00,0.0,16.82,79.88,0.57
2019-01-16 08:00:00,0.0,20.01,64.28,0.66
2019-01-16 09:00:00,0.0,23.04,50.49,0.6
2019-01-16 10:00:00,0.0,25.2,42.75,0.45
2019-01-16 11:00:00,0.0,26.61,39.08,0.35
2019-01-16 12:00:00,0.0,27.44,38.11,0.32
2019-01-16 13:00:00,0.0,27.81,38.18,0.29
2019-01-16 14:00:00,0.0,27.87,39.28,0.26
2019-01-16 15:00:00,0.0,27.52,40.76,0.22
2019-01-16 16:00:00,0.0,26.26,48.8,0.13
2019-01-16 17:00:00,0.0,24.03,59.86,0.16
2019-01-16 18:00:00,0.0,22.18,62.02,0.34
2019-01-16 19:00:00,0.0,20.77,65.8,0.46
2019-01-16 20:00:00,0.0,19.46,70.56,0.56
2019-01-16 21:00:00,0.0,18.32,74.44,0.61
2019-01-16 22:00:00,0.0,17.12,79.19,0.6
2019-01-16 23:00:00,0.0,16.09,83.3,0.54
2019-01-17 00:00:00,0.0,15.34,86.16,0.47
2019-01-17 01:00:00,0.0,14.93,87.19,0.37
2019-01-17 02:00:00,0.0,14.39,90.25,0.33
2019-01-17 03:00:00,0.0,14.24,91.5,0.27
2019-01-17 04:00:00,0.0,14.23,92.77,0.26
2019-01-17 05:00:00,0.0,14.21,93.76,0.26
2019-01-17 06:00:00,0.0,14.49,92.7,0.29
2019-01-17 07:00:00,0.0,16.39,83.65,0.49
2019-01-17 08:00:00,0.0,19.67,68.62,0.55
2019-01-17 09:00:00,0.0,22.77,55.0,0.5
2019-01-17 10:00:00,0.0,24.87,47.25,0.4
2019-01-17 11:00:00,0.0,26.23,43.24,0.3
2019-01-17 12:00:00,0.0,27.08,40.71,0.21
2019-01-17 13:00:00,0.0,27.5,39.44,0.14
2019-01-17 14:00:00,0.0,27.37,40.08,0.12
2019-01-17 15:00:00,0.0,26.97,41.91,0.12
2019-01-17 16:00:00,0.0,25.68,47.88,0.09
2019-01-17 17:00:00,0.0,23.41,59.8,0.1
2019-01-17 18:00:00,0.0,21.48,62.67,0.28
2019-01-17 19:00:00,0.0,19.88,69.23,0.48
2019-01-17 20:00:00,0.0,18.51,74.62,0.58
2019-01-17 21:00:00,0.0,17.4,78.31,0.61
2019-01-17 22:00:00,0.0,16.4,81.58,0.55
2019-01-17 23:00:00,0.0,15.88,83.23,0.6
2019-01-18 00:00:00,0.0,15.39,84.74,0.61
2019-01-18 01:00:00,0.0,14.6,87.24,0.5
2019-01-18 02:00:00,0.0,14.09,88.83,0.39
2019-01-18 03:00:00,0.0,13.79,90.76,0.28
2019-01-18 04:00:00,0.0,13.83,91.04,0.27
2019-01-18 05:00:00,0.0,13.67,93.0,0.25
2019-01-18 06:00:00,0.0,13.95,92.99,0.25
2019-01-18 07:00:00,0.0,16.28,81.97,0.41
2019-01-18 08:00:00,0.0,19.64,66.66,0.43
2019-01-18 09:00:00,0.0,22.56,53.32,0.37
2019-01-18 10:00:00,0.0,24.47,45.8,0.3
2019-01-18 11:00:00,0.0,25.77,41.13,0.26
2019-01-18 12:00:00,0.0,26.63,38.08,0.22
2019-01-18 13:00:00,0.0,27.02,36.43,0.18
2019-01-18 14:00:00,0.0,26.91,37.1,0.14
2019-01-18 15:00:00,0.0,26.41,38.68,0.11
2019-01-18 16:00:00,0.0,25.08,46.38,0.07
2019-01-18 17:00:00,0.0,22.91,59.65,0.15
2019-01-18 18:00:00,0.0,21.05,63.43,0.41
2019-01-18 19:00:00,0.0,19.56,68.5,0.56
2019-01-18 20:00:00,0.0,18.22,73.54,0.59
2019-01-18 21:00:00,0.0,17.2,76.86,0.57
2019-01-18 22:00:00,0.0,16.41,79.6,0.55
2019-01-18 23:00:00,0.0,15.74,82.14,0.56
2019-01-19 00:00:00,0.0,15.05,84.77,0.56
2019-01-19 01:00:00,0.0,14.31,88.06,0.49
2019-01-19 02:00:00,0.0,13.71,91.24,0.41
2019-01-19 03:00:00,0.0,13.33,94.31,0.34
2019-01-19 04:00:00,0.0,13.1,97.05,0.25
2019-01-19 05:00:00,0.0,13.03,98.64,0.25
2019-01-19 06:00:00,0.0,13.36,97.97,0.23
2019-01-19 07:00:00,0.0,15.99,84.38,0.36
2019-01-19 08:00:00,0.0,19.57,67.25,0.34
2019-01-19 09:00:00,0.0,22.66,52.49,0.27
2019-01-19 10:00:00,0.0,24.63,43.38,0.24
2019-01-19 11:00:00,0.0,26.02,37.47,0.19
2019-01-19 12:00:00,0.0,26.95,34.06,0.12
2019-01-19 13:00:00,0.0,27.41,32.91,0.05
2019-01-19 14:00:00,0.0,27.35,34.23,0.07
2019-01-19 15:00:00,0.0,26.9,37.23,0.13
2019-01-19 16:00:00,0.0,25.64,45.47,0.19
2019-01-19 17:00:00,0.0,23.29,61.84,0.12
2019-01-19 18:00:00,0.0,21.74,60.83,0.01
2019-01-19 19:00:00,0.0,20.82,62.2,0.23
2019-01-19 20:00:00,0.0,19.65,66.79,0.55
2019-01-19 21:00:00,0.0,18.03,74.29,0.71
2019-01-19 22:00:00,0.0,16.72,79.84,0.69
2019-01-19 23:00:00,0.0,15.84,82.85,0.65
2019-01-20 00:00:00,0.0,15.22,84.28,0.68
2019-01-20 01:00:00,0.0,14.59,85.94,0.67
2019-01-20 02:00:00,0.0,13.82,88.62,0.58
2019-01-20 03:00:00,0.0,13.16,91.54,0.44
2019-01-20 04:00:00,0.0,12.93,93.77,0.26
2019-01-20 05:00:00,0.0,13.02,94.75,0.24
2019-01-20 06:00:00,0.0,13.57,93.29,0.23
2019-01-20 07:00:00,0.0,15.91,82.33,0.38
2019-01-20 08:00:00,0.0,19.24,66.91,0.42
2019-01-20 09:00:00,0.0,22.26,51.22,0.39
2019-01-20 10:00:00,0.0,24.32,41.77,0.4
2019-01-20 11:00:00,0.0,25.75,35.81,0.41
2019-01-20 12:00:00,0.0,26.71,32.23,0.39
2019-01-20 13:00:00,0.0,27.15,30.85,0.36
2019-01-20 14:00:00,0.0,27.15,31.48,0.28
2019-01-20 15:00:00,0.0,26.68,32.66,0.24
2019-01-20 16:00:00,0.0,25.28,41.48,0.17
2019-01-20 17:00:00,0.0,22.88,55.85,0.23
2019-01-20 18:00:00,0.0,20.65,60.58,0.43
2019-01-20 19:00:00,0.0,18.97,67.08,0.56
2019-01-20 20:00:00,0.0,17.5,72.42,0.5
2019-01-20 21:00:00,0.0,16.55,73.93,0.38
2019-01-20 22:00:00,0.0,16.25,73.48,0.31
2019-01-20 23:00:00,0.0,16.26,72.53,0.29
2019-01-21 00:00:00,0.0,15.57,76.85,0.29
2019-01-21 01:00:00,0.0,15.01,80.49,0.3
2019-01-21 02:00:00,0.0,14.41,85.45,0.29
2019-01-21 03:00:00,0.0,13.87,90.19,0.31
2019-01-21 04:00:00,0.0,13.54,93.13,0.32
2019-01-21 05:00:00,0.0,13.42,93.71,0.32
2019-01-21 06:00:00,0.0,13.59,91.61,0.36
2019-01-21 07:00:00,0.0,15.64,78.64,0.56
2019-01-21 08:00:00,0.0,19.22,60.09,0.59
2019-01-21 09:00:00,0.0,22.6,41.75,0.5
2019-01-21 10:00:00,0.0,25.03,30.88,0.33
2019-01-21 11:00:00,0.0,26.69,25.88,0.2
2019-01-21 12:00:00,0.0,27.79,23.48,0.09
2019-01-21 13:00:00,0.0,28.33,22.96,0.07
2019-01-21 14:00:00,0.0,28.36,23.98,0.14
2019-01-21 15:00:00,0.0,27.92,25.39,0.22
2019-01-21 16:00:00,0.0,26.58,32.51,0.25
2019-01-21 17:00:00,0.0,23.93,48.92,0.3
2019-01-21 18:00:00,0.0,22.34,48.55,0.37
2019-01-21 19:00:00,0.0,21.44,50.8,0.3
2019-01-21 20:00:00,0.0,20.76,53.91,0.17
2019-01-21 21:00:00,0.0,19.4,60.44,0.47
2019-01-21 22:00:00,0.0,17.98,66.61,0.64
2019-01-21 23:00:00,0.0,16.68,71.43,0.67
2019-01-22 00:00:00,0.0,15.63,74.75,0.69
2019-01-22 01:00:00,0.0,14.77,77.45,0.74
2019-01-22 02:00:00,0.0,14.05,80.0,0.77
2019-01-22 03:00:00,0.0,13.46,82.07,0.76
2019-01-22 04:00:00,0.0,12.84,84.69,0.71
2019-01-22 05:00:00,0.0,12.34,87.46,0.67
2019-01-22 06:00:00,0.0,12.42,88.94,0.59
2019-01-22 07:00:00,0.0,15.58,76.31,0.38
2019-01-22 08:00:00,0.0,19.92,59.12,0.16
2019-01-22 09:00:00,0.0,23.57,44.59,0.03
2019-01-22 10:00:00,0.0,25.68,37.35,0.07
2019-01-22 11:00:00,0.0,27.1,33.65,0.12
2019-01-22 12:00:00,0.0,27.99,32.02,0.17
2019-01-22 13:00:00,0.0,28.4,31.65,0.22
2019-01-22 14:00:00,0.0,28.32,32.62,0.23
2019-01-22 15:00:00,0.0,27.85,34.87,0.25
2019-01-22 16:00:00,0.0,26.79,38.84,0.25
2019-01-22 17:00:00,0.0,24.34,55.45,0.26
2019-01-22 18:00:00,0.0,22.87,55.91,0.31
2019-01-22 19:00:00,0.0,22.08,56.47,0.19
2019-01-22 20:00:00,0.0,21.16,59.48,0.25
2019-01-22 21:00:00,0.0,19.86,64.65,0.55
2019-01-22 22:00:00,0.0,18.52,70.54,0.66
2019-01-22 23:00:00,0.0,17.47,74.66,0.66
2019-01-23 00:00:00,0.0,16.73,77.03,0.66
2019-01-23 01:00:00,0.0,16.25,78.17,0.66
2019-01-23 02:00:00,0.0,15.98,78.84,0.64
2019-01-23 03:00:00,0.0,15.81,79.53,0.55
2019-01-23 04:00:00,0.0,15.7,80.7,0.49
2019-01-23 05:00:00,0.0,15.42,82.98,0.53
2019-01-23 06:00:00,0.0,15.11,85.94,0.6
2019-01-23 07:00:00,0.0,16.96,81.72,0.37
2019-01-23 08:00:00,0.0,20.87,65.44,0.15
2019-01-23 09:00:00,0.0,23.64,54.51,0.18
2019-01-23 10:00:00,0.0,25.61,46.7,0.19
2019-01-23 11:00:00,0.0,27.24,41.09,0.19
2019-01-23 12:00:00,0.0,28.44,37.65,0.17
2019-01-23 13:00:00,0.0,29.08,36.61,0.16
2019-01-23 14:00:00,0.0,29.18,36.88,0.18
2019-01-23 15:00:00,0.0,28.87,39.07,0.22
2019-01-23 16:00:00,0.0,27.86,42.63,0.29
2019-01-23 17:00:00,0.0,25.42,59.71,0.32
2019-01-23 18:00:00,0.0,23.87,60.78,0.42
2019-01-23 19:00:00,0.0,22.98,62.88,0.26
2019-01-23 20:00:00,0.0,21.77,68.82,0.3
2019-01-23 21:00:00,0.0,19.77,80.24,0.53
2019-01-23 22:00:00,0.0,18.23,88.27,0.39
2019-01-23 23:00:00,0.0,17.45,91.58,0.29
2019-01-24 00:00:00,0.0,17.08,93.41,0.21
2019-01-24 01:00:00,0.0,16.83,95.1,0.24
2019-01-24 02:00:00,0.0,16.49,97.31,0.27
2019-01-24 03:00:00,0.0,16.31,98.76,0.41
2019-01-24 04:00:00,0.0,16.42,98.36,0.45
2019-01-24 05:00:00,0.0,16.49,98.07,0.42
2019-01-24 06:00:00,0.0,16.57,97.41,0.4
2019-01-24 07:00:00,0.0,18.53,87.6,0.21
2019-01-24 08:00:00,0.0,21.76,72.05,0.15
2019-01-24 09:00:00,0.0,24.4,60.04,0.18
2019-01-24 10:00:00,0.0,26.47,51.38,0.19
2019-01-24 11:00:00,0.0,28.03,45.26,0.21
2019-01-24 12:00:00,0.0,29.1,41.3,0.22
2019-01-24 13:00:00,0.0,29.63,39.54,0.26
2019-01-24 14:00:00,0.0,29.68,39.58,0.31
2019-01-24 15:00:00,0.0,29.16,42.31,0.38
2019-01-24 16:00:00,0.0,28.19,46.98,0.47
2019-01-24 17:00:00,0.0,25.81,62.42,0.54
2019-01-24 18:00:00,0.0,23.67,73.92,0.68
2019-01-24 19:00:00,0.0,22.66,79.52,0.6
2019-01-24 20:00:00,0.0,21.37,86.39,0.32
2019-01-24 21:00:00,0.0,20.33,88.53,0.13
2019-01-24 22:00:00,0.0,19.92,89.75,0.13
2019-01-24 23:00:00,0.0,19.77,90.02,0.14
2019-01-25 00:00:00,0.0,19.61,90.8,0.14
2019-01-25 01:00:00,0.0,19.23,92.93,0.14
2019-01-25 02:00:00,0.0,18.73,95.5,0.15
2019-01-25 03:00:00,0.0,18.18,98.02,0.2
2019-01-25 04:00:00,0.0,17.81,99.2,0.29
2019-01-25 05:00:00,0.0,17.51,99.83,0.35
2019-01-25 06:00:00,0.0,17.49,98.54,0.3
2019-01-25 07:00:00,0.0,19.7,86.13,0.12
2019-01-25 08:00:00,0.0,22.88,68.42,0.01
2019-01-25 09:00:00,0.0,25.4,56.02,0.13
2019-01-25 10:00:00,0.0,27.17,48.82,0.23
2019-01-25 11:00:00,0.0,28.29,44.95,0.33
2019-01-25 12:00:00,0.0,29.06,43.01,0.42
2019-01-25 13:00:00,0.0,29.29,42.8,0.5
2019-01-25 14:00:00,0.0,29.04,44.17,0.54
2019-01-25 15:00:00,0.0,28.34,47.22,0.55
2019-01-25 16:00:00,0.0,27.01,54.45,0.54
2019-01-25 17:00:00,0.0,24.97,65.82,0.43
2019-01-25 18:00:00,0.0,23.09,75.64,0.37
2019-01-25 19:00:00,0.0,22.02,83.15,0.37
2019-01-25 20:00:00,0.0,21.6,86.11,0.38
2019-01-25 21:00:00,0.0,21.36,86.88,0.25
2019-01-25 22:00:00,0.0,20.76,90.11,0.21
2019-01-25 23:00:00,0.0,20.2,92.67,0.15
2019-01-26 00:00:00,0.0,19.76,94.12,0.14
2019-01-26 01:00:00,0.0,19.41,95.0,0.14
2019-01-26 02:00:00,0.0,19.08,96.0,0.16
2019-01-26 03:00:00,0.0,18.77,97.19,0.26
2019-01-26 04:00:00,0.0,18.5,98.55,0.31
2019-01-26 05:00:00,0.0,18.26,99.9,0.34
2019-01-26 06:00:00,0.0,18.37,99.15,0.32
2019-01-26 07:00:00,0.0,20.55,87.69,0.14
2019-01-26 08:00:00,0.0,23.45,71.98,0.1
2019-01-26 09:00:00,0.0,25.9,58.9,0.03
2019-01-26 10:00:00,0.0,27.88,49.43,0.12
2019-01-26 11:00:00,0.0,29.3,43.3,0.28
2019-01-26 12:00:00,0.0,30.07,40.47,0.41
2019-01-26 13:00:00,0.0,30.3,39.73,0.52
2019-01-26 14:00:00,0.0,30.05,40.72,0.59
2019-01-26 15:00:00,0.0,29.27,43.82,0.62
2019-01-26 16:00:00,0.0,27.72,51.37,0.62
2019-01-26 17:00:00,0.0,25.53,63.31,0.56
2019-01-26 18:00:00,0.0,23.58,74.04,0.51
2019-01-26 19:00:00,0.0,22.61,81.14,0.5
2019-01-26 20:00:00,0.0,22.19,83.31,0.42
2019-01-26 21:00:00,0.0,21.57,87.12,0.14
2019-01-26 22:00:00,0.0,20.73,91.12,0.15
2019-01-26 23:00:00,0.0,20.31,92.81,0.1
2019-01-27 00:00:00,0.0,20.07,93.34,0.1
2019-01-27 01:00:00,0.0,19.87,94.4,0.15
2019-01-27 02:00:00,0.0,19.66,95.34,0.2
2019-01-27 03:00:00,0.0,19.52,95.84,0.25
2019-01-27 04:00:00,0.0,19.22,97.41,0.29
2019-01-27 05:00:00,0.0,18.89,99.16,0.31
2019-01-27 06:00:00,0.0,18.95,98.53,0.29
2019-01-27 07:00:00,0.0,21.05,86.58,0.26
2019-01-27 08:00:00,0.0,23.73,71.23,0.19
2019-01-27 09:00:00,0.0,26.07,59.96,0.1
2019-01-27 10:00:00,0.0,28.02,51.84,0.09
2019-01-27 11:00:00,0.0,29.43,45.95,0.23
2019-01-27 12:00:00,0.0,30.17,42.87,0.36
2019-01-27 13:00:00,0.0,30.36,41.88,0.45
2019-01-27 14:00:00,0.0,30.17,42.37,0.51
2019-01-27 15:00:00,0.0,29.43,44.78,0.55
2019-01-27 16:00:00,0.0,27.93,52.39,0.57
2019-01-27 17:00:00,0.0,25.89,64.01,0.54
2019-01-27 18:00:00,0.0,24.15,73.47,0.55
2019-01-27 19:00:00,0.0,23.27,78.21,0.49
2019-01-27 20:00:00,0.0,22.44,84.64,0.3
2019-01-27 21:00:00,0.0,21.73,86.65,0.15
2019-01-27 22:00:00,0.0,21.26,93.89,0.1
2019-01-27 23:00:00,0.0,20.85,91.72,0.05
2019-01-28 00:00:00,0.0,20.51,92.95,0.04
2019-01-28 01:00:00,0.0,20.29,93.36,0.01
2019-01-28 02:00:00,0.0,20.05,94.21,0.05
2019-01-28 03:00:00,0.0,19.82,95.05,0.08
2019-01-28 04:00:00,0.0,19.6,96.09,0.1
2019-01-28 05:00:00,0.0,19.38,96.82,0.16
2019-01-28 06:00:00,0.0,19.48,95.65,0.2
2019-01-28 07:00:00,0.0,21.36,84.19,0.18
2019-01-28 08:00:00,0.0,23.98,69.08,0.16
2019-01-28 09:00:00,0.0,26.31,57.97,0.23
2019-01-28 10:00:00,0.0,27.98,50.88,0.32
2019-01-28 11:00:00,0.0,29.1,46.3,0.39
2019-01-28 12:00:00,0.0,29.73,43.75,0.45
2019-01-28 13:00:00,0.0,29.96,42.94,0.5
2019-01-28 14:00:00,0.0,29.74,43.31,0.56
2019-01-28 15:00:00,0.0,29.03,45.41,0.61
2019-01-28 16:00:00,0.0,27.56,51.76,0.62
2019-01-28 17:00:00,0.0,25.55,62.5,0.57
2019-01-28 18:00:00,0.0,23.84,71.59,0.55
2019-01-28 19:00:00,0.0,22.79,78.44,0.48
2019-01-28 20:00:00,0.0,22.08,83.07,0.38
2019-01-28 21:00:00,0.0,21.51,86.49,0.23
2019-01-28 22:00:00,0.0,21.05,87.46,0.17
2019-01-28 23:00:00,0.0,20.76,88.27,0.17
2019-01-29 00:00:00,0.0,20.44,89.17,0.18
2019-01-29 01:00:00,0.0,20.13,90.08,0.21
2019-01-29 02:00:00,0.0,19.89,90.45,0.23
2019-01-29 03:00:00,0.0,19.61,90.95,0.22
2019-01-29 04:00:00,0.0,19.32,91.46,0.22
2019-01-29 05:00:00,0.0,19.07,91.7,0.24
2019-01-29 06:00:00,0.0,19.09,90.58,0.34
2019-01-29 07:00:00,0.0,20.56,80.5,0.54
2019-01-29 08:00:00,0.0,22.8,67.72,0.56
2019-01-29 09:00:00,0.0,25.07,58.19,0.44
2019-01-29 10:00:00,0.0,27.09,51.02,0.24
2019-01-29 11:00:00,0.0,28.55,45.33,0.06
2019-01-29 12:00:00,0.0,29.41,41.92,0.1
2019-01-29 13:00:00,0.0,29.77,40.6,0.17
2019-01-29 14:00:00,0.0,29.68,40.64,0.22
2019-01-29 15:00:00,0.0,29.12,42.55,0.25
2019-01-29 16:00:00,0.0,27.94,48.09,0.27
2019-01-29 17:00:00,0.0,26.17,59.87,0.2
2019-01-29 18:00:00,0.0,24.64,69.25,0.07
2019-01-29 19:00:00,0.0,23.92,71.18,0.2
2019-01-29 20:00:00,0.0,23.18,75.09,0.34
2019-01-29 21:00:00,0.0,22.21,80.1,0.38
2019-01-29 22:00:00,0.0,21.28,83.96,0.32
2019-01-29 23:00:00,0.0,20.48,85.54,0.23
2019-01-30 00:00:00,0.0,19.68,87.6,0.22
2019-01-30 01:00:00,0.0,18.87,90.13,0.23
2019-01-30 02:00:00,0.0,18.29,91.52,0.21
2019-01-30 03:00:00,0.0,17.89,92.32,0.25
2019-01-30 04:00:00,0.0,17.56,93.33,0.28
2019-01-30 05:00:00,0.0,17.3,94.24,0.29
2019-01-30 06:00:00,0.0,17.51,92.38,0.35
2019-01-30 07:00:00,0.0,19.72,79.86,0.53
2019-01-30 08:00:00,0.0,22.46,65.72,0.56
2019-01-30 09:00:00,0.0,25.0,54.15,0.49
2019-01-30 10:00:00,0.0,26.92,46.59,0.39
2019-01-30 11:00:00,0.0,28.31,41.87,0.31
2019-01-30 12:00:00,0.0,29.27,38.5,0.21
2019-01-30 13:00:00,0.0,29.76,36.72,0.12
2019-01-30 14:00:00,0.0,29.8,35.98,0.09
2019-01-30 15:00:00,0.0,29.29,37.41,0.16
2019-01-30 16:00:00,0.0,28.13,42.24,0.26
2019-01-30 17:00:00,0.0,26.09,56.01,0.26
2019-01-30 18:00:00,0.0,24.38,65.59,0.16
2019-01-30 19:00:00,0.0,23.3,69.69,0.25
2019-01-30 20:00:00,0.0,22.09,75.89,0.32
2019-01-30 21:00:00,0.0,20.78,79.36,0.23
2019-01-30 22:00:00,0.0,20.11,78.54,0.18
2019-01-30 23:00:00,0.0,19.72,80.18,0.21
2019-01-31 00:00:00,0.0,19.06,83.51,0.24
2019-01-31 01:00:00,0.0,18.61,84.73,0.28
2019-01-31 02:00:00,0.0,18.26,86.02,0.28
2019-01-31 03:00:00,0.0,17.74,88.36,0.29
2019-01-31 04:00:00,0.0,17.36,90.01,0.31
2019-01-31 05:00:00,0.0,17.06,91.35,0.34
2019-01-31 06:00:00,0.0,17.26,90.12,0.48
2019-01-31 07:00:00,0.0,19.03,81.1,0.72
2019-01-31 08:00:00,0.0,21.9,65.93,0.77
2019-01-31 09:00:00,0.0,24.76,52.08,0.66
2019-01-31 10:00:00,0.0,26.88,44.18,0.49
2019-01-31 11:00:00,0.0,28.38,39.88,0.29
2019-01-31 12:00:00,0.0,29.46,36.84,0.12
2019-01-31 13:00:00,0.0,30.04,35.07,0.03
2019-01-31 14:00:00,0.0,30.09,34.87,0.13
2019-01-31 15:00:00,0.0,29.48,36.73,0.18
2019-01-31 16:00:00,0.0,28.07,42.91,0.2
2019-01-31 17:00:00,0.0,26.18,54.14,0.24
2019-01-31 18:00:00,0.0,24.49,64.04,0.17
2019-01-31 19:00:00,0.0,23.56,64.88,0.12
2019-01-31 20:00:00,0.0,22.55,68.42,0.33
2019-01-31 21:00:00,0.0,21.33,74.2,0.44
2019-01-31 22:00:00,0.0,20.19,79.08,0.45
2019-01-31 23:00:00,0.0,19.43,82.22,0.45
2019-02-01 00:00:00,0.0,18.7,85.05,0.41
2019-02-01 01:00:00,0.0,18.02,87.57,0.33
2019-02-01 02:00:00,0.0,17.53,89.19,0.22
2019-02-01 03:00:00,0.0,17.28,90.33,0.19
2019-02-01 04:00:00,0.0,17.01,91.48,0.21
2019-02-01 05:00:00,0.0,16.9,91.82,0.24
2019-02-01 06:00:00,0.0,17.15,90.23,0.32
2019-02-01 07:00:00,0.0,19.31,78.59,0.48
2019-02-01 08:00:00,0.0,22.18,64.05,0.45
2019-02-01 09:00:00,0.0,24.8,52.26,0.31
2019-02-01 10:00:00,0.0,26.78,45.04,0.17
2019-02-01 11:00:00,0.0,28.28,40.17,0.09
2019-02-01 12:00:00,0.0,29.31,36.92,0.16
2019-02-01 13:00:00,0.0,29.75,35.5,0.26
2019-02-01 14:00:00,0.0,29.46,36.11,0.32
2019-02-01 15:00:00,0.0,28.71,38.49,0.33
2019-02-01 16:00:00,0.0,27.58,43.32,0.31
2019-02-01 17:00:00,0.0,25.81,56.76,0.28
2019-02-01 18:00:00,0.0,24.3,66.28,0.16
2019-02-01 19:00:00,0.0,23.46,67.41,0.11
2019-02-01 20:00:00,0.0,22.53,70.65,0.26
2019-02-01 21:00:00,0.0,21.22,77.48,0.32
2019-02-01 22:00:00,0.0,20.18,80.46,0.15
2019-02-01 23:00:00,0.0,19.66,80.87,0.12
2019-02-02 00:00:00,0.0,19.07,84.66,0.13
2019-02-02 01:00:00,0.0,18.54,87.76,0.18
2019-02-02 02:00:00,0.0,18.03,90.37,0.27
2019-02-02 03:00:00,0.0,17.59,92.85,0.26
2019-02-02 04:00:00,0.0,17.34,94.31,0.24
2019-02-02 05:00:00,0.0,17.2,95.06,0.26
2019-02-02 06:00:00,0.0,17.61,92.39,0.33
2019-02-02 07:00:00,0.0,19.96,79.7,0.41
2019-02-02 08:00:00,0.0,22.93,64.68,0.37
2019-02-02 09:00:00,0.0,25.47,52.8,0.32
2019-02-02 10:00:00,0.0,27.42,44.51,0.25
2019-02-02 11:00:00,0.0,28.91,39.31,0.17
2019-02-02 12:00:00,0.0,30.03,35.97,0.13
2019-02-02 13:00:00,0.0,30.62,34.2,0.23
2019-02-02 14:00:00,0.0,30.69,33.7,0.31
2019-02-02 15:00:00,0.0,30.16,35.28,0.37
2019-02-02 16:00:00,0.0,29.11,39.76,0.42
2019-02-02 17:00:00,0.0,27.1,51.89,0.48
2019-02-02 18:00:00,0.0,25.02,64.03,0.59
2019-02-02 19:00:00,0.0,24.07,65.98,0.64
2019-02-02 20:00:00,0.0,23.42,67.74,0.52
2019-02-02 21:00:00,0.0,22.16,74.64,0.5
2019-02-02 22:00:00,0.0,20.72,82.19,0.42
2019-02-02 23:00:00,0.0,19.87,85.58,0.31
2019-02-03 00:00:00,0.0,19.46,86.77,0.34
2019-02-03 01:00:00,0.0,19.08,87.94,0.36
2019-02-03 02:00:00,0.0,18.48,90.66,0.34
2019-02-03 03:00:00,0.0,17.94,92.72,0.29
2019-02-03 04:00:00,0.0,17.58,93.57,0.23
2019-02-03 05:00:00,0.0,17.38,93.12,0.21
2019-02-03 06:00:00,0.0,17.74,89.64,0.29
2019-02-03 07:00:00,0.0,20.02,77.55,0.41
2019-02-03 08:00:00,0.0,23.23,61.77,0.42
2019-02-03 09:00:00,0.0,25.86,50.06,0.43
2019-02-03 10:00:00,0.0,27.84,43.34,0.38
2019-02-03 11:00:00,0.0,29.46,38.19,0.3
2019-02-03 12:00:00,0.0,30.67,34.74,0.22
2019-02-03 13:00:00,0.0,31.37,32.96,0.13
2019-02-03 14:00:00,0.0,31.49,32.65,0.08
2019-02-03 15:00:00,0.0,31.01,34.01,0.1
2019-02-03 16:00:00,0.0,29.88,38.26,0.16
2019-02-03 17:00:00,0.0,27.61,53.81,0.2
2019-02-03 18:00:00,0.0,25.72,62.25,0.12
2019-02-03 19:00:00,0.0,24.53,64.19,0.3
2019-02-03 20:00:00,0.0,22.91,70.82,0.49
2019-02-03 21:00:00,0.0,21.36,76.46,0.4
2019-02-03 22:00:00,0.0,20.48,77.64,0.25
2019-02-03 23:00:00,0.0,20.14,77.64,0.22
2019-02-04 00:00:00,0.0,19.58,80.41,0.21
2019-02-04 01:00:00,0.0,18.96,82.79,0.19
2019-02-04 02:00:00,0.0,18.49,84.27,0.18
2019-02-04 03:00:00,0.0,17.95,86.54,0.2
2019-02-04 04:00:00,0.0,17.51,88.73,0.22
2019-02-04 05:00:00,0.0,17.38,89.31,0.23
2019-02-04 06:00:00,0.0,17.76,87.73,0.35
2019-02-04 07:00:00,0.0,19.69,78.87,0.59
2019-02-04 08:00:00,0.0,22.77,63.3,0.62
2019-02-04 09:00:00,0.0,25.69,51.6,0.54
2019-02-04 10:00:00,0.0,27.8,45.87,0.47
2019-02-04 11:00:00,0.0,29.28,41.97,0.4
2019-02-04 12:00:00,0.0,30.17,39.52,0.34
2019-02-04 13:00:00,0.0,30.59,38.13,0.29
2019-02-04 14:00:00,0.0,30.41,38.37,0.26
2019-02-04 15:00:00,0.0,29.96,39.5,0.24
2019-02-04 16:00:00,0.0,28.91,43.35,0.22
2019-02-04 17:00:00,0.0,27.12,51.69,0.11
2019-02-04 18:00:00,0.0,25.42,58.5,0.1
2019-02-04 19:00:00,0.0,24.39,62.3,0.11
2019-02-04 20:00:00,0.0,23.56,65.89,0.13
2019-02-04 21:00:00,0.0,23.03,68.79,0.13
2019-02-04 22:00:00,0.0,22.31,73.72,0.1
2019-02-04 23:00:00,0.01,21.58,78.21,0.05
2019-02-05 00:00:00,0.01,20.95,81.96,0.06
2019-02-05 01:00:00,0.01,20.41,85.36,0.09
2019-02-05 02:00:00,0.01,19.97,88.12,0.1
2019-02-05 03:00:00,0.01,19.73,89.5,0.11
2019-02-05 04:00:00,0.01,19.61,90.32,0.11
2019-02-05 05:00:00,0.01,19.53,91.16,0.13
2019-02-05 06:00:00,0.01,19.77,90.4,0.24
2019-02-05 07:00:00,0.01,21.12,83.84,0.39
2019-02-05 08:00:00,0.0,23.3,72.28,0.45
2019-02-05 09:00:00,0.0,25.5,61.63,0.39
2019-02-05 10:00:00,0.0,27.25,54.16,0.28
2019-02-05 11:00:00,0.0,28.4,49.75,0.19
2019-02-05 12:00:00,0.0,28.97,47.38,0.14
2019-02-05 13:00:00,0.0,29.12,46.41,0.14
2019-02-05 14:00:00,0.0,28.83,47.08,0.13
2019-02-05 15:00:00,0.0,28.04,50.07,0.1
2019-02-05 16:00:00,0.0,27.14,54.19,0.05
2019-02-05 17:00:00,0.0,25.85,62.28,0.05
2019-02-05 18:00:00,0.0,24.65,69.45,0.09
2019-02-05 19:00:00,0.0,23.87,72.57,0.15
2019-02-05 20:00:00,0.0,23.04,75.91,0.17
2019-02-05 21:00:00,0.0,22.3,78.67,0.17
2019-02-05 22:00:00,0.0,21.73,80.56,0.15
2019-02-05 23:00:00,0.0,21.18,83.43,0.12
2019-02-06 00:00:00,0.0,20.58,86.32,0.06
2019-02-06 01:00:00,0.0,19.98,88.94,0.11
2019-02-06 02:00:00,0.0,19.52,90.57,0.18
2019-02-06 03:00:00,0.0,19.2,91.08,0.23
2019-02-06 04:00:00,0.0,18.89,91.27,0.28
2019-02-06 05:00:00,0.0,18.57,91.65,0.31
2019-02-06 06:00:00,0.0,18.66,90.1,0.36
2019-02-06 07:00:00,0.0,20.82,76.88,0.41
2019-02-06 08:00:00,0.01,23.86,59.87,0.3
2019-02-06 09:00:00,0.0,26.76,47.31,0.17
2019-02-06 10:00:00,0.0,28.96,39.7,0.12
2019-02-06 11:00:00,0.0,30.44,35.56,0.1
2019-02-06 12:00:00,0.0,31.37,33.33,0.08
2019-02-06 13:00:00,0.01,31.82,32.51,0.07
2019-02-06 14:00:00,0.01,31.64,33.16,0.09
2019-02-06 15:00:00,0.01,30.74,36.23,0.17
2019-02-06 16:00:00,0.0,29.35,42.76,0.28
2019-02-06 17:00:00,0.01,27.51,56.45,0.35
2019-02-06 18:00:00,0.0,26.31,59.85,0.38
2019-02-06 19:00:00,0.01,25.3,63.48,0.6
2019-02-06 20:00:00,0.04,24.04,72.75,0.61
2019-02-06 21:00:00,0.09,22.92,80.45,0.47
2019-02-06 22:00:00,0.12,22.07,84.93,0.4
2019-02-06 23:00:00,0.17,21.41,87.63,0.42
2019-02-07 00:00:00,0.2,20.84,89.55,0.43
2019-02-07 01:00:00,0.16,20.26,91.44,0.42
2019-02-07 02:00:00,0.09,19.76,92.73,0.39
2019-02-07 03:00:00,0.05,19.32,93.24,0.4
2019-02-07 04:00:00,0.03,18.88,93.64,0.4
2019-02-07 05:00:00,0.01,18.42,94.13,0.36
2019-02-07 06:00:00,0.01,18.48,93.23,0.28
2019-02-07 07:00:00,0.01,20.16,86.8,0.18
2019-02-07 08:00:00,0.0,23.6,63.86,0.09
2019-02-07 09:00:00,0.0,27.08,46.18,0.05
2019-02-07 10:00:00,0.0,29.44,38.54,0.08
2019-02-07 11:00:00,0.0,31.14,34.14,0.21
2019-02-07 12:00:00,0.0,32.2,31.86,0.37
2019-02-07 13:00:00,0.0,32.56,31.3,0.52
2019-02-07 14:00:00,0.0,32.12,32.72,0.64
2019-02-07 15:00:00,0.0,30.63,37.69,0.73
2019-02-07 16:00:00,0.0,28.83,46.21,0.76
2019-02-07 17:00:00,0.0,26.79,56.01,0.66
2019-02-07 18:00:00,0.0,25.04,66.75,0.57
2019-02-07 19:00:00,0.0,23.9,75.33,0.49
2019-02-07 20:00:00,0.0,23.27,80.12,0.43
2019-02-07 21:00:00,0.0,22.81,82.41,0.31
2019-02-07 22:00:00,0.0,22.31,85.21,0.25
2019-02-07 23:00:00,0.0,21.82,88.04,0.24
2019-02-08 00:00:00,0.0,21.4,90.04,0.26
2019-02-08 01:00:00,0.0,21.06,91.74,0.25
2019-02-08 02:00:00,0.0,20.74,93.21,0.22
2019-02-08 03:00:00,0.0,20.41,94.37,0.2
2019-02-08 04:00:00,0.0,20.1,95.09,0.19
2019-02-08 05:00:00,0.0,19.79,95.59,0.16
2019-02-08 06:00:00,0.0,20.01,93.24,0.21
2019-02-08 07:00:00,0.0,22.14,81.55,0.21
2019-02-08 08:00:00,0.0,24.93,67.19,0.17
2019-02-08 09:00:00,0.0,27.59,54.06,0.13
2019-02-08 10:00:00,0.0,29.82,44.51,0.19
2019-02-08 11:00:00,0.0,31.37,38.89,0.3
2019-02-08 12:00:00,0.0,32.13,36.21,0.39
2019-02-08 13:00:00,0.0,32.24,35.61,0.47
2019-02-08 14:00:00,0.0,31.6,37.27,0.54
2019-02-08 15:00:00,0.0,30.52,41.15,0.58
2019-02-08 16:00:00,0.0,28.96,48.28,0.61
2019-02-08 17:00:00,0.0,27.08,57.63,0.55
2019-02-08 18:00:00,0.0,25.46,67.42,0.5
2019-02-08 19:00:00,0.0,24.39,75.95,0.42
2019-02-08 20:00:00,0.0,23.72,80.92,0.33
2019-02-08 21:00:00,0.0,23.28,85.8,0.2
2019-02-08 22:00:00,0.0,22.93,86.45,0.1
2019-02-08 23:00:00,0.0,22.49,88.07,0.09
2019-02-09 00:00:00,0.0,21.96,90.77,0.11
2019-02-09 01:00:00,0.0,21.63,92.26,0.19
2019-02-09 02:00:00,0.0,21.55,92.61,0.22
2019-02-09 03:00:00,0.0,21.51,92.94,0.24
2019-02-09 04:00:00,0.0,21.51,93.03,0.27
2019-02-09 05:00:00,0.0,21.47,92.8,0.23
2019-02-09 06:00:00,0.0,21.4,93.21,0.3
2019-02-09 07:00:00,0.0,22.63,85.86,0.18
2019-02-09 08:00:00,0.12,24.91,73.04,0.12
2019-02-09 09:00:00,0.1,26.88,62.97,0.11
2019-02-09 10:00:00,0.16,28.57,54.57,0.15
2019-02-09 11:00:00,0.26,29.59,49.39,0.22
2019-02-09 12:00:00,0.34,29.98,46.98,0.29
2019-02-09 13:00:00,0.42,29.66,48.06,0.37
2019-02-09 14:00:00,0.41,29.01,51.15,0.43
2019-02-09 15:00:00,0.31,27.88,56.51,0.48
2019-02-09 16:00:00,0.29,26.36,64.53,0.48
2019-02-09 17:00:00,0.25,24.58,76.51,0.41
2019-02-09 18:00:00,0.3,23.36,86.47,0.36
2019-02-09 19:00:00,0.32,22.82,91.11,0.32
2019-02-09 20:00:00,0.25,22.56,93.15,0.26
2019-02-09 21:00:00,0.24,22.29,94.66,0.23
2019-02-09 22:00:00,0.3,22.01,95.81,0.22
2019-02-09 23:00:00,0.33,21.71,96.79,0.2
2019-02-10 00:00:00,0.33,21.42,97.31,0.22
2019-02-10 01:00:00,0.3,21.29,97.04,0.26
2019-02-10 02:00:00,0.3,21.24,96.6,0.13
2019-02-10 03:00:00,0.41,21.1,96.85,0.06
2019-02-10 04:00:00,0.44,20.95,97.01,0.13
2019-02-10 05:00:00,0.47,20.86,96.66,0.22
2019-02-10 06:00:00,0.32,20.96,96.52,0.2
2019-02-10 07:00:00,0.42,21.91,96.57,0.03
2019-02-10 08:00:00,0.66,23.26,89.28,0.02
2019-02-10 09:00:00,0.49,25.52,70.4,0.06
2019-02-10 10:00:00,0.3,27.53,57.31,0.1
2019-02-10 11:00:00,0.29,28.92,49.91,0.12
2019-02-10 12:00:00,0.33,29.61,46.31,0.11
2019-02-10 13:00:00,0.4,29.85,45.17,0.12
2019-02-10 14:00:00,0.5,29.58,45.95,0.16
2019-02-10 15:00:00,0.48,28.93,48.22,0.2
2019-02-10 16:00:00,0.42,27.81,55.16,0.21
2019-02-10 17:00:00,0.38,26.27,71.55,0.13
2019-02-10 18:00:00,0.27,24.79,70.27,0.25
2019-02-10 19:00:00,0.21,24.03,75.37,0.27
2019-02-10 20:00:00,0.13,22.93,83.71,0.28
2019-02-10 21:00:00,0.11,21.94,88.74,0.26
2019-02-10 22:00:00,0.1,21.12,91.46,0.22
2019-02-10 23:00:00,0.1,20.45,93.05,0.19
2019-02-11 00:00:00,0.08,19.97,94.27,0.23
2019-02-11 01:00:00,0.05,19.47,96.58,0.21
2019-02-11 02:00:00,0.05,19.23,97.59,0.19
2019-02-11 03:00:00,0.03,19.1,97.79,0.22
2019-02-11 04:00:00,0.03,19.05,97.55,0.25
2019-02-11 05:00:00,0.05,18.92,97.34,0.3
2019-02-11 06:00:00,0.06,19.04,96.43,0.41
2019-02-11 07:00:00,0.04,20.12,92.8,0.6
2019-02-11 08:00:00,0.0,22.65,77.32,0.7
2019-02-11 09:00:00,0.0,25.73,58.11,0.67
2019-02-11 10:00:00,0.0,27.81,48.3,0.6
2019-02-11 11:00:00,0.0,29.29,43.26,0.51
2019-02-11 12:00:00,0.0,30.34,39.37,0.44
2019-02-11 13:00:00,0.0,30.95,36.69,0.39
2019-02-11 14:00:00,0.0,30.98,35.51,0.32
2019-02-11 15:00:00,0.0,30.48,36.15,0.24
2019-02-11 16:00:00,0.0,29.3,39.83,0.16
2019-02-11 17:00:00,0.0,27.03,49.92,0.04
2019-02-11 18:00:00,0.0,24.63,60.04,0.06
2019-02-11 19:00:00,0.0,23.29,64.88,0.04
2019-02-11 20:00:00,0.0,22.47,67.09,0.02
2019-02-11 21:00:00,0.0,21.85,69.87,0.03
2019-02-11 22:00:00,0.0,21.11,73.4,0.08
2019-02-11 23:00:00,0.0,20.28,78.52,0.11
2019-02-12 00:00:00,0.0,19.49,83.52,0.13
2019-02-12 01:00:00,0.0,18.76,87.76,0.14
2019-02-12 02:00:00,0.0,18.19,91.41,0.16
2019-02-12 03:00:00,0.0,18.12,92.09,0.21
2019-02-12 04:00:00,0.0,18.29,91.77,0.25
2019-02-12 05:00:00,0.0,18.31,91.99,0.28
2019-02-12 06:00:00,0.0,18.75,90.31,0.39
2019-02-12 07:00:00,0.0,20.76,80.32,0.66
2019-02-12 08:00:00,0.0,23.63,66.37,0.72
2019-02-12 09:00:00,0.0,26.19,54.41,0.65
2019-02-12 10:00:00,0.0,28.15,46.06,0.55
2019-02-12 11:00:00,0.0,29.6,40.77,0.45
2019-02-12 12:00:00,0.0,30.6,37.01,0.38
2019-02-12 13:00:00,0.0,31.1,34.72,0.32
2019-02-12 14:00:00,0.0,31.1,33.98,0.27
2019-02-12 15:00:00,0.0,30.57,34.82,0.24
2019-02-12 16:00:00,0.0,29.39,38.25,0.2
2019-02-12 17:00:00,0.0,27.31,47.16,0.09
2019-02-12 18:00:00,0.0,25.1,57.14,0.11
2019-02-12 19:00:00,0.0,23.84,62.85,0.16
2019-02-12 20:00:00,0.0,22.83,67.14,0.19
2019-02-12 21:00:00,0.0,21.9,71.09,0.19
2019-02-12 22:00:00,0.0,20.95,75.41,0.2
2019-02-12 23:00:00,0.0,20.06,79.37,0.21
2019-02-13 00:00:00,0.0,19.51,80.57,0.22
2019-02-13 01:00:00,0.0,19.26,81.97,0.24
2019-02-13 02:00:00,0.0,18.85,83.91,0.24
2019-02-13 03:00:00,0.0,18.44,85.11,0.23
2019-02-13 04:00:00,0.0,17.95,87.02,0.23
2019-02-13 05:00:00,0.0,17.55,89.31,0.24
2019-02-13 06:00:00,0.0,17.83,88.11,0.36
2019-02-13 07:00:00,0.0,19.91,76.15,0.62
2019-02-13 08:00:00,0.0,22.99,59.06,0.68
2019-02-13 09:00:00,0.0,25.94,45.94,0.67
2019-02-13 10:00:00,0.0,28.18,38.14,0.59
2019-02-13 11:00:00,0.0,29.76,33.63,0.48
2019-02-13 12:00:00,0.0,30.79,30.96,0.39
2019-02-13 13:00:00,0.0,31.33,29.8,0.32
2019-02-13 14:00:00,0.0,31.35,29.87,0.24
2019-02-13 15:00:00,0.0,30.79,31.27,0.17
2019-02-13 16:00:00,0.0,29.63,34.82,0.09
2019-02-13 17:00:00,0.0,27.44,46.69,0.06
2019-02-13 18:00:00,0.0,25.18,56.81,0.06
2019-02-13 19:00:00,0.0,23.75,61.4,0.04
2019-02-13 20:00:00,0.0,22.64,65.37,0.09
2019-02-13 21:00:00,0.0,22.15,66.42,0.21
2019-02-13 22:00:00,0.0,21.45,70.35,0.27
2019-02-13 23:00:00,0.0,20.48,75.42,0.27
2019-02-14 00:00:00,0.0,19.62,79.35,0.24
2019-02-14 01:00:00,0.0,19.01,82.0,0.23
2019-02-14 02:00:00,0.0,18.55,84.9,0.23
2019-02-14 03:00:00,0.0,18.12,88.14,0.23
2019-02-14 04:00:00,0.0,17.88,90.15,0.24
2019-02-14 05:00:00,0.0,17.74,91.45,0.25
2019-02-14 06:00:00,0.0,18.14,89.75,0.36
2019-02-14 07:00:00,0.0,20.34,78.2,0.59
2019-02-14 08:00:00,0.0,23.78,60.31,0.6
2019-02-14 09:00:00,0.0,26.99,45.67,0.53
2019-02-14 10:00:00,0.0,29.22,37.7,0.39
2019-02-14 11:00:00,0.0,30.89,32.85,0.25
2019-02-14 12:00:00,0.0,32.09,30.28,0.13
2019-02-14 13:00:00,0.0,32.8,29.24,0.06
2019-02-14 14:00:00,0.0,32.89,29.66,0.13
2019-02-14 15:00:00,0.0,32.36,31.4,0.22
2019-02-14 16:00:00,0.0,31.19,35.63,0.31
2019-02-14 17:00:00,0.0,29.24,48.48,0.39
2019-02-14 18:00:00,0.0,27.07,58.16,0.48
2019-02-14 19:00:00,0.0,25.78,60.65,0.61
2019-02-14 20:00:00,0.0,24.79,65.99,0.54
2019-02-14 21:00:00,0.0,23.85,73.15,0.46
2019-02-14 22:00:00,0.0,23.11,77.64,0.43
2019-02-14 23:00:00,0.0,22.66,79.33,0.43
2019-02-15 00:00:00,0.0,22.23,84.69,0.3
2019-02-15 01:00:00,0.0,21.71,87.71,0.14
2019-02-15 02:00:00,0.0,21.21,87.61,0.32
2019-02-15 03:00:00,0.0,20.84,88.84,0.4
2019-02-15 04:00:00,0.0,20.46,90.97,0.41
2019-02-15 05:00:00,0.0,20.11,93.02,0.38
2019-02-15 06:00:00,0.0,20.3,92.44,0.36
2019-02-15 07:00:00,0.0,22.55,80.27,0.26
2019-02-15 08:00:00,0.0,25.33,65.48,0.22
2019-02-15 09:00:00,0.0,27.85,54.43,0.19
2019-02-15 10:00:00,0.0,29.94,46.26,0.16
2019-02-15 11:00:00,0.0,31.59,40.43,0.13
2019-02-15 12:00:00,0.0,32.65,36.92,0.19
2019-02-15 13:00:00,0.01,33.05,35.13,0.29
2019-02-15 14:00:00,0.01,32.74,35.42,0.41
2019-02-15 15:00:00,0.0,31.35,39.32,0.52
2019-02-15 16:00:00,0.0,29.83,46.07,0.6
2019-02-15 17:00:00,0.0,27.97,54.6,0.59
2019-02-15 18:00:00,0.01,26.14,64.0,0.55
2019-02-15 19:00:00,0.01,24.96,69.71,0.45
2019-02-15 20:00:00,0.01,24.12,74.74,0.32
2019-02-15 21:00:00,0.01,23.43,79.36,0.2
2019-02-15 22:00:00,0.01,22.87,83.36,0.12
2019-02-15 23:00:00,0.01,22.38,86.76,0.09
2019-02-16 00:00:00,0.02,21.99,89.34,0.1
2019-02-16 01:00:00,0.02,21.61,91.71,0.09
2019-02-16 02:00:00,0.02,21.4,93.01,0.16
2019-02-16 03:00:00,0.01,21.37,93.35,0.17
2019-02-16 04:00:00,0.01,21.36,93.43,0.09
2019-02-16 05:00:00,0.0,21.27,93.83,0.09
2019-02-16 06:00:00,0.0,21.32,93.28,0.18
2019-02-16 07:00:00,0.0,22.67,86.2,0.09
2019-02-16 08:00:00,0.0,25.25,70.24,0.07
2019-02-16 09:00:00,0.0,28.2,54.75,0.09
2019-02-16 10:00:00,0.0,30.19,46.69,0.11
2019-02-16 11:00:00,0.0,31.46,42.35,0.17
2019-02-16 12:00:00,0.0,32.29,39.46,0.28
2019-02-16 13:00:00,0.0,32.59,38.24,0.39
2019-02-16 14:00:00,0.0,31.99,39.87,0.48
2019-02-16 15:00:00,0.0,31.08,43.03,0.53
2019-02-16 16:00:00,0.01,29.7,48.88,0.55
2019-02-16 17:00:00,0.01,27.85,58.42,0.51
2019-02-16 18:00:00,0.01,26.18,67.33,0.47
2019-02-16 19:00:00,0.01,25.18,73.82,0.41
2019-02-16 20:00:00,0.02,24.37,80.21,0.36
2019-02-16 21:00:00,0.02,23.71,84.5,0.33
2019-02-16 22:00:00,0.02,23.22,87.14,0.34
2019-02-16 23:00:00,0.03,22.81,88.98,0.29
2019-02-17 00:00:00,0.04,22.44,90.81,0.25
2019-02-17 01:00:00,0.05,22.08,93.07,0.24
2019-02-17 02:00:00,0.05,21.72,95.02,0.25
2019-02-17 03:00:00,0.04,21.4,96.52,0.26
2019-02-17 04:00:00,0.03,21.13,97.81,0.28
2019-02-17 05:00:00,0.02,20.95,98.38,0.28
2019-02-17 06:00:00,0.01,21.24,96.43,0.37
2019-02-17 07:00:00,0.01,22.64,86.85,0.48
2019-02-17 08:00:00,0.0,25.08,70.07,0.51
2019-02-17 09:00:00,0.0,27.72,56.83,0.53
2019-02-17 10:00:00,0.0,29.82,48.37,0.56
2019-02-17 11:00:00,0.0,31.28,43.05,0.6
2019-02-17 12:00:00,0.0,32.16,39.64,0.69
2019-02-17 13:00:00,0.0,32.36,38.45,0.77
2019-02-17 14:00:00,0.0,31.97,39.08,0.82
2019-02-17 15:00:00,0.0,31.1,41.02,0.81
2019-02-17 16:00:00,0.0,29.75,44.73,0.76
2019-02-17 17:00:00,0.0,27.77,52.18,0.58
2019-02-17 18:00:00,0.0,25.64,62.08,0.44
2019-02-17 19:00:00,0.0,24.17,70.28,0.36
2019-02-17 20:00:00,0.0,22.97,77.81,0.32
2019-02-17 21:00:00,0.0,21.94,84.07,0.32
2019-02-17 22:00:00,0.0,21.23,87.52,0.4
2019-02-17 23:00:00,0.0,20.65,90.93,0.43
2019-02-18 00:00:00,0.0,20.23,93.56,0.43
2019-02-18 01:00:00,0.0,19.92,94.92,0.42
2019-02-18 02:00:00,0.0,19.58,96.13,0.4
2019-02-18 03:00:00,0.0,19.24,97.27,0.4
2019-02-18 04:00:00,0.0,19.01,97.54,0.42
2019-02-18 05:00:00,0.0,18.94,96.44,0.45
2019-02-18 06:00:00,0.0,19.34,92.91,0.36
2019-02-18 07:00:00,0.0,21.69,77.47,0.37
2019-02-18 08:00:00,0.0,25.28,54.75,0.45
2019-02-18 09:00:00,0.0,28.37,40.24,0.44
2019-02-18 10:00:00,0.0,30.66,32.2,0.45
2019-02-18 11:00:00,0.0,32.22,27.96,0.48
2019-02-18 12:00:00,0.0,33.14,25.83,0.56
2019-02-18 13:00:00,0.0,33.44,25.17,0.66
2019-02-18 14:00:00,0.0,33.16,25.78,0.74
2019-02-18 15:00:00,0.0,32.27,27.83,0.8
2019-02-18 16:00:00,0.0,30.67,32.56,0.8
2019-02-18 17:00:00,0.0,28.03,42.55,0.69
2019-02-18 18:00:00,0.0,25.38,55.1,0.59
2019-02-18 19:00:00,0.0,23.69,66.99,0.48
2019-02-18 20:00:00,0.0,22.8,75.0,0.46
2019-02-18 21:00:00,0.0,22.5,77.48,0.29
2019-02-18 22:00:00,0.0,22.08,77.8,0.29
2019-02-18 23:00:00,0.0,21.68,79.34,0.38
2019-02-19 00:00:00,0.0,21.34,80.42,0.43
2019-02-19 01:00:00,0.0,21.07,81.29,0.46
2019-02-19 02:00:00,0.0,20.89,82.04,0.46
2019-02-19 03:00:00,0.0,20.66,83.38,0.46
2019-02-19 04:00:00,0.0,20.29,85.71,0.5
2019-02-19 05:00:00,0.0,19.85,88.66,0.57
2019-02-19 06:00:00,0.0,19.86,89.83,0.53
2019-02-19 07:00:00,0.0,22.77,76.33,0.22
2019-02-19 08:00:00,0.01,26.44,60.82,0.11
2019-02-19 09:00:00,0.01,28.93,50.56,0.07
2019-02-19 10:00:00,0.0,30.81,43.2,0.02
2019-02-19 11:00:00,0.0,32.17,38.38,0.07
2019-02-19 12:00:00,0.01,33.04,35.56,0.13
2019-02-19 13:00:00,0.01,33.46,34.1,0.18
2019-02-19 14:00:00,0.01,33.12,34.53,0.23
2019-02-19 15:00:00,0.01,32.29,36.61,0.28
2019-02-19 16:00:00,0.01,30.98,41.59,0.32
2019-02-19 17:00:00,0.0,29.01,52.46,0.37
2019-02-19 18:00:00,0.01,27.06,66.44,0.36
2019-02-19 19:00:00,0.01,25.83,72.94,0.33
2019-02-19 20:00:00,0.01,24.9,75.81,0.24
2019-02-19 21:00:00,0.01,24.1,78.55,0.17
2019-02-19 22:00:00,0.0,23.5,79.1,0.12
2019-02-19 23:00:00,0.0,23.0,80.6,0.08
2019-02-20 00:00:00,0.0,22.43,83.48,0.06
2019-02-20 01:00:00,0.0,21.77,86.63,0.06
2019-02-20 02:00:00,0.0,21.14,89.42,0.09
2019-02-20 03:00:00,0.0,20.53,92.35,0.11
2019-02-20 04:00:00,0.0,20.08,94.43,0.16
2019-02-20 05:00:00,0.0,19.79,95.5,0.2
2019-02-20 06:00:00,0.0,20.29,91.68,0.34
2019-02-20 07:00:00,0.0,22.33,78.61,0.5
2019-02-20 08:00:00,0.0,25.11,60.86,0.56
2019-02-20 09:00:00,0.0,27.65,47.59,0.56
2019-02-20 10:00:00,0.0,29.63,39.97,0.53
2019-02-20 11:00:00,0.0,31.17,34.95,0.49
2019-02-20 12:00:00,0.0,32.24,31.84,0.4
2019-02-20 13:00:00,0.0,32.76,30.39,0.32
2019-02-20 14:00:00,0.0,32.75,30.18,0.24
2019-02-20 15:00:00,0.0,32.21,31.14,0.19
2019-02-20 16:00:00,0.0,31.08,33.84,0.12
2019-02-20 17:00:00,0.0,28.9,41.84,0.1
2019-02-20 18:00:00,0.0,26.15,53.95,0.17
2019-02-20 19:00:00,0.0,24.69,61.2,0.19
2019-02-20 20:00:00,0.0,23.66,66.28,0.22
2019-02-20 21:00:00,0.0,22.73,71.88,0.21
2019-02-20 22:00:00,0.0,21.9,77.77,0.15
2019-02-20 23:00:00,0.0,21.38,81.31,0.19
2019-02-21 00:00:00,0.0,21.0,82.47,0.25
2019-02-21 01:00:00,0.0,20.57,84.32,0.3
2019-02-21 02:00:00,0.0,19.79,88.33,0.31
2019-02-21 03:00:00,0.0,19.21,91.5,0.22
2019-02-21 04:00:00,0.0,19.0,92.59,0.19
2019-02-21 05:00:00,0.0,18.8,93.14,0.19
2019-02-21 06:00:00,0.0,19.22,89.94,0.29
2019-02-21 07:00:00,0.0,21.72,76.97,0.38
2019-02-21 08:00:00,0.0,25.11,56.56,0.38
2019-02-21 09:00:00,0.0,27.89,40.64,0.36
2019-02-21 10:00:00,0.0,29.96,31.8,0.33
2019-02-21 11:00:00,0.0,31.43,27.46,0.32
2019-02-21 12:00:00,0.0,32.42,25.32,0.27
2019-02-21 13:00:00,0.0,32.91,24.72,0.21
2019-02-21 14:00:00,0.0,32.81,25.35,0.17
2019-02-21 15:00:00,0.0,32.1,27.0,0.18
2019-02-21 16:00:00,0.0,30.8,30.28,0.21
2019-02-21 17:00:00,0.0,28.45,40.91,0.2
2019-02-21 18:00:00,0.0,25.75,52.72,0.24
2019-02-21 19:00:00,0.0,23.9,58.59,0.22
2019-02-21 20:00:00,0.0,22.83,62.17,0.22
2019-02-21 21:00:00,0.0,22.24,64.52,0.21
2019-02-21 22:00:00,0.0,21.47,68.67,0.22
2019-02-21 23:00:00,0.0,20.64,73.02,0.25
2019-02-22 00:00:00,0.0,19.79,77.23,0.28
2019-02-22 01:00:00,0.0,18.95,81.19,0.31
2019-02-22 02:00:00,0.0,18.21,84.58,0.33
2019-02-22 03:00:00,0.0,17.42,88.51,0.3
2019-02-22 04:00:00,0.0,16.71,92.44,0.27
2019-02-22 05:00:00,0.0,16.49,93.4,0.27
2019-02-22 06:00:00,0.0,17.11,88.72,0.43
2019-02-22 07:00:00,0.0,19.78,71.99,0.6
2019-02-22 08:00:00,0.0,23.66,48.01,0.63
2019-02-22 09:00:00,0.0,26.87,33.35,0.62
2019-02-22 10:00:00,0.0,29.21,27.16,0.59
2019-02-22 11:00:00,0.0,30.94,24.26,0.55
2019-02-22 12:00:00,0.0,32.17,21.97,0.5
2019-02-22 13:00:00,0.0,32.78,20.57,0.46
2019-02-22 14:00:00,0.0,32.79,19.98,0.42
2019-02-22 15:00:00,0.0,32.17,20.37,0.41
2019-02-22 16:00:00,0.0,30.9,22.04,0.35
2019-02-22 17:00:00,0.0,28.29,28.72,0.1
2019-02-22 18:00:00,0.0,25.2,39.62,0.11
2019-02-22 19:00:00,0.0,23.4,46.15,0.21
2019-02-22 20:00:00,0.0,22.36,48.8,0.33
2019-02-22 21:00:00,0.0,21.4,52.81,0.39
2019-02-22 22:00:00,0.0,20.3,59.31,0.42
2019-02-22 23:00:00,0.0,19.69,63.45,0.52
2019-02-23 00:00:00,0.0,19.43,63.46,0.54
2019-02-23 01:00:00,0.0,18.99,64.04,0.51
2019-02-23 02:00:00,0.0,17.99,67.64,0.59
2019-02-23 03:00:00,0.0,16.81,72.25,0.64
2019-02-23 04:00:00,0.0,15.7,76.47,0.59
2019-02-23 05:00:00,0.0,14.79,79.53,0.52
2019-02-23 06:00:00,0.0,15.03,78.19,0.38
2019-02-23 07:00:00,0.0,19.21,59.38,0.35
2019-02-23 08:00:00,0.0,24.13,39.91,0.33
2019-02-23 09:00:00,0.0,27.88,25.95,0.35
2019-02-23 10:00:00,0.0,30.22,20.78,0.39
2019-02-23 11:00:00,0.0,31.83,19.22,0.43
2019-02-23 12:00:00,0.0,32.89,18.79,0.45
2019-02-23 13:00:00,0.0,33.32,19.23,0.47
2019-02-23 14:00:00,0.0,33.2,20.24,0.44
2019-02-23 15:00:00,0.0,32.5,22.26,0.36
2019-02-23 16:00:00,0.0,31.19,25.58,0.25
2019-02-23 17:00:00,0.0,28.58,34.55,0.12
2019-02-23 18:00:00,0.0,25.34,48.24,0.15
2019-02-23 19:00:00,0.0,23.47,55.08,0.2
2019-02-23 20:00:00,0.0,22.47,58.78,0.29
2019-02-23 21:00:00,0.0,21.77,62.89,0.35
2019-02-23 22:00:00,0.0,21.46,65.02,0.5
2019-02-23 23:00:00,0.0,21.84,61.3,0.32
2019-02-24 00:00:00,0.0,21.42,63.02,0.46
2019-02-24 01:00:00,0.0,19.69,73.29,0.92
2019-02-24 02:00:00,0.0,18.93,79.63,0.86
2019-02-24 03:00:00,0.0,18.97,81.24,0.62
2019-02-24 04:00:00,0.0,18.65,83.71,0.39
2019-02-24 05:00:00,0.0,17.67,88.87,0.51
2019-02-24 06:00:00,0.0,17.21,90.42,0.51
2019-02-24 07:00:00,0.0,20.59,73.0,0.32
2019-02-24 08:00:00,0.0,25.0,48.79,0.31
2019-02-24 09:00:00,0.0,28.33,31.06,0.32
2019-02-24 10:00:00,0.0,30.83,22.41,0.26
2019-02-24 11:00:00,0.0,32.61,18.58,0.19
2019-02-24 12:00:00,0.0,33.78,16.75,0.15
2019-02-24 13:00:00,0.0,34.33,16.26,0.11
2019-02-24 14:00:00,0.0,34.25,16.73,0.15
2019-02-24 15:00:00,0.0,33.56,18.26,0.26
2019-02-24 16:00:00,0.0,32.09,22.66,0.39
2019-02-24 17:00:00,0.0,29.27,39.02,0.42
2019-02-24 18:00:00,0.0,27.2,44.59,0.45
2019-02-24 19:00:00,0.0,25.76,48.91,0.7
2019-02-24 20:00:00,0.0,24.29,57.35,0.81
2019-02-24 21:00:00,0.0,23.13,64.56,0.83
2019-02-24 22:00:00,0.0,22.28,69.2,0.8
2019-02-24 23:00:00,0.0,21.64,72.41,0.76
2019-02-25 00:00:00,0.0,21.0,75.86,0.7
2019-02-25 01:00:00,0.0,20.4,79.4,0.65
2019-02-25 02:00:00,0.0,19.96,82.5,0.54
2019-02-25 03:00:00,0.0,19.65,85.12,0.37
2019-02-25 04:00:00,0.0,19.37,88.2,0.23
2019-02-25 05:00:00,0.0,19.23,90.52,0.13
2019-02-25 06:00:00,0.0,19.37,90.45,0.16
2019-02-25 07:00:00,0.0,21.4,81.18,0.19
2019-02-25 08:00:00,0.0,25.09,59.48,0.21
2019-02-25 09:00:00,0.0,28.49,38.42,0.22
2019-02-25 10:00:00,0.0,31.16,25.86,0.16
2019-02-25 11:00:00,0.0,33.16,19.27,0.06
2019-02-25 12:00:00,0.0,34.48,16.08,0.16
2019-02-25 13:00:00,0.0,35.1,14.68,0.31
2019-02-25 14:00:00,0.0,35.0,14.64,0.48
2019-02-25 15:00:00,0.0,34.12,16.17,0.64
2019-02-25 16:00:00,0.0,32.32,21.35,0.77
2019-02-25 17:00:00,0.0,28.92,34.59,0.74
2019-02-25 18:00:00,0.0,25.14,51.53,0.66
2019-02-25 19:00:00,0.0,23.28,64.45,0.55
2019-02-25 20:00:00,0.0,22.54,72.49,0.48
2019-02-25 21:00:00,0.0,22.12,76.77,0.31
2019-02-25 22:00:00,0.0,21.52,79.39,0.23
2019-02-25 23:00:00,0.0,21.05,81.37,0.29
2019-02-26 00:00:00,0.0,20.77,83.32,0.28
2019-02-26 01:00:00,0.0,20.46,85.8,0.2
2019-02-26 02:00:00,0.0,20.08,88.88,0.21
2019-02-26 03:00:00,0.0,19.83,91.48,0.35
2019-02-26 04:00:00,0.0,19.63,94.0,0.56
2019-02-26 05:00:00,0.0,19.3,97.6,0.72
2019-02-26 06:00:00,0.0,19.45,98.47,0.74
2019-02-26 07:00:00,0.0,22.07,85.03,0.54
2019-02-26 08:00:00,0.0,25.09,67.07,0.52
2019-02-26 09:00:00,0.0,27.71,52.11,0.52
2019-02-26 10:00:00,0.0,29.89,41.66,0.53
2019-02-26 11:00:00,0.0,31.59,34.55,0.55
2019-02-26 12:00:00,0.0,32.73,30.23,0.59
2019-02-26 13:00:00,0.0,33.33,28.07,0.62
2019-02-26 14:00:00,0.0,33.32,27.42,0.67
2019-02-26 15:00:00,0.0,32.71,28.27,0.71
2019-02-26 16:00:00,0.0,31.28,32.17,0.77
2019-02-26 17:00:00,0.0,28.83,42.4,0.72
2019-02-26 18:00:00,0.0,26.4,54.77,0.65
2019-02-26 19:00:00,0.0,24.87,66.62,0.53
2019-02-26 20:00:00,0.0,23.9,74.6,0.45
2019-02-26 21:00:00,0.0,23.09,79.47,0.41
2019-02-26 22:00:00,0.0,22.32,83.62,0.33
2019-02-26 23:00:00,0.0,21.68,87.14,0.31
2019-02-27 00:00:00,0.0,21.31,89.89,0.33
2019-02-27 01:00:00,0.0,21.13,91.58,0.34
2019-02-27 02:00:00,0.0,20.94,93.14,0.34
2019-02-27 03:00:00,0.0,20.7,95.36,0.31
2019-02-27 04:00:00,0.0,20.58,96.8,0.26
2019-02-27 05:00:00,0.0,20.54,97.65,0.25
2019-02-27 06:00:00,0.0,21.04,95.06,0.34
2019-02-27 07:00:00,0.0,23.11,81.31,0.46
2019-02-27 08:00:00,0.0,25.51,66.36,0.47
2019-02-27 09:00:00,0.0,27.96,54.13,0.49
2019-02-27 10:00:00,0.0,29.92,45.85,0.53
2019-02-27 11:00:00,0.0,31.24,40.97,0.59
2019-02-27 12:00:00,0.0,31.99,38.38,0.65
2019-02-27 13:00:00,0.0,32.24,37.13,0.7
2019-02-27 14:00:00,0.0,31.68,38.21,0.75
2019-02-27 15:00:00,0.0,30.51,41.74,0.78
2019-02-27 16:00:00,0.0,29.06,46.79,0.78
2019-02-27 17:00:00,0.0,27.3,53.83,0.68
2019-02-27 18:00:00,0.0,25.56,62.39,0.55
2019-02-27 19:00:00,0.0,24.34,68.85,0.46
2019-02-27 20:00:00,0.0,23.42,74.09,0.37
2019-02-27 21:00:00,0.0,22.68,78.84,0.29
2019-02-27 22:00:00,0.0,22.09,82.65,0.26
2019-02-27 23:00:00,0.0,21.61,85.81,0.27
2019-02-28 00:00:00,0.0,21.2,88.51,0.28
2019-02-28 01:00:00,0.0,20.95,90.04,0.28
2019-02-28 02:00:00,0.0,20.83,90.79,0.27
2019-02-28 03:00:00,0.0,20.71,91.58,0.24
2019-02-28 04:00:00,0.0,20.56,92.55,0.26
2019-02-28 05:00:00,0.0,20.43,93.19,0.28
2019-02-28 06:00:00,0.0,20.76,91.41,0.37
2019-02-28 07:00:00,0.0,22.34,80.71,0.54
2019-02-28 08:00:00,0.01,24.54,67.23,0.51
2019-02-28 09:00:00,0.0,27.11,54.61,0.44
2019-02-28 10:00:00,0.0,29.29,46.04,0.42
2019-02-28 11:00:00,0.0,31.02,40.62,0.43
2019-02-28 12:00:00,0.01,31.91,37.6,0.48
2019-02-28 13:00:00,0.02,31.92,37.23,0.56
2019-02-28 14:00:00,0.02,31.75,37.72,0.63
2019-02-28 15:00:00,0.01,31.0,39.88,0.68
2019-02-28 16:00:00,0.0,29.77,43.79,0.7
2019-02-28 17:00:00,0.01,27.91,51.27,0.62
2019-02-28 18:00:00,0.01,25.95,61.09,0.56
2019-02-28 19:00:00,0.01,24.69,68.05,0.48
2019-02-28 20:00:00,0.01,23.73,74.01,0.38
2019-02-28 21:00:00,0.0,22.88,80.84,0.33
2019-02-28 22:00:00,0.01,22.42,82.69,0.35
2019-02-28 23:00:00,0.0,22.1,83.95,0.32
2019-03-01 00:00:00,0.01,21.71,85.12,0.38
2019-03-01 01:00:00,0.0,21.25,87.24,0.45
2019-03-01 02:00:00,0.0,20.67,89.82,0.51
2019-03-01 03:00:00,0.0,20.12,92.85,0.53
2019-03-01 04:00:00,0.0,19.84,94.12,0.51
2019-03-01 05:00:00,0.0,19.81,93.81,0.49
2019-03-01 06:00:00,0.0,20.2,91.09,0.45
2019-03-01 07:00:00,0.0,22.44,77.4,0.39
2019-03-01 08:00:00,0.0,25.89,60.13,0.36
2019-03-01 09:00:00,0.0,29.34,47.05,0.3
2019-03-01 10:00:00,0.0,31.7,38.96,0.23
2019-03-01 11:00:00,0.01,33.34,33.74,0.23
2019-03-01 12:00:00,0.0,34.31,30.8,0.29
2019-03-01 13:00:00,0.01,34.69,29.75,0.39
2019-03-01 14:00:00,0.01,34.3,30.54,0.47
2019-03-01 15:00:00,0.02,32.95,34.07,0.51
2019-03-01 16:00:00,0.02,31.31,39.72,0.53
2019-03-01 17:00:00,0.04,29.05,51.33,0.53
2019-03-01 18:00:00,0.04,26.89,63.51,0.47
2019-03-01 19:00:00,0.03,25.49,70.19,0.34
2019-03-01 20:00:00,0.03,24.48,75.71,0.2
2019-03-01 21:00:00,0.02,23.87,79.4,0.11
2019-03-01 22:00:00,0.02,23.43,81.89,0.06
2019-03-01 23:00:00,0.02,23.11,83.34,0.08
2019-03-02 00:00:00,0.02,22.78,85.08,0.09
2019-03-02 01:00:00,0.03,22.39,87.39,0.09
2019-03-02 02:00:00,0.02,22.06,88.98,0.11
2019-03-02 03:00:00,0.02,21.68,90.56,0.13
2019-03-02 04:00:00,0.02,21.31,91.99,0.14
2019-03-02 05:00:00,0.02,20.92,93.35,0.16
2019-03-02 06:00:00,0.01,21.1,92.65,0.16
2019-03-02 07:00:00,0.0,22.97,81.54,0.21
2019-03-02 08:00:00,0.0,25.72,60.75,0.22
2019-03-02 09:00:00,0.0,28.54,44.51,0.18
2019-03-02 10:00:00,0.0,30.99,35.47,0.11
2019-03-02 11:00:00,0.0,32.93,31.0,0.04
2019-03-02 12:00:00,0.0,34.25,28.57,0.15
2019-03-02 13:00:00,0.0,34.84,27.46,0.29
2019-03-02 14:00:00,0.0,34.53,27.94,0.44
2019-03-02 15:00:00,0.01,33.63,30.13,0.62
2019-03-02 16:00:00,0.01,31.81,35.84,0.77
2019-03-02 17:00:00,0.01,29.38,45.84,0.76
2019-03-02 18:00:00,0.03,27.21,56.73,0.65
2019-03-02 19:00:00,0.12,25.57,67.22,0.51
2019-03-02 20:00:00,0.2,24.25,80.12,0.38
2019-03-02 21:00:00,0.14,23.53,87.15,0.24
2019-03-02 22:00:00,0.07,23.21,85.53,0.15
2019-03-02 23:00:00,0.07,22.77,87.26,0.09
2019-03-03 00:00:00,0.07,22.34,88.9,0.06
2019-03-03 01:00:00,0.07,21.91,90.45,0.07
2019-03-03 02:00:00,0.07,21.51,92.01,0.09
2019-03-03 03:00:00,0.06,21.16,93.36,0.13
2019-03-03 04:00:00,0.06,20.86,93.81,0.16
2019-03-03 05:00:00,0.04,20.56,94.22,0.19
2019-03-03 06:00:00,0.04,20.81,92.55,0.23
2019-03-03 07:00:00,0.04,22.59,82.51,0.15
2019-03-03 08:00:00,0.0,25.98,59.71,0.06
2019-03-03 09:00:00,0.0,29.14,43.66,0.02
2019-03-03 10:00:00,0.0,31.41,35.96,0.07
2019-03-03 11:00:00,0.0,33.11,31.63,0.17
2019-03-03 12:00:00,0.0,34.2,29.03,0.28
2019-03-03 13:00:00,0.0,34.51,28.18,0.42
2019-03-03 14:00:00,0.0,34.1,28.87,0.54
2019-03-03 15:00:00,0.0,33.08,31.2,0.61
2019-03-03 16:00:00,0.0,31.14,37.17,0.64
2019-03-03 17:00:00,0.0,29.03,48.3,0.6
2019-03-03 18:00:00,0.0,27.03,59.18,0.51
2019-03-03 19:00:00,0.0,25.71,65.44,0.39
2019-03-03 20:00:00,0.0,24.79,70.94,0.28
2019-03-03 21:00:00,0.0,24.21,72.46,0.15
2019-03-03 22:00:00,0.0,23.72,74.43,0.05
2019-03-03 23:00:00,0.0,23.02,77.7,0.02
2019-03-04 00:00:00,0.0,22.3,81.21,0.01
2019-03-04 01:00:00,0.0,21.68,84.04,0.04
2019-03-04 02:00:00,0.0,21.11,86.7,0.08
2019-03-04 03:00:00,0.0,20.59,89.32,0.13
2019-03-04 04:00:00,0.0,20.13,91.6,0.21
2019-03-04 05:00:00,0.0,19.81,93.0,0.32
2019-03-04 06:00:00,0.0,20.16,90.71,0.26
2019-03-04 07:00:00,0.0,23.14,74.1,0.1
2019-03-04 08:00:00,0.0,26.74,55.1,0.09
2019-03-04 09:00:00,0.0,29.57,43.95,0.08
2019-03-04 10:00:00,0.0,31.53,37.98,0.14
2019-03-04 11:00:00,0.0,32.97,34.0,0.27
2019-03-04 12:00:00,0.0,33.81,31.78,0.41
2019-03-04 13:00:00,0.0,33.73,31.69,0.57
2019-03-04 14:00:00,0.0,33.02,33.42,0.71
2019-03-04 15:00:00,0.0,31.77,37.27,0.78
2019-03-04 16:00:00,0.0,30.14,43.42,0.79
2019-03-04 17:00:00,0.0,28.21,51.85,0.67
2019-03-04 18:00:00,0.0,26.36,61.37,0.56
2019-03-04 19:00:00,0.0,25.1,68.99,0.48
2019-03-04 20:00:00,0.0,24.09,75.89,0.35
2019-03-04 21:00:00,0.0,23.36,82.44,0.3
2019-03-04 22:00:00,0.0,22.93,85.28,0.3
2019-03-04 23:00:00,0.0,22.58,87.58,0.29
2019-03-05 00:00:00,0.0,22.28,89.33,0.29
2019-03-05 01:00:00,0.0,21.99,90.8,0.28
2019-03-05 02:00:00,0.0,21.69,92.55,0.3
2019-03-05 03:00:00,0.0,21.34,94.96,0.3
2019-03-05 04:00:00,0.0,21.09,97.1,0.34
2019-03-05 05:00:00,0.0,20.86,98.32,0.36
2019-03-05 06:00:00,0.0,21.3,94.57,0.36
2019-03-05 07:00:00,0.0,23.6,79.99,0.37
2019-03-05 08:00:00,0.0,26.45,62.45,0.36
2019-03-05 09:00:00,0.0,29.34,48.47,0.37
2019-03-05 10:00:00,0.0,31.67,39.22,0.38
2019-03-05 11:00:00,0.0,33.46,33.12,0.41
2019-03-05 12:00:00,0.0,34.62,29.69,0.49
2019-03-05 13:00:00,0.0,35.0,28.31,0.58
2019-03-05 14:00:00,0.0,34.8,28.36,0.67
2019-03-05 15:00:00,0.0,33.8,30.34,0.75
2019-03-05 16:00:00,0.0,32.01,35.46,0.81
2019-03-05 17:00:00,0.0,29.8,43.91,0.73
2019-03-05 18:00:00,0.0,27.81,52.77,0.66
2019-03-05 19:00:00,0.0,26.33,60.52,0.52
2019-03-05 20:00:00,0.0,25.13,68.36,0.43
2019-03-05 21:00:00,0.0,24.07,75.02,0.36
2019-03-05 22:00:00,0.0,23.21,80.86,0.32
2019-03-05 23:00:00,0.0,22.63,85.04,0.31
2019-03-06 00:00:00,0.0,22.17,88.22,0.31
2019-03-06 01:00:00,0.0,21.86,90.79,0.34
2019-03-06 02:00:00,0.0,21.82,91.15,0.35
2019-03-06 03:00:00,0.0,21.73,91.54,0.34
2019-03-06 04:00:00,0.0,21.65,92.02,0.3
2019-03-06 05:00:00,0.0,21.62,92.14,0.29
2019-03-06 06:00:00,0.0,21.99,89.61,0.39
2019-03-06 07:00:00,0.0,23.62,78.63,0.49
2019-03-06 08:00:00,0.02,26.15,64.13,0.49
2019-03-06 09:00:00,0.02,28.9,51.56,0.5
2019-03-06 10:00:00,0.04,31.11,43.75,0.53
2019-03-06 11:00:00,0.06,32.5,39.33,0.59
2019-03-06 12:00:00,0.1,33.13,37.21,0.66
2019-03-06 13:00:00,0.17,32.75,37.88,0.74
2019-03-06 14:00:00,0.22,31.65,41.39,0.79
2019-03-06 15:00:00,0.13,30.34,46.51,0.79
2019-03-06 16:00:00,0.13,28.68,53.79,0.71
2019-03-06 17:00:00,0.1,26.81,63.74,0.59
2019-03-06 18:00:00,0.06,25.24,72.8,0.49
2019-03-06 19:00:00,0.06,24.27,78.23,0.45
2019-03-06 20:00:00,0.07,23.55,82.36,0.38
2019-03-06 21:00:00,0.03,22.98,86.27,0.32
2019-03-06 22:00:00,0.08,22.48,89.79,0.3
2019-03-06 23:00:00,0.1,22.05,92.45,0.31
2019-03-07 00:00:00,0.11,21.74,94.14,0.33
2019-03-07 01:00:00,0.11,21.5,95.56,0.31
2019-03-07 02:00:00,0.08,21.32,96.41,0.28
2019-03-07 03:00:00,0.06,21.21,96.75,0.26
2019-03-07 04:00:00,0.06,21.18,96.61,0.25
2019-03-07 05:00:00,0.15,21.23,96.37,0.22
2019-03-07 06:00:00,0.02,21.54,95.27,0.21
2019-03-07 07:00:00,0.0,22.47,90.79,0.18
2019-03-07 08:00:00,0.0,24.2,78.95,0.13
2019-03-07 09:00:00,0.0,27.18,60.03,0.1
2019-03-07 10:00:00,0.0,31.04,41.35,0.17
2019-03-07 11:00:00,0.0,33.21,34.93,0.3
2019-03-07 12:00:00,0.0,34.37,32.37,0.45
2019-03-07 13:00:00,0.0,34.44,32.45,0.58
2019-03-07 14:00:00,0.0,33.75,34.34,0.66
2019-03-07 15:00:00,0.0,32.35,38.29,0.68
2019-03-07 16:00:00,0.0,30.61,44.3,0.65
2019-03-07 17:00:00,0.0,28.74,52.24,0.56
2019-03-07 18:00:00,0.0,27.08,60.57,0.48
2019-03-07 19:00:00,0.0,25.91,67.2,0.42
2019-03-07 20:00:00,0.0,24.91,73.38,0.33
2019-03-07 21:00:00,0.0,23.98,79.64,0.29
2019-03-07 22:00:00,0.0,23.26,84.39,0.25
2019-03-07 23:00:00,0.0,22.78,87.47,0.25
2019-03-08 00:00:00,0.0,22.42,89.94,0.24
2019-03-08 01:00:00,0.0,22.18,91.4,0.22
2019-03-08 02:00:00,0.0,22.03,92.38,0.18
2019-03-08 03:00:00,0.0,21.85,93.54,0.16
2019-03-08 04:00:00,0.0,21.64,94.85,0.15
2019-03-08 05:00:00,0.0,21.46,96.27,0.19
2019-03-08 06:00:00,0.0,21.88,94.2,0.27
2019-03-08 07:00:00,0.0,23.93,82.09,0.31
2019-03-08 08:00:00,0.0,26.78,65.53,0.36
2019-03-08 09:00:00,0.0,29.48,51.78,0.41
2019-03-08 10:00:00,0.0,31.42,44.42,0.48
2019-03-08 11:00:00,0.0,32.55,40.6,0.57
2019-03-08 12:00:00,0.0,32.98,39.3,0.69
2019-03-08 13:00:00,0.0,32.82,39.88,0.78
2019-03-08 14:00:00,0.0,31.61,43.88,0.84
2019-03-08 15:00:00,0.0,29.85,50.96,0.83
2019-03-08 16:00:00,0.0,27.92,59.94,0.77
2019-03-08 17:00:00,0.0,26.25,68.7,0.67
2019-03-08 18:00:00,0.0,25.06,75.63,0.59
2019-03-08 19:00:00,0.0,24.34,80.04,0.51
2019-03-08 20:00:00,0.0,23.83,83.08,0.47
2019-03-08 21:00:00,0.0,23.39,85.6,0.45
2019-03-08 22:00:00,0.0,23.02,87.64,0.42
2019-03-08 23:00:00,0.0,22.68,89.32,0.43
2019-03-09 00:00:00,0.0,22.4,90.59,0.44
2019-03-09 01:00:00,0.0,22.2,91.2,0.43
2019-03-09 02:00:00,0.01,22.03,91.67,0.39
2019-03-09 03:00:00,0.01,21.86,92.07,0.33
2019-03-09 04:00:00,0.01,21.66,92.84,0.28
2019-03-09 05:00:00,0.01,21.46,93.66,0.26
2019-03-09 06:00:00,0.0,21.76,91.6,0.33
2019-03-09 07:00:00,0.0,23.08,82.41,0.37
2019-03-09 08:00:00,0.24,24.97,71.98,0.33
2019-03-09 09:00:00,0.17,27.13,61.25,0.29
2019-03-09 10:00:00,0.17,29.32,50.66,0.28
2019-03-09 11:00:00,0.34,30.75,44.55,0.35
2019-03-09 12:00:00,0.47,31.16,42.74,0.45
2019-03-09 13:00:00,0.39,30.88,43.79,0.51
2019-03-09 14:00:00,0.43,30.33,46.19,0.52
2019-03-09 15:00:00,0.51,29.34,50.33,0.5
2019-03-09 16:00:00,0.6,27.94,57.44,0.46
2019-03-09 17:00:00,0.64,26.12,70.96,0.39
2019-03-09 18:00:00,0.69,24.76,83.72,0.36
2019-03-09 19:00:00,0.64,24.01,89.92,0.33
2019-03-09 20:00:00,0.53,23.55,89.02,0.17
2019-03-09 21:00:00,0.47,23.08,93.02,0.12
2019-03-09 22:00:00,0.49,22.6,94.94,0.15
2019-03-09 23:00:00,0.5,22.27,95.83,0.12
2019-03-10 00:00:00,0.56,22.04,96.26,0.16
2019-03-10 01:00:00,0.58,21.82,96.63,0.22
2019-03-10 02:00:00,0.53,21.68,96.73,0.24
2019-03-10 03:00:00,0.42,21.6,96.69,0.24
2019-03-10 04:00:00,0.31,21.5,96.74,0.21
2019-03-10 05:00:00,0.26,21.33,96.96,0.19
2019-03-10 06:00:00,0.17,21.52,97.13,0.07
2019-03-10 07:00:00,0.16,22.64,95.14,0.06
2019-03-10 08:00:00,0.0,24.85,78.18,0.16
2019-03-10 09:00:00,0.0,28.27,53.66,0.2
2019-03-10 10:00:00,0.0,30.54,43.69,0.17
2019-03-10 11:00:00,0.0,32.09,38.54,0.11
2019-03-10 12:00:00,0.0,33.01,35.72,0.11
2019-03-10 13:00:00,0.0,33.49,34.19,0.19
2019-03-10 14:00:00,0.0,33.26,34.15,0.31
2019-03-10 15:00:00,0.0,32.52,35.5,0.41
2019-03-10 16:00:00,0.0,31.36,39.24,0.5
2019-03-10 17:00:00,0.0,29.48,49.88,0.58
2019-03-10 18:00:00,0.0,27.07,62.13,0.55
2019-03-10 19:00:00,0.0,25.64,69.52,0.52
2019-03-10 20:00:00,0.0,24.91,74.33,0.45
2019-03-10 21:00:00,0.0,24.19,80.35,0.35
2019-03-10 22:00:00,0.0,23.53,85.35,0.27
2019-03-10 23:00:00,0.0,23.1,88.19,0.26
2019-03-11 00:00:00,0.0,22.83,89.74,0.27
2019-03-11 01:00:00,0.0,22.58,91.36,0.25
2019-03-11 02:00:00,0.0,22.38,92.75,0.32
2019-03-11 03:00:00,0.0,22.34,93.57,0.28
2019-03-11 04:00:00,0.0,22.29,93.01,0.1
2019-03-11 05:00:00,0.0,21.98,94.31,0.17
2019-03-11 06:00:00,0.0,21.98,93.5,0.13
2019-03-11 07:00:00,0.0,24.25,78.07,0.03
2019-03-11 08:00:00,0.0,26.94,58.55,0.05
2019-03-11 09:00:00,0.0,29.35,43.92,0.06
2019-03-11 10:00:00,0.0,31.27,35.96,0.01
2019-03-11 11:00:00,0.0,32.8,31.42,0.08
2019-03-11 12:00:00,0.0,33.83,28.71,0.17
2019-03-11 13:00:00,0.0,34.37,26.96,0.3
2019-03-11 14:00:00,0.0,34.31,26.51,0.46
2019-03-11 15:00:00,0.0,33.6,27.64,0.58
2019-03-11 16:00:00,0.0,32.16,31.03,0.64
2019-03-11 17:00:00,0.0,29.79,44.98,0.6
2019-03-11 18:00:00,0.0,27.2,56.81,0.66
2019-03-11 19:00:00,0.0,25.28,69.72,0.62
2019-03-11 20:00:00,0.0,24.15,77.26,0.43
2019-03-11 21:00:00,0.0,23.31,78.83,0.29
2019-03-11 22:00:00,0.0,22.59,81.36,0.19
2019-03-11 23:00:00,0.0,21.91,84.59,0.25
2019-03-12 00:00:00,0.0,21.27,86.72,0.33
2019-03-12 01:00:00,0.0,20.64,89.52,0.37
2019-03-12 02:00:00,0.0,20.02,92.29,0.38
2019-03-12 03:00:00,0.0,19.52,94.23,0.37
2019-03-12 04:00:00,0.0,19.06,96.08,0.38
2019-03-12 05:00:00,0.0,18.54,98.16,0.4
2019-03-12 06:00:00,0.0,18.68,95.54,0.28
2019-03-12 07:00:00,0.0,21.98,72.26,0.12
2019-03-12 08:00:00,0.0,25.94,43.91,0.19
2019-03-12 09:00:00,0.0,28.86,30.98,0.28
2019-03-12 10:00:00,0.0,30.84,25.85,0.29
2019-03-12 11:00:00,0.0,32.31,23.45,0.25
2019-03-12 12:00:00,0.0,33.33,22.28,0.17
2019-03-12 13:00:00,0.0,33.81,22.34,0.09
2019-03-12 14:00:00,0.0,33.77,23.08,0.03
2019-03-12 15:00:00,0.0,33.14,24.66,0.08
2019-03-12 16:00:00,0.0,31.86,27.9,0.2
2019-03-12 17:00:00,0.0,29.38,37.63,0.37
2019-03-12 18:00:00,0.0,25.97,56.89,0.36
2019-03-12 19:00:00,0.0,24.16,64.37,0.38
2019-03-12 20:00:00,0.0,23.03,68.48,0.37
2019-03-12 21:00:00,0.0,22.24,71.61,0.43
2019-03-12 22:00:00,0.0,21.51,73.6,0.49
2019-03-12 23:00:00,0.0,20.87,74.35,0.54
2019-03-13 00:00:00,0.0,20.34,74.15,0.54
2019-03-13 01:00:00,0.0,19.86,73.59,0.53
2019-03-13 02:00:00,0.0,19.21,73.86,0.58
2019-03-13 03:00:00,0.0,18.29,74.71,0.65
2019-03-13 04:00:00,0.0,17.34,74.62,0.68
2019-03-13 05:00:00,0.0,16.53,72.46,0.64
2019-03-13 06:00:00,0.0,16.93,65.69,0.51
2019-03-13 07:00:00,0.0,21.18,42.08,0.44
2019-03-13 08:00:00,0.0,26.15,26.42,0.5
2019-03-13 09:00:00,0.0,29.27,20.26,0.54
2019-03-13 10:00:00,0.0,31.18,18.61,0.48
2019-03-13 11:00:00,0.0,32.68,17.71,0.37
2019-03-13 12:00:00,0.0,33.74,17.46,0.22
2019-03-13 13:00:00,0.0,34.27,17.95,0.08
2019-03-13 14:00:00,0.0,34.26,18.86,0.12
2019-03-13 15:00:00,0.0,33.66,20.38,0.24
2019-03-13 16:00:00,0.0,32.35,23.54,0.38
2019-03-13 17:00:00,0.0,29.74,38.78,0.46
2019-03-13 18:00:00,0.0,27.35,48.42,0.47
2019-03-13 19:00:00,0.0,25.63,55.19,0.61
2019-03-13 20:00:00,0.0,24.21,64.88,0.66
2019-03-13 21:00:00,0.0,23.28,70.72,0.61
2019-03-13 22:00:00,0.0,22.84,72.14,0.53
2019-03-13 23:00:00,0.0,22.5,73.01,0.45
2019-03-14 00:00:00,0.0,22.1,73.97,0.43
2019-03-14 01:00:00,0.0,21.61,75.11,0.48
2019-03-14 02:00:00,0.0,20.87,77.24,0.62
2019-03-14 03:00:00,0.0,19.93,79.51,0.73
2019-03-14 04:00:00,0.0,18.9,81.35,0.75
2019-03-14 05:00:00,0.0,17.93,82.25,0.7
2019-03-14 06:00:00,0.0,18.13,78.0,0.57
2019-03-14 07:00:00,0.0,22.11,53.48,0.47
2019-03-14 08:00:00,0.0,26.83,29.11,0.56
2019-03-14 09:00:00,0.0,29.55,21.13,0.64
2019-03-14 10:00:00,0.0,31.37,18.73,0.6
2019-03-14 11:00:00,0.0,32.88,17.71,0.51
2019-03-14 12:00:00,0.0,33.94,17.62,0.39
2019-03-14 13:00:00,0.0,34.49,18.16,0.29
2019-03-14 14:00:00,0.0,34.41,19.1,0.19
2019-03-14 15:00:00,0.0,33.8,20.38,0.15
2019-03-14 16:00:00,0.0,32.55,22.74,0.21
2019-03-14 17:00:00,0.0,29.86,32.06,0.35
2019-03-14 18:00:00,0.0,26.1,48.8,0.31
2019-03-14 19:00:00,0.0,24.2,57.66,0.34
2019-03-14 20:00:00,0.0,23.2,61.04,0.48
2019-03-14 21:00:00,0.0,22.6,62.63,0.63
2019-03-14 22:00:00,0.0,21.91,63.8,0.68
2019-03-14 23:00:00,0.0,21.33,64.02,0.65
2019-03-15 00:00:00,0.0,20.9,63.58,0.59
2019-03-15 01:00:00,0.0,20.47,63.25,0.53
2019-03-15 02:00:00,0.0,19.92,63.62,0.5
2019-03-15 03:00:00,0.0,19.29,64.3,0.55
2019-03-15 04:00:00,0.0,18.64,64.97,0.63
2019-03-15 05:00:00,0.0,18.02,65.29,0.71
2019-03-15 06:00:00,0.0,18.08,65.81,0.63
2019-03-15 07:00:00,0.0,21.64,48.68,0.27
2019-03-15 08:00:00,0.0,26.4,32.61,0.39
2019-03-15 09:00:00,0.0,29.14,26.02,0.5
2019-03-15 10:00:00,0.0,31.08,22.14,0.43
2019-03-15 11:00:00,0.0,32.7,19.52,0.31
2019-03-15 12:00:00,0.0,33.86,18.32,0.17
2019-03-15 13:00:00,0.0,34.42,18.36,0.09
2019-03-15 14:00:00,0.0,34.39,19.06,0.09
2019-03-15 15:00:00,0.0,33.8,20.48,0.11
2019-03-15 16:00:00,0.0,32.56,23.32,0.17
2019-03-15 17:00:00,0.0,29.84,35.59,0.34
2019-03-15 18:00:00,0.0,26.4,55.29,0.35
2019-03-15 19:00:00,0.0,24.55,61.36,0.52
2019-03-15 20:00:00,0.0,23.44,66.08,0.62
2019-03-15 21:00:00,0.0,22.88,69.56,0.73
2019-03-15 22:00:00,0.0,22.69,70.06,0.78
2019-03-15 23:00:00,0.0,22.71,68.65,0.65
2019-03-16 00:00:00,0.0,22.56,68.63,0.35
2019-03-16 01:00:00,0.0,22.0,71.69,0.24
2019-03-16 02:00:00,0.0,21.33,75.87,0.4
2019-03-16 03:00:00,0.0,20.76,80.02,0.49
2019-03-16 04:00:00,0.0,20.21,84.05,0.57
2019-03-16 05:00:00,0.0,19.65,87.8,0.63
2019-03-16 06:00:00,0.0,19.53,88.27,0.56
2019-03-16 07:00:00,0.0,22.41,72.85,0.2
2019-03-16 08:00:00,0.0,25.96,48.87,0.24
2019-03-16 09:00:00,0.0,28.78,32.71,0.28
2019-03-16 10:00:00,0.0,31.03,24.86,0.24
2019-03-16 11:00:00,0.0,32.86,20.47,0.18
2019-03-16 12:00:00,0.0,34.13,18.54,0.13
2019-03-16 13:00:00,0.0,34.77,18.03,0.16
2019-03-16 14:00:00,0.0,34.79,18.43,0.24
2019-03-16 15:00:00,0.0,34.16,19.74,0.38
2019-03-16 16:00:00,0.0,32.73,23.04,0.54
2019-03-16 17:00:00,0.0,30.19,35.08,0.68
2019-03-16 18:00:00,0.0,27.41,49.8,0.88
2019-03-16 19:00:00,0.0,25.26,59.66,0.88
2019-03-16 20:00:00,0.0,23.46,70.06,0.65
2019-03-16 21:00:00,0.0,22.47,75.95,0.42
2019-03-16 22:00:00,0.0,21.96,78.34,0.27
2019-03-16 23:00:00,0.0,21.45,80.6,0.16
2019-03-17 00:00:00,0.0,20.94,82.67,0.12
2019-03-17 01:00:00,0.0,20.43,84.87,0.21
2019-03-17 02:00:00,0.0,20.09,85.38,0.3
2019-03-17 03:00:00,0.0,19.84,85.96,0.34
2019-03-17 04:00:00,0.0,19.44,87.24,0.39
2019-03-17 05:00:00,0.0,18.86,89.37,0.43
2019-03-17 06:00:00,0.0,19.16,86.72,0.35
2019-03-17 07:00:00,0.0,22.53,68.69,0.26
2019-03-17 08:00:00,0.0,26.23,49.23,0.22
2019-03-17 09:00:00,0.0,29.22,37.57,0.13
2019-03-17 10:00:00,0.0,31.57,30.28,0.04
2019-03-17 11:00:00,0.0,33.36,25.52,0.15
2019-03-17 12:00:00,0.0,34.58,22.48,0.27
2019-03-17 13:00:00,0.0,35.16,21.09,0.36
2019-03-17 14:00:00,0.0,35.17,20.8,0.43
2019-03-17 15:00:00,0.0,34.59,21.69,0.5
2019-03-17 16:00:00,0.0,33.3,24.47,0.58
2019-03-17 17:00:00,0.0,30.55,36.86,0.64
2019-03-17 18:00:00,0.0,27.0,56.18,0.74
2019-03-17 19:00:00,0.0,25.02,65.48,0.7
2019-03-17 20:00:00,0.0,23.91,73.33,0.59
2019-03-17 21:00:00,0.0,23.24,78.97,0.49
2019-03-17 22:00:00,0.0,22.77,81.98,0.44
2019-03-17 23:00:00,0.0,22.33,84.37,0.39
2019-03-18 00:00:00,0.0,21.97,86.22,0.34
2019-03-18 01:00:00,0.0,21.65,87.62,0.29
2019-03-18 02:00:00,0.0,21.29,89.3,0.24
2019-03-18 03:00:00,0.0,20.92,90.88,0.21
2019-03-18 04:00:00,0.0,20.63,92.02,0.17
2019-03-18 05:00:00,0.0,20.4,92.81,0.17
2019-03-18 06:00:00,0.0,20.95,89.45,0.23
2019-03-18 07:00:00,0.0,23.56,75.62,0.21
2019-03-18 08:00:00,0.01,26.68,58.56,0.12
2019-03-18 09:00:00,0.0,29.5,44.73,0.03
2019-03-18 10:00:00,0.0,31.75,36.17,0.16
2019-03-18 11:00:00,0.0,33.47,30.95,0.29
2019-03-18 12:00:00,0.0,34.57,28.05,0.41
2019-03-18 13:00:00,0.0,34.89,27.0,0.51
2019-03-18 14:00:00,0.01,34.69,27.36,0.58
2019-03-18 15:00:00,0.01,33.76,29.42,0.64
2019-03-18 16:00:00,0.01,31.77,35.12,0.64
2019-03-18 17:00:00,0.03,29.45,45.42,0.6
2019-03-18 18:00:00,0.05,27.38,56.3,0.55
2019-03-18 19:00:00,0.06,26.04,65.42,0.46
2019-03-18 20:00:00,0.08,25.0,73.13,0.34
2019-03-18 21:00:00,0.09,24.15,79.18,0.23
2019-03-18 22:00:00,0.12,23.42,84.4,0.16
2019-03-18 23:00:00,0.13,22.82,88.63,0.12
2019-03-19 00:00:00,0.16,22.36,91.7,0.1
2019-03-19 01:00:00,0.17,22.0,93.36,0.15
2019-03-19 02:00:00,0.12,21.77,94.07,0.12
2019-03-19 03:00:00,0.1,21.51,94.83,0.11
2019-03-19 04:00:00,0.09,21.23,95.57,0.18
2019-03-19 05:00:00,0.05,21.01,95.87,0.23
2019-03-19 06:00:00,0.05,21.24,95.53,0.2
2019-03-19 07:00:00,0.05,22.31,92.17,0.13
2019-03-19 08:00:00,0.0,24.6,75.55,0.12
2019-03-19 09:00:00,0.0,27.88,54.89,0.06
2019-03-19 10:00:00,0.0,30.29,43.36,0.04
2019-03-19 11:00:00,0.0,31.97,37.11,0.14
2019-03-19 12:00:00,0.0,33.27,33.0,0.24
2019-03-19 13:00:00,0.0,34.05,30.45,0.32
2019-03-19 14:00:00,0.0,34.1,29.87,0.44
2019-03-19 15:00:00,0.0,33.3,31.46,0.55
2019-03-19 16:00:00,0.0,31.77,35.81,0.65
2019-03-19 17:00:00,0.0,29.62,45.1,0.67
2019-03-19 18:00:00,0.0,27.4,57.21,0.63
2019-03-19 19:00:00,0.0,26.15,66.39,0.6
2019-03-19 20:00:00,0.0,25.31,72.46,0.52
2019-03-19 21:00:00,0.0,24.57,76.71,0.41
2019-03-19 22:00:00,0.0,23.9,80.38,0.29
2019-03-19 23:00:00,0.0,23.26,83.8,0.22
2019-03-20 00:00:00,0.0,22.82,86.25,0.24
2019-03-20 01:00:00,0.0,22.51,88.18,0.24
2019-03-20 02:00:00,0.0,22.24,89.7,0.2
2019-03-20 03:00:00,0.0,21.9,91.58,0.17
2019-03-20 04:00:00,0.0,21.66,92.8,0.15
2019-03-20 05:00:00,0.0,21.45,93.62,0.15
2019-03-20 06:00:00,0.0,21.91,90.39,0.13
2019-03-20 07:00:00,0.0,24.02,77.9,0.11
2019-03-20 08:00:00,0.19,26.35,64.41,0.11
2019-03-20 09:00:00,0.09,28.63,52.42,0.11
2019-03-20 10:00:00,0.08,30.75,42.41,0.13
2019-03-20 11:00:00,0.08,32.35,36.46,0.19
2019-03-20 12:00:00,0.06,33.39,33.0,0.28
2019-03-20 13:00:00,0.06,33.68,31.61,0.39
2019-03-20 14:00:00,0.07,33.52,31.67,0.51
2019-03-20 15:00:00,0.06,32.6,33.76,0.61
2019-03-20 16:00:00,0.05,30.98,39.08,0.67
2019-03-20 17:00:00,0.03,28.9,48.48,0.63
2019-03-20 18:00:00,0.01,26.84,60.4,0.57
2019-03-20 19:00:00,0.01,25.6,69.03,0.49
2019-03-20 20:00:00,0.01,24.87,73.85,0.35
2019-03-20 21:00:00,0.01,24.24,77.1,0.16
2019-03-20 22:00:00,0.01,23.56,80.86,0.09
2019-03-20 23:00:00,0.01,22.94,84.0,0.08
2019-03-21 00:00:00,0.01,22.36,86.07,0.06
2019-03-21 01:00:00,0.0,21.84,87.02,0.05
2019-03-21 02:00:00,0.0,21.38,88.19,0.07
2019-03-21 03:00:00,0.0,20.91,89.22,0.18
2019-03-21 04:00:00,0.0,20.47,90.3,0.27
2019-03-21 05:00:00,0.0,20.15,90.76,0.36
2019-03-21 06:00:00,0.0,20.55,87.9,0.33
2019-03-21 07:00:00,0.0,23.3,72.18,0.21
2019-03-21 08:00:00,0.0,26.59,52.82,0.17
2019-03-21 09:00:00,0.0,29.55,39.05,0.11
2019-03-21 10:00:00,0.0,31.8,31.82,0.08
2019-03-21 11:00:00,0.0,33.56,27.21,0.1
2019-03-21 12:00:00,0.0,34.81,24.07,0.18
2019-03-21 13:00:00,0.0,35.43,22.33,0.27
2019-03-21 14:00:00,0.0,35.45,21.78,0.36
2019-03-21 15:00:00,0.0,34.76,22.65,0.47
2019-03-21 16:00:00,0.0,33.4,25.3,0.58
2019-03-21 17:00:00,0.0,30.79,37.76,0.66
2019-03-21 18:00:00,0.0,27.42,56.75,0.8
2019-03-21 19:00:00,0.0,25.42,66.26,0.77
2019-03-21 20:00:00,0.0,24.13,72.83,0.61
2019-03-21 21:00:00,0.0,23.18,79.26,0.46
2019-03-21 22:00:00,0.0,22.71,82.52,0.41
2019-03-21 23:00:00,0.0,22.36,85.78,0.34
2019-03-22 00:00:00,0.0,22.05,89.06,0.26
2019-03-22 01:00:00,0.0,21.84,90.75,0.16
2019-03-22 02:00:00,0.0,21.66,91.77,0.11
2019-03-22 03:00:00,0.0,21.45,93.01,0.11
2019-03-22 04:00:00,0.0,21.29,93.91,0.15
2019-03-22 05:00:00,0.0,21.22,93.98,0.19
2019-03-22 06:00:00,0.0,21.55,91.62,0.33
2019-03-22 07:00:00,0.0,24.01,76.27,0.2
2019-03-22 08:00:00,0.0,26.9,59.68,0.19
2019-03-22 09:00:00,0.0,29.61,45.91,0.2
2019-03-22 10:00:00,0.0,31.91,36.28,0.2
2019-03-22 11:00:00,0.0,33.78,30.03,0.18
2019-03-22 12:00:00,0.0,35.14,25.84,0.2
2019-03-22 13:00:00,0.0,35.87,23.54,0.25
2019-03-22 14:00:00,0.0,35.95,22.69,0.33
2019-03-22 15:00:00,0.0,35.32,23.17,0.42
2019-03-22 16:00:00,0.0,33.96,25.58,0.57
2019-03-22 17:00:00,0.0,31.45,36.4,0.68
2019-03-22 18:00:00,0.0,28.36,53.83,0.84
2019-03-22 19:00:00,0.0,26.39,61.22,0.83
2019-03-22 20:00:00,0.0,24.78,69.27,0.6
2019-03-22 21:00:00,0.0,23.76,74.89,0.39
2019-03-22 22:00:00,0.0,23.29,77.93,0.32
2019-03-22 23:00:00,0.0,22.89,80.75,0.26
2019-03-23 00:00:00,0.0,22.6,83.3,0.27
2019-03-23 01:00:00,0.0,22.44,85.3,0.27
2019-03-23 02:00:00,0.0,22.24,87.29,0.24
2019-03-23 03:00:00,0.0,21.97,89.19,0.19
2019-03-23 04:00:00,0.0,21.87,90.12,0.2
2019-03-23 05:00:00,0.0,21.87,90.26,0.11
2019-03-23 06:00:00,0.0,22.13,89.26,0.01
2019-03-23 07:00:00,0.0,24.31,76.32,0.1
2019-03-23 08:00:00,0.0,27.29,58.86,0.09
2019-03-23 09:00:00,0.0,30.31,42.55,0.12
2019-03-23 10:00:00,0.0,32.52,34.35,0.19
2019-03-23 11:00:00,0.0,34.24,29.56,0.26
2019-03-23 12:00:00,0.0,35.39,26.82,0.39
2019-03-23 13:00:00,0.0,35.79,25.72,0.53
2019-03-23 14:00:00,0.0,35.72,25.75,0.65
2019-03-23 15:00:00,0.0,34.75,27.45,0.74
2019-03-23 16:00:00,0.0,33.05,31.62,0.79
2019-03-23 17:00:00,0.0,30.73,39.92,0.76
2019-03-23 18:00:00,0.0,28.55,49.55,0.67
2019-03-23 19:00:00,0.0,27.02,57.52,0.55
2019-03-23 20:00:00,0.0,25.88,64.27,0.42
2019-03-23 21:00:00,0.0,24.96,72.16,0.31
2019-03-23 22:00:00,0.0,24.34,76.52,0.23
2019-03-23 23:00:00,0.0,23.76,79.78,0.14
2019-03-24 00:00:00,0.0,23.12,83.58,0.12
2019-03-24 01:00:00,0.0,22.63,87.86,0.22
2019-03-24 02:00:00,0.0,22.32,85.89,0.15
2019-03-24 03:00:00,0.0,21.91,88.4,0.34
2019-03-24 04:00:00,0.0,21.37,91.74,0.53
2019-03-24 05:00:00,0.0,21.0,93.91,0.56
2019-03-24 06:00:00,0.0,21.3,92.28,0.48
2019-03-24 07:00:00,0.0,24.0,75.93,0.26
2019-03-24 08:00:00,0.0,27.69,49.99,0.21
2019-03-24 09:00:00,0.0,30.86,33.55,0.19
2019-03-24 10:00:00,0.0,33.1,26.66,0.14
2019-03-24 11:00:00,0.0,34.83,23.19,0.08
2019-03-24 12:00:00,0.0,35.99,21.34,0.13
2019-03-24 13:00:00,0.0,36.57,20.5,0.22
2019-03-24 14:00:00,0.0,36.56,20.49,0.31
2019-03-24 15:00:00,0.0,35.92,21.49,0.44
2019-03-24 16:00:00,0.0,34.51,24.16,0.58
2019-03-24 17:00:00,0.0,32.09,34.07,0.7
2019-03-24 18:00:00,0.0,28.82,51.05,0.82
2019-03-24 19:00:00,0.0,26.51,58.33,0.65
2019-03-24 20:00:00,0.0,25.2,64.03,0.47
2019-03-24 21:00:00,0.0,24.41,70.87,0.45
2019-03-24 22:00:00,0.0,23.96,73.75,0.42
2019-03-24 23:00:00,0.0,23.52,76.75,0.31
2019-03-25 00:00:00,0.0,22.93,82.73,0.21
2019-03-25 01:00:00,0.0,22.62,83.38,0.27
2019-03-25 02:00:00,0.0,22.31,85.47,0.27
2019-03-25 03:00:00,0.0,21.93,87.58,0.32
2019-03-25 04:00:00,0.0,21.31,90.25,0.35
2019-03-25 05:00:00,0.0,20.6,92.53,0.23
2019-03-25 06:00:00,0.0,21.28,86.15,0.3
2019-03-25 07:00:00,0.0,24.43,64.92,0.35
2019-03-25 08:00:00,0.0,28.16,41.42,0.39
2019-03-25 09:00:00,0.0,31.0,30.58,0.39
2019-03-25 10:00:00,0.0,33.06,25.23,0.34
2019-03-25 11:00:00,0.0,34.65,22.07,0.25
2019-03-25 12:00:00,0.0,35.75,20.38,0.16
2019-03-25 13:00:00,0.0,36.28,19.61,0.09
2019-03-25 14:00:00,0.0,36.23,19.72,0.03
2019-03-25 15:00:00,0.0,35.56,20.91,0.09
2019-03-25 16:00:00,0.0,34.27,23.4,0.27
2019-03-25 17:00:00,0.0,31.73,32.44,0.5
2019-03-25 18:00:00,0.0,29.23,45.83,0.53
2019-03-25 19:00:00,0.0,27.28,53.12,0.97
2019-03-25 20:00:00,0.0,25.16,65.49,0.82
2019-03-25 21:00:00,0.0,24.18,71.84,0.62
2019-03-25 22:00:00,0.0,23.74,76.69,0.59
2019-03-25 23:00:00,0.0,23.27,81.58,0.54
2019-03-26 00:00:00,0.0,22.97,85.3,0.5
2019-03-26 01:00:00,0.0,22.7,88.5,0.45
2019-03-26 02:00:00,0.0,22.53,90.4,0.39
2019-03-26 03:00:00,0.0,22.43,91.48,0.36
2019-03-26 04:00:00,0.0,22.4,91.37,0.22
2019-03-26 05:00:00,0.0,21.99,92.59,0.29
2019-03-26 06:00:00,0.0,21.98,91.07,0.26
2019-03-26 07:00:00,0.0,24.78,71.41,0.17
2019-03-26 08:00:00,0.0,27.81,48.32,0.27
2019-03-26 09:00:00,0.0,30.25,35.07,0.29
2019-03-26 10:00:00,0.0,32.29,27.95,0.23
2019-03-26 11:00:00,0.0,33.99,23.43,0.13
2019-03-26 12:00:00,0.0,35.24,20.71,0.08
2019-03-26 13:00:00,0.0,35.93,19.42,0.15
2019-03-26 14:00:00,0.0,35.98,19.18,0.24
2019-03-26 15:00:00,0.0,35.4,20.1,0.32
2019-03-26 16:00:00,0.0,34.09,22.63,0.42
2019-03-26 17:00:00,0.0,31.57,32.47,0.53
2019-03-26 18:00:00,0.0,28.95,46.59,0.33
2019-03-26 19:00:00,0.0,27.55,49.8,0.53
2019-03-26 20:00:00,0.0,25.44,61.63,0.66
2019-03-26 21:00:00,0.0,24.21,68.03,0.6
2019-03-26 22:00:00,0.0,23.53,72.24,0.64
2019-03-26 23:00:00,0.0,23.16,73.93,0.69
2019-03-27 00:00:00,0.0,22.98,74.7,0.62
2019-03-27 01:00:00,0.0,22.68,76.78,0.4
2019-03-27 02:00:00,0.0,22.13,80.81,0.34
2019-03-27 03:00:00,0.0,21.62,85.27,0.25
2019-03-27 04:00:00,0.0,21.3,88.8,0.16
2019-03-27 05:00:00,0.0,21.22,90.31,0.14
2019-03-27 06:00:00,0.0,21.61,88.6,0.22
2019-03-27 07:00:00,0.0,23.99,74.68,0.17
2019-03-27 08:00:00,0.0,27.03,56.78,0.14
2019-03-27 09:00:00,0.0,29.69,41.56,0.16
2019-03-27 10:00:00,0.0,31.93,30.71,0.2
2019-03-27 11:00:00,0.0,33.7,23.99,0.26
2019-03-27 12:00:00,0.0,34.94,19.89,0.32
2019-03-27 13:00:00,0.0,35.58,17.87,0.41
2019-03-27 14:00:00,0.0,35.62,17.46,0.5
2019-03-27 15:00:00,0.0,35.03,18.54,0.6
2019-03-27 16:00:00,0.0,33.69,21.65,0.68
2019-03-27 17:00:00,0.0,31.08,33.68,0.73
2019-03-27 18:00:00,0.0,27.74,50.85,0.84
2019-03-27 19:00:00,0.0,25.84,60.58,0.78
2019-03-27 20:00:00,0.0,24.66,68.97,0.6
2019-03-27 21:00:00,0.0,23.94,76.12,0.46
2019-03-27 22:00:00,0.0,23.56,81.44,0.44
2019-03-27 23:00:00,0.0,23.33,84.79,0.43
2019-03-28 00:00:00,0.0,23.22,87.25,0.41
2019-03-28 01:00:00,0.0,23.02,89.49,0.43
2019-03-28 02:00:00,0.0,22.72,91.72,0.46
2019-03-28 03:00:00,0.0,22.53,93.1,0.51
2019-03-28 04:00:00,0.0,22.5,93.2,0.55
2019-03-28 05:00:00,0.0,22.5,93.0,0.52
2019-03-28 06:00:00,0.0,22.93,89.62,0.47
2019-03-28 07:00:00,0.0,25.33,73.69,0.31
2019-03-28 08:00:00,0.0,28.3,55.57,0.3
2019-03-28 09:00:00,0.0,31.05,40.42,0.29
2019-03-28 10:00:00,0.0,33.27,30.66,0.28
2019-03-28 11:00:00,0.0,35.02,24.43,0.28
2019-03-28 12:00:00,0.0,36.18,20.71,0.29
2019-03-28 13:00:00,0.0,36.71,18.81,0.28
2019-03-28 14:00:00,0.0,36.63,18.26,0.24
2019-03-28 15:00:00,0.0,35.92,18.98,0.18
2019-03-28 16:00:00,0.0,34.59,20.97,0.29
2019-03-28 17:00:00,0.0,32.1,29.33,0.49
2019-03-28 18:00:00,0.0,29.4,43.52,0.65
2019-03-28 19:00:00,0.0,27.0,52.71,0.91
2019-03-28 20:00:00,0.0,25.22,61.38,0.64
2019-03-28 21:00:00,0.0,24.56,67.94,0.51
2019-03-28 22:00:00,0.0,24.21,73.53,0.45
2019-03-28 23:00:00,0.0,23.63,79.22,0.43
2019-03-29 00:00:00,0.0,23.05,85.42,0.41
2019-03-29 01:00:00,0.0,22.67,90.58,0.36
2019-03-29 02:00:00,0.0,22.55,93.38,0.34
2019-03-29 03:00:00,0.0,22.45,95.07,0.32
2019-03-29 04:00:00,0.0,22.35,95.2,0.33
2019-03-29 05:00:00,0.0,22.22,94.22,0.35
2019-03-29 06:00:00,0.0,22.77,90.14,0.46
2019-03-29 07:00:00,0.0,24.95,76.29,0.4
2019-03-29 08:00:00,0.0,27.96,54.29,0.34
2019-03-29 09:00:00,0.0,31.04,35.57,0.27
2019-03-29 10:00:00,0.0,33.25,27.16,0.23
2019-03-29 11:00:00,0.0,34.88,23.0,0.3
2019-03-29 12:00:00,0.0,35.92,21.03,0.41
2019-03-29 13:00:00,0.0,36.35,20.54,0.55
2019-03-29 14:00:00,0.0,36.18,21.03,0.66
2019-03-29 15:00:00,0.0,35.38,22.67,0.75
2019-03-29 16:00:00,0.0,33.95,25.82,0.78
2019-03-29 17:00:00,0.0,31.6,33.05,0.78
2019-03-29 18:00:00,0.0,28.72,45.36,0.72
2019-03-29 19:00:00,0.0,26.98,55.92,0.66
2019-03-29 20:00:00,0.0,25.74,64.32,0.52
2019-03-29 21:00:00,0.0,24.87,70.63,0.4
2019-03-29 22:00:00,0.0,24.19,76.0,0.32
2019-03-29 23:00:00,0.0,23.59,81.72,0.29
2019-03-30 00:00:00,0.0,23.17,87.06,0.29
2019-03-30 01:00:00,0.0,22.96,90.09,0.28
2019-03-30 02:00:00,0.0,22.81,91.5,0.26
2019-03-30 03:00:00,0.0,22.57,92.9,0.27
2019-03-30 04:00:00,0.0,22.37,93.69,0.37
2019-03-30 05:00:00,0.0,22.17,94.13,0.42
2019-03-30 06:00:00,0.0,22.56,90.23,0.43
2019-03-30 07:00:00,0.0,25.01,71.93,0.31
2019-03-30 08:00:00,0.0,28.56,44.83,0.24
2019-03-30 09:00:00,0.0,31.64,29.14,0.15
2019-03-30 10:00:00,0.0,33.81,23.48,0.09
2019-03-30 11:00:00,0.0,35.45,20.72,0.15
2019-03-30 12:00:00,0.0,36.53,19.17,0.27
2019-03-30 13:00:00,0.0,37.02,18.5,0.42
2019-03-30 14:00:00,0.0,36.9,18.82,0.59
2019-03-30 15:00:00,0.0,36.1,20.5,0.76
2019-03-30 16:00:00,0.0,34.49,24.36,0.87
2019-03-30 17:00:00,0.0,31.94,32.32,0.85
2019-03-30 18:00:00,0.0,29.18,44.1,0.74
2019-03-30 19:00:00,0.0,27.42,54.47,0.68
2019-03-30 20:00:00,0.0,26.23,63.58,0.58
2019-03-30 21:00:00,0.0,25.37,71.26,0.49
2019-03-30 22:00:00,0.0,24.73,77.46,0.43
2019-03-30 23:00:00,0.0,24.23,81.81,0.38
2019-03-31 00:00:00,0.0,23.84,85.47,0.33
2019-03-31 01:00:00,0.0,23.65,87.7,0.31
2019-03-31 02:00:00,0.0,23.53,89.01,0.33
2019-03-31 03:00:00,0.0,23.35,90.25,0.32
2019-03-31 04:00:00,0.0,23.18,90.8,0.3
2019-03-31 05:00:00,0.0,22.93,91.93,0.25
2019-03-31 06:00:00,0.0,23.32,89.24,0.36
2019-03-31 07:00:00,0.0,25.19,74.09,0.38
2019-03-31 08:00:00,0.0,27.79,58.73,0.36
2019-03-31 09:00:00,0.0,30.59,44.63,0.37
2019-03-31 10:00:00,0.0,32.77,35.7,0.39
2019-03-31 11:00:00,0.0,34.39,30.48,0.46
2019-03-31 12:00:00,0.0,35.39,27.49,0.54
2019-03-31 13:00:00,0.0,35.82,26.11,0.66
2019-03-31 14:00:00,0.0,35.69,26.02,0.74
2019-03-31 15:00:00,0.0,34.96,27.19,0.79
2019-03-31 16:00:00,0.0,33.63,30.16,0.8
2019-03-31 17:00:00,0.0,31.54,36.47,0.78
2019-03-31 18:00:00,0.0,29.35,45.0,0.69
2019-03-31 19:00:00,0.0,27.68,52.99,0.59
2019-03-31 20:00:00,0.0,26.42,59.94,0.49
2019-03-31 21:00:00,0.0,25.45,66.29,0.42
2019-03-31 22:00:00,0.0,24.54,74.49,0.38
2019-03-31 23:00:00,0.0,23.81,81.56,0.37
2019-04-01 00:00:00,0.0,23.33,85.47,0.34
2019-04-01 01:00:00,0.0,23.03,89.0,0.32
2019-04-01 02:00:00,0.0,22.98,90.11,0.31
2019-04-01 03:00:00,0.0,22.89,90.71,0.29
2019-04-01 04:00:00,0.0,22.72,91.14,0.25
2019-04-01 05:00:00,0.0,22.42,92.5,0.21
2019-04-01 06:00:00,0.0,22.85,88.82,0.3
2019-04-01 07:00:00,0.0,24.93,73.5,0.32
2019-04-01 08:00:00,0.0,27.86,56.23,0.3
2019-04-01 09:00:00,0.0,31.12,39.99,0.29
2019-04-01 10:00:00,0.0,33.6,30.71,0.31
2019-04-01 11:00:00,0.0,35.43,25.29,0.38
2019-04-01 12:00:00,0.0,36.58,22.31,0.49
2019-04-01 13:00:00,0.0,37.04,21.03,0.6
2019-04-01 14:00:00,0.0,36.88,20.93,0.73
2019-04-01 15:00:00,0.0,36.0,22.38,0.85
2019-04-01 16:00:00,0.0,34.29,26.39,0.91
2019-04-01 17:00:00,0.0,31.82,33.73,0.88
2019-04-01 18:00:00,0.0,29.15,44.47,0.76
2019-04-01 19:00:00,0.0,27.29,54.88,0.69
2019-04-01 20:00:00,0.0,25.99,63.43,0.55
2019-04-01 21:00:00,0.0,25.09,69.96,0.42
2019-04-01 22:00:00,0.0,24.45,75.07,0.31
2019-04-01 23:00:00,0.0,23.93,79.08,0.26
2019-04-02 00:00:00,0.0,23.59,81.34,0.24
2019-04-02 01:00:00,0.0,23.2,84.14,0.23
2019-04-02 02:00:00,0.0,22.87,86.73,0.22
2019-04-02 03:00:00,0.0,22.63,88.36,0.21
2019-04-02 04:00:00,0.0,22.42,89.41,0.22
2019-04-02 05:00:00,0.0,22.26,90.08,0.31
2019-04-02 06:00:00,0.0,22.78,86.13,0.27
2019-04-02 07:00:00,0.0,24.9,73.64,0.18
2019-04-02 08:00:00,0.0,28.39,53.59,0.18
2019-04-02 09:00:00,0.0,31.79,36.19,0.19
2019-04-02 10:00:00,0.0,34.09,27.88,0.27
2019-04-02 11:00:00,0.0,35.71,23.81,0.37
2019-04-02 12:00:00,0.0,36.67,21.86,0.47
2019-04-02 13:00:00,0.0,36.95,21.24,0.56
2019-04-02 14:00:00,0.0,36.72,21.52,0.61
2019-04-02 15:00:00,0.0,35.96,22.79,0.65
2019-04-02 16:00:00,0.0,34.41,25.98,0.67
2019-04-02 17:00:00,0.0,32.3,35.91,0.69
2019-04-02 18:00:00,0.0,29.6,46.59,0.79
2019-04-02 19:00:00,0.0,28.16,49.54,0.63
2019-04-02 20:00:00,0.0,27.24,55.02,0.49
2019-04-02 21:00:00,0.0,26.17,61.66,0.4
2019-04-02 22:00:00,0.0,25.36,65.96,0.35
2019-04-02 23:00:00,0.0,24.6,70.48,0.31
2019-04-03 00:00:00,0.0,23.84,75.55,0.29
2019-04-03 01:00:00,0.0,23.23,80.49,0.31
2019-04-03 02:00:00,0.0,22.8,84.69,0.32
2019-04-03 03:00:00,0.0,22.53,87.34,0.27
2019-04-03 04:00:00,0.0,22.32,89.05,0.23
2019-04-03 05:00:00,0.0,22.05,89.94,0.22
2019-04-03 06:00:00,0.0,22.35,87.67,0.19
2019-04-03 07:00:00,0.0,24.67,73.93,0.14
2019-04-03 08:00:00,0.0,27.85,52.96,0.13
2019-04-03 09:00:00,0.0,30.85,37.3,0.16
2019-04-03 10:00:00,0.0,33.22,29.6,0.16
2019-04-03 11:00:00,0.0,35.02,25.27,0.17
2019-04-03 12:00:00,0.0,36.13,23.04,0.21
2019-04-03 13:00:00,0.0,36.62,22.21,0.27
2019-04-03 14:00:00,0.0,36.59,22.31,0.37
2019-04-03 15:00:00,0.0,35.86,23.49,0.47
2019-04-03 16:00:00,0.0,34.5,26.15,0.53
2019-04-03 17:00:00,0.0,32.61,31.43,0.57
2019-04-03 18:00:00,0.0,30.48,42.92,0.62
2019-04-03 19:00:00,0.0,28.89,48.29,0.62
2019-04-03 20:00:00,0.0,27.45,53.29,0.57
2019-04-03 21:00:00,0.0,26.21,59.0,0.52
2019-04-03 22:00:00,0.0,25.21,65.0,0.48
2019-04-03 23:00:00,0.0,24.46,70.68,0.47
2019-04-04 00:00:00,0.0,23.83,76.44,0.5
2019-04-04 01:00:00,0.0,23.34,81.66,0.49
2019-04-04 02:00:00,0.0,23.03,85.52,0.37
2019-04-04 03:00:00,0.0,22.76,87.84,0.31
2019-04-04 04:00:00,0.0,22.44,89.83,0.3
2019-04-04 05:00:00,0.0,22.07,91.68,0.34
2019-04-04 06:00:00,0.0,22.34,89.79,0.35
2019-04-04 07:00:00,0.0,24.45,75.47,0.3
2019-04-04 08:00:00,0.01,27.07,57.31,0.27
2019-04-04 09:00:00,0.0,29.94,40.81,0.22
2019-04-04 10:00:00,0.0,32.32,30.81,0.19
2019-04-04 11:00:00,0.0,34.03,25.48,0.2
2019-04-04 12:00:00,0.0,35.18,22.51,0.31
2019-04-04 13:00:00,0.0,35.82,21.22,0.45
2019-04-04 14:00:00,0.01,35.83,21.39,0.6
2019-04-04 15:00:00,0.01,35.17,23.01,0.7
2019-04-04 16:00:00,0.03,33.74,26.64,0.76
2019-04-04 17:00:00,0.04,31.53,33.61,0.77
2019-04-04 18:00:00,0.09,29.06,44.66,0.72
2019-04-04 19:00:00,0.11,27.38,55.67,0.63
2019-04-04 20:00:00,0.21,26.16,64.83,0.54
2019-04-04 21:00:00,0.23,25.19,72.02,0.43
2019-04-04 22:00:00,0.25,24.42,77.57,0.36
2019-04-04 23:00:00,0.18,23.74,82.36,0.31
2019-04-05 00:00:00,0.17,23.14,86.58,0.28
2019-04-05 01:00:00,0.16,22.68,90.44,0.24
2019-04-05 02:00:00,0.14,22.42,92.54,0.21
2019-04-05 03:00:00,0.09,22.26,93.65,0.19
2019-04-05 04:00:00,0.05,22.17,93.97,0.28
2019-04-05 05:00:00,0.04,22.18,92.49,0.36
2019-04-05 06:00:00,0.03,22.59,91.04,0.24
2019-04-05 07:00:00,0.05,24.18,82.2,0.1
2019-04-05 08:00:00,0.0,27.35,60.43,0.08
2019-04-05 09:00:00,0.0,30.36,44.76,0.1
2019-04-05 10:00:00,0.0,32.55,35.94,0.17
2019-04-05 11:00:00,0.0,34.32,29.83,0.27
2019-04-05 12:00:00,0.0,35.45,26.52,0.38
2019-04-05 13:00:00,0.0,35.82,25.2,0.5
2019-04-05 14:00:00,0.0,35.51,25.61,0.63
2019-04-05 15:00:00,0.0,34.49,27.88,0.72
2019-04-05 16:00:00,0.01,32.73,32.81,0.73
2019-04-05 17:00:00,0.01,30.84,39.74,0.69
2019-04-05 18:00:00,0.02,29.01,48.44,0.61
2019-04-05 19:00:00,0.02,27.67,56.49,0.53
2019-04-05 20:00:00,0.02,26.67,63.28,0.43
2019-04-05 21:00:00,0.02,25.82,70.1,0.35
2019-04-05 22:00:00,0.02,25.13,74.83,0.29
2019-04-05 23:00:00,0.02,24.48,78.51,0.24
2019-04-06 00:00:00,0.02,23.84,81.76,0.24
2019-04-06 01:00:00,0.02,23.25,85.32,0.28
2019-04-06 02:00:00,0.02,22.83,88.38,0.3
2019-04-06 03:00:00,0.02,22.6,90.7,0.28
2019-04-06 04:00:00,0.01,22.51,92.47,0.31
2019-04-06 05:00:00,0.01,22.44,94.12,0.31
2019-04-06 06:00:00,0.01,23.0,92.08,0.39
2019-04-06 07:00:00,0.01,24.79,80.72,0.45
2019-04-06 08:00:00,0.0,27.32,65.02,0.44
2019-04-06 09:00:00,0.0,29.92,49.72,0.43
2019-04-06 10:00:00,0.0,32.13,38.01,0.43
2019-04-06 11:00:00,0.0,33.82,31.16,0.45
2019-04-06 12:00:00,0.0,35.0,27.04,0.49
2019-04-06 13:00:00,0.0,35.71,24.5,0.54
2019-04-06 14:00:00,0.0,35.81,23.45,0.59
2019-04-06 15:00:00,0.0,35.3,23.67,0.63
2019-04-06 16:00:00,0.0,34.12,25.71,0.69
2019-04-06 17:00:00,0.0,31.95,32.4,0.7
2019-04-06 18:00:00,0.0,28.92,46.02,0.76
2019-04-06 19:00:00,0.0,26.96,55.3,0.67
2019-04-06 20:00:00,0.0,25.7,64.32,0.48
2019-04-06 21:00:00,0.0,24.9,72.46,0.41
2019-04-06 22:00:00,0.0,24.4,77.73,0.36
2019-04-06 23:00:00,0.01,23.86,81.19,0.34
2019-04-07 00:00:00,0.01,23.24,85.65,0.35
2019-04-07 01:00:00,0.01,22.76,89.48,0.36
2019-04-07 02:00:00,0.01,22.45,92.07,0.33
2019-04-07 03:00:00,0.01,22.21,94.15,0.35
2019-04-07 04:00:00,0.01,22.03,95.74,0.37
2019-04-07 05:00:00,0.01,21.94,96.62,0.41
2019-04-07 06:00:00,0.01,22.56,93.48,0.43
2019-04-07 07:00:00,0.0,24.62,80.22,0.31
2019-04-07 08:00:00,0.0,27.63,59.29,0.28
2019-04-07 09:00:00,0.0,31.02,38.22,0.26
2019-04-07 10:00:00,0.0,33.53,28.14,0.26
2019-04-07 11:00:00,0.0,35.23,23.54,0.31
2019-04-07 12:00:00,0.0,36.4,21.28,0.4
2019-04-07 13:00:00,0.0,37.01,20.34,0.51
2019-04-07 14:00:00,0.0,36.98,20.45,0.61
2019-04-07 15:00:00,0.0,36.32,21.49,0.68
2019-04-07 16:00:00,0.0,34.89,24.31,0.75
2019-04-07 17:00:00,0.0,32.76,30.14,0.77
2019-04-07 18:00:00,0.0,30.23,39.78,0.73
2019-04-07 19:00:00,0.0,28.58,48.48,0.67
2019-04-07 20:00:00,0.0,27.34,57.27,0.52
2019-04-07 21:00:00,0.0,26.43,64.46,0.36
2019-04-07 22:00:00,0.0,25.7,72.45,0.25
2019-04-07 23:00:00,0.0,24.94,75.37,0.17
2019-04-08 00:00:00,0.0,24.36,77.33,0.17
2019-04-08 01:00:00,0.0,23.93,76.97,0.21
2019-04-08 02:00:00,0.0,23.46,80.06,0.25
2019-04-08 03:00:00,0.0,22.95,83.31,0.28
2019-04-08 04:00:00,0.0,22.44,86.3,0.3
2019-04-08 05:00:00,0.0,21.97,88.83,0.32
2019-04-08 06:00:00,0.0,22.31,86.7,0.16
2019-04-08 07:00:00,0.0,25.38,70.15,0.04
2019-04-08 08:00:00,0.0,28.76,50.76,0.05
2019-04-08 09:00:00,0.0,31.46,37.7,0.1
2019-04-08 10:00:00,0.0,33.62,30.37,0.17
2019-04-08 11:00:00,0.0,35.17,26.53,0.24
2019-04-08 12:00:00,0.0,36.24,24.26,0.33
2019-04-08 13:00:00,0.0,36.78,23.1,0.44
2019-04-08 14:00:00,0.0,36.75,23.1,0.6
2019-04-08 15:00:00,0.0,36.0,24.71,0.77
2019-04-08 16:00:00,0.0,34.19,29.15,0.87
2019-04-08 17:00:00,0.0,31.87,36.99,0.88
2019-04-08 18:00:00,0.0,29.6,47.54,0.79
2019-04-08 19:00:00,0.0,27.91,57.16,0.67
2019-04-08 20:00:00,0.0,26.65,64.82,0.56
2019-04-08 21:00:00,0.0,25.74,71.01,0.48
2019-04-08 22:00:00,0.0,25.06,76.15,0.45
2019-04-08 23:00:00,0.0,24.52,80.55,0.43
2019-04-09 00:00:00,0.0,24.12,84.05,0.42
2019-04-09 01:00:00,0.0,23.84,86.66,0.4
2019-04-09 02:00:00,0.0,23.65,88.37,0.35
2019-04-09 03:00:00,0.0,23.52,89.33,0.3
2019-04-09 04:00:00,0.0,23.41,89.71,0.26
2019-04-09 05:00:00,0.0,23.23,90.44,0.22
2019-04-09 06:00:00,0.0,23.67,87.24,0.29
2019-04-09 07:00:00,0.0,25.54,73.31,0.31
2019-04-09 08:00:00,0.02,28.07,59.52,0.31
2019-04-09 09:00:00,0.01,30.71,47.83,0.3
2019-04-09 10:00:00,0.01,32.89,39.21,0.31
2019-04-09 11:00:00,0.02,34.43,33.64,0.35
2019-04-09 12:00:00,0.02,34.99,30.95,0.42
2019-04-09 13:00:00,0.03,35.17,29.63,0.49
2019-04-09 14:00:00,0.02,35.0,29.52,0.61
2019-04-09 15:00:00,0.02,33.87,31.9,0.72
2019-04-09 16:00:00,0.02,32.33,36.72,0.78
2019-04-09 17:00:00,0.02,30.68,43.43,0.76
2019-04-09 18:00:00,0.04,29.02,51.65,0.7
2019-04-09 19:00:00,0.06,27.58,60.17,0.6
2019-04-09 20:00:00,0.08,26.39,67.7,0.46
2019-04-09 21:00:00,0.08,25.42,74.49,0.32
2019-04-09 22:00:00,0.08,24.68,80.22,0.25
2019-04-09 23:00:00,0.07,24.11,84.91,0.22
2019-04-10 00:00:00,0.06,23.68,88.64,0.2
2019-04-10 01:00:00,0.06,23.4,91.05,0.2
2019-04-10 02:00:00,0.05,23.17,92.8,0.2
2019-04-10 03:00:00,0.04,23.04,93.69,0.29
2019-04-10 04:00:00,0.03,22.96,94.07,0.33
2019-04-10 05:00:00,0.02,22.76,94.89,0.32
2019-04-10 06:00:00,0.02,23.17,93.1,0.25
2019-04-10 07:00:00,0.01,24.84,82.03,0.17
2019-04-10 08:00:00,0.0,27.73,63.22,0.12
2019-04-10 09:00:00,0.0,30.83,45.6,0.09
2019-04-10 10:00:00,0.0,33.38,34.28,0.06
2019-04-10 11:00:00,0.0,35.36,28.0,0.04
2019-04-10 12:00:00,0.0,36.64,24.6,0.13
2019-04-10 13:00:00,0.0,37.22,23.08,0.27
2019-04-10 14:00:00,0.0,37.06,23.06,0.43
2019-04-10 15:00:00,0.0,36.36,24.37,0.6
2019-04-10 16:00:00,0.0,34.91,27.69,0.72
2019-04-10 17:00:00,0.0,32.71,34.02,0.75
2019-04-10 18:00:00,0.0,30.3,43.63,0.7
2019-04-10 19:00:00,0.0,28.72,52.38,0.64
2019-04-10 20:00:00,0.0,27.51,59.86,0.55
2019-04-10 21:00:00,0.0,26.55,66.13,0.46
2019-04-10 22:00:00,0.0,25.8,71.39,0.4
2019-04-10 23:00:00,0.0,25.2,75.93,0.37
2019-04-11 00:00:00,0.0,24.72,79.73,0.35
2019-04-11 01:00:00,0.0,24.32,82.86,0.31
2019-04-11 02:00:00,0.0,24.0,85.3,0.25
2019-04-11 03:00:00,0.0,23.75,87.03,0.2
2019-04-11 04:00:00,0.0,23.54,88.36,0.2
2019-04-11 05:00:00,0.0,23.32,89.58,0.21
2019-04-11 06:00:00,0.0,23.79,86.95,0.28
2019-04-11 07:00:00,0.0,25.77,74.47,0.3
2019-04-11 08:00:00,0.0,28.05,61.55,0.28
2019-04-11 09:00:00,0.0,30.38,49.52,0.25
2019-04-11 10:00:00,0.0,32.75,39.0,0.24
2019-04-11 11:00:00,0.0,34.67,31.47,0.29
2019-04-11 12:00:00,0.0,35.89,27.11,0.35
2019-04-11 13:00:00,0.0,36.47,24.85,0.42
2019-04-11 14:00:00,0.0,36.53,23.81,0.45
2019-04-11 15:00:00,0.0,36.03,23.89,0.47
2019-04-11 16:00:00,0.0,34.93,25.46,0.51
2019-04-11 17:00:00,0.0,32.98,30.81,0.55
2019-04-11 18:00:00,0.0,30.47,47.82,0.59
2019-04-11 19:00:00,0.0,28.52,49.63,0.78
2019-04-11 20:00:00,0.0,26.87,56.49,0.66
2019-04-11 21:00:00,0.0,25.76,63.94,0.49
2019-04-11 22:00:00,0.0,25.09,69.78,0.51
2019-04-11 23:00:00,0.0,24.55,74.98,0.48
2019-04-12 00:00:00,0.0,23.93,80.88,0.43
2019-04-12 01:00:00,0.0,23.45,86.44,0.37
2019-04-12 02:00:00,0.0,23.28,89.54,0.32
2019-04-12 03:00:00,0.0,23.16,91.9,0.3
2019-04-12 04:00:00,0.0,22.98,93.11,0.28
2019-04-12 05:00:00,0.0,22.81,93.62,0.28
2019-04-12 06:00:00,0.0,23.53,89.04,0.37
2019-04-12 07:00:00,0.0,25.89,74.32,0.29
2019-04-12 08:00:00,0.0,28.99,54.89,0.23
2019-04-12 09:00:00,0.0,32.26,37.31,0.17
2019-04-12 10:00:00,0.0,34.57,28.59,0.15
2019-04-12 11:00:00,0.0,36.28,23.94,0.22
2019-04-12 12:00:00,0.0,37.36,21.36,0.34
2019-04-12 13:00:00,0.0,37.84,20.22,0.45
2019-04-12 14:00:00,0.0,37.73,20.23,0.56
2019-04-12 15:00:00,0.0,37.0,21.47,0.63
2019-04-12 16:00:00,0.0,35.55,24.41,0.68
2019-04-12 17:00:00,0.0,33.39,30.33,0.69
2019-04-12 18:00:00,0.0,30.64,41.63,0.66
2019-04-12 19:00:00,0.0,28.85,48.8,0.56
2019-04-12 20:00:00,0.0,27.72,55.65,0.5
2019-04-12 21:00:00,0.0,26.87,61.15,0.37
2019-04-12 22:00:00,0.0,26.13,65.27,0.26
2019-04-12 23:00:00,0.0,25.5,68.8,0.21
2019-04-13 00:00:00,0.0,24.92,72.42,0.17
2019-04-13 01:00:00,0.0,24.31,76.55,0.14
2019-04-13 02:00:00,0.0,23.71,80.78,0.1
2019-04-13 03:00:00,0.0,23.24,84.6,0.19
2019-04-13 04:00:00,0.0,22.97,87.12,0.3
2019-04-13 05:00:00,0.0,22.8,88.69,0.4
2019-04-13 06:00:00,0.0,23.09,87.31,0.42
2019-04-13 07:00:00,0.0,25.34,74.35,0.24
2019-04-13 08:00:00,0.0,28.47,53.79,0.22
2019-04-13 09:00:00,0.0,31.92,34.41,0.2
2019-04-13 10:00:00,0.0,34.39,25.37,0.19
2019-04-13 11:00:00,0.0,36.15,21.05,0.2
2019-04-13 12:00:00,0.0,37.27,18.75,0.23
2019-04-13 13:00:00,0.0,37.76,17.67,0.27
2019-04-13 14:00:00,0.0,37.67,17.63,0.3
2019-04-13 15:00:00,0.0,36.98,18.67,0.38
2019-04-13 16:00:00,0.0,35.68,21.01,0.45
2019-04-13 17:00:00,0.0,33.56,25.82,0.54
2019-04-13 18:00:00,0.0,31.0,35.91,0.41
2019-04-13 19:00:00,0.0,29.4,41.93,0.64
2019-04-13 20:00:00,0.0,27.9,49.25,0.74
2019-04-13 21:00:00,0.0,26.59,56.65,0.64
2019-04-13 22:00:00,0.0,25.57,63.33,0.53
2019-04-13 23:00:00,0.0,24.92,68.49,0.48
2019-04-14 00:00:00,0.0,24.42,72.72,0.41
2019-04-14 01:00:00,0.0,23.97,76.46,0.36
2019-04-14 02:00:00,0.0,23.49,80.59,0.36
2019-04-14 03:00:00,0.0,22.96,85.26,0.39
2019-04-14 04:00:00,0.0,22.6,88.9,0.46
2019-04-14 05:00:00,0.0,22.45,90.65,0.5
2019-04-14 06:00:00,0.0,22.85,88.6,0.49
2019-04-14 07:00:00,0.0,25.53,72.63,0.25
2019-04-14 08:00:00,0.0,28.87,48.55,0.22
2019-04-14 09:00:00,0.0,31.82,31.92,0.2
2019-04-14 10:00:00,0.0,33.98,24.46,0.16
2019-04-14 11:00:00,0.0,35.68,20.21,0.1
2019-04-14 12:00:00,0.0,36.87,17.91,0.05
2019-04-14 13:00:00,0.0,37.48,17.16,0.09
2019-04-14 14:00:00,0.0,37.44,17.64,0.19
2019-04-14 15:00:00,0.0,36.82,18.97,0.34
2019-04-14 16:00:00,0.0,35.53,21.7,0.48
2019-04-14 17:00:00,0.0,33.44,27.39,0.58
2019-04-14 18:00:00,0.0,31.16,37.11,0.71
2019-04-14 19:00:00,0.0,29.32,44.44,0.87
2019-04-14 20:00:00,0.0,27.37,53.28,0.74
2019-04-14 21:00:00,0.0,26.28,60.95,0.48
2019-04-14 22:00:00,0.0,25.77,66.17,0.45
2019-04-14 23:00:00,0.0,25.33,70.44,0.4
2019-04-15 00:00:00,0.0,24.85,74.4,0.4
2019-04-15 01:00:00,0.0,24.47,78.63,0.37
2019-04-15 02:00:00,0.0,24.1,82.51,0.35
2019-04-15 03:00:00,0.0,23.73,86.02,0.35
2019-04-15 04:00:00,0.0,23.44,88.85,0.37
2019-04-15 05:00:00,0.0,23.14,91.73,0.35
2019-04-15 06:00:00,0.0,23.75,89.42,0.35
2019-04-15 07:00:00,0.0,26.04,74.18,0.31
2019-04-15 08:00:00,0.0,28.44,58.81,0.3
2019-04-15 09:00:00,0.0,30.61,46.39,0.33
2019-04-15 10:00:00,0.0,32.49,37.59,0.39
2019-04-15 11:00:00,0.0,34.05,32.0,0.47
2019-04-15 12:00:00,0.0,35.11,28.73,0.54
2019-04-15 13:00:00,0.0,35.7,26.84,0.62
2019-04-15 14:00:00,0.0,35.61,26.34,0.68
2019-04-15 15:00:00,0.0,35.13,26.93,0.75
2019-04-15 16:00:00,0.0,33.92,29.59,0.8
2019-04-15 17:00:00,0.0,32.03,35.89,0.79
2019-04-15 18:00:00,0.0,30.06,44.95,0.72
2019-04-15 19:00:00,0.0,28.56,53.67,0.61
2019-04-15 20:00:00,0.0,27.38,61.06,0.5
2019-04-15 21:00:00,0.0,26.5,67.02,0.39
2019-04-15 22:00:00,0.0,25.87,71.73,0.33
2019-04-15 23:00:00,0.0,25.32,75.85,0.29
2019-04-16 00:00:00,0.0,24.85,79.3,0.26
2019-04-16 01:00:00,0.0,24.43,82.34,0.25
2019-04-16 02:00:00,0.0,24.06,85.02,0.24
2019-04-16 03:00:00,0.0,23.77,87.2,0.24
2019-04-16 04:00:00,0.0,23.6,88.74,0.23
2019-04-16 05:00:00,0.0,23.45,90.01,0.24
2019-04-16 06:00:00,0.0,24.06,86.19,0.35
2019-04-16 07:00:00,0.0,25.92,74.0,0.38
2019-04-16 08:00:00,0.07,28.12,61.25,0.33
2019-04-16 09:00:00,0.03,30.41,49.18,0.26
2019-04-16 10:00:00,0.02,32.42,40.54,0.28
2019-04-16 11:00:00,0.03,33.89,35.54,0.37
2019-04-16 12:00:00,0.05,34.78,32.83,0.51
2019-04-16 13:00:00,0.09,34.79,32.73,0.65
2019-04-16 14:00:00,0.18,33.91,35.27,0.73
2019-04-16 15:00:00,0.32,32.58,39.91,0.76
2019-04-16 16:00:00,0.48,30.77,47.25,0.74
2019-04-16 17:00:00,0.6,28.88,56.45,0.66
2019-04-16 18:00:00,0.6,27.23,66.47,0.52
2019-04-16 19:00:00,0.52,26.07,75.23,0.41
2019-04-16 20:00:00,0.52,25.31,81.57,0.32
2019-04-16 21:00:00,0.52,24.81,86.04,0.24
2019-04-16 22:00:00,0.75,24.4,89.72,0.2
2019-04-16 23:00:00,0.99,24.09,92.31,0.21
2019-04-17 00:00:00,1.14,23.89,93.82,0.26
2019-04-17 01:00:00,1.11,23.74,94.93,0.35
2019-04-17 02:00:00,1.05,23.63,95.87,0.38
2019-04-17 03:00:00,1.09,23.55,96.09,0.34
2019-04-17 04:00:00,1.07,23.45,97.13,0.3
2019-04-17 05:00:00,1.02,23.42,97.09,0.27
2019-04-17 06:00:00,0.91,23.53,96.69,0.36
2019-04-17 07:00:00,0.98,23.79,96.26,0.43
2019-04-17 08:00:00,0.53,24.36,94.14,0.47
2019-04-17 09:00:00,0.49,25.36,86.47,0.51
2019-04-17 10:00:00,0.42,27.27,72.35,0.53
2019-04-17 11:00:00,0.38,28.85,61.78,0.53
2019-04-17 12:00:00,0.51,29.61,57.26,0.56
2019-04-17 13:00:00,0.81,29.21,58.97,0.57
2019-04-17 14:00:00,0.88,28.68,61.51,0.56
2019-04-17 15:00:00,0.85,28.12,64.18,0.53
2019-04-17 16:00:00,0.81,27.35,68.43,0.5
2019-04-17 17:00:00,0.8,26.09,77.73,0.42
2019-04-17 18:00:00,0.59,24.8,88.39,0.36
2019-04-17 19:00:00,0.55,24.09,93.48,0.36
2019-04-17 20:00:00,0.5,23.83,96.0,0.3
2019-04-17 21:00:00,0.44,23.77,96.92,0.26
2019-04-17 22:00:00,0.37,23.67,97.48,0.24
2019-04-17 23:00:00,0.37,23.53,97.92,0.22
2019-04-18 00:00:00,0.33,23.38,98.3,0.22
2019-04-18 01:00:00,0.27,23.28,98.39,0.21
2019-04-18 02:00:00,0.31,23.16,98.59,0.22
2019-04-18 03:00:00,0.25,23.07,98.52,0.28
2019-04-18 04:00:00,0.22,23.01,98.06,0.37
2019-04-18 05:00:00,0.18,22.93,97.06,0.37
2019-04-18 06:00:00,0.12,23.26,95.8,0.36
2019-04-18 07:00:00,0.12,23.86,94.32,0.26
2019-04-18 08:00:00,0.14,24.89,86.07,0.23
2019-04-18 09:00:00,0.07,27.32,67.06,0.18
2019-04-18 10:00:00,0.07,29.6,52.63,0.11
2019-04-18 11:00:00,0.07,31.23,44.66,0.02
2019-04-18 12:00:00,0.11,32.21,40.42,0.12
2019-04-18 13:00:00,0.14,32.58,38.32,0.23
2019-04-18 14:00:00,0.2,32.3,38.57,0.35
2019-04-18 15:00:00,0.26,31.48,41.42,0.5
2019-04-18 16:00:00,0.36,29.96,49.12,0.62
2019-04-18 17:00:00,0.43,27.82,62.41,0.59
2019-04-18 18:00:00,0.55,25.78,76.56,0.47
2019-04-18 19:00:00,0.56,24.49,87.52,0.38
2019-04-18 20:00:00,0.65,23.82,93.89,0.33
2019-04-18 21:00:00,0.64,23.62,95.9,0.31
2019-04-18 22:00:00,0.58,23.53,96.69,0.33
2019-04-18 23:00:00,0.51,23.5,97.09,0.34
2019-04-19 00:00:00,0.5,23.49,97.4,0.34
2019-04-19 01:00:00,0.51,23.42,97.72,0.33
2019-04-19 02:00:00,0.56,23.32,97.9,0.29
2019-04-19 03:00:00,0.58,23.22,98.17,0.26
2019-04-19 04:00:00,0.54,23.12,98.54,0.23
2019-04-19 05:00:00,0.59,23.04,98.72,0.23
2019-04-19 06:00:00,0.67,23.34,97.94,0.29
2019-04-19 07:00:00,0.72,24.01,96.0,0.26
2019-04-19 08:00:00,2.06,24.65,90.78,0.25
2019-04-19 09:00:00,0.81,26.04,78.54,0.19
2019-04-19 10:00:00,0.66,27.64,66.27,0.14
2019-04-19 11:00:00,0.45,28.6,59.21,0.18
2019-04-19 12:00:00,0.47,29.22,54.93,0.24
2019-04-19 13:00:00,0.55,29.49,52.64,0.3
2019-04-19 14:00:00,0.74,29.45,51.95,0.32
2019-04-19 15:00:00,0.77,29.15,52.81,0.32
2019-04-19 16:00:00,0.58,28.34,57.76,0.35
2019-04-19 17:00:00,0.41,26.81,70.27,0.32
2019-04-19 18:00:00,0.51,24.97,85.32,0.26
2019-04-19 19:00:00,0.52,24.0,90.84,0.24
2019-04-19 20:00:00,0.58,23.48,94.14,0.26
2019-04-19 21:00:00,0.73,23.15,95.98,0.27
2019-04-19 22:00:00,0.85,23.03,96.41,0.28
2019-04-19 23:00:00,0.96,22.92,96.77,0.25
2019-04-20 00:00:00,1.15,22.81,97.17,0.23
2019-04-20 01:00:00,1.26,22.71,97.5,0.21
2019-04-20 02:00:00,1.44,22.66,97.52,0.2
2019-04-20 03:00:00,1.54,22.63,97.57,0.21
2019-04-20 04:00:00,1.5,22.62,97.5,0.26
2019-04-20 05:00:00,1.95,22.64,97.11,0.31
2019-04-20 06:00:00,2.39,22.97,96.61,0.28
2019-04-20 07:00:00,3.1,23.67,97.1,0.21
2019-04-20 08:00:00,0.18,24.43,91.95,0.18
2019-04-20 09:00:00,0.18,26.58,72.96,0.17
2019-04-20 10:00:00,0.19,28.18,62.45,0.21
2019-04-20 11:00:00,0.24,29.16,56.59,0.27
2019-04-20 12:00:00,0.27,29.71,53.33,0.33
2019-04-20 13:00:00,0.34,29.44,53.9,0.4
2019-04-20 14:00:00,0.42,28.64,57.92,0.46
2019-04-20 15:00:00,0.47,27.63,63.6,0.48
2019-04-20 16:00:00,0.58,26.46,71.11,0.47
2019-04-20 17:00:00,0.67,25.15,81.11,0.41
2019-04-20 18:00:00,0.77,24.06,89.93,0.37
2019-04-20 19:00:00,0.82,23.46,94.39,0.39
2019-04-20 20:00:00,0.8,23.07,96.94,0.37
2019-04-20 21:00:00,0.72,22.93,97.75,0.37
2019-04-20 22:00:00,0.66,22.83,97.88,0.35
2019-04-20 23:00:00,0.52,22.71,98.25,0.32
2019-04-21 00:00:00,0.37,22.6,98.42,0.29
2019-04-21 01:00:00,0.31,22.46,98.43,0.28
2019-04-21 02:00:00,0.28,22.31,98.52,0.26
2019-04-21 03:00:00,0.21,22.23,98.55,0.27
2019-04-21 04:00:00,0.16,22.15,98.8,0.3
2019-04-21 05:00:00,0.14,22.15,98.7,0.31
2019-04-21 06:00:00,0.09,22.36,97.68,0.43
2019-04-21 07:00:00,0.07,22.81,95.65,0.46
2019-04-21 08:00:00,0.0,23.7,88.83,0.42
2019-04-21 09:00:00,0.0,25.52,73.89,0.33
2019-04-21 10:00:00,0.0,27.39,60.8,0.25
2019-04-21 11:00:00,0.0,29.17,50.64,0.18
2019-04-21 12:00:00,0.0,30.61,44.39,0.19
2019-04-21 13:00:00,0.0,31.29,42.04,0.26
2019-04-21 14:00:00,0.0,31.18,42.62,0.36
2019-04-21 15:00:00,0.0,30.29,46.03,0.43
2019-04-21 16:00:00,0.01,29.03,52.1,0.47
2019-04-21 17:00:00,0.01,27.47,60.25,0.42
2019-04-21 18:00:00,0.01,25.82,68.7,0.33
2019-04-21 19:00:00,0.01,24.67,75.51,0.29
2019-04-21 20:00:00,0.01,23.94,80.21,0.25
2019-04-21 21:00:00,0.0,23.44,83.35,0.24
2019-04-21 22:00:00,0.0,23.04,85.74,0.21
2019-04-21 23:00:00,0.0,22.69,87.36,0.21
2019-04-22 00:00:00,0.0,22.3,89.01,0.2
2019-04-22 01:00:00,0.0,21.94,90.59,0.2
2019-04-22 02:00:00,0.0,21.72,91.39,0.21
2019-04-22 03:00:00,0.0,21.59,92.3,0.24
2019-04-22 04:00:00,0.0,21.45,93.59,0.25
2019-04-22 05:00:00,0.0,21.39,94.1,0.34
2019-04-22 06:00:00,0.0,22.08,90.95,0.36
2019-04-22 07:00:00,0.0,24.45,77.6,0.52
2019-04-22 08:00:00,0.01,27.2,62.91,0.54
2019-04-22 09:00:00,0.01,29.67,51.99,0.49
2019-04-22 10:00:00,0.01,31.77,43.55,0.43
2019-04-22 11:00:00,0.01,33.37,37.53,0.41
2019-04-22 12:00:00,0.01,34.33,34.18,0.46
2019-04-22 13:00:00,0.03,34.52,33.27,0.56
2019-04-22 14:00:00,0.05,33.87,34.84,0.66
2019-04-22 15:00:00,0.08,32.43,39.42,0.73
2019-04-22 16:00:00,0.15,30.25,49.28,0.74
2019-04-22 17:00:00,0.27,27.94,61.91,0.64
2019-04-22 18:00:00,0.49,26.02,74.55,0.47
2019-04-22 19:00:00,0.66,24.85,84.89,0.36
2019-04-22 20:00:00,0.87,24.2,90.93,0.28
2019-04-22 21:00:00,1.22,23.84,94.29,0.22
2019-04-22 22:00:00,1.92,23.59,96.01,0.23
2019-04-22 23:00:00,2.88,23.39,96.61,0.28
2019-04-23 00:00:00,3.77,23.23,97.11,0.32
2019-04-23 01:00:00,3.99,23.12,97.73,0.28
2019-04-23 02:00:00,3.23,23.09,97.96,0.24
2019-04-23 03:00:00,1.98,23.03,97.91,0.24
2019-04-23 04:00:00,0.91,22.94,97.83,0.19
2019-04-23 05:00:00,0.38,22.82,97.52,0.14
2019-04-23 06:00:00,0.21,23.01,95.99,0.03
2019-04-23 07:00:00,0.11,23.49,95.29,0.22
2019-04-23 08:00:00,0.05,25.09,81.14,0.24
2019-04-23 09:00:00,0.03,27.53,63.53,0.19
2019-04-23 10:00:00,0.03,29.31,53.85,0.2
2019-04-23 11:00:00,0.03,30.53,48.21,0.26
2019-04-23 12:00:00,0.05,31.13,45.63,0.32
2019-04-23 13:00:00,0.06,31.28,44.91,0.4
2019-04-23 14:00:00,0.07,30.92,46.18,0.47
2019-04-23 15:00:00,0.06,29.9,51.28,0.53
2019-04-23 16:00:00,0.05,28.59,59.45,0.53
2019-04-23 17:00:00,0.04,27.23,67.82,0.46
2019-04-23 18:00:00,0.04,25.79,75.66,0.34
2019-04-23 19:00:00,0.05,24.74,83.37,0.27
2019-04-23 20:00:00,0.09,24.17,88.55,0.21
2019-04-23 21:00:00,0.1,23.81,91.36,0.09
2019-04-23 22:00:00,0.09,23.4,93.09,0.04
2019-04-23 23:00:00,0.12,23.02,93.53,0.04
2019-04-24 00:00:00,0.13,22.65,93.66,0.03
2019-04-24 01:00:00,0.15,22.4,93.63,0.14
2019-04-24 02:00:00,0.16,22.18,93.6,0.24
2019-04-24 03:00:00,0.14,21.99,93.54,0.32
2019-04-24 04:00:00,0.13,21.74,94.02,0.37
2019-04-24 05:00:00,0.11,21.46,94.86,0.41
2019-04-24 06:00:00,0.08,21.95,94.36,0.3
2019-04-24 07:00:00,0.08,23.69,86.03,0.2
2019-04-24 08:00:00,0.08,26.79,63.17,0.16
2019-04-24 09:00:00,0.02,29.3,47.55,0.1
2019-04-24 10:00:00,0.02,31.13,39.82,0.07
2019-04-24 11:00:00,0.01,32.46,35.47,0.14
2019-04-24 12:00:00,0.01,33.32,33.09,0.24
2019-04-24 13:00:00,0.01,33.7,32.25,0.33
2019-04-24 14:00:00,0.01,33.57,32.42,0.39
2019-04-24 15:00:00,0.01,32.92,34.0,0.43
2019-04-24 16:00:00,0.01,31.84,38.79,0.45
2019-04-24 17:00:00,0.01,29.92,52.27,0.43
2019-04-24 18:00:00,0.02,27.48,61.2,0.52
2019-04-24 19:00:00,0.02,25.63,76.59,0.51
2019-04-24 20:00:00,0.03,24.68,82.97,0.41
2019-04-24 21:00:00,0.03,24.03,85.78,0.34
2019-04-24 22:00:00,0.04,23.52,87.54,0.33
2019-04-24 23:00:00,0.05,23.18,88.22,0.34
2019-04-25 00:00:00,0.05,22.87,89.97,0.33
2019-04-25 01:00:00,0.07,22.48,92.69,0.31
2019-04-25 02:00:00,0.07,22.24,92.6,0.31
2019-04-25 03:00:00,0.08,22.06,93.46,0.26
2019-04-25 04:00:00,0.07,22.0,93.86,0.19
2019-04-25 05:00:00,0.06,22.0,93.93,0.12
2019-04-25 06:00:00,0.06,22.31,94.43,0.03
2019-04-25 07:00:00,0.02,23.65,88.61,0.08
2019-04-25 08:00:00,0.05,26.4,69.62,0.13
2019-04-25 09:00:00,0.04,28.92,54.32,0.14
2019-04-25 10:00:00,0.03,30.69,45.87,0.14
2019-04-25 11:00:00,0.04,32.04,40.49,0.21
2019-04-25 12:00:00,0.1,32.79,38.03,0.29
2019-04-25 13:00:00,0.2,32.93,37.48,0.37
2019-04-25 14:00:00,0.19,32.48,38.72,0.46
2019-04-25 15:00:00,0.28,31.53,42.14,0.51
2019-04-25 16:00:00,0.56,30.13,49.51,0.56
2019-04-25 17:00:00,0.25,28.38,61.16,0.51
2019-04-25 18:00:00,0.31,26.49,72.87,0.39
2019-04-25 19:00:00,0.48,25.2,81.21,0.31
2019-04-25 20:00:00,0.26,24.42,87.77,0.26
2019-04-25 21:00:00,0.17,23.9,92.1,0.22
2019-04-25 22:00:00,0.09,23.48,93.17,0.21
2019-04-25 23:00:00,0.08,23.12,94.63,0.15
2019-04-26 00:00:00,0.1,22.87,95.63,0.05
2019-04-26 01:00:00,0.1,22.77,95.59,0.06
2019-04-26 02:00:00,0.1,22.51,96.3,0.33
2019-04-26 03:00:00,0.09,22.16,97.76,0.4
2019-04-26 04:00:00,0.05,21.92,98.95,0.39
2019-04-26 05:00:00,0.1,21.81,99.23,0.4
2019-04-26 06:00:00,0.15,22.55,96.48,0.4
2019-04-26 07:00:00,0.77,24.17,88.35,0.37
2019-04-26 08:00:00,0.0,26.95,69.78,0.39
2019-04-26 09:00:00,0.0,29.48,56.69,0.41
2019-04-26 10:00:00,0.0,31.23,49.09,0.43
2019-04-26 11:00:00,0.0,32.25,44.28,0.45
2019-04-26 12:00:00,0.0,32.65,41.91,0.43
2019-04-26 13:00:00,0.0,32.58,41.01,0.4
2019-04-26 14:00:00,0.0,32.12,41.82,0.36
2019-04-26 15:00:00,0.0,31.35,45.88,0.31
2019-04-26 16:00:00,0.0,30.5,48.99,0.37
2019-04-26 17:00:00,0.0,29.18,59.51,0.43
2019-04-26 18:00:00,0.0,27.3,72.71,0.46
2019-04-26 19:00:00,0.0,25.73,80.29,0.41
2019-04-26 20:00:00,0.0,24.76,85.42,0.36
2019-04-26 21:00:00,0.0,24.11,89.39,0.33
2019-04-26 22:00:00,0.0,23.58,93.04,0.3
2019-04-26 23:00:00,0.0,23.18,96.33,0.25
2019-04-27 00:00:00,0.0,23.0,97.86,0.2
2019-04-27 01:00:00,0.0,22.9,98.87,0.24
2019-04-27 02:00:00,0.0,22.81,98.98,0.31
2019-04-27 03:00:00,0.0,22.83,97.86,0.38
2019-04-27 04:00:00,0.0,22.89,96.86,0.42
2019-04-27 05:00:00,0.0,22.78,96.57,0.45
2019-04-27 06:00:00,0.0,23.21,94.21,0.42
2019-04-27 07:00:00,0.0,25.14,81.72,0.34
2019-04-27 08:00:00,0.0,27.68,65.72,0.36
2019-04-27 09:00:00,0.0,30.27,51.04,0.35
2019-04-27 10:00:00,0.0,32.39,41.46,0.33
2019-04-27 11:00:00,0.0,34.1,35.19,0.3
2019-04-27 12:00:00,0.0,35.22,31.3,0.29
2019-04-27 13:00:00,0.0,35.72,29.54,0.31
2019-04-27 14:00:00,0.0,35.51,29.65,0.35
2019-04-27 15:00:00,0.0,34.42,32.11,0.4
2019-04-27 16:00:00,0.0,32.97,37.64,0.46
2019-04-27 17:00:00,0.0,30.94,50.02,0.49
2019-04-27 18:00:00,0.0,28.38,66.86,0.53
2019-04-27 19:00:00,0.0,26.5,74.64,0.43
2019-04-27 20:00:00,0.0,25.51,78.76,0.33
2019-04-27 21:00:00,0.0,24.85,84.96,0.26
2019-04-27 22:00:00,0.0,24.36,89.8,0.24
2019-04-27 23:00:00,0.0,23.98,92.66,0.24
2019-04-28 00:00:00,0.0,23.68,94.43,0.19
2019-04-28 01:00:00,0.0,23.46,96.11,0.21
2019-04-28 02:00:00,0.0,23.3,97.18,0.28
2019-04-28 03:00:00,0.0,23.31,97.32,0.36
2019-04-28 04:00:00,0.0,23.47,96.33,0.29
2019-04-28 05:00:00,0.0,23.53,95.59,0.13
2019-04-28 06:00:00,0.0,23.89,93.75,0.08
2019-04-28 07:00:00,0.0,25.9,79.49,0.1
2019-04-28 08:00:00,0.0,28.55,62.64,0.12
2019-04-28 09:00:00,0.0,30.9,49.78,0.15
2019-04-28 10:00:00,0.0,32.85,40.33,0.19
2019-04-28 11:00:00,0.0,34.28,34.39,0.25
2019-04-28 12:00:00,0.0,35.18,31.33,0.35
2019-04-28 13:00:00,0.0,35.49,30.1,0.45
2019-04-28 14:00:00,0.0,35.08,30.77,0.53
2019-04-28 15:00:00,0.0,34.02,33.56,0.57
2019-04-28 16:00:00,0.0,32.52,39.82,0.59
2019-04-28 17:00:00,0.0,30.44,50.07,0.6
2019-04-28 18:00:00,0.0,28.13,64.23,0.53
2019-04-28 19:00:00,0.0,26.66,73.39,0.47
2019-04-28 20:00:00,0.0,25.72,79.64,0.43
2019-04-28 21:00:00,0.0,25.06,84.89,0.4
2019-04-28 22:00:00,0.0,24.58,89.73,0.37
2019-04-28 23:00:00,0.0,24.38,92.69,0.37
2019-04-29 00:00:00,0.0,24.36,93.74,0.34
2019-04-29 01:00:00,0.0,24.34,94.37,0.33
2019-04-29 02:00:00,0.0,24.34,94.63,0.31
2019-04-29 03:00:00,0.0,24.29,95.07,0.27
2019-04-29 04:00:00,0.0,24.17,95.61,0.22
2019-04-29 05:00:00,0.0,24.01,96.35,0.19
2019-04-29 06:00:00,0.0,24.3,94.41,0.26
2019-04-29 07:00:00,0.0,25.2,86.61,0.32
2019-04-29 08:00:00,0.05,26.17,78.57,0.38
2019-04-29 09:00:00,0.05,27.22,72.21,0.45
2019-04-29 10:00:00,0.04,28.17,66.95,0.52
2019-04-29 11:00:00,0.04,28.74,63.18,0.55
2019-04-29 12:00:00,0.04,29.4,59.61,0.57
2019-04-29 13:00:00,0.04,29.79,57.46,0.62
2019-04-29 14:00:00,0.07,29.58,57.51,0.65
2019-04-29 15:00:00,0.11,28.57,61.47,0.63
2019-04-29 16:00:00,0.14,27.0,70.11,0.54
2019-04-29 17:00:00,0.19,25.54,79.65,0.41
2019-04-29 18:00:00,0.29,24.29,89.23,0.29
2019-04-29 19:00:00,0.36,23.69,94.04,0.28
2019-04-29 20:00:00,0.37,23.47,95.59,0.3
2019-04-29 21:00:00,0.3,23.31,96.35,0.32
2019-04-29 22:00:00,0.24,23.16,96.82,0.39
2019-04-29 23:00:00,0.2,22.95,96.77,0.45
2019-04-30 00:00:00,0.16,22.67,97.09,0.45
2019-04-30 01:00:00,0.13,22.43,97.09,0.43
2019-04-30 02:00:00,0.11,22.2,97.2,0.4
2019-04-30 03:00:00,0.07,22.03,97.26,0.36
2019-04-30 04:00:00,0.04,21.87,97.2,0.33
2019-04-30 05:00:00,0.02,21.73,97.02,0.31
2019-04-30 06:00:00,0.01,22.05,94.83,0.4
2019-04-30 07:00:00,0.01,23.03,87.18,0.55
2019-04-30 08:00:00,0.0,24.88,75.76,0.63
2019-04-30 09:00:00,0.01,26.79,66.78,0.7
2019-04-30 10:00:00,0.01,28.21,61.17,0.76
2019-04-30 11:00:00,0.01,29.17,57.61,0.81
2019-04-30 12:00:00,0.02,29.48,56.4,0.85
2019-04-30 13:00:00,0.03,29.33,56.99,0.87
2019-04-30 14:00:00,0.04,28.79,58.69,0.85
2019-04-30 15:00:00,0.05,27.93,61.72,0.79
2019-04-30 16:00:00,0.04,26.8,65.88,0.69
2019-04-30 17:00:00,0.03,25.46,72.48,0.52
2019-04-30 18:00:00,0.03,24.16,81.29,0.39
2019-04-30 19:00:00,0.03,23.45,87.46,0.36
2019-04-30 20:00:00,0.02,23.15,90.08,0.36
2019-04-30 21:00:00,0.03,22.96,91.62,0.36
2019-04-30 22:00:00,0.05,22.84,92.65,0.38
2019-04-30 23:00:00,0.07,22.76,93.37,0.4
2019-05-01 00:00:00,0.1,22.74,93.78,0.44
2019-05-01 01:00:00,0.1,22.75,94.02,0.48
2019-05-01 02:00:00,0.12,22.71,94.67,0.47
2019-05-01 03:00:00,0.13,22.67,94.95,0.45
2019-05-01 04:00:00,0.14,22.62,95.22,0.43
2019-05-01 05:00:00,0.15,22.59,95.49,0.41
2019-05-01 06:00:00,0.14,22.93,94.22,0.47
2019-05-01 07:00:00,0.09,23.85,89.21,0.59
2019-05-01 08:00:00,0.46,25.1,81.62,0.66
2019-05-01 09:00:00,0.3,26.39,74.25,0.68
2019-05-01 10:00:00,0.16,27.38,68.78,0.72
2019-05-01 11:00:00,0.11,27.81,66.05,0.77
2019-05-01 12:00:00,0.1,27.59,66.77,0.78
2019-05-01 13:00:00,0.07,27.03,68.59,0.81
2019-05-01 14:00:00,0.03,26.5,70.77,0.82
2019-05-01 15:00:00,0.02,25.97,73.24,0.79
2019-05-01 16:00:00,0.02,25.29,76.59,0.73
2019-05-01 17:00:00,0.02,24.44,82.57,0.6
2019-05-01 18:00:00,0.01,23.7,89.87,0.45
2019-05-01 19:00:00,0.01,23.49,91.78,0.41
2019-05-01 20:00:00,0.02,23.3,92.33,0.36
2019-05-01 21:00:00,0.02,23.11,93.23,0.34
2019-05-01 22:00:00,0.04,22.97,94.07,0.32
2019-05-01 23:00:00,0.05,22.83,94.88,0.3
2019-05-02 00:00:00,0.07,22.72,95.43,0.29
2019-05-02 01:00:00,0.09,22.61,95.94,0.28
2019-05-02 02:00:00,0.09,22.49,96.16,0.26
2019-05-02 03:00:00,0.09,22.33,96.59,0.24
2019-05-02 04:00:00,0.1,22.25,97.02,0.24
2019-05-02 05:00:00,0.12,22.25,97.34,0.25
2019-05-02 06:00:00,0.12,22.77,96.01,0.34
2019-05-02 07:00:00,0.06,23.78,90.9,0.45
2019-05-02 08:00:00,0.0,25.19,79.52,0.52
2019-05-02 09:00:00,0.0,26.75,69.01,0.55
2019-05-02 10:00:00,0.0,28.17,60.64,0.59
2019-05-02 11:00:00,0.0,29.25,55.0,0.64
2019-05-02 12:00:00,0.0,29.88,51.75,0.69
2019-05-02 13:00:00,0.0,29.95,51.15,0.73
2019-05-02 14:00:00,0.0,29.47,52.99,0.75
2019-05-02 15:00:00,0.0,28.43,57.45,0.72
2019-05-02 16:00:00,0.0,26.94,64.72,0.65
2019-05-02 17:00:00,0.0,25.26,74.02,0.5
2019-05-02 18:00:00,0.0,23.92,83.55,0.36
2019-05-02 19:00:00,0.0,23.35,89.58,0.33
2019-05-02 20:00:00,0.0,23.21,91.32,0.34
2019-05-02 21:00:00,0.0,23.07,91.62,0.34
2019-05-02 22:00:00,0.0,22.88,91.62,0.35
2019-05-02 23:00:00,0.0,22.69,92.1,0.35
2019-05-03 00:00:00,0.0,22.54,92.29,0.34
2019-05-03 01:00:00,0.0,22.42,92.79,0.34
2019-05-03 02:00:00,0.0,22.42,92.96,0.33
2019-05-03 03:00:00,0.0,22.35,92.6,0.32
2019-05-03 04:00:00,0.0,22.25,92.51,0.32
2019-05-03 05:00:00,0.0,22.17,92.48,0.29
2019-05-03 06:00:00,0.0,22.71,89.36,0.42
2019-05-03 07:00:00,0.0,23.99,80.14,0.57
2019-05-03 08:00:00,0.0,25.68,69.41,0.63
2019-05-03 09:00:00,0.0,27.57,59.3,0.67
2019-05-03 10:00:00,0.0,29.38,50.85,0.74
2019-05-03 11:00:00,0.0,30.78,45.66,0.79
2019-05-03 12:00:00,0.0,31.45,43.66,0.84
2019-05-03 13:00:00,0.0,31.48,43.87,0.87
2019-05-03 14:00:00,0.0,31.02,45.67,0.86
2019-05-03 15:00:00,0.0,30.1,49.11,0.83
2019-05-03 16:00:00,0.0,28.71,54.6,0.78
2019-05-03 17:00:00,0.0,26.92,62.61,0.65
2019-05-03 18:00:00,0.0,25.13,72.56,0.49
2019-05-03 19:00:00,0.0,23.97,80.44,0.43
2019-05-03 20:00:00,0.0,23.35,85.34,0.42
2019-05-03 21:00:00,0.0,23.05,88.02,0.4
2019-05-03 22:00:00,0.0,22.9,89.55,0.39
2019-05-03 23:00:00,0.0,22.79,90.16,0.37
2019-05-04 00:00:00,0.0,22.62,90.76,0.37
2019-05-04 01:00:00,0.0,22.47,91.31,0.37
2019-05-04 02:00:00,0.0,22.38,91.45,0.37
2019-05-04 03:00:00,0.0,22.28,91.03,0.35
2019-05-04 04:00:00,0.0,22.14,90.59,0.32
2019-05-04 05:00:00,0.0,21.98,91.43,0.29
2019-05-04 06:00:00,0.0,22.51,88.6,0.38
2019-05-04 07:00:00,0.0,24.11,77.57,0.52
2019-05-04 08:00:00,0.0,26.06,66.13,0.57
2019-05-04 09:00:00,0.0,28.03,57.05,0.62
2019-05-04 10:00:00,0.0,29.73,50.03,0.68
2019-05-04 11:00:00,0.0,30.99,45.47,0.74
2019-05-04 12:00:00,0.0,31.72,43.4,0.8
2019-05-04 13:00:00,0.0,31.88,43.25,0.84
2019-05-04 14:00:00,0.0,31.34,44.98,0.87
2019-05-04 15:00:00,0.0,30.3,48.51,0.88
2019-05-04 16:00:00,0.0,28.66,54.77,0.85
2019-05-04 17:00:00,0.0,26.76,63.21,0.74
2019-05-04 18:00:00,0.0,24.89,73.15,0.56
2019-05-04 19:00:00,0.0,23.72,80.73,0.5
2019-05-04 20:00:00,0.0,23.06,85.56,0.45
2019-05-04 21:00:00,0.0,22.68,88.75,0.39
2019-05-04 22:00:00,0.0,22.45,90.73,0.36
2019-05-04 23:00:00,0.0,22.27,92.06,0.34
2019-05-05 00:00:00,0.0,22.1,93.0,0.33
2019-05-05 01:00:00,0.0,22.01,93.39,0.33
2019-05-05 02:00:00,0.0,21.96,93.46,0.33
2019-05-05 03:00:00,0.0,21.89,93.87,0.32
2019-05-05 04:00:00,0.0,21.8,94.42,0.31
2019-05-05 05:00:00,0.0,21.68,95.23,0.3
2019-05-05 06:00:00,0.0,22.35,91.7,0.41
2019-05-05 07:00:00,0.0,24.13,80.64,0.54
2019-05-05 08:00:00,0.0,26.49,67.43,0.6
2019-05-05 09:00:00,0.0,29.02,55.85,0.6
2019-05-05 10:00:00,0.0,31.11,48.27,0.61
2019-05-05 11:00:00,0.0,32.6,43.49,0.63
2019-05-05 12:00:00,0.0,33.26,41.08,0.7
2019-05-05 13:00:00,0.0,33.3,40.78,0.78
2019-05-05 14:00:00,0.0,32.27,44.13,0.82
2019-05-05 15:00:00,0.0,30.91,49.41,0.79
2019-05-05 16:00:00,0.0,29.32,56.2,0.74
2019-05-05 17:00:00,0.0,27.68,64.12,0.66
2019-05-05 18:00:00,0.0,26.22,72.43,0.5
2019-05-05 19:00:00,0.0,25.21,79.16,0.41
2019-05-05 20:00:00,0.0,24.54,84.05,0.36
2019-05-05 21:00:00,0.0,24.07,87.75,0.34
2019-05-05 22:00:00,0.0,23.77,90.23,0.32
2019-05-05 23:00:00,0.0,23.53,91.79,0.31
2019-05-06 00:00:00,0.0,23.33,92.82,0.3
2019-05-06 01:00:00,0.0,23.12,93.63,0.3
2019-05-06 02:00:00,0.0,22.92,94.45,0.28
2019-05-06 03:00:00,0.0,22.68,95.67,0.28
2019-05-06 04:00:00,0.0,22.51,96.36,0.33
2019-05-06 05:00:00,0.0,22.4,96.73,0.37
2019-05-06 06:00:00,0.0,22.99,93.54,0.39
2019-05-06 07:00:00,0.0,24.96,81.34,0.45
2019-05-06 08:00:00,0.0,27.46,67.75,0.43
2019-05-06 09:00:00,0.0,30.17,54.26,0.39
2019-05-06 10:00:00,0.0,32.47,43.66,0.38
2019-05-06 11:00:00,0.0,34.12,37.16,0.43
2019-05-06 12:00:00,0.0,35.06,33.85,0.54
2019-05-06 13:00:00,0.0,35.29,33.21,0.68
2019-05-06 14:00:00,0.0,34.67,34.96,0.79
2019-05-06 15:00:00,0.01,33.2,40.22,0.86
2019-05-06 16:00:00,0.02,30.96,49.83,0.89
2019-05-06 17:00:00,0.03,28.47,62.46,0.82
2019-05-06 18:00:00,0.05,26.15,76.54,0.69
2019-05-06 19:00:00,0.08,24.72,87.15,0.62
2019-05-06 20:00:00,0.09,24.15,92.04,0.58
2019-05-06 21:00:00,0.1,23.97,93.92,0.56
2019-05-06 22:00:00,0.12,23.85,94.74,0.54
2019-05-06 23:00:00,0.13,23.69,95.36,0.52
2019-05-07 00:00:00,0.12,23.53,95.6,0.51
2019-05-07 01:00:00,0.13,23.37,95.8,0.49
2019-05-07 02:00:00,0.11,23.2,95.98,0.44
2019-05-07 03:00:00,0.09,23.01,96.21,0.41
2019-05-07 04:00:00,0.07,22.89,96.28,0.39
2019-05-07 05:00:00,0.05,22.8,96.6,0.34
2019-05-07 06:00:00,0.05,23.25,94.93,0.46
2019-05-07 07:00:00,0.04,24.43,87.4,0.61
2019-05-07 08:00:00,0.01,26.6,72.95,0.66
2019-05-07 09:00:00,0.01,28.58,63.15,0.68
2019-05-07 10:00:00,0.0,30.04,56.47,0.71
2019-05-07 11:00:00,0.0,30.97,52.04,0.75
2019-05-07 12:00:00,0.0,31.49,49.21,0.82
2019-05-07 13:00:00,0.0,31.52,48.23,0.88
2019-05-07 14:00:00,0.01,30.89,50.03,0.92
2019-05-07 15:00:00,0.01,29.57,55.15,0.93
2019-05-07 16:00:00,0.01,27.9,62.92,0.91
2019-05-07 17:00:00,0.02,26.12,72.19,0.82
2019-05-07 18:00:00,0.02,24.64,80.74,0.65
2019-05-07 19:00:00,0.02,23.87,85.84,0.55
2019-05-07 20:00:00,0.02,23.43,88.66,0.5
2019-05-07 21:00:00,0.03,23.11,90.16,0.47
2019-05-07 22:00:00,0.04,22.82,91.53,0.44
2019-05-07 23:00:00,0.05,22.59,92.46,0.41
2019-05-08 00:00:00,0.07,22.39,92.96,0.35
2019-05-08 01:00:00,0.08,22.19,93.69,0.29
2019-05-08 02:00:00,0.08,21.99,94.66,0.25
2019-05-08 03:00:00,0.08,21.77,95.67,0.24
2019-05-08 04:00:00,0.07,21.66,96.33,0.26
2019-05-08 05:00:00,0.06,21.58,95.91,0.31
2019-05-08 06:00:00,0.04,21.86,94.43,0.43
2019-05-08 07:00:00,0.03,22.77,87.44,0.58
2019-05-08 08:00:00,0.0,24.39,70.43,0.68
2019-05-08 09:00:00,0.0,25.84,58.98,0.74
2019-05-08 10:00:00,0.0,27.02,52.61,0.8
2019-05-08 11:00:00,0.0,27.78,49.39,0.83
2019-05-08 12:00:00,0.0,28.22,47.91,0.83
2019-05-08 13:00:00,0.0,28.18,48.18,0.79
2019-05-08 14:00:00,0.0,27.81,49.52,0.74
2019-05-08 15:00:00,0.0,27.21,51.69,0.68
2019-05-08 16:00:00,0.0,26.27,55.41,0.64
2019-05-08 17:00:00,0.0,25.07,60.92,0.52
2019-05-08 18:00:00,0.0,23.8,68.67,0.38
2019-05-08 19:00:00,0.0,22.93,75.05,0.34
2019-05-08 20:00:00,0.0,22.35,80.19,0.3
2019-05-08 21:00:00,0.0,21.97,84.49,0.29
2019-05-08 22:00:00,0.0,21.75,88.21,0.31
2019-05-08 23:00:00,0.0,21.7,91.23,0.37
2019-05-09 00:00:00,0.0,21.9,93.1,0.41
2019-05-09 01:00:00,0.0,22.12,93.66,0.42
2019-05-09 02:00:00,0.0,22.17,93.88,0.38
2019-05-09 03:00:00,0.0,22.2,93.71,0.38
2019-05-09 04:00:00,0.0,22.2,93.34,0.37
2019-05-09 05:00:00,0.0,22.14,93.16,0.35
2019-05-09 06:00:00,0.0,22.58,90.04,0.47
2019-05-09 07:00:00,0.0,23.73,81.22,0.64
2019-05-09 08:00:00,0.07,25.33,71.86,0.72
2019-05-09 09:00:00,0.05,27.33,62.92,0.76
2019-05-09 10:00:00,0.04,29.07,56.19,0.77
2019-05-09 11:00:00,0.05,30.3,52.11,0.78
2019-05-09 12:00:00,0.08,31.05,49.69,0.82
2019-05-09 13:00:00,0.1,31.15,48.88,0.85
2019-05-09 14:00:00,0.12,30.86,49.25,0.9
2019-05-09 15:00:00,0.13,29.73,53.24,0.95
2019-05-09 16:00:00,0.11,28.35,58.82,0.92
2019-05-09 17:00:00,0.09,26.68,66.16,0.81
2019-05-09 18:00:00,0.06,24.92,75.22,0.62
2019-05-09 19:00:00,0.04,23.69,82.64,0.52
2019-05-09 20:00:00,0.03,22.91,87.72,0.44
2019-05-09 21:00:00,0.02,22.52,90.43,0.37
2019-05-09 22:00:00,0.02,22.29,91.68,0.34
2019-05-09 23:00:00,0.03,22.06,92.86,0.32
2019-05-10 00:00:00,0.06,21.81,94.2,0.32
2019-05-10 01:00:00,0.12,21.61,95.29,0.32
2019-05-10 02:00:00,0.15,21.43,96.54,0.31
2019-05-10 03:00:00,0.24,21.29,97.5,0.3
2019-05-10 04:00:00,0.17,21.17,98.21,0.3
2019-05-10 05:00:00,0.08,21.08,98.35,0.31
2019-05-10 06:00:00,0.03,21.82,96.0,0.42
2019-05-10 07:00:00,0.03,23.34,88.26,0.52
2019-05-10 08:00:00,0.0,26.19,71.66,0.51
2019-05-10 09:00:00,0.0,29.49,56.75,0.45
2019-05-10 10:00:00,0.0,32.64,43.73,0.38
2019-05-10 11:00:00,0.0,34.49,36.87,0.37
2019-05-10 12:00:00,0.0,35.45,33.6,0.45
2019-05-10 13:00:00,0.0,35.44,33.35,0.56
2019-05-10 14:00:00,0.0,34.25,36.45,0.68
2019-05-10 15:00:00,0.0,32.69,41.93,0.79
2019-05-10 16:00:00,0.0,30.68,50.54,0.82
2019-05-10 17:00:00,0.0,28.63,60.26,0.77
2019-05-10 18:00:00,0.0,26.81,70.29,0.63
2019-05-10 19:00:00,0.0,25.49,78.86,0.53
2019-05-10 20:00:00,0.0,24.63,85.0,0.48
2019-05-10 21:00:00,0.0,24.13,88.75,0.43
2019-05-10 22:00:00,0.0,23.83,91.22,0.39
2019-05-10 23:00:00,0.0,23.64,92.67,0.36
2019-05-11 00:00:00,0.0,23.46,93.92,0.34
2019-05-11 01:00:00,0.0,23.33,94.61,0.33
2019-05-11 02:00:00,0.0,23.23,95.11,0.3
2019-05-11 03:00:00,0.0,23.11,95.71,0.26
2019-05-11 04:00:00,0.0,23.04,95.49,0.28
2019-05-11 05:00:00,0.0,22.95,95.75,0.27
2019-05-11 06:00:00,0.0,23.54,92.21,0.43
2019-05-11 07:00:00,0.0,25.07,81.94,0.54
2019-05-11 08:00:00,0.0,27.02,71.23,0.54
2019-05-11 09:00:00,0.0,28.94,62.33,0.55
2019-05-11 10:00:00,0.0,30.6,55.19,0.56
2019-05-11 11:00:00,0.0,31.82,49.63,0.58
2019-05-11 12:00:00,0.0,32.54,45.93,0.62
2019-05-11 13:00:00,0.0,32.93,44.04,0.68
2019-05-11 14:00:00,0.0,32.64,44.26,0.74
2019-05-11 15:00:00,0.0,31.64,47.45,0.8
2019-05-11 16:00:00,0.0,30.12,53.76,0.82
2019-05-11 17:00:00,0.0,28.25,62.95,0.77
2019-05-11 18:00:00,0.0,26.37,73.92,0.61
2019-05-11 19:00:00,0.0,25.1,82.97,0.53
2019-05-11 20:00:00,0.0,24.42,88.31,0.44
2019-05-11 21:00:00,0.0,24.13,91.0,0.36
2019-05-11 22:00:00,0.0,23.96,92.51,0.32
2019-05-11 23:00:00,0.0,23.83,93.49,0.3
2019-05-12 00:00:00,0.0,23.71,94.35,0.31
2019-05-12 01:00:00,0.0,23.63,94.9,0.3
2019-05-12 02:00:00,0.0,23.55,95.38,0.28
2019-05-12 03:00:00,0.0,23.44,95.9,0.25
2019-05-12 04:00:00,0.0,23.28,96.81,0.25
2019-05-12 05:00:00,0.0,23.16,97.3,0.26
2019-05-12 06:00:00,0.0,23.72,93.68,0.42
2019-05-12 07:00:00,0.0,24.98,84.16,0.57
2019-05-12 08:00:00,0.03,26.69,73.88,0.63
2019-05-12 09:00:00,0.03,28.31,65.87,0.66
2019-05-12 10:00:00,0.03,29.67,59.56,0.68
2019-05-12 11:00:00,0.03,30.56,54.85,0.69
2019-05-12 12:00:00,0.04,31.42,50.52,0.71
2019-05-12 13:00:00,0.04,31.84,47.35,0.72
2019-05-12 14:00:00,0.04,31.62,46.81,0.75
2019-05-12 15:00:00,0.04,30.73,49.96,0.79
2019-05-12 16:00:00,0.04,29.35,56.03,0.79
2019-05-12 17:00:00,0.04,27.51,65.42,0.73
2019-05-12 18:00:00,0.05,25.63,77.38,0.58
2019-05-12 19:00:00,0.04,24.43,86.95,0.54
2019-05-12 20:00:00,0.04,23.91,91.72,0.49
2019-05-12 21:00:00,0.04,23.74,93.68,0.46
2019-05-12 22:00:00,0.04,23.67,94.37,0.43
2019-05-12 23:00:00,0.03,23.55,94.59,0.42
2019-05-13 00:00:00,0.03,23.36,94.69,0.4
2019-05-13 01:00:00,0.03,23.19,95.34,0.36
2019-05-13 02:00:00,0.02,23.1,95.67,0.34
2019-05-13 03:00:00,0.02,23.01,95.56,0.33
2019-05-13 04:00:00,0.02,22.84,95.86,0.3
2019-05-13 05:00:00,0.02,22.7,96.26,0.3
2019-05-13 06:00:00,0.02,23.23,93.54,0.48
2019-05-13 07:00:00,0.01,24.76,82.92,0.64
2019-05-13 08:00:00,0.0,26.83,70.17,0.66
2019-05-13 09:00:00,0.0,28.8,60.8,0.66
2019-05-13 10:00:00,0.0,30.35,54.33,0.67
2019-05-13 11:00:00,0.0,31.49,49.64,0.69
2019-05-13 12:00:00,0.0,32.22,46.37,0.72
2019-05-13 13:00:00,0.0,32.44,44.49,0.72
2019-05-13 14:00:00,0.0,32.18,44.38,0.76
2019-05-13 15:00:00,0.0,31.22,47.08,0.79
2019-05-13 16:00:00,0.0,29.74,52.62,0.79
2019-05-13 17:00:00,0.0,28.05,60.19,0.74
2019-05-13 18:00:00,0.0,26.22,70.04,0.59
2019-05-13 19:00:00,0.0,24.84,79.26,0.54
2019-05-13 20:00:00,0.0,24.0,85.84,0.49
2019-05-13 21:00:00,0.0,23.6,89.46,0.45
2019-05-13 22:00:00,0.0,23.39,91.87,0.41
2019-05-13 23:00:00,0.0,23.27,93.01,0.39
2019-05-14 00:00:00,0.0,23.16,93.7,0.38
2019-05-14 01:00:00,0.0,23.06,93.77,0.39
2019-05-14 02:00:00,0.0,22.96,94.13,0.37
2019-05-14 03:00:00,0.0,22.88,94.53,0.34
2019-05-14 04:00:00,0.0,22.86,94.33,0.33
2019-05-14 05:00:00,0.0,22.84,93.89,0.34
2019-05-14 06:00:00,0.0,23.4,89.73,0.52
2019-05-14 07:00:00,0.0,24.88,79.21,0.67
2019-05-14 08:00:00,0.02,26.67,68.99,0.71
2019-05-14 09:00:00,0.01,28.3,61.29,0.71
2019-05-14 10:00:00,0.01,29.78,55.04,0.74
2019-05-14 11:00:00,0.0,30.64,51.42,0.75
2019-05-14 12:00:00,0.0,31.12,49.37,0.76
2019-05-14 13:00:00,0.0,31.39,47.9,0.75
2019-05-14 14:00:00,0.0,31.15,48.09,0.73
2019-05-14 15:00:00,0.0,30.51,49.7,0.7
2019-05-14 16:00:00,0.0,29.57,52.82,0.69
2019-05-14 17:00:00,0.0,28.07,59.07,0.64
2019-05-14 18:00:00,0.0,26.19,69.1,0.46
2019-05-14 19:00:00,0.0,24.8,78.0,0.45
2019-05-14 20:00:00,0.0,23.87,85.33,0.42
2019-05-14 21:00:00,0.01,23.42,89.74,0.36
2019-05-14 22:00:00,0.01,23.25,92.01,0.33
2019-05-14 23:00:00,0.01,23.18,93.31,0.33
2019-05-15 00:00:00,0.02,23.18,93.97,0.34
2019-05-15 01:00:00,0.02,23.23,94.3,0.35
2019-05-15 02:00:00,0.03,23.23,94.83,0.35
2019-05-15 03:00:00,0.03,23.22,94.84,0.35
2019-05-15 04:00:00,0.03,23.14,95.38,0.34
2019-05-15 05:00:00,0.03,23.02,96.23,0.31
2019-05-15 06:00:00,0.03,23.47,94.34,0.45
2019-05-15 07:00:00,0.03,24.6,86.38,0.6
2019-05-15 08:00:00,0.52,26.0,77.21,0.64
2019-05-15 09:00:00,0.49,27.2,71.17,0.64
2019-05-15 10:00:00,0.47,28.15,66.87,0.63
2019-05-15 11:00:00,0.47,28.78,63.84,0.65
2019-05-15 12:00:00,0.49,29.0,62.43,0.67
2019-05-15 13:00:00,0.47,28.9,62.23,0.7
2019-05-15 14:00:00,0.41,28.5,64.0,0.72
2019-05-15 15:00:00,0.39,27.6,69.0,0.7
2019-05-15 16:00:00,0.37,26.46,75.97,0.64
2019-05-15 17:00:00,0.29,25.25,84.25,0.53
2019-05-15 18:00:00,0.3,24.28,91.59,0.43
2019-05-15 19:00:00,0.36,23.86,94.86,0.38
2019-05-15 20:00:00,0.3,23.64,96.1,0.37
2019-05-15 21:00:00,0.31,23.42,96.75,0.34
2019-05-15 22:00:00,0.28,23.23,97.17,0.31
2019-05-15 23:00:00,0.26,23.06,97.4,0.3
2019-05-16 00:00:00,0.25,22.91,97.64,0.29
2019-05-16 01:00:00,0.27,22.8,97.88,0.3
2019-05-16 02:00:00,0.26,22.73,98.05,0.29
2019-05-16 03:00:00,0.24,22.69,98.19,0.27
2019-05-16 04:00:00,0.2,22.69,98.33,0.26
2019-05-16 05:00:00,0.18,22.73,98.38,0.26
2019-05-16 06:00:00,0.15,23.06,97.54,0.35
2019-05-16 07:00:00,0.14,23.73,95.0,0.44
2019-05-16 08:00:00,0.0,25.33,83.69,0.5
2019-05-16 09:00:00,0.0,27.86,67.68,0.49
2019-05-16 10:00:00,0.0,29.55,59.03,0.46
2019-05-16 11:00:00,0.0,30.69,53.78,0.48
2019-05-16 12:00:00,0.0,31.37,50.17,0.52
2019-05-16 13:00:00,0.0,31.24,49.5,0.57
2019-05-16 14:00:00,0.0,30.8,50.77,0.61
2019-05-16 15:00:00,0.0,29.95,54.21,0.67
2019-05-16 16:00:00,0.0,28.69,60.22,0.69
2019-05-16 17:00:00,0.0,27.16,68.41,0.62
2019-05-16 18:00:00,0.0,25.58,78.19,0.49
2019-05-16 19:00:00,0.0,24.52,85.81,0.44
2019-05-16 20:00:00,0.0,23.96,89.86,0.4
2019-05-16 21:00:00,0.0,23.68,92.21,0.36
2019-05-16 22:00:00,0.0,23.53,93.55,0.33
2019-05-16 23:00:00,0.0,23.42,94.33,0.34
2019-05-17 00:00:00,0.0,23.35,94.71,0.34
2019-05-17 01:00:00,0.0,23.27,95.01,0.33
2019-05-17 02:00:00,0.0,23.19,95.38,0.31
2019-05-17 03:00:00,0.0,23.12,95.51,0.28
2019-05-17 04:00:00,0.0,23.08,94.88,0.28
2019-05-17 05:00:00,0.0,23.02,94.54,0.29
2019-05-17 06:00:00,0.0,23.35,92.83,0.4
2019-05-17 07:00:00,0.0,24.37,85.7,0.54
2019-05-17 08:00:00,0.1,25.9,76.7,0.57
2019-05-17 09:00:00,0.1,27.76,67.7,0.58
2019-05-17 10:00:00,0.08,29.22,60.95,0.58
2019-05-17 11:00:00,0.08,30.23,56.16,0.59
2019-05-17 12:00:00,0.07,30.73,53.43,0.59
2019-05-17 13:00:00,0.07,30.91,51.96,0.59
2019-05-17 14:00:00,0.06,30.72,51.73,0.61
2019-05-17 15:00:00,0.06,30.13,53.25,0.63
2019-05-17 16:00:00,0.03,29.14,57.19,0.63
2019-05-17 17:00:00,0.03,27.65,64.96,0.56
2019-05-17 18:00:00,0.02,25.9,75.56,0.42
2019-05-17 19:00:00,0.03,24.72,83.55,0.39
2019-05-17 20:00:00,0.02,23.95,89.41,0.35
2019-05-17 21:00:00,0.02,23.58,92.55,0.3
2019-05-17 22:00:00,0.02,23.43,93.74,0.27
2019-05-17 23:00:00,0.02,23.26,94.76,0.26
2019-05-18 00:00:00,0.02,23.07,95.82,0.24
2019-05-18 01:00:00,0.02,22.91,96.68,0.24
2019-05-18 02:00:00,0.02,22.78,97.3,0.24
2019-05-18 03:00:00,0.02,22.68,97.77,0.26
2019-05-18 04:00:00,0.03,22.58,98.12,0.26
2019-05-18 05:00:00,0.03,22.48,98.72,0.26
2019-05-18 06:00:00,0.03,23.0,96.75,0.39
2019-05-18 07:00:00,0.03,24.07,90.92,0.49
2019-05-18 08:00:00,0.0,25.75,78.84,0.5
2019-05-18 09:00:00,0.0,27.78,68.08,0.46
2019-05-18 10:00:00,0.0,29.49,59.85,0.43
2019-05-18 11:00:00,0.0,30.86,52.81,0.43
2019-05-18 12:00:00,0.0,31.89,47.15,0.43
2019-05-18 13:00:00,0.0,32.56,43.2,0.46
2019-05-18 14:00:00,0.0,32.65,41.61,0.5
2019-05-18 15:00:00,0.0,32.04,42.69,0.53
2019-05-18 16:00:00,0.0,30.76,47.65,0.55
2019-05-18 17:00:00,0.0,29.1,57.0,0.51
2019-05-18 18:00:00,0.0,26.99,70.32,0.39
2019-05-18 19:00:00,0.0,25.62,78.89,0.32
2019-05-18 20:00:00,0.0,24.89,83.38,0.28
2019-05-18 21:00:00,0.0,24.37,87.67,0.26
2019-05-18 22:00:00,0.0,23.94,91.54,0.24
2019-05-18 23:00:00,0.0,23.7,93.77,0.25
2019-05-19 00:00:00,0.0,23.61,94.75,0.25
2019-05-19 01:00:00,0.0,23.5,95.66,0.24
2019-05-19 02:00:00,0.0,23.38,96.46,0.23
2019-05-19 03:00:00,0.0,23.23,97.23,0.23
2019-05-19 04:00:00,0.0,23.06,98.01,0.23
2019-05-19 05:00:00,0.0,22.92,98.74,0.22
2019-05-19 06:00:00,0.0,23.51,95.2,0.34
2019-05-19 07:00:00,0.0,24.96,85.35,0.4
2019-05-19 08:00:00,0.0,26.6,74.79,0.38
2019-05-19 09:00:00,0.0,28.51,64.37,0.34
2019-05-19 10:00:00,0.0,30.48,54.41,0.32
2019-05-19 11:00:00,0.0,32.03,47.16,0.31
2019-05-19 12:00:00,0.0,33.05,42.24,0.33
2019-05-19 13:00:00,0.0,33.56,39.48,0.41
2019-05-19 14:00:00,0.0,33.31,39.29,0.55
2019-05-19 15:00:00,0.0,32.1,43.22,0.68
2019-05-19 16:00:00,0.0,30.37,50.9,0.73
2019-05-19 17:00:00,0.0,28.36,61.39,0.65
2019-05-19 18:00:00,0.0,26.56,72.71,0.47
2019-05-19 19:00:00,0.0,25.36,81.66,0.4
2019-05-19 20:00:00,0.0,24.63,87.75,0.34
2019-05-19 21:00:00,0.0,24.27,91.11,0.3
2019-05-19 22:00:00,0.0,24.08,92.8,0.29
2019-05-19 23:00:00,0.0,23.9,94.03,0.29
2019-05-20 00:00:00,0.0,23.74,94.73,0.29
2019-05-20 01:00:00,0.0,23.59,95.38,0.27
2019-05-20 02:00:00,0.0,23.43,96.06,0.23
2019-05-20 03:00:00,0.0,23.23,96.95,0.21
2019-05-20 04:00:00,0.0,22.95,98.42,0.17
2019-05-20 05:00:00,0.0,22.74,99.56,0.2
2019-05-20 06:00:00,0.0,23.51,94.79,0.26
2019-05-20 07:00:00,0.0,25.38,82.64,0.29
2019-05-20 08:00:00,0.0,27.63,69.48,0.27
2019-05-20 09:00:00,0.0,30.18,55.02,0.24
2019-05-20 10:00:00,0.0,32.31,44.77,0.23
2019-05-20 11:00:00,0.0,33.94,37.93,0.24
2019-05-20 12:00:00,0.0,35.02,33.33,0.29
2019-05-20 13:00:00,0.0,35.55,30.58,0.36
2019-05-20 14:00:00,0.0,35.41,29.66,0.44
2019-05-20 15:00:00,0.0,34.67,30.33,0.52
2019-05-20 16:00:00,0.0,33.2,34.45,0.6
2019-05-20 17:00:00,0.0,30.92,45.04,0.63
2019-05-20 18:00:00,0.01,27.78,63.25,0.53
2019-05-20 19:00:00,0.01,25.83,74.4,0.42
2019-05-20 20:00:00,0.01,24.79,81.79,0.34
2019-05-20 21:00:00,0.01,24.24,86.46,0.29
2019-05-20 22:00:00,0.01,23.92,89.87,0.28
2019-05-20 23:00:00,0.01,23.69,92.58,0.27
2019-05-21 00:00:00,0.01,23.58,94.13,0.27
2019-05-21 01:00:00,0.01,23.51,95.21,0.28
2019-05-21 02:00:00,0.01,23.39,96.33,0.27
2019-05-21 03:00:00,0.01,23.25,97.56,0.24
2019-05-21 04:00:00,0.01,23.11,98.54,0.24
2019-05-21 05:00:00,0.01,23.01,99.36,0.24
2019-05-21 06:00:00,0.01,23.46,97.03,0.35
2019-05-21 07:00:00,0.01,24.57,89.71,0.4
2019-05-21 08:00:00,0.0,25.81,80.32,0.4
2019-05-21 09:00:00,0.0,27.19,71.19,0.38
2019-05-21 10:00:00,0.0,28.51,62.61,0.36
2019-05-21 11:00:00,0.0,29.74,54.69,0.36
2019-05-21 12:00:00,0.0,30.59,49.54,0.4
2019-05-21 13:00:00,0.0,31.05,46.39,0.47
2019-05-21 14:00:00,0.0,31.06,45.45,0.54
2019-05-21 15:00:00,0.0,30.48,47.51,0.62
2019-05-21 16:00:00,0.0,29.3,53.59,0.66
2019-05-21 17:00:00,0.0,27.67,63.06,0.58
2019-05-21 18:00:00,0.0,25.93,74.92,0.4
2019-05-21 19:00:00,0.0,24.82,84.13,0.36
2019-05-21 20:00:00,0.0,24.21,89.93,0.32
2019-05-21 21:00:00,0.0,23.98,92.54,0.27
2019-05-21 22:00:00,0.0,23.85,93.7,0.25
2019-05-21 23:00:00,0.0,23.75,94.36,0.23
2019-05-22 00:00:00,0.0,23.66,94.93,0.21
2019-05-22 01:00:00,0.0,23.55,95.77,0.18
2019-05-22 02:00:00,0.0,23.44,96.39,0.18
2019-05-22 03:00:00,0.0,23.35,96.24,0.18
2019-05-22 04:00:00,0.0,23.22,96.57,0.19
2019-05-22 05:00:00,0.0,23.05,96.74,0.2
2019-05-22 06:00:00,0.0,23.49,93.12,0.3
2019-05-22 07:00:00,0.0,24.67,84.47,0.38
2019-05-22 08:00:00,0.0,26.33,73.4,0.39
2019-05-22 09:00:00,0.0,28.29,63.02,0.36
2019-05-22 10:00:00,0.0,30.08,54.69,0.34
2019-05-22 11:00:00,0.0,31.48,48.38,0.33
2019-05-22 12:00:00,0.0,32.39,44.03,0.35
2019-05-22 13:00:00,0.0,32.87,41.63,0.39
2019-05-22 14:00:00,0.0,32.85,41.06,0.47
2019-05-22 15:00:00,0.0,32.2,42.89,0.58
2019-05-22 16:00:00,0.0,30.92,48.07,0.66
2019-05-22 17:00:00,0.0,29.14,56.63,0.63
2019-05-22 18:00:00,0.0,27.34,66.74,0.5
2019-05-22 19:00:00,0.0,26.08,75.44,0.42
2019-05-22 20:00:00,0.0,25.2,82.15,0.35
2019-05-22 21:00:00,0.0,24.59,87.03,0.31
2019-05-22 22:00:00,0.0,24.19,90.54,0.29
2019-05-22 23:00:00,0.0,23.96,92.19,0.29
2019-05-23 00:00:00,0.0,23.79,92.41,0.3
2019-05-23 01:00:00,0.0,23.63,93.44,0.29
2019-05-23 02:00:00,0.0,23.52,93.97,0.27
2019-05-23 03:00:00,0.0,23.42,94.22,0.24
2019-05-23 04:00:00,0.0,23.3,94.26,0.22
2019-05-23 05:00:00,0.0,23.18,94.61,0.2
2019-05-23 06:00:00,0.0,23.7,91.25,0.29
2019-05-23 07:00:00,0.0,24.97,81.53,0.38
2019-05-23 08:00:00,0.03,26.77,71.21,0.41
2019-05-23 09:00:00,0.03,28.78,61.48,0.45
2019-05-23 10:00:00,0.03,30.5,54.08,0.5
2019-05-23 11:00:00,0.03,31.63,49.09,0.55
2019-05-23 12:00:00,0.03,32.17,46.56,0.62
2019-05-23 13:00:00,0.03,32.26,45.68,0.69
2019-05-23 14:00:00,0.03,31.69,47.3,0.75
2019-05-23 15:00:00,0.03,30.46,52.18,0.79
2019-05-23 16:00:00,0.04,28.65,60.59,0.76
2019-05-23 17:00:00,0.04,26.84,70.59,0.67
2019-05-23 18:00:00,0.05,25.4,80.54,0.53
2019-05-23 19:00:00,0.04,24.59,87.75,0.45
2019-05-23 20:00:00,0.04,24.23,91.8,0.39
2019-05-23 21:00:00,0.06,24.05,93.79,0.37
2019-05-23 22:00:00,0.05,23.88,95.05,0.35
2019-05-23 23:00:00,0.06,23.76,95.69,0.35
2019-05-24 00:00:00,0.07,23.65,96.05,0.34
2019-05-24 01:00:00,0.08,23.53,95.92,0.35
2019-05-24 02:00:00,0.07,23.39,96.19,0.31
2019-05-24 03:00:00,0.07,23.3,96.36,0.27
2019-05-24 04:00:00,0.07,23.24,96.6,0.23
2019-05-24 05:00:00,0.07,23.18,96.91,0.2
2019-05-24 06:00:00,0.08,23.42,96.16,0.22
2019-05-24 07:00:00,0.1,23.97,93.59,0.25
2019-05-24 08:00:00,0.27,24.66,88.23,0.3
2019-05-24 09:00:00,0.32,25.78,80.07,0.34
2019-05-24 10:00:00,0.39,26.92,73.26,0.38
2019-05-24 11:00:00,0.46,27.78,68.31,0.45
2019-05-24 12:00:00,0.49,28.38,65.03,0.52
2019-05-24 13:00:00,0.63,28.59,63.63,0.56
2019-05-24 14:00:00,0.66,28.22,65.48,0.59
2019-05-24 15:00:00,0.66,27.37,70.65,0.6
2019-05-24 16:00:00,0.65,26.25,78.27,0.59
2019-05-24 17:00:00,0.6,25.08,87.24,0.53
2019-05-24 18:00:00,0.53,24.25,94.05,0.46
2019-05-24 19:00:00,0.49,24.03,96.15,0.45
2019-05-24 20:00:00,0.44,23.93,96.93,0.43
2019-05-24 21:00:00,0.4,23.75,96.79,0.42
2019-05-24 22:00:00,0.4,23.47,96.82,0.4
2019-05-24 23:00:00,0.49,23.29,97.32,0.37
2019-05-25 00:00:00,0.56,23.13,97.46,0.36
2019-05-25 01:00:00,0.64,22.94,97.46,0.34
2019-05-25 02:00:00,0.67,22.82,97.59,0.32
2019-05-25 03:00:00,0.7,22.7,97.56,0.29
2019-05-25 04:00:00,0.67,22.6,97.96,0.26
2019-05-25 05:00:00,0.6,22.58,98.13,0.25
2019-05-25 06:00:00,0.57,22.9,97.04,0.36
2019-05-25 07:00:00,0.43,23.52,94.4,0.47
2019-05-25 08:00:00,0.24,24.38,88.05,0.52
2019-05-25 09:00:00,0.23,25.47,79.81,0.57
2019-05-25 10:00:00,0.23,26.29,74.97,0.62
2019-05-25 11:00:00,0.22,26.79,72.25,0.69
2019-05-25 12:00:00,0.23,27.08,70.85,0.74
2019-05-25 13:00:00,0.26,27.15,70.07,0.78
2019-05-25 14:00:00,0.22,26.89,71.19,0.79
2019-05-25 15:00:00,0.22,26.32,74.42,0.76
2019-05-25 16:00:00,0.21,25.5,79.27,0.69
2019-05-25 17:00:00,0.19,24.4,87.07,0.54
2019-05-25 18:00:00,0.18,23.55,94.05,0.39
2019-05-25 19:00:00,0.15,23.33,95.51,0.36
2019-05-25 20:00:00,0.15,23.17,96.03,0.33
2019-05-25 21:00:00,0.11,23.04,96.28,0.3
2019-05-25 22:00:00,0.13,22.88,96.53,0.27
2019-05-25 23:00:00,0.13,22.76,96.64,0.25
2019-05-26 00:00:00,0.14,22.63,96.83,0.24
2019-05-26 01:00:00,0.13,22.53,97.05,0.23
2019-05-26 02:00:00,0.13,22.46,97.18,0.25
2019-05-26 03:00:00,0.12,22.4,97.26,0.27
2019-05-26 04:00:00,0.11,22.37,96.99,0.27
2019-05-26 05:00:00,0.11,22.3,96.76,0.27
2019-05-26 06:00:00,0.1,22.68,95.84,0.35
2019-05-26 07:00:00,0.09,23.53,91.1,0.45
2019-05-26 08:00:00,0.03,25.02,80.8,0.51
2019-05-26 09:00:00,0.02,27.03,70.17,0.54
2019-05-26 10:00:00,0.03,28.67,63.03,0.58
2019-05-26 11:00:00,0.03,29.67,59.19,0.63
2019-05-26 12:00:00,0.03,30.11,57.63,0.69
2019-05-26 13:00:00,0.03,30.12,57.45,0.75
2019-05-26 14:00:00,0.04,29.82,58.18,0.76
2019-05-26 15:00:00,0.04,29.17,60.4,0.76
2019-05-26 16:00:00,0.05,27.99,65.59,0.72
2019-05-26 17:00:00,0.05,26.3,75.26,0.64
2019-05-26 18:00:00,0.06,24.76,86.13,0.5
2019-05-26 19:00:00,0.06,24.04,92.27,0.45
2019-05-26 20:00:00,0.06,23.81,94.78,0.4
2019-05-26 21:00:00,0.06,23.69,95.89,0.38
2019-05-26 22:00:00,0.05,23.53,96.5,0.37
2019-05-26 23:00:00,0.06,23.42,96.99,0.33
2019-05-27 00:00:00,0.07,23.3,97.31,0.32
2019-05-27 01:00:00,0.07,23.17,97.79,0.3
2019-05-27 02:00:00,0.06,23.03,98.27,0.27
2019-05-27 03:00:00,0.04,22.9,98.68,0.26
2019-05-27 04:00:00,0.03,22.79,99.1,0.26
2019-05-27 05:00:00,0.02,22.73,99.25,0.25
2019-05-27 06:00:00,0.02,23.39,96.65,0.36
2019-05-27 07:00:00,0.02,24.51,90.08,0.46
2019-05-27 08:00:00,0.0,26.49,76.78,0.5
2019-05-27 09:00:00,0.0,28.78,64.83,0.5
2019-05-27 10:00:00,0.0,30.6,56.42,0.48
2019-05-27 11:00:00,0.0,31.84,50.82,0.5
2019-05-27 12:00:00,0.0,32.6,47.59,0.55
2019-05-27 13:00:00,0.0,32.66,46.8,0.6
2019-05-27 14:00:00,0.0,32.23,48.13,0.69
2019-05-27 15:00:00,0.0,31.07,52.64,0.76
2019-05-27 16:00:00,0.0,29.38,60.31,0.76
2019-05-27 17:00:00,0.0,27.68,69.39,0.65
2019-05-27 18:00:00,0.0,26.24,78.53,0.49
2019-05-27 19:00:00,0.0,25.33,85.15,0.43
2019-05-27 20:00:00,0.0,24.82,89.26,0.37
2019-05-27 21:00:00,0.0,24.49,92.15,0.33
2019-05-27 22:00:00,0.0,24.29,93.67,0.32
2019-05-27 23:00:00,0.0,24.16,94.26,0.33
2019-05-28 00:00:00,0.0,23.99,95.11,0.3
2019-05-28 01:00:00,0.0,23.86,95.49,0.28
2019-05-28 02:00:00,0.0,23.7,95.99,0.25
2019-05-28 03:00:00,0.0,23.58,96.05,0.25
2019-05-28 04:00:00,0.0,23.4,96.73,0.23
2019-05-28 05:00:00,0.0,23.23,97.26,0.23
2019-05-28 06:00:00,0.0,23.81,92.25,0.35
2019-05-28 07:00:00,0.0,25.08,81.91,0.49
2019-05-28 08:00:00,0.01,26.78,70.6,0.54
2019-05-28 09:00:00,0.01,28.67,60.98,0.55
2019-05-28 10:00:00,0.02,30.27,54.54,0.56
2019-05-28 11:00:00,0.03,31.26,51.19,0.55
2019-05-28 12:00:00,0.05,31.74,49.68,0.55
2019-05-28 13:00:00,0.07,31.84,49.17,0.56
2019-05-28 14:00:00,0.08,31.48,49.93,0.58
2019-05-28 15:00:00,0.08,30.89,51.95,0.63
2019-05-28 16:00:00,0.07,29.87,56.38,0.66
2019-05-28 17:00:00,0.09,28.29,64.59,0.55
2019-05-28 18:00:00,0.1,26.49,75.88,0.43
2019-05-28 19:00:00,0.12,25.17,85.49,0.42
2019-05-28 20:00:00,0.16,24.44,91.74,0.38
2019-05-28 21:00:00,0.26,24.2,93.96,0.35
2019-05-28 22:00:00,0.4,24.0,95.34,0.31
2019-05-28 23:00:00,0.65,23.79,96.15,0.28
2019-05-29 00:00:00,0.99,23.6,96.78,0.27
2019-05-29 01:00:00,1.01,23.44,97.19,0.26
2019-05-29 02:00:00,0.8,23.27,97.23,0.23
2019-05-29 03:00:00,0.69,23.09,97.66,0.22
2019-05-29 04:00:00,0.41,22.94,98.25,0.22
2019-05-29 05:00:00,0.21,22.83,98.43,0.23
2019-05-29 06:00:00,0.1,23.23,97.3,0.29
2019-05-29 07:00:00,0.08,23.91,93.01,0.45
2019-05-29 08:00:00,0.07,25.25,84.1,0.55
2019-05-29 09:00:00,0.11,26.76,74.92,0.61
2019-05-29 10:00:00,0.22,27.82,69.27,0.6
2019-05-29 11:00:00,0.38,28.51,66.14,0.6
2019-05-29 12:00:00,0.45,28.82,64.85,0.61
2019-05-29 13:00:00,0.37,28.9,64.37,0.63
2019-05-29 14:00:00,0.3,28.73,64.95,0.64
2019-05-29 15:00:00,0.41,28.22,67.62,0.64
2019-05-29 16:00:00,0.39,27.2,73.65,0.64
2019-05-29 17:00:00,0.35,25.75,83.33,0.62
2019-05-29 18:00:00,0.23,24.47,93.0,0.57
2019-05-29 19:00:00,0.16,24.13,95.51,0.59
2019-05-29 20:00:00,0.11,24.02,95.77,0.52
2019-05-29 21:00:00,0.1,23.88,95.74,0.45
2019-05-29 22:00:00,0.12,23.7,96.08,0.44
2019-05-29 23:00:00,0.12,23.61,96.37,0.47
2019-05-30 00:00:00,0.24,23.55,96.75,0.5
2019-05-30 01:00:00,0.27,23.63,97.17,0.49
2019-05-30 02:00:00,0.26,23.77,97.3,0.46
2019-05-30 03:00:00,0.25,23.81,97.34,0.44
2019-05-30 04:00:00,0.24,23.74,97.27,0.37
2019-05-30 05:00:00,0.27,23.52,96.79,0.33
2019-05-30 06:00:00,0.32,23.59,95.75,0.36
2019-05-30 07:00:00,0.31,24.11,92.28,0.43
2019-05-30 08:00:00,0.12,25.13,84.43,0.52
2019-05-30 09:00:00,0.14,26.42,75.8,0.57
2019-05-30 10:00:00,0.14,27.31,70.9,0.62
2019-05-30 11:00:00,0.14,27.91,67.99,0.65
2019-05-30 12:00:00,0.11,28.16,66.35,0.65
2019-05-30 13:00:00,0.1,28.17,65.58,0.64
2019-05-30 14:00:00,0.1,27.86,66.39,0.66
2019-05-30 15:00:00,0.09,27.22,69.79,0.65
2019-05-30 16:00:00,0.1,26.26,76.12,0.61
2019-05-30 17:00:00,0.11,25.18,84.2,0.47
2019-05-30 18:00:00,0.1,24.24,91.52,0.38
2019-05-30 19:00:00,0.09,23.87,94.52,0.34
2019-05-30 20:00:00,0.08,23.63,95.46,0.34
2019-05-30 21:00:00,0.09,23.45,96.14,0.32
2019-05-30 22:00:00,0.08,23.29,96.64,0.29
2019-05-30 23:00:00,0.08,23.11,96.89,0.25
2019-05-31 00:00:00,0.06,22.91,96.91,0.24
2019-05-31 01:00:00,0.05,22.7,96.96,0.24
2019-05-31 02:00:00,0.04,22.54,97.0,0.25
2019-05-31 03:00:00,0.03,22.42,97.12,0.25
2019-05-31 04:00:00,0.03,22.33,97.31,0.25
2019-05-31 05:00:00,0.02,22.22,97.65,0.25
2019-05-31 06:00:00,0.03,22.75,95.86,0.29
2019-05-31 07:00:00,0.06,23.89,87.65,0.41
2019-05-31 08:00:00,0.4,25.43,72.86,0.54
2019-05-31 09:00:00,0.54,26.97,63.19,0.66
2019-05-31 10:00:00,0.79,27.92,57.75,0.74
2019-05-31 11:00:00,0.96,28.14,55.85,0.79
2019-05-31 12:00:00,1.02,27.73,57.08,0.78
2019-05-31 13:00:00,1.17,27.2,59.17,0.75
2019-05-31 14:00:00,1.28,26.59,61.67,0.72
2019-05-31 15:00:00,1.31,25.91,64.67,0.71
2019-05-31 16:00:00,1.31,24.98,69.23,0.69
2019-05-31 17:00:00,1.13,23.71,77.23,0.55
2019-05-31 18:00:00,0.93,22.44,86.16,0.42
2019-05-31 19:00:00,0.71,21.74,91.68,0.37
2019-05-31 20:00:00,0.74,21.41,94.49,0.34
2019-05-31 21:00:00,0.6,21.28,95.7,0.31
2019-05-31 22:00:00,0.55,21.21,96.35,0.31
2019-05-31 23:00:00,0.41,21.22,96.71,0.32
2019-06-01 00:00:00,0.32,21.32,96.9,0.31
2019-06-01 01:00:00,0.23,21.4,97.02,0.31
2019-06-01 02:00:00,0.16,21.43,97.53,0.26
2019-06-01 03:00:00,0.1,21.41,98.04,0.21
2019-06-01 04:00:00,0.06,21.38,97.97,0.19
2019-06-01 05:00:00,0.04,21.33,97.99,0.16
2019-06-01 06:00:00,0.05,22.11,95.87,0.19
2019-06-01 07:00:00,0.03,23.36,89.96,0.23
2019-06-01 08:00:00,0.0,25.8,73.05,0.28
2019-06-01 09:00:00,0.0,28.4,59.14,0.37
2019-06-01 10:00:00,0.0,30.24,52.06,0.47
2019-06-01 11:00:00,0.0,31.33,48.75,0.59
2019-06-01 12:00:00,0.0,31.58,48.37,0.7
2019-06-01 13:00:00,0.0,31.3,49.62,0.78
2019-06-01 14:00:00,0.0,30.5,52.29,0.82
2019-06-01 15:00:00,0.0,29.2,57.43,0.79
2019-06-01 16:00:00,0.0,27.81,63.96,0.73
2019-06-01 17:00:00,0.0,26.32,71.86,0.64
2019-06-01 18:00:00,0.0,24.96,80.69,0.48
2019-06-01 19:00:00,0.0,24.11,87.4,0.43
2019-06-01 20:00:00,0.0,23.68,91.14,0.37
2019-06-01 21:00:00,0.0,23.45,92.95,0.35
2019-06-01 22:00:00,0.0,23.25,94.34,0.3
2019-06-01 23:00:00,0.0,23.07,95.17,0.26
2019-06-02 00:00:00,0.0,22.88,95.68,0.23
2019-06-02 01:00:00,0.0,22.71,96.6,0.21
2019-06-02 02:00:00,0.0,22.61,97.15,0.2
2019-06-02 03:00:00,0.0,22.52,97.61,0.19
2019-06-02 04:00:00,0.0,22.38,97.47,0.18
2019-06-02 05:00:00,0.0,22.25,97.02,0.16
2019-06-02 06:00:00,0.0,22.89,92.64,0.29
2019-06-02 07:00:00,0.0,24.38,82.34,0.36
2019-06-02 08:00:00,0.07,25.99,72.63,0.42
2019-06-02 09:00:00,0.09,27.55,64.92,0.5
2019-06-02 10:00:00,0.11,28.81,59.87,0.59
2019-06-02 11:00:00,0.16,29.48,57.86,0.67
2019-06-02 12:00:00,0.28,29.69,57.63,0.73
2019-06-02 13:00:00,0.37,29.65,58.11,0.77
2019-06-02 14:00:00,0.39,29.34,59.33,0.77
2019-06-02 15:00:00,0.37,28.41,63.43,0.75
2019-06-02 16:00:00,0.36,27.14,69.95,0.7
2019-06-02 17:00:00,0.32,25.59,79.76,0.62
2019-06-02 18:00:00,0.32,24.19,90.59,0.49
2019-06-02 19:00:00,0.22,23.64,95.1,0.47
2019-06-02 20:00:00,0.19,23.48,96.38,0.45
2019-06-02 21:00:00,0.25,23.39,96.94,0.43
2019-06-02 22:00:00,0.32,23.26,97.08,0.41
2019-06-02 23:00:00,0.44,23.14,97.48,0.38
2019-06-03 00:00:00,0.46,23.02,97.8,0.37
2019-06-03 01:00:00,0.53,22.93,97.89,0.36
2019-06-03 02:00:00,0.48,22.87,98.04,0.34
2019-06-03 03:00:00,0.5,22.89,98.18,0.33
2019-06-03 04:00:00,0.46,22.96,98.16,0.34
2019-06-03 05:00:00,0.43,22.98,97.93,0.33
2019-06-03 06:00:00,0.39,23.25,96.83,0.42
2019-06-03 07:00:00,0.39,23.83,93.57,0.51
2019-06-03 08:00:00,0.04,25.06,84.03,0.58
2019-06-03 09:00:00,0.04,26.62,73.89,0.63
2019-06-03 10:00:00,0.05,27.72,67.63,0.68
2019-06-03 11:00:00,0.05,28.38,63.93,0.73
2019-06-03 12:00:00,0.07,28.59,62.39,0.77
2019-06-03 13:00:00,0.08,28.36,62.53,0.8
2019-06-03 14:00:00,0.09,27.34,66.73,0.78
2019-06-03 15:00:00,0.1,26.24,72.42,0.71
2019-06-03 16:00:00,0.1,25.29,78.04,0.63
2019-06-03 17:00:00,0.11,24.31,84.57,0.5
2019-06-03 18:00:00,0.1,23.44,90.97,0.39
2019-06-03 19:00:00,0.11,23.02,94.2,0.37
2019-06-03 20:00:00,0.11,22.78,95.32,0.38
2019-06-03 21:00:00,0.11,22.47,95.73,0.39
2019-06-03 22:00:00,0.1,22.2,96.01,0.39
2019-06-03 23:00:00,0.08,21.87,96.06,0.39
2019-06-04 00:00:00,0.08,21.55,95.95,0.41
2019-06-04 01:00:00,0.06,21.33,96.78,0.42
2019-06-04 02:00:00,0.05,21.28,96.85,0.41
2019-06-04 03:00:00,0.04,21.34,97.23,0.4
2019-06-04 04:00:00,0.03,21.44,97.57,0.37
2019-06-04 05:00:00,0.02,21.58,97.3,0.35
2019-06-04 06:00:00,0.02,22.18,94.2,0.47
2019-06-04 07:00:00,0.01,23.42,85.71,0.54
2019-06-04 08:00:00,0.17,24.99,76.55,0.57
2019-06-04 09:00:00,0.19,26.59,68.98,0.6
2019-06-04 10:00:00,0.26,27.87,63.68,0.64
2019-06-04 11:00:00,0.35,28.75,60.26,0.68
2019-06-04 12:00:00,0.44,29.12,58.52,0.69
2019-06-04 13:00:00,0.48,29.1,58.21,0.71
2019-06-04 14:00:00,0.44,28.24,62.15,0.72
2019-06-04 15:00:00,0.33,26.99,68.55,0.73
2019-06-04 16:00:00,0.26,25.63,76.05,0.69
2019-06-04 17:00:00,0.23,24.34,84.39,0.57
2019-06-04 18:00:00,0.2,23.39,91.85,0.43
2019-06-04 19:00:00,0.18,23.08,94.73,0.38
2019-06-04 20:00:00,0.15,22.95,95.79,0.36
2019-06-04 21:00:00,0.12,22.77,95.65,0.38
2019-06-04 22:00:00,0.11,22.59,96.2,0.36
2019-06-04 23:00:00,0.12,22.49,96.45,0.34
2019-06-05 00:00:00,0.12,22.37,96.74,0.33
2019-06-05 01:00:00,0.13,22.26,96.82,0.32
2019-06-05 02:00:00,0.12,22.11,96.7,0.32
2019-06-05 03:00:00,0.1,21.89,96.69,0.31
2019-06-05 04:00:00,0.08,21.7,97.24,0.26
2019-06-05 05:00:00,0.06,21.51,97.42,0.22
2019-06-05 06:00:00,0.06,21.78,95.67,0.25
2019-06-05 07:00:00,0.06,22.55,89.47,0.3
2019-06-05 08:00:00,0.95,24.44,75.96,0.32
2019-06-05 09:00:00,1.16,26.57,65.05,0.34
2019-06-05 10:00:00,1.94,28.28,58.36,0.33
2019-06-05 11:00:00,2.8,29.33,55.24,0.37
2019-06-05 12:00:00,3.72,29.51,55.76,0.46
2019-06-05 13:00:00,3.81,28.67,60.63,0.56
2019-06-05 14:00:00,2.81,27.47,67.19,0.63
2019-06-05 15:00:00,2.12,26.29,73.82,0.65
2019-06-05 16:00:00,1.99,25.14,80.98,0.58
2019-06-05 17:00:00,1.54,24.04,89.02,0.45
2019-06-05 18:00:00,1.2,23.36,94.18,0.34
2019-06-05 19:00:00,0.98,23.1,95.89,0.31
2019-06-05 20:00:00,0.69,22.91,96.77,0.27
2019-06-05 21:00:00,0.6,22.74,97.15,0.26
2019-06-05 22:00:00,0.58,22.59,97.64,0.26
2019-06-05 23:00:00,0.7,22.46,97.88,0.27
2019-06-06 00:00:00,0.78,22.35,98.07,0.29
2019-06-06 01:00:00,1.31,22.23,98.44,0.3
2019-06-06 02:00:00,1.54,22.13,98.66,0.31
2019-06-06 03:00:00,1.41,22.04,98.98,0.32
2019-06-06 04:00:00,1.39,21.96,99.14,0.31
2019-06-06 05:00:00,1.43,21.88,99.45,0.3
2019-06-06 06:00:00,1.38,22.53,97.78,0.42
2019-06-06 07:00:00,1.63,23.56,94.06,0.53
2019-06-06 08:00:00,0.04,25.18,83.46,0.61
2019-06-06 09:00:00,0.06,27.02,73.38,0.67
2019-06-06 10:00:00,0.07,28.25,67.69,0.74
2019-06-06 11:00:00,0.09,29.03,64.11,0.8
2019-06-06 12:00:00,0.11,29.14,63.58,0.86
2019-06-06 13:00:00,0.14,28.59,66.67,0.91
2019-06-06 14:00:00,0.18,27.37,73.68,0.93
2019-06-06 15:00:00,0.26,26.22,80.87,0.87
2019-06-06 16:00:00,0.42,25.28,87.47,0.74
2019-06-06 17:00:00,0.68,24.57,93.14,0.58
2019-06-06 18:00:00,1.03,24.2,96.34,0.47
2019-06-06 19:00:00,1.23,24.0,97.91,0.42
2019-06-06 20:00:00,1.03,23.83,98.62,0.41
2019-06-06 21:00:00,0.66,23.72,99.07,0.45
2019-06-06 22:00:00,0.45,23.68,99.28,0.49
2019-06-06 23:00:00,0.3,23.74,99.14,0.55
2019-06-07 00:00:00,0.18,23.87,98.71,0.6
2019-06-07 01:00:00,0.11,23.89,98.24,0.61
2019-06-07 02:00:00,0.07,23.67,97.67,0.56
2019-06-07 03:00:00,0.03,23.43,97.03,0.48
2019-06-07 04:00:00,0.02,23.14,96.47,0.4
2019-06-07 05:00:00,0.01,22.79,95.85,0.32
2019-06-07 06:00:00,0.01,22.78,94.01,0.33
2019-06-07 07:00:00,0.0,23.27,89.11,0.34
2019-06-07 08:00:00,0.13,24.34,81.62,0.39
2019-06-07 09:00:00,0.14,25.65,74.48,0.46
2019-06-07 10:00:00,0.13,26.8,68.78,0.54
2019-06-07 11:00:00,0.11,27.58,65.36,0.62
2019-06-07 12:00:00,0.19,27.99,63.96,0.7
2019-06-07 13:00:00,0.27,27.96,64.61,0.76
2019-06-07 14:00:00,0.31,27.53,66.78,0.77
2019-06-07 15:00:00,0.33,26.94,69.08,0.74
2019-06-07 16:00:00,0.35,25.9,74.14,0.69
2019-06-07 17:00:00,0.36,24.47,83.13,0.61
2019-06-07 18:00:00,0.27,23.23,92.22,0.51
2019-06-07 19:00:00,0.22,22.81,95.57,0.5
2019-06-07 20:00:00,0.2,22.69,96.22,0.48
2019-06-07 21:00:00,0.15,22.5,96.33,0.45
2019-06-07 22:00:00,0.16,22.31,96.78,0.41
2019-06-07 23:00:00,0.17,22.22,97.2,0.39
2019-06-08 00:00:00,0.24,22.17,97.58,0.35
2019-06-08 01:00:00,0.29,22.11,97.85,0.29
2019-06-08 02:00:00,0.28,22.09,98.03,0.24
2019-06-08 03:00:00,0.23,22.03,97.93,0.21
2019-06-08 04:00:00,0.12,21.93,98.17,0.18
2019-06-08 05:00:00,0.06,21.84,98.48,0.17
2019-06-08 06:00:00,0.03,22.49,96.78,0.28
2019-06-08 07:00:00,0.01,23.47,91.58,0.43
2019-06-08 08:00:00,0.02,25.06,79.36,0.55
2019-06-08 09:00:00,0.03,26.78,69.12,0.66
2019-06-08 10:00:00,0.05,27.93,64.12,0.73
2019-06-08 11:00:00,0.07,28.5,62.24,0.78
2019-06-08 12:00:00,0.14,28.54,62.39,0.83
2019-06-08 13:00:00,0.23,28.31,63.41,0.86
2019-06-08 14:00:00,0.27,27.81,65.34,0.87
2019-06-08 15:00:00,0.27,27.1,67.94,0.86
2019-06-08 16:00:00,0.3,26.08,72.26,0.82
2019-06-08 17:00:00,0.42,24.73,80.49,0.69
2019-06-08 18:00:00,0.47,23.4,90.35,0.55
2019-06-08 19:00:00,0.45,22.8,94.56,0.56
2019-06-08 20:00:00,0.48,22.49,95.56,0.56
2019-06-08 21:00:00,0.52,22.25,96.36,0.51
2019-06-08 22:00:00,0.52,22.1,97.24,0.48
2019-06-08 23:00:00,0.57,22.17,97.77,0.46
2019-06-09 00:00:00,0.58,22.36,97.92,0.45
2019-06-09 01:00:00,0.62,22.48,98.0,0.43
2019-06-09 02:00:00,0.49,22.5,97.89,0.43
2019-06-09 03:00:00,0.4,22.42,97.72,0.42
2019-06-09 04:00:00,0.33,22.29,97.81,0.42
2019-06-09 05:00:00,0.26,22.23,97.61,0.44
2019-06-09 06:00:00,0.21,22.61,96.25,0.59
2019-06-09 07:00:00,0.23,23.42,92.51,0.66
2019-06-09 08:00:00,0.68,24.44,84.24,0.76
2019-06-09 09:00:00,0.8,25.52,77.02,0.79
2019-06-09 10:00:00,0.94,26.68,70.37,0.83
2019-06-09 11:00:00,1.31,27.52,65.54,0.9
2019-06-09 12:00:00,1.61,27.98,63.53,0.96
2019-06-09 13:00:00,1.71,27.94,63.4,1.02
2019-06-09 14:00:00,1.66,27.33,64.67,1.03
2019-06-09 15:00:00,2.32,26.38,67.62,0.98
2019-06-09 16:00:00,3.32,25.12,74.0,0.83
2019-06-09 17:00:00,3.29,23.7,83.8,0.64
2019-06-09 18:00:00,2.03,22.39,92.88,0.46
2019-06-09 19:00:00,1.14,21.88,96.21,0.47
2019-06-09 20:00:00,1.06,21.65,96.83,0.49
2019-06-09 21:00:00,1.19,21.46,97.45,0.5
2019-06-09 22:00:00,1.37,21.42,97.55,0.53
2019-06-09 23:00:00,1.5,21.42,97.49,0.55
2019-06-10 00:00:00,0.98,21.43,97.46,0.56
2019-06-10 01:00:00,0.7,21.53,97.48,0.58
2019-06-10 02:00:00,0.98,21.59,97.26,0.57
2019-06-10 03:00:00,1.09,21.5,97.09,0.58
2019-06-10 04:00:00,1.06,21.39,97.3,0.56
2019-06-10 05:00:00,0.92,21.38,97.45,0.55
2019-06-10 06:00:00,0.79,22.07,95.62,0.71
2019-06-10 07:00:00,0.65,23.27,90.71,0.83
2019-06-10 08:00:00,0.16,24.71,81.55,0.98
2019-06-10 09:00:00,0.21,25.86,75.68,0.99
2019-06-10 10:00:00,0.26,26.71,71.38,1.0
2019-06-10 11:00:00,0.27,27.31,68.8,1.02
2019-06-10 12:00:00,0.33,27.33,68.4,1.0
2019-06-10 13:00:00,0.47,26.92,69.96,0.98
2019-06-10 14:00:00,0.71,26.28,72.45,0.97
2019-06-10 15:00:00,0.85,25.53,75.65,0.95
2019-06-10 16:00:00,1.0,24.72,79.99,0.87
2019-06-10 17:00:00,1.28,23.68,88.24,0.67
2019-06-10 18:00:00,1.47,22.85,95.04,0.53
2019-06-10 19:00:00,1.55,22.65,95.95,0.5
2019-06-10 20:00:00,1.31,22.46,95.76,0.47
2019-06-10 21:00:00,0.79,22.25,95.97,0.48
2019-06-10 22:00:00,0.54,22.15,96.26,0.48
2019-06-10 23:00:00,0.41,22.11,96.44,0.49
2019-06-11 00:00:00,0.41,22.04,96.5,0.49
2019-06-11 01:00:00,0.57,21.92,96.54,0.46
2019-06-11 02:00:00,0.71,21.82,96.97,0.43
2019-06-11 03:00:00,0.76,21.73,97.33,0.42
2019-06-11 04:00:00,0.68,21.73,97.47,0.45
2019-06-11 05:00:00,0.56,21.87,97.43,0.51
2019-06-11 06:00:00,0.47,22.49,96.04,0.66
2019-06-11 07:00:00,0.49,23.45,91.63,0.82
2019-06-11 08:00:00,0.35,24.74,82.75,0.98
2019-06-11 09:00:00,0.4,25.89,76.58,1.05
2019-06-11 10:00:00,0.48,26.62,73.49,1.08
2019-06-11 11:00:00,0.46,26.91,71.97,1.1
2019-06-11 12:00:00,0.45,26.93,71.46,1.09
2019-06-11 13:00:00,0.44,26.81,71.55,1.06
2019-06-11 14:00:00,0.47,26.43,73.15,1.04
2019-06-11 15:00:00,0.58,25.79,76.32,0.99
2019-06-11 16:00:00,0.75,24.99,80.42,0.9
2019-06-11 17:00:00,0.89,23.93,87.86,0.69
2019-06-11 18:00:00,1.05,23.01,94.85,0.52
2019-06-11 19:00:00,1.11,22.75,95.83,0.52
2019-06-11 20:00:00,0.86,22.59,96.01,0.52
2019-06-11 21:00:00,0.56,22.52,96.33,0.53
2019-06-11 22:00:00,0.47,22.5,96.66,0.55
2019-06-11 23:00:00,0.39,22.49,96.89,0.54
2019-06-12 00:00:00,0.37,22.5,96.67,0.56
2019-06-12 01:00:00,0.3,22.46,96.63,0.56
2019-06-12 02:00:00,0.24,22.39,96.8,0.54
2019-06-12 03:00:00,0.22,22.29,96.8,0.51
2019-06-12 04:00:00,0.21,22.21,96.82,0.49
2019-06-12 05:00:00,0.23,22.14,96.63,0.48
2019-06-12 06:00:00,0.29,22.61,94.93,0.61
2019-06-12 07:00:00,0.34,23.62,89.91,0.78
2019-06-12 08:00:00,0.25,24.88,82.52,0.92
2019-06-12 09:00:00,0.21,25.87,77.37,1.0
2019-06-12 10:00:00,0.27,26.44,74.36,1.01
2019-06-12 11:00:00,0.28,26.69,73.11,1.0
2019-06-12 12:00:00,0.26,26.76,73.01,0.99
2019-06-12 13:00:00,0.27,26.55,74.51,0.96
2019-06-12 14:00:00,0.25,26.11,77.12,0.92
2019-06-12 15:00:00,0.3,25.6,79.96,0.86
2019-06-12 16:00:00,0.33,25.0,83.34,0.75
2019-06-12 17:00:00,0.35,24.1,89.83,0.54
2019-06-12 18:00:00,0.34,23.22,95.29,0.37
2019-06-12 19:00:00,0.38,22.88,96.46,0.36
2019-06-12 20:00:00,0.38,22.67,96.71,0.37
2019-06-12 21:00:00,0.38,22.5,97.15,0.36
2019-06-12 22:00:00,0.4,22.45,97.35,0.36
2019-06-12 23:00:00,0.37,22.45,97.48,0.38
2019-06-13 00:00:00,0.34,22.45,97.6,0.41
2019-06-13 01:00:00,0.31,22.41,97.51,0.41
2019-06-13 02:00:00,0.22,22.33,97.46,0.42
2019-06-13 03:00:00,0.19,22.27,97.53,0.45
2019-06-13 04:00:00,0.17,22.24,97.67,0.48
2019-06-13 05:00:00,0.21,22.26,97.59,0.5
2019-06-13 06:00:00,0.27,22.66,96.21,0.62
2019-06-13 07:00:00,0.26,23.54,91.57,0.79
2019-06-13 08:00:00,0.27,24.54,84.85,0.9
2019-06-13 09:00:00,0.29,25.15,80.74,0.98
2019-06-13 10:00:00,0.28,25.49,79.08,1.01
2019-06-13 11:00:00,0.26,25.8,78.22,1.0
2019-06-13 12:00:00,0.26,26.0,77.42,0.98
2019-06-13 13:00:00,0.24,25.99,77.86,0.93
2019-06-13 14:00:00,0.26,25.69,79.6,0.85
2019-06-13 15:00:00,0.26,25.12,82.35,0.76
2019-06-13 16:00:00,0.31,24.38,86.59,0.63
2019-06-13 17:00:00,0.29,23.55,92.97,0.45
2019-06-13 18:00:00,0.25,22.95,96.1,0.36
2019-06-13 19:00:00,0.19,22.71,96.92,0.32
2019-06-13 20:00:00,0.21,22.56,97.41,0.29
2019-06-13 21:00:00,0.28,22.45,98.12,0.26
2019-06-13 22:00:00,0.31,22.42,98.33,0.24
2019-06-13 23:00:00,0.34,22.31,98.23,0.25
2019-06-14 00:00:00,0.42,22.18,98.22,0.24
2019-06-14 01:00:00,0.47,22.05,98.2,0.24
2019-06-14 02:00:00,0.45,21.92,98.05,0.24
2019-06-14 03:00:00,0.45,21.77,97.92,0.24
2019-06-14 04:00:00,0.4,21.68,97.85,0.23
2019-06-14 05:00:00,0.36,21.62,97.62,0.23
2019-06-14 06:00:00,0.35,21.97,96.73,0.27
2019-06-14 07:00:00,0.31,22.67,94.03,0.33
2019-06-14 08:00:00,0.16,23.45,89.03,0.4
2019-06-14 09:00:00,0.2,24.35,83.4,0.47
2019-06-14 10:00:00,0.21,25.0,79.19,0.52
2019-06-14 11:00:00,0.25,25.37,76.66,0.56
2019-06-14 12:00:00,0.25,25.53,74.69,0.55
2019-06-14 13:00:00,0.25,25.48,73.25,0.52
2019-06-14 14:00:00,0.28,25.32,71.78,0.46
2019-06-14 15:00:00,0.21,24.81,71.59,0.39
2019-06-14 16:00:00,0.21,23.88,73.72,0.28
2019-06-14 17:00:00,0.23,22.56,79.13,0.23
2019-06-14 18:00:00,0.13,21.18,87.54,0.15
2019-06-14 19:00:00,0.07,20.35,91.94,0.13
2019-06-14 20:00:00,0.06,19.9,93.06,0.11
2019-06-14 21:00:00,0.08,19.57,93.47,0.11
2019-06-14 22:00:00,0.12,19.36,94.17,0.11
2019-06-14 23:00:00,0.16,19.2,95.28,0.1
2019-06-15 00:00:00,0.23,19.1,96.88,0.09
2019-06-15 01:00:00,0.26,19.07,98.47,0.09
2019-06-15 02:00:00,0.23,19.1,99.35,0.08
2019-06-15 03:00:00,0.18,19.17,99.48,0.06
2019-06-15 04:00:00,0.13,19.16,99.95,0.05
2019-06-15 05:00:00,0.1,19.23,100.0,0.04
2019-06-15 06:00:00,0.07,20.38,97.91,0.12
2019-06-15 07:00:00,0.05,21.94,94.79,0.18
2019-06-15 08:00:00,0.02,23.75,87.08,0.48
2019-06-15 09:00:00,0.02,25.49,78.11,0.63
2019-06-15 10:00:00,0.03,26.53,73.28,0.69
2019-06-15 11:00:00,0.05,26.99,71.32,0.73
2019-06-15 12:00:00,0.06,27.09,71.43,0.75
2019-06-15 13:00:00,0.07,26.87,72.69,0.74
2019-06-15 14:00:00,0.09,26.49,74.51,0.73
2019-06-15 15:00:00,0.08,25.9,77.54,0.68
2019-06-15 16:00:00,0.1,25.14,82.38,0.6
2019-06-15 17:00:00,0.09,24.19,89.08,0.47
2019-06-15 18:00:00,0.07,23.23,96.58,0.29
2019-06-15 19:00:00,0.07,22.93,97.58,0.27
2019-06-15 20:00:00,0.07,22.67,97.69,0.26
2019-06-15 21:00:00,0.07,22.49,98.51,0.27
2019-06-15 22:00:00,0.07,22.46,99.28,0.28
2019-06-15 23:00:00,0.07,22.57,98.68,0.31
2019-06-16 00:00:00,0.08,22.51,98.49,0.35
2019-06-16 01:00:00,0.09,22.39,98.43,0.36
2019-06-16 02:00:00,0.08,22.26,98.37,0.35
2019-06-16 03:00:00,0.06,22.16,98.58,0.33
2019-06-16 04:00:00,0.05,22.13,98.58,0.32
2019-06-16 05:00:00,0.04,22.12,98.44,0.33
2019-06-16 06:00:00,0.03,22.53,96.92,0.46
2019-06-16 07:00:00,0.02,23.11,92.63,0.61
2019-06-16 08:00:00,0.0,24.03,84.39,0.65
2019-06-16 09:00:00,0.0,25.14,76.92,0.59
2019-06-16 10:00:00,0.0,26.33,70.04,0.52
2019-06-16 11:00:00,0.0,27.42,65.26,0.58
2019-06-16 12:00:00,0.0,27.95,64.5,0.68
2019-06-16 13:00:00,0.0,27.97,65.7,0.73
2019-06-16 14:00:00,0.01,27.38,69.46,0.73
2019-06-16 15:00:00,0.0,26.41,74.72,0.69
2019-06-16 16:00:00,0.01,25.53,79.55,0.62
2019-06-16 17:00:00,0.01,24.43,86.39,0.49
2019-06-16 18:00:00,0.01,23.48,94.04,0.39
2019-06-16 19:00:00,0.01,23.25,95.88,0.4
2019-06-16 20:00:00,0.0,23.11,96.62,0.38
2019-06-16 21:00:00,0.01,22.94,96.35,0.38
2019-06-16 22:00:00,0.01,22.81,97.17,0.36
2019-06-16 23:00:00,0.01,22.78,97.5,0.36
2019-06-17 00:00:00,0.01,22.77,97.43,0.36
2019-06-17 01:00:00,0.01,22.73,97.39,0.37
2019-06-17 02:00:00,0.01,22.67,97.27,0.35
2019-06-17 03:00:00,0.01,22.61,97.46,0.34
2019-06-17 04:00:00,0.01,22.54,97.69,0.32
2019-06-17 05:00:00,0.01,22.44,97.85,0.3
2019-06-17 06:00:00,0.01,22.94,95.56,0.43
2019-06-17 07:00:00,0.01,23.92,89.3,0.55
2019-06-17 08:00:00,0.01,25.21,81.75,0.63
2019-06-17 09:00:00,0.01,26.28,75.96,0.72
2019-06-17 10:00:00,0.01,26.92,73.0,0.82
2019-06-17 11:00:00,0.01,27.15,72.1,0.89
2019-06-17 12:00:00,0.01,27.19,72.0,0.94
2019-06-17 13:00:00,0.02,26.98,72.6,0.95
2019-06-17 14:00:00,0.02,26.45,74.36,0.95
2019-06-17 15:00:00,0.02,25.76,77.13,0.91
2019-06-17 16:00:00,0.02,25.01,80.82,0.83
2019-06-17 17:00:00,0.02,24.12,87.28,0.66
2019-06-17 18:00:00,0.02,23.36,94.32,0.5
2019-06-17 19:00:00,0.02,23.22,95.23,0.47
2019-06-17 20:00:00,0.02,23.07,95.1,0.43
2019-06-17 21:00:00,0.02,22.94,95.61,0.4
2019-06-17 22:00:00,0.02,22.87,95.9,0.37
2019-06-17 23:00:00,0.03,22.83,96.24,0.36
2019-06-18 00:00:00,0.03,22.78,96.07,0.38
2019-06-18 01:00:00,0.03,22.71,96.56,0.36
2019-06-18 02:00:00,0.03,22.64,96.23,0.35
2019-06-18 03:00:00,0.03,22.44,95.99,0.34
2019-06-18 04:00:00,0.03,22.24,96.27,0.31
2019-06-18 05:00:00,0.02,22.1,96.42,0.28
2019-06-18 06:00:00,0.02,22.38,95.35,0.32
2019-06-18 07:00:00,0.02,23.02,90.52,0.45
2019-06-18 08:00:00,0.13,23.79,84.7,0.53
2019-06-18 09:00:00,0.13,24.68,80.16,0.57
2019-06-18 10:00:00,0.14,25.69,75.46,0.6
2019-06-18 11:00:00,0.14,26.54,72.13,0.64
2019-06-18 12:00:00,0.17,26.94,70.61,0.69
2019-06-18 13:00:00,0.13,26.8,72.22,0.73
2019-06-18 14:00:00,0.13,26.35,75.49,0.75
2019-06-18 15:00:00,0.13,25.62,79.3,0.75
2019-06-18 16:00:00,0.14,24.72,83.93,0.7
2019-06-18 17:00:00,0.18,23.73,90.95,0.55
2019-06-18 18:00:00,0.19,23.01,96.17,0.42
2019-06-18 19:00:00,0.21,22.7,96.98,0.4
2019-06-18 20:00:00,0.25,22.54,97.28,0.37
2019-06-18 21:00:00,0.27,22.38,97.59,0.36
2019-06-18 22:00:00,0.27,22.41,97.72,0.39
2019-06-18 23:00:00,0.27,22.52,97.59,0.45
2019-06-19 00:00:00,0.28,22.59,97.75,0.5
2019-06-19 01:00:00,0.31,22.67,97.8,0.49
2019-06-19 02:00:00,0.29,22.76,97.81,0.48
2019-06-19 03:00:00,0.28,22.75,97.65,0.46
2019-06-19 04:00:00,0.25,22.68,97.66,0.43
2019-06-19 05:00:00,0.26,22.65,97.76,0.38
2019-06-19 06:00:00,0.24,22.87,96.93,0.44
2019-06-19 07:00:00,0.22,23.33,94.63,0.53
2019-06-19 08:00:00,0.18,24.06,89.87,0.63
2019-06-19 09:00:00,0.21,24.89,84.58,0.73
2019-06-19 10:00:00,0.23,25.25,82.53,0.81
2019-06-19 11:00:00,0.16,25.47,81.01,0.85
2019-06-19 12:00:00,0.2,25.55,80.3,0.9
2019-06-19 13:00:00,0.24,25.33,81.22,0.97
2019-06-19 14:00:00,0.28,24.95,82.41,0.97
2019-06-19 15:00:00,0.27,24.28,84.11,0.89
2019-06-19 16:00:00,0.28,23.38,87.11,0.73
2019-06-19 17:00:00,0.33,22.41,91.38,0.53
2019-06-19 18:00:00,0.37,21.73,95.24,0.4
2019-06-19 19:00:00,0.45,21.52,96.48,0.33
2019-06-19 20:00:00,0.43,21.47,97.22,0.34
2019-06-19 21:00:00,0.5,21.52,97.24,0.35
2019-06-19 22:00:00,0.47,21.43,97.49,0.31
2019-06-19 23:00:00,0.49,21.36,97.57,0.27
2019-06-20 00:00:00,0.5,21.25,97.85,0.26
2019-06-20 01:00:00,0.48,21.17,98.15,0.27
2019-06-20 02:00:00,0.49,21.17,98.16,0.29
2019-06-20 03:00:00,0.42,21.2,98.09,0.31
2019-06-20 04:00:00,0.33,21.23,97.87,0.31
2019-06-20 05:00:00,0.29,21.13,97.71,0.3
2019-06-20 06:00:00,0.28,21.52,96.49,0.41
2019-06-20 07:00:00,0.27,22.39,92.57,0.61
2019-06-20 08:00:00,0.4,23.5,85.79,0.77
2019-06-20 09:00:00,0.47,24.28,79.75,0.88
2019-06-20 10:00:00,0.46,24.76,75.84,0.93
2019-06-20 11:00:00,0.41,25.07,73.39,0.92
2019-06-20 12:00:00,0.28,25.31,71.93,0.89
2019-06-20 13:00:00,0.24,25.37,71.11,0.87
2019-06-20 14:00:00,0.25,25.21,71.7,0.85
2019-06-20 15:00:00,0.27,24.7,74.4,0.83
2019-06-20 16:00:00,0.35,23.88,79.3,0.76
2019-06-20 17:00:00,0.39,22.84,87.06,0.58
2019-06-20 18:00:00,0.3,21.98,94.57,0.39
2019-06-20 19:00:00,0.22,21.71,96.44,0.36
2019-06-20 20:00:00,0.13,21.62,97.02,0.37
2019-06-20 21:00:00,0.13,21.5,97.23,0.39
2019-06-20 22:00:00,0.13,21.27,97.36,0.43
2019-06-20 23:00:00,0.15,21.06,97.45,0.45
2019-06-21 00:00:00,0.15,20.94,97.78,0.47
2019-06-21 01:00:00,0.17,20.97,97.59,0.51
2019-06-21 02:00:00,0.18,20.95,97.51,0.5
2019-06-21 03:00:00,0.19,20.8,97.19,0.48
2019-06-21 04:00:00,0.22,20.57,96.87,0.39
2019-06-21 05:00:00,0.23,20.32,96.95,0.28
2019-06-21 06:00:00,0.21,20.5,95.14,0.32
2019-06-21 07:00:00,0.14,21.05,89.78,0.33
2019-06-21 08:00:00,0.24,21.73,83.61,0.34
2019-06-21 09:00:00,0.24,22.3,80.71,0.36
2019-06-21 10:00:00,0.28,22.78,80.12,0.39
2019-06-21 11:00:00,0.34,23.35,79.97,0.46
2019-06-21 12:00:00,0.34,23.93,80.52,0.56
2019-06-21 13:00:00,0.35,24.2,82.82,0.72
2019-06-21 14:00:00,0.3,24.29,85.83,0.85
2019-06-21 15:00:00,0.27,24.16,88.93,0.9
2019-06-21 16:00:00,0.34,23.7,91.98,0.86
2019-06-21 17:00:00,0.41,23.15,95.46,0.71
2019-06-21 18:00:00,0.46,22.78,97.54,0.54
2019-06-21 19:00:00,0.64,22.67,98.04,0.53
2019-06-21 20:00:00,0.59,22.68,98.28,0.6
2019-06-21 21:00:00,0.42,22.81,98.43,0.72
2019-06-21 22:00:00,0.47,22.99,98.25,0.9
2019-06-21 23:00:00,1.01,23.0,97.07,1.02
2019-06-22 00:00:00,1.76,22.79,96.61,0.96
2019-06-22 01:00:00,2.2,22.51,96.68,0.84
2019-06-22 02:00:00,1.87,22.28,97.14,0.67
2019-06-22 03:00:00,1.29,22.18,97.44,0.61
2019-06-22 04:00:00,0.91,22.25,97.64,0.6
2019-06-22 05:00:00,0.78,22.32,97.59,0.58
2019-06-22 06:00:00,0.8,22.42,96.59,0.58
2019-06-22 07:00:00,0.9,22.5,94.16,0.65
2019-06-22 08:00:00,0.36,22.71,89.57,0.77
2019-06-22 09:00:00,0.34,23.28,84.64,0.88
2019-06-22 10:00:00,0.37,24.05,80.72,0.96
2019-06-22 11:00:00,0.45,24.72,78.06,1.04
2019-06-22 12:00:00,0.49,25.08,76.72,1.09
2019-06-22 13:00:00,0.45,25.14,76.57,1.13
2019-06-22 14:00:00,0.44,24.83,78.1,1.14
2019-06-22 15:00:00,0.49,24.14,81.48,1.08
2019-06-22 16:00:00,0.67,23.39,85.61,0.96
2019-06-22 17:00:00,0.77,22.58,91.66,0.79
2019-06-22 18:00:00,0.95,22.08,95.92,0.66
2019-06-22 19:00:00,1.2,22.03,96.48,0.65
2019-06-22 20:00:00,1.23,22.03,97.02,0.61
2019-06-22 21:00:00,1.24,22.08,97.15,0.57
2019-06-22 22:00:00,0.84,22.09,97.57,0.58
2019-06-22 23:00:00,0.43,22.15,97.72,0.56
2019-06-23 00:00:00,0.39,22.18,97.61,0.51
2019-06-23 01:00:00,0.35,22.04,97.38,0.48
2019-06-23 02:00:00,0.28,21.87,97.4,0.47
2019-06-23 03:00:00,0.2,21.77,97.58,0.43
2019-06-23 04:00:00,0.18,21.71,97.56,0.4
2019-06-23 05:00:00,0.21,21.57,97.59,0.36
2019-06-23 06:00:00,0.2,21.92,96.32,0.4
2019-06-23 07:00:00,0.18,22.63,91.45,0.51
2019-06-23 08:00:00,0.11,23.59,83.47,0.61
2019-06-23 09:00:00,0.13,24.5,77.91,0.65
2019-06-23 10:00:00,0.25,25.09,74.37,0.69
2019-06-23 11:00:00,0.54,25.37,73.2,0.72
2019-06-23 12:00:00,0.74,25.48,73.7,0.75
2019-06-23 13:00:00,0.7,25.38,75.66,0.77
2019-06-23 14:00:00,0.39,25.03,78.41,0.76
2019-06-23 15:00:00,0.2,24.48,81.78,0.69
2019-06-23 16:00:00,0.15,23.82,85.89,0.57
2019-06-23 17:00:00,0.14,23.01,91.58,0.41
2019-06-23 18:00:00,0.11,22.28,96.05,0.26
2019-06-23 19:00:00,0.09,22.05,96.81,0.22
2019-06-23 20:00:00,0.13,21.92,97.25,0.2
2019-06-23 21:00:00,0.23,21.82,97.7,0.22
2019-06-23 22:00:00,0.31,21.76,97.88,0.23
2019-06-23 23:00:00,0.36,21.67,98.15,0.23
2019-06-24 00:00:00,0.37,21.61,98.12,0.24
2019-06-24 01:00:00,0.39,21.52,98.17,0.26
2019-06-24 02:00:00,0.36,21.43,98.34,0.27
2019-06-24 03:00:00,0.36,21.41,98.33,0.28
2019-06-24 04:00:00,0.32,21.37,98.46,0.29
2019-06-24 05:00:00,0.26,21.4,98.43,0.29
2019-06-24 06:00:00,0.2,22.04,96.71,0.39
2019-06-24 07:00:00,0.13,23.11,91.17,0.52
2019-06-24 08:00:00,0.04,24.67,81.4,0.59
2019-06-24 09:00:00,0.02,25.96,75.13,0.63
2019-06-24 10:00:00,0.04,26.79,71.76,0.64
2019-06-24 11:00:00,0.05,27.36,69.8,0.67
2019-06-24 12:00:00,0.08,27.55,69.76,0.69
2019-06-24 13:00:00,0.09,27.25,71.43,0.71
2019-06-24 14:00:00,0.11,26.55,74.61,0.7
2019-06-24 15:00:00,0.11,25.69,78.42,0.66
2019-06-24 16:00:00,0.14,24.76,82.82,0.58
2019-06-24 17:00:00,0.11,23.68,89.35,0.46
2019-06-24 18:00:00,0.08,22.76,96.03,0.3
2019-06-24 19:00:00,0.08,22.48,97.31,0.28
2019-06-24 20:00:00,0.07,22.28,97.91,0.25
2019-06-24 21:00:00,0.11,22.16,98.39,0.24
2019-06-24 22:00:00,0.16,22.14,98.72,0.26
2019-06-24 23:00:00,0.18,22.24,98.79,0.28
2019-06-25 00:00:00,0.23,22.3,98.79,0.29
2019-06-25 01:00:00,0.26,22.32,98.84,0.3
2019-06-25 02:00:00,0.28,22.29,98.95,0.3
2019-06-25 03:00:00,0.29,22.24,98.98,0.28
2019-06-25 04:00:00,0.29,22.19,98.93,0.27
2019-06-25 05:00:00,0.26,22.14,98.95,0.27
2019-06-25 06:00:00,0.29,22.72,97.6,0.36
2019-06-25 07:00:00,0.34,23.63,93.84,0.53
2019-06-25 08:00:00,0.0,24.97,84.32,0.66
2019-06-25 09:00:00,0.0,26.12,77.07,0.73
2019-06-25 10:00:00,0.0,26.73,73.83,0.79
2019-06-25 11:00:00,0.0,26.72,73.79,0.82
2019-06-25 12:00:00,0.01,26.64,74.27,0.84
2019-06-25 13:00:00,0.01,26.39,75.21,0.85
2019-06-25 14:00:00,0.01,25.96,77.26,0.84
2019-06-25 15:00:00,0.01,25.46,79.72,0.82
2019-06-25 16:00:00,0.01,24.76,83.94,0.73
2019-06-25 17:00:00,0.0,23.91,90.58,0.58
2019-06-25 18:00:00,0.0,23.22,94.79,0.48
2019-06-25 19:00:00,0.0,22.94,95.96,0.45
2019-06-25 20:00:00,0.0,22.87,96.37,0.42
2019-06-25 21:00:00,0.01,22.8,96.33,0.41
2019-06-25 22:00:00,0.01,22.72,96.78,0.4
2019-06-25 23:00:00,0.0,22.69,96.32,0.42
2019-06-26 00:00:00,0.0,22.58,96.46,0.4
2019-06-26 01:00:00,0.0,22.48,96.4,0.39
2019-06-26 02:00:00,0.0,22.37,96.36,0.37
2019-06-26 03:00:00,0.0,22.29,96.44,0.36
2019-06-26 04:00:00,0.0,22.2,96.72,0.34
2019-06-26 05:00:00,0.0,22.13,97.07,0.32
2019-06-26 06:00:00,0.0,22.63,95.35,0.38
2019-06-26 07:00:00,0.0,23.67,89.05,0.51
2019-06-26 08:00:00,0.0,24.79,82.32,0.61
2019-06-26 09:00:00,0.0,25.78,77.27,0.67
2019-06-26 10:00:00,0.0,26.43,73.77,0.73
2019-06-26 11:00:00,0.0,26.75,72.19,0.79
2019-06-26 12:00:00,0.0,26.8,72.05,0.83
2019-06-26 13:00:00,0.0,26.62,72.86,0.85
2019-06-26 14:00:00,0.0,26.15,75.01,0.84
2019-06-26 15:00:00,0.0,25.58,77.81,0.81
2019-06-26 16:00:00,0.0,24.91,81.46,0.74
2019-06-26 17:00:00,0.0,23.97,88.17,0.57
2019-06-26 18:00:00,0.0,23.15,94.02,0.41
2019-06-26 19:00:00,0.0,22.82,95.71,0.38
2019-06-26 20:00:00,0.0,22.64,96.7,0.3
2019-06-26 21:00:00,0.0,22.52,96.63,0.28
2019-06-26 22:00:00,0.0,22.32,97.54,0.26
2019-06-26 23:00:00,0.0,22.17,98.11,0.26
2019-06-27 00:00:00,0.0,22.1,98.17,0.28
2019-06-27 01:00:00,0.0,21.99,98.8,0.28
2019-06-27 02:00:00,0.0,21.94,98.73,0.3
2019-06-27 03:00:00,0.0,21.87,98.8,0.29
2019-06-27 04:00:00,0.0,21.77,98.86,0.3
2019-06-27 05:00:00,0.0,21.73,98.7,0.3
2019-06-27 06:00:00,0.0,22.49,95.05,0.44
2019-06-27 07:00:00,0.0,23.82,86.63,0.62
2019-06-27 08:00:00,0.0,25.24,78.6,0.71
2019-06-27 09:00:00,0.0,26.35,73.38,0.79
2019-06-27 10:00:00,0.0,27.07,70.39,0.86
2019-06-27 11:00:00,0.0,27.43,69.08,0.91
2019-06-27 12:00:00,0.0,27.51,68.9,0.96
2019-06-27 13:00:00,0.0,27.32,69.67,0.99
2019-06-27 14:00:00,0.0,26.82,71.71,1.02
2019-06-27 15:00:00,0.0,26.09,74.63,1.01
2019-06-27 16:00:00,0.0,25.16,78.75,0.94
2019-06-27 17:00:00,0.0,23.96,85.55,0.76
2019-06-27 18:00:00,0.0,22.86,92.89,0.55
2019-06-27 19:00:00,0.0,22.43,94.51,0.53
2019-06-27 20:00:00,0.0,22.24,95.18,0.51
2019-06-27 21:00:00,0.0,22.09,95.37,0.47
2019-06-27 22:00:00,0.0,21.98,95.64,0.46
2019-06-27 23:00:00,0.0,21.91,95.89,0.45
2019-06-28 00:00:00,0.0,21.83,96.12,0.46
2019-06-28 01:00:00,0.0,21.82,95.71,0.48
2019-06-28 02:00:00,0.0,21.74,96.03,0.43
2019-06-28 03:00:00,0.0,21.67,95.98,0.41
2019-06-28 04:00:00,0.0,21.53,96.25,0.36
2019-06-28 05:00:00,0.0,21.39,96.71,0.34
2019-06-28 06:00:00,0.0,22.11,93.66,0.49
2019-06-28 07:00:00,0.0,23.52,84.57,0.7
2019-06-28 08:00:00,0.0,25.0,76.64,0.81
2019-06-28 09:00:00,0.0,26.18,71.68,0.87
2019-06-28 10:00:00,0.0,27.08,68.74,0.91
2019-06-28 11:00:00,0.0,27.62,66.98,0.95
2019-06-28 12:00:00,0.0,27.77,66.82,0.97
2019-06-28 13:00:00,0.0,27.57,67.86,0.99
2019-06-28 14:00:00,0.0,27.07,69.88,0.99
2019-06-28 15:00:00,0.0,26.3,72.98,0.95
2019-06-28 16:00:00,0.0,25.25,77.46,0.88
2019-06-28 17:00:00,0.0,23.98,84.26,0.71
2019-06-28 18:00:00,0.0,22.86,91.69,0.53
2019-06-28 19:00:00,0.0,22.37,93.57,0.48
2019-06-28 20:00:00,0.0,22.06,94.71,0.44
2019-06-28 21:00:00,0.0,21.94,95.56,0.41
2019-06-28 22:00:00,0.0,21.87,95.67,0.4
2019-06-28 23:00:00,0.0,21.84,95.39,0.42
2019-06-29 00:00:00,0.0,21.75,95.34,0.42
2019-06-29 01:00:00,0.0,21.62,95.54,0.38
2019-06-29 02:00:00,0.0,21.54,96.03,0.36
2019-06-29 03:00:00,0.0,21.51,96.24,0.35
2019-06-29 04:00:00,0.0,21.48,96.66,0.35
2019-06-29 05:00:00,0.0,21.52,96.5,0.36
2019-06-29 06:00:00,0.0,22.21,94.05,0.53
2019-06-29 07:00:00,0.0,23.39,87.14,0.75
2019-06-29 08:00:00,0.0,24.67,79.93,0.86
2019-06-29 09:00:00,0.0,25.72,74.57,0.91
2019-06-29 10:00:00,0.0,26.42,71.4,0.96
2019-06-29 11:00:00,0.0,26.67,69.98,1.0
2019-06-29 12:00:00,0.0,26.64,70.01,1.03
2019-06-29 13:00:00,0.0,26.37,71.38,1.03
2019-06-29 14:00:00,0.0,25.99,72.93,1.02
2019-06-29 15:00:00,0.0,25.52,74.76,0.97
2019-06-29 16:00:00,0.0,24.81,78.53,0.86
2019-06-29 17:00:00,0.0,23.78,86.16,0.67
2019-06-29 18:00:00,0.0,22.92,93.02,0.49
2019-06-29 19:00:00,0.0,22.63,94.57,0.46
2019-06-29 20:00:00,0.0,22.49,95.04,0.45
2019-06-29 21:00:00,0.0,22.36,95.1,0.43
2019-06-29 22:00:00,0.0,22.23,95.24,0.42
2019-06-29 23:00:00,0.0,22.16,95.64,0.45
2019-06-30 00:00:00,0.0,22.14,95.84,0.48
2019-06-30 01:00:00,0.0,22.18,95.75,0.53
2019-06-30 02:00:00,0.0,22.22,95.79,0.56
2019-06-30 03:00:00,0.0,22.22,95.73,0.55
2019-06-30 04:00:00,0.0,22.24,95.65,0.51
2019-06-30 05:00:00,0.0,22.17,95.2,0.48
2019-06-30 06:00:00,0.0,22.5,93.64,0.57
2019-06-30 07:00:00,0.0,23.16,88.12,0.74
2019-06-30 08:00:00,0.0,24.01,82.67,0.88
2019-06-30 09:00:00,0.0,24.76,78.34,0.99
2019-06-30 10:00:00,0.0,25.34,74.79,1.08
2019-06-30 11:00:00,0.0,25.84,72.12,1.13
2019-06-30 12:00:00,0.0,26.05,70.93,1.14
2019-06-30 13:00:00,0.0,25.89,71.61,1.13
2019-06-30 14:00:00,0.0,25.44,73.44,1.08
2019-06-30 15:00:00,0.0,24.81,77.08,0.98
2019-06-30 16:00:00,0.0,24.06,82.24,0.86
2019-06-30 17:00:00,0.0,23.24,88.86,0.66
2019-06-30 18:00:00,0.0,22.57,93.93,0.49
2019-06-30 19:00:00,0.0,22.4,95.62,0.44
2019-06-30 20:00:00,0.0,22.42,96.03,0.42
2019-06-30 21:00:00,0.0,22.42,96.1,0.39
2019-06-30 22:00:00,0.0,22.36,96.27,0.37
2019-06-30 23:00:00,0.0,22.29,96.47,0.37
2019-07-01 00:00:00,0.0,22.22,96.86,0.37
2019-07-01 01:00:00,0.0,22.17,97.03,0.37
2019-07-01 02:00:00,0.0,22.09,97.29,0.37
2019-07-01 03:00:00,0.0,22.06,97.51,0.35
2019-07-01 04:00:00,0.0,22.06,97.52,0.33
2019-07-01 05:00:00,0.0,22.06,97.65,0.32
2019-07-01 06:00:00,0.0,22.75,94.64,0.46
2019-07-01 07:00:00,0.0,23.97,87.43,0.66
2019-07-01 08:00:00,0.0,25.2,80.26,0.77
2019-07-01 09:00:00,0.0,26.16,75.35,0.83
2019-07-01 10:00:00,0.01,26.82,71.96,0.88
2019-07-01 11:00:00,0.01,27.23,70.04,0.92
2019-07-01 12:00:00,0.01,27.33,69.58,0.95
2019-07-01 13:00:00,0.01,27.15,70.4,0.96
2019-07-01 14:00:00,0.0,26.71,72.3,0.95
2019-07-01 15:00:00,0.0,26.07,75.08,0.93
2019-07-01 16:00:00,0.0,25.25,79.07,0.86
2019-07-01 17:00:00,0.0,24.16,85.9,0.67
2019-07-01 18:00:00,0.0,23.13,93.07,0.45
2019-07-01 19:00:00,0.0,22.69,95.13,0.41
2019-07-01 20:00:00,0.01,22.42,95.83,0.39
2019-07-01 21:00:00,0.01,22.26,96.5,0.38
2019-07-01 22:00:00,0.01,22.2,96.74,0.35
2019-07-01 23:00:00,0.01,22.17,96.92,0.34
2019-07-02 00:00:00,0.01,22.17,97.06,0.36
2019-07-02 01:00:00,0.01,22.17,97.11,0.39
2019-07-02 02:00:00,0.01,22.14,97.04,0.41
2019-07-02 03:00:00,0.01,22.12,96.83,0.42
2019-07-02 04:00:00,0.01,22.13,96.89,0.44
2019-07-02 05:00:00,0.01,22.18,96.91,0.42
2019-07-02 06:00:00,0.01,22.71,94.86,0.55
2019-07-02 07:00:00,0.01,23.49,90.25,0.69
2019-07-02 08:00:00,0.19,24.43,84.66,0.84
2019-07-02 09:00:00,0.24,25.26,80.44,0.92
2019-07-02 10:00:00,0.28,25.72,78.2,0.97
2019-07-02 11:00:00,0.3,25.92,77.37,1.02
2019-07-02 12:00:00,0.3,25.89,77.33,1.06
2019-07-02 13:00:00,0.31,25.7,77.89,1.08
2019-07-02 14:00:00,0.28,25.37,78.94,1.06
2019-07-02 15:00:00,0.22,24.78,81.58,0.99
2019-07-02 16:00:00,0.19,24.1,85.48,0.86
2019-07-02 17:00:00,0.16,23.28,91.68,0.63
2019-07-02 18:00:00,0.14,22.69,95.56,0.48
2019-07-02 19:00:00,0.12,22.44,96.23,0.47
2019-07-02 20:00:00,0.13,22.31,96.82,0.46
2019-07-02 21:00:00,0.14,22.25,97.08,0.45
2019-07-02 22:00:00,0.14,22.19,97.31,0.44
2019-07-02 23:00:00,0.14,22.11,97.18,0.45
2019-07-03 00:00:00,0.14,22.04,97.41,0.44
2019-07-03 01:00:00,0.15,22.01,97.42,0.44
2019-07-03 02:00:00,0.16,21.97,97.64,0.43
2019-07-03 03:00:00,0.17,21.98,97.63,0.43
2019-07-03 04:00:00,0.18,21.98,97.71,0.44
2019-07-03 05:00:00,0.16,22.03,97.57,0.45
2019-07-03 06:00:00,0.19,22.42,96.25,0.59
2019-07-03 07:00:00,0.18,23.17,92.96,0.73
2019-07-03 08:00:00,0.39,24.27,85.63,0.85
2019-07-03 09:00:00,0.38,25.37,79.33,0.91
2019-07-03 10:00:00,0.42,26.03,75.96,0.93
2019-07-03 11:00:00,0.41,26.26,74.72,0.93
2019-07-03 12:00:00,0.38,26.22,74.93,0.93
2019-07-03 13:00:00,0.28,26.1,75.64,0.9
2019-07-03 14:00:00,0.23,25.75,77.28,0.87
2019-07-03 15:00:00,0.23,25.23,79.83,0.82
2019-07-03 16:00:00,0.36,24.58,83.64,0.72
2019-07-03 17:00:00,0.37,23.69,90.39,0.56
2019-07-03 18:00:00,0.33,22.87,95.63,0.45
2019-07-03 19:00:00,0.35,22.5,97.16,0.41
2019-07-03 20:00:00,0.42,22.36,97.83,0.35
2019-07-03 21:00:00,0.46,22.3,98.27,0.35
2019-07-03 22:00:00,0.51,22.33,98.19,0.38
2019-07-03 23:00:00,0.59,22.36,98.17,0.4
2019-07-04 00:00:00,0.62,22.38,97.98,0.47
2019-07-04 01:00:00,0.65,22.37,98.13,0.5
2019-07-04 02:00:00,0.62,22.39,98.15,0.46
2019-07-04 03:00:00,0.66,22.37,98.11,0.42
2019-07-04 04:00:00,0.64,22.33,97.97,0.42
2019-07-04 05:00:00,0.64,22.27,98.01,0.45
2019-07-04 06:00:00,0.67,22.55,97.18,0.52
2019-07-04 07:00:00,0.66,23.22,94.77,0.63
2019-07-04 08:00:00,0.46,24.37,86.84,0.77
2019-07-04 09:00:00,0.54,25.64,78.86,0.86
2019-07-04 10:00:00,0.6,26.38,75.23,0.92
2019-07-04 11:00:00,0.6,26.77,73.51,0.94
2019-07-04 12:00:00,0.48,26.78,73.39,0.95
2019-07-04 13:00:00,0.44,26.59,74.01,0.96
2019-07-04 14:00:00,0.37,26.13,75.85,0.95
2019-07-04 15:00:00,0.38,25.46,79.24,0.88
2019-07-04 16:00:00,0.37,24.58,84.8,0.77
2019-07-04 17:00:00,0.34,23.65,91.99,0.63
2019-07-04 18:00:00,0.33,23.03,95.96,0.49
2019-07-04 19:00:00,0.29,22.72,96.49,0.43
2019-07-04 20:00:00,0.31,22.54,96.84,0.43
2019-07-04 21:00:00,0.33,22.39,97.15,0.43
2019-07-04 22:00:00,0.37,22.3,97.53,0.41
2019-07-04 23:00:00,0.39,22.25,97.73,0.41
2019-07-05 00:00:00,0.39,22.21,97.77,0.46
2019-07-05 01:00:00,0.4,22.16,97.83,0.48
2019-07-05 02:00:00,0.43,22.12,97.79,0.48
2019-07-05 03:00:00,0.43,22.09,97.96,0.44
2019-07-05 04:00:00,0.37,22.06,97.91,0.43
2019-07-05 05:00:00,0.37,22.0,97.96,0.43
2019-07-05 06:00:00,0.35,22.4,96.79,0.55
2019-07-05 07:00:00,0.36,23.21,92.68,0.69
2019-07-05 08:00:00,0.12,24.34,84.66,0.82
2019-07-05 09:00:00,0.13,25.38,78.6,0.91
2019-07-05 10:00:00,0.15,25.96,75.54,0.96
2019-07-05 11:00:00,0.13,26.18,74.57,0.99
2019-07-05 12:00:00,0.12,26.26,74.3,1.01
2019-07-05 13:00:00,0.11,26.31,74.12,1.0
2019-07-05 14:00:00,0.11,26.03,75.47,0.96
2019-07-05 15:00:00,0.1,25.41,78.45,0.93
2019-07-05 16:00:00,0.12,24.59,82.56,0.87
2019-07-05 17:00:00,0.17,23.6,89.69,0.67
2019-07-05 18:00:00,0.14,22.74,95.58,0.49
2019-07-05 19:00:00,0.15,22.34,96.58,0.44
2019-07-05 20:00:00,0.16,22.14,97.42,0.37
2019-07-05 21:00:00,0.17,22.04,97.67,0.38
2019-07-05 22:00:00,0.18,21.97,97.83,0.43
2019-07-05 23:00:00,0.19,21.95,98.03,0.43
2019-07-06 00:00:00,0.2,21.96,98.24,0.44
2019-07-06 01:00:00,0.21,21.99,98.16,0.48
2019-07-06 02:00:00,0.22,22.06,98.31,0.48
2019-07-06 03:00:00,0.2,22.15,98.25,0.5
2019-07-06 04:00:00,0.18,22.21,98.07,0.5
2019-07-06 05:00:00,0.18,22.23,98.09,0.49
2019-07-06 06:00:00,0.17,22.55,96.95,0.6
2019-07-06 07:00:00,0.18,23.12,94.6,0.72
2019-07-06 08:00:00,0.19,23.82,88.76,0.86
2019-07-06 09:00:00,0.2,24.88,81.68,0.95
2019-07-06 10:00:00,0.19,25.61,77.13,0.98
2019-07-06 11:00:00,0.19,25.8,75.51,1.02
2019-07-06 12:00:00,0.19,25.88,74.7,1.05
2019-07-06 13:00:00,0.17,25.93,74.19,1.04
2019-07-06 14:00:00,0.14,25.75,74.78,1.01
2019-07-06 15:00:00,0.13,25.24,76.84,0.95
2019-07-06 16:00:00,0.16,24.43,81.42,0.82
2019-07-06 17:00:00,0.18,23.36,89.32,0.6
2019-07-06 18:00:00,0.18,22.51,94.37,0.47
2019-07-06 19:00:00,0.18,22.12,95.55,0.44
2019-07-06 20:00:00,0.2,21.95,96.22,0.42
2019-07-06 21:00:00,0.22,21.82,96.74,0.4
2019-07-06 22:00:00,0.24,21.75,97.02,0.41
2019-07-06 23:00:00,0.28,21.68,97.25,0.44
2019-07-07 00:00:00,0.3,21.66,97.45,0.45
2019-07-07 01:00:00,0.29,21.66,97.5,0.46
2019-07-07 02:00:00,0.27,21.64,97.53,0.45
2019-07-07 03:00:00,0.27,21.54,97.73,0.41
2019-07-07 04:00:00,0.27,21.44,97.91,0.39
2019-07-07 05:00:00,0.27,21.38,98.03,0.37
2019-07-07 06:00:00,0.26,21.93,96.63,0.49
2019-07-07 07:00:00,0.24,23.01,91.7,0.66
2019-07-07 08:00:00,0.31,24.49,82.84,0.78
2019-07-07 09:00:00,0.31,25.67,76.97,0.82
2019-07-07 10:00:00,0.32,26.38,74.14,0.86
2019-07-07 11:00:00,0.28,26.75,72.64,0.89
2019-07-07 12:00:00,0.22,26.75,72.89,0.92
2019-07-07 13:00:00,0.18,26.39,74.62,0.92
2019-07-07 14:00:00,0.14,25.73,77.37,0.92
2019-07-07 15:00:00,0.1,24.89,80.93,0.89
2019-07-07 16:00:00,0.11,24.06,86.42,0.75
2019-07-07 17:00:00,0.14,23.24,92.62,0.59
2019-07-07 18:00:00,0.13,22.64,95.46,0.47
2019-07-07 19:00:00,0.13,22.4,96.82,0.42
2019-07-07 20:00:00,0.16,22.25,97.83,0.32
2019-07-07 21:00:00,0.18,22.12,98.6,0.28
2019-07-07 22:00:00,0.23,22.03,99.1,0.26
2019-07-07 23:00:00,0.24,21.96,99.38,0.25
2019-07-08 00:00:00,0.26,21.87,99.75,0.25
2019-07-08 01:00:00,0.3,21.81,99.88,0.27
2019-07-08 02:00:00,0.29,21.81,99.83,0.29
2019-07-08 03:00:00,0.29,21.82,99.83,0.31
2019-07-08 04:00:00,0.27,21.89,99.73,0.32
2019-07-08 05:00:00,0.23,21.96,99.35,0.32
2019-07-08 06:00:00,0.2,22.53,97.69,0.48
2019-07-08 07:00:00,0.19,23.33,94.35,0.64
2019-07-08 08:00:00,0.13,24.46,85.95,0.72
2019-07-08 09:00:00,0.14,25.54,79.29,0.8
2019-07-08 10:00:00,0.19,26.19,75.83,0.82
2019-07-08 11:00:00,0.25,26.55,74.15,0.85
2019-07-08 12:00:00,0.29,26.73,73.45,0.84
2019-07-08 13:00:00,0.32,26.66,73.96,0.81
2019-07-08 14:00:00,0.32,26.28,75.77,0.81
2019-07-08 15:00:00,0.24,25.85,77.9,0.77
2019-07-08 16:00:00,0.24,25.15,81.69,0.66
2019-07-08 17:00:00,0.24,24.05,89.62,0.52
2019-07-08 18:00:00,0.19,23.2,95.81,0.42
2019-07-08 19:00:00,0.18,22.85,96.83,0.37
2019-07-08 20:00:00,0.17,22.57,97.31,0.32
2019-07-08 21:00:00,0.2,22.38,97.91,0.29
2019-07-08 22:00:00,0.21,22.29,98.17,0.26
2019-07-08 23:00:00,0.23,22.15,98.34,0.26
2019-07-09 00:00:00,0.24,22.03,98.38,0.25
2019-07-09 01:00:00,0.27,21.9,98.41,0.25
2019-07-09 02:00:00,0.29,21.79,98.63,0.25
2019-07-09 03:00:00,0.3,21.71,98.99,0.24
2019-07-09 04:00:00,0.33,21.52,99.79,0.22
2019-07-09 05:00:00,0.32,21.4,100.0,0.23
2019-07-09 06:00:00,0.32,22.06,98.17,0.33
2019-07-09 07:00:00,0.4,22.98,94.31,0.49
2019-07-09 08:00:00,0.35,23.9,85.88,0.6
2019-07-09 09:00:00,0.46,24.83,79.08,0.66
2019-07-09 10:00:00,0.61,25.39,75.21,0.67
2019-07-09 11:00:00,0.74,25.51,73.07,0.64
2019-07-09 12:00:00,0.78,25.45,71.98,0.62
2019-07-09 13:00:00,0.82,25.1,72.21,0.62
2019-07-09 14:00:00,0.7,24.54,74.73,0.58
2019-07-09 15:00:00,0.52,23.81,79.55,0.52
2019-07-09 16:00:00,0.37,23.05,84.91,0.43
2019-07-09 17:00:00,0.25,22.26,91.14,0.32
2019-07-09 18:00:00,0.19,21.57,95.74,0.22
2019-07-09 19:00:00,0.23,21.23,97.19,0.18
2019-07-09 20:00:00,0.18,21.05,97.27,0.19
2019-07-09 21:00:00,0.16,20.87,97.37,0.21
2019-07-09 22:00:00,0.18,20.66,96.94,0.21
2019-07-09 23:00:00,0.25,20.42,96.73,0.21
2019-07-10 00:00:00,0.27,20.33,97.13,0.19
2019-07-10 01:00:00,0.35,20.26,97.04,0.2
2019-07-10 02:00:00,0.32,20.21,97.42,0.17
2019-07-10 03:00:00,0.24,20.13,96.97,0.14
2019-07-10 04:00:00,0.15,20.01,97.02,0.1
2019-07-10 05:00:00,0.13,19.87,97.28,0.08
2019-07-10 06:00:00,0.08,20.33,95.98,0.13
2019-07-10 07:00:00,0.03,21.53,90.19,0.39
2019-07-10 08:00:00,0.24,23.13,80.51,0.6
2019-07-10 09:00:00,0.33,24.29,74.54,0.74
2019-07-10 10:00:00,0.45,24.93,70.7,0.83
2019-07-10 11:00:00,0.82,25.18,69.65,0.86
2019-07-10 12:00:00,1.25,25.13,70.07,0.85
2019-07-10 13:00:00,1.14,24.99,70.64,0.8
2019-07-10 14:00:00,0.64,24.65,71.97,0.74
2019-07-10 15:00:00,0.27,23.95,74.7,0.69
2019-07-10 16:00:00,0.15,23.06,79.22,0.58
2019-07-10 17:00:00,0.29,21.98,85.76,0.45
2019-07-10 18:00:00,0.23,21.02,92.61,0.28
2019-07-10 19:00:00,0.15,20.65,94.7,0.23
2019-07-10 20:00:00,0.1,20.48,95.16,0.16
2019-07-10 21:00:00,0.08,20.35,95.53,0.11
2019-07-10 22:00:00,0.06,20.24,95.86,0.1
2019-07-10 23:00:00,0.05,20.11,96.57,0.14
2019-07-11 00:00:00,0.04,19.98,97.33,0.16
2019-07-11 01:00:00,0.03,19.89,97.94,0.19
2019-07-11 02:00:00,0.01,19.84,98.28,0.22
2019-07-11 03:00:00,0.01,19.79,98.46,0.23
2019-07-11 04:00:00,0.01,19.7,98.32,0.23
2019-07-11 05:00:00,0.01,19.54,98.12,0.24
2019-07-11 06:00:00,0.02,20.0,96.37,0.29
2019-07-11 07:00:00,0.02,20.94,92.2,0.35
2019-07-11 08:00:00,0.0,22.18,85.55,0.34
2019-07-11 09:00:00,0.01,23.64,76.63,0.34
2019-07-11 10:00:00,0.02,25.08,69.35,0.38
2019-07-11 11:00:00,0.07,26.11,64.94,0.43
2019-07-11 12:00:00,0.14,26.56,63.58,0.51
2019-07-11 13:00:00,0.17,26.27,65.93,0.6
2019-07-11 14:00:00,0.21,25.69,70.33,0.68
2019-07-11 15:00:00,0.22,24.87,77.15,0.69
2019-07-11 16:00:00,0.27,24.09,83.08,0.61
2019-07-11 17:00:00,0.19,23.21,89.18,0.46
2019-07-11 18:00:00,0.07,22.24,94.96,0.31
2019-07-11 19:00:00,0.01,21.79,96.82,0.3
2019-07-11 20:00:00,0.0,21.48,97.27,0.25
2019-07-11 21:00:00,0.0,21.1,97.4,0.25
2019-07-11 22:00:00,0.0,20.68,97.51,0.24
2019-07-11 23:00:00,0.01,20.26,97.51,0.22
2019-07-12 00:00:00,0.01,20.11,96.13,0.31
2019-07-12 01:00:00,0.01,20.12,94.05,0.24
2019-07-12 02:00:00,0.02,19.9,92.52,0.17
2019-07-12 03:00:00,0.01,19.66,91.09,0.23
2019-07-12 04:00:00,0.01,19.41,90.46,0.28
2019-07-12 05:00:00,0.01,19.24,90.28,0.29
2019-07-12 06:00:00,0.01,19.82,90.27,0.2
2019-07-12 07:00:00,0.01,21.26,86.04,0.17
2019-07-12 08:00:00,0.0,22.68,77.34,0.3
2019-07-12 09:00:00,0.0,23.95,71.78,0.39
2019-07-12 10:00:00,0.0,24.92,67.88,0.43
2019-07-12 11:00:00,0.0,25.87,64.68,0.47
2019-07-12 12:00:00,0.0,26.8,62.19,0.5
2019-07-12 13:00:00,0.0,27.04,62.47,0.52
2019-07-12 14:00:00,0.0,26.7,65.13,0.56
2019-07-12 15:00:00,0.0,26.05,68.84,0.57
2019-07-12 16:00:00,0.0,24.99,74.4,0.52
2019-07-12 17:00:00,0.0,23.67,82.83,0.42
2019-07-12 18:00:00,0.0,22.41,91.94,0.28
2019-07-12 19:00:00,0.0,21.88,95.86,0.27
2019-07-12 20:00:00,0.01,21.61,97.13,0.26
2019-07-12 21:00:00,0.01,21.3,98.1,0.24
2019-07-12 22:00:00,0.01,20.98,98.92,0.23
2019-07-12 23:00:00,0.01,20.72,99.56,0.23
2019-07-13 00:00:00,0.01,20.55,99.74,0.28
2019-07-13 01:00:00,0.01,20.35,99.87,0.31
2019-07-13 02:00:00,0.01,20.18,99.51,0.31
2019-07-13 03:00:00,0.0,20.08,98.67,0.31
2019-07-13 04:00:00,0.0,20.0,97.67,0.29
2019-07-13 05:00:00,0.0,19.82,97.26,0.26
2019-07-13 06:00:00,0.0,20.39,95.66,0.13
2019-07-13 07:00:00,0.0,21.99,87.06,0.17
2019-07-13 08:00:00,0.05,23.6,79.11,0.29
2019-07-13 09:00:00,0.08,25.01,73.08,0.35
2019-07-13 10:00:00,0.11,26.39,68.34,0.41
2019-07-13 11:00:00,0.16,27.18,66.29,0.49
2019-07-13 12:00:00,0.19,27.24,67.26,0.56
2019-07-13 13:00:00,0.21,26.81,69.98,0.6
2019-07-13 14:00:00,0.27,26.28,72.95,0.61
2019-07-13 15:00:00,0.29,25.55,77.01,0.65
2019-07-13 16:00:00,0.35,24.65,82.74,0.62
2019-07-13 17:00:00,0.36,23.53,90.86,0.5
2019-07-13 18:00:00,0.37,22.74,96.21,0.4
2019-07-13 19:00:00,0.28,22.46,97.23,0.38
2019-07-13 20:00:00,0.21,22.3,97.79,0.32
2019-07-13 21:00:00,0.18,22.12,97.64,0.3
2019-07-13 22:00:00,0.18,21.89,98.23,0.27
2019-07-13 23:00:00,0.22,21.71,98.71,0.25
2019-07-14 00:00:00,0.24,21.56,98.83,0.24
2019-07-14 01:00:00,0.24,21.41,99.11,0.23
2019-07-14 02:00:00,0.27,21.27,99.46,0.22
2019-07-14 03:00:00,0.26,21.16,99.71,0.23
2019-07-14 04:00:00,0.32,21.09,99.92,0.24
2019-07-14 05:00:00,0.32,21.08,99.89,0.25
2019-07-14 06:00:00,0.35,21.7,98.36,0.33
2019-07-14 07:00:00,0.28,22.57,95.16,0.46
2019-07-14 08:00:00,0.17,23.38,88.92,0.55
2019-07-14 09:00:00,0.13,24.53,81.08,0.58
2019-07-14 10:00:00,0.15,25.55,75.56,0.61
2019-07-14 11:00:00,0.18,26.2,71.78,0.65
2019-07-14 12:00:00,0.2,26.49,69.82,0.68
2019-07-14 13:00:00,0.21,26.43,69.42,0.7
2019-07-14 14:00:00,0.19,26.0,70.65,0.73
2019-07-14 15:00:00,0.15,25.2,74.58,0.72
2019-07-14 16:00:00,0.19,24.13,81.33,0.66
2019-07-14 17:00:00,0.17,22.99,89.91,0.54
2019-07-14 18:00:00,0.14,22.23,96.34,0.45
2019-07-14 19:00:00,0.14,22.09,97.4,0.47
2019-07-14 20:00:00,0.16,22.03,97.82,0.44
2019-07-14 21:00:00,0.16,21.99,97.64,0.46
2019-07-14 22:00:00,0.23,21.83,97.64,0.52
2019-07-14 23:00:00,0.36,21.75,97.82,0.56
2019-07-15 00:00:00,0.63,21.68,97.76,0.55
2019-07-15 01:00:00,0.85,21.49,97.4,0.53
2019-07-15 02:00:00,0.96,21.28,97.7,0.46
2019-07-15 03:00:00,0.98,21.16,97.88,0.42
2019-07-15 04:00:00,0.87,21.13,98.23,0.43
2019-07-15 05:00:00,0.53,21.21,98.35,0.47
2019-07-15 06:00:00,0.29,21.64,97.33,0.6
2019-07-15 07:00:00,0.12,22.21,93.97,0.67
2019-07-15 08:00:00,0.19,22.77,85.75,0.73
2019-07-15 09:00:00,0.08,23.6,77.97,0.75
2019-07-15 10:00:00,0.08,24.31,73.14,0.76
2019-07-15 11:00:00,0.15,24.78,71.07,0.75
2019-07-15 12:00:00,0.3,25.07,70.48,0.75
2019-07-15 13:00:00,0.47,25.06,71.53,0.75
2019-07-15 14:00:00,0.68,24.78,73.49,0.75
2019-07-15 15:00:00,0.91,24.1,76.68,0.74
2019-07-15 16:00:00,0.81,23.15,81.02,0.68
2019-07-15 17:00:00,0.56,22.0,87.87,0.55
2019-07-15 18:00:00,0.44,21.06,93.61,0.44
2019-07-15 19:00:00,0.39,20.66,94.74,0.43
2019-07-15 20:00:00,0.44,20.42,95.53,0.44
2019-07-15 21:00:00,0.48,20.28,96.46,0.4
2019-07-15 22:00:00,0.43,20.23,96.88,0.43
2019-07-15 23:00:00,0.42,20.26,96.94,0.47
2019-07-16 00:00:00,0.48,20.33,97.1,0.5
2019-07-16 01:00:00,0.51,20.34,96.92,0.47
2019-07-16 02:00:00,0.48,20.23,97.18,0.42
2019-07-16 03:00:00,0.47,20.26,97.62,0.38
2019-07-16 04:00:00,0.46,20.32,97.59,0.38
2019-07-16 05:00:00,0.48,20.23,97.08,0.37
2019-07-16 06:00:00,0.49,20.64,95.8,0.46
2019-07-16 07:00:00,0.59,21.65,90.2,0.69
2019-07-16 08:00:00,0.45,23.13,81.69,0.81
2019-07-16 09:00:00,0.53,24.32,75.99,0.9
2019-07-16 10:00:00,0.62,25.16,72.64,0.97
2019-07-16 11:00:00,0.61,25.75,70.53,1.05
2019-07-16 12:00:00,0.65,25.91,70.08,1.11
2019-07-16 13:00:00,0.59,25.71,70.92,1.16
2019-07-16 14:00:00,0.46,25.25,72.49,1.17
2019-07-16 15:00:00,0.31,24.51,75.34,1.13
2019-07-16 16:00:00,0.29,23.58,80.05,1.03
2019-07-16 17:00:00,0.3,22.44,87.54,0.82
2019-07-16 18:00:00,0.2,21.46,93.85,0.62
2019-07-16 19:00:00,0.16,21.07,95.26,0.53
2019-07-16 20:00:00,0.13,20.88,95.89,0.5
2019-07-16 21:00:00,0.12,20.73,96.08,0.49
2019-07-16 22:00:00,0.14,20.62,96.53,0.5
2019-07-16 23:00:00,0.13,20.62,96.65,0.55
2019-07-17 00:00:00,0.15,20.66,96.76,0.59
2019-07-17 01:00:00,0.19,20.69,96.69,0.6
2019-07-17 02:00:00,0.26,20.68,96.64,0.6
2019-07-17 03:00:00,0.25,20.63,96.51,0.58
2019-07-17 04:00:00,0.26,20.55,96.58,0.55
2019-07-17 05:00:00,0.21,20.49,96.61,0.53
2019-07-17 06:00:00,0.2,20.89,95.01,0.67
2019-07-17 07:00:00,0.21,21.77,89.8,0.79
2019-07-17 08:00:00,0.21,22.91,81.97,0.95
2019-07-17 09:00:00,0.15,23.88,76.76,1.02
2019-07-17 10:00:00,0.19,24.61,73.35,1.04
2019-07-17 11:00:00,0.22,24.96,71.92,1.06
2019-07-17 12:00:00,0.34,25.07,71.94,1.07
2019-07-17 13:00:00,0.48,24.89,73.12,1.07
2019-07-17 14:00:00,0.67,24.33,76.0,1.06
2019-07-17 15:00:00,0.57,23.55,80.29,1.03
2019-07-17 16:00:00,0.88,22.82,84.72,0.95
2019-07-17 17:00:00,0.96,21.97,90.76,0.78
2019-07-17 18:00:00,0.61,21.28,94.77,0.66
2019-07-17 19:00:00,0.6,20.95,95.29,0.63
2019-07-17 20:00:00,0.65,20.78,95.92,0.62
2019-07-17 21:00:00,0.7,20.71,96.24,0.59
2019-07-17 22:00:00,0.87,20.61,96.46,0.59
2019-07-17 23:00:00,0.88,20.49,96.57,0.58
2019-07-18 00:00:00,0.81,20.33,96.84,0.58
2019-07-18 01:00:00,0.7,20.23,96.89,0.57
2019-07-18 02:00:00,0.52,20.19,96.89,0.58
2019-07-18 03:00:00,0.41,20.15,96.8,0.57
2019-07-18 04:00:00,0.38,20.11,96.92,0.55
2019-07-18 05:00:00,0.38,20.09,97.01,0.53
2019-07-18 06:00:00,0.52,20.48,95.65,0.64
2019-07-18 07:00:00,0.76,21.24,91.51,0.77
2019-07-18 08:00:00,0.74,22.33,84.62,0.92
2019-07-18 09:00:00,1.12,23.28,79.54,0.99
2019-07-18 10:00:00,1.46,23.9,76.94,1.02
2019-07-18 11:00:00,1.57,24.37,75.38,1.05
2019-07-18 12:00:00,1.46,24.52,75.6,1.07
2019-07-18 13:00:00,1.29,24.41,76.57,1.09
2019-07-18 14:00:00,1.09,23.95,78.96,1.08
2019-07-18 15:00:00,1.21,23.17,82.84,1.01
2019-07-18 16:00:00,1.27,22.28,88.6,0.84
2019-07-18 17:00:00,1.46,21.62,94.5,0.61
2019-07-18 18:00:00,1.39,21.35,97.27,0.48
2019-07-18 19:00:00,1.5,21.32,98.11,0.48
2019-07-18 20:00:00,1.73,21.36,98.45,0.53
2019-07-18 21:00:00,1.73,21.45,98.75,0.61
2019-07-18 22:00:00,2.08,21.57,98.96,0.73
2019-07-18 23:00:00,2.18,21.75,98.72,0.78
2019-07-19 00:00:00,1.91,21.85,98.44,0.81
2019-07-19 01:00:00,1.81,21.84,98.37,0.82
2019-07-19 02:00:00,2.04,21.83,98.05,0.86
2019-07-19 03:00:00,2.53,21.78,97.84,0.97
2019-07-19 04:00:00,3.32,21.68,97.71,0.98
2019-07-19 05:00:00,4.1,21.5,97.4,0.96
2019-07-19 06:00:00,4.62,21.38,96.67,0.97
2019-07-19 07:00:00,5.04,21.53,95.7,1.0
2019-07-19 08:00:00,2.01,21.96,92.99,1.06
2019-07-19 09:00:00,1.63,22.45,88.11,1.13
2019-07-19 10:00:00,1.3,22.99,84.46,1.22
2019-07-19 11:00:00,0.98,23.42,81.89,1.31
2019-07-19 12:00:00,0.98,23.52,81.77,1.37
2019-07-19 13:00:00,1.19,23.21,84.99,1.33
2019-07-19 14:00:00,1.44,22.9,86.88,1.25
2019-07-19 15:00:00,1.37,22.57,88.47,1.17
2019-07-19 16:00:00,1.09,22.12,91.94,1.06
2019-07-19 17:00:00,0.84,21.74,95.2,0.95
2019-07-19 18:00:00,0.76,21.56,96.76,0.86
2019-07-19 19:00:00,0.8,21.56,96.82,0.82
2019-07-19 20:00:00,0.84,21.53,96.82,0.82
2019-07-19 21:00:00,1.15,21.51,96.92,0.8
2019-07-19 22:00:00,1.46,21.47,96.99,0.79
2019-07-19 23:00:00,1.72,21.38,97.19,0.77
2019-07-20 00:00:00,1.98,21.3,97.26,0.74
2019-07-20 01:00:00,2.11,21.23,97.45,0.71
2019-07-20 02:00:00,2.12,21.19,97.58,0.67
2019-07-20 03:00:00,1.77,21.19,97.73,0.64
2019-07-20 04:00:00,1.33,21.25,97.68,0.65
2019-07-20 05:00:00,1.12,21.33,97.61,0.68
2019-07-20 06:00:00,1.0,21.56,97.01,0.72
2019-07-20 07:00:00,0.93,21.91,94.93,0.79
2019-07-20 08:00:00,0.54,22.29,90.49,0.88
2019-07-20 09:00:00,0.53,22.89,86.26,0.94
2019-07-20 10:00:00,0.58,23.81,82.07,1.02
2019-07-20 11:00:00,0.68,24.41,79.55,1.08
2019-07-20 12:00:00,0.83,24.61,78.65,1.11
2019-07-20 13:00:00,0.99,24.57,79.02,1.1
2019-07-20 14:00:00,1.15,24.25,79.99,1.1
2019-07-20 15:00:00,1.1,23.67,82.96,1.04
2019-07-20 16:00:00,1.05,22.93,87.72,0.93
2019-07-20 17:00:00,1.03,22.12,93.54,0.77
2019-07-20 18:00:00,1.15,21.65,96.21,0.63
2019-07-20 19:00:00,1.31,21.4,96.62,0.56
2019-07-20 20:00:00,1.46,21.26,96.9,0.52
2019-07-20 21:00:00,1.45,21.19,97.25,0.47
2019-07-20 22:00:00,1.26,21.06,97.26,0.48
2019-07-20 23:00:00,0.92,20.93,97.37,0.53
2019-07-21 00:00:00,0.63,20.86,97.35,0.62
2019-07-21 01:00:00,0.4,20.79,97.48,0.64
2019-07-21 02:00:00,0.29,20.79,97.45,0.62
2019-07-21 03:00:00,0.27,20.85,97.15,0.63
2019-07-21 04:00:00,0.26,20.88,97.17,0.65
2019-07-21 05:00:00,0.28,20.89,97.03,0.66
2019-07-21 06:00:00,0.33,21.13,96.08,0.73
2019-07-21 07:00:00,0.35,21.83,93.07,0.9
2019-07-21 08:00:00,0.55,22.98,86.63,1.04
2019-07-21 09:00:00,0.59,23.89,81.96,1.13
2019-07-21 10:00:00,0.59,24.32,80.33,1.17
2019-07-21 11:00:00,0.65,24.5,79.19,1.18
2019-07-21 12:00:00,0.72,24.66,77.77,1.15
2019-07-21 13:00:00,0.86,24.68,77.14,1.11
2019-07-21 14:00:00,1.12,24.45,78.35,1.09
2019-07-21 15:00:00,1.31,24.03,80.42,1.1
2019-07-21 16:00:00,1.58,23.42,85.83,1.0
2019-07-21 17:00:00,2.1,22.67,94.05,0.79
2019-07-21 18:00:00,2.13,22.38,97.66,0.66
2019-07-21 19:00:00,1.36,22.38,97.69,0.59
2019-07-21 20:00:00,1.08,22.26,97.76,0.54
2019-07-21 21:00:00,0.99,22.13,97.63,0.55
2019-07-21 22:00:00,0.8,21.98,97.73,0.53
2019-07-21 23:00:00,0.73,21.96,97.85,0.54
2019-07-22 00:00:00,0.75,21.96,97.79,0.58
2019-07-22 01:00:00,0.71,21.83,97.61,0.6
2019-07-22 02:00:00,0.68,21.63,97.7,0.55
2019-07-22 03:00:00,0.82,21.41,97.53,0.54
2019-07-22 04:00:00,0.97,21.18,97.53,0.52
2019-07-22 05:00:00,1.08,20.99,97.47,0.53
2019-07-22 06:00:00,1.31,21.25,96.15,0.66
2019-07-22 07:00:00,1.51,21.95,92.18,0.82
2019-07-22 08:00:00,0.62,22.95,85.68,1.0
2019-07-22 09:00:00,0.59,23.83,81.17,1.11
2019-07-22 10:00:00,0.63,24.41,78.58,1.16
2019-07-22 11:00:00,0.72,24.72,76.78,1.17
2019-07-22 12:00:00,0.64,24.34,77.88,1.15
2019-07-22 13:00:00,0.42,23.62,81.14,1.1
2019-07-22 14:00:00,0.31,22.97,85.2,0.99
2019-07-22 15:00:00,0.3,22.45,88.54,0.86
2019-07-22 16:00:00,0.31,21.92,91.85,0.78
2019-07-22 17:00:00,0.21,21.43,95.34,0.71
2019-07-22 18:00:00,0.15,21.25,96.91,0.66
2019-07-22 19:00:00,0.13,21.24,96.87,0.63
2019-07-22 20:00:00,0.1,21.16,96.43,0.58
2019-07-22 21:00:00,0.02,20.87,96.12,0.48
2019-07-22 22:00:00,0.01,20.56,95.95,0.39
2019-07-22 23:00:00,0.03,20.28,96.2,0.33
2019-07-23 00:00:00,0.08,20.05,96.64,0.33
2019-07-23 01:00:00,0.13,19.87,96.89,0.33
2019-07-23 02:00:00,0.17,19.71,97.06,0.3
2019-07-23 03:00:00,0.15,19.61,97.14,0.27
2019-07-23 04:00:00,0.11,19.53,97.14,0.25
2019-07-23 05:00:00,0.1,19.49,97.1,0.23
2019-07-23 06:00:00,0.09,19.96,96.08,0.28
2019-07-23 07:00:00,0.06,21.08,91.26,0.52
2019-07-23 08:00:00,0.04,22.42,84.19,0.75
2019-07-23 09:00:00,0.06,23.51,79.62,0.87
2019-07-23 10:00:00,0.09,24.18,76.93,0.93
2019-07-23 11:00:00,0.13,24.56,75.76,0.96
2019-07-23 12:00:00,0.23,24.73,75.41,0.98
2019-07-23 13:00:00,0.29,24.64,75.78,0.99
2019-07-23 14:00:00,0.34,24.27,77.36,0.96
2019-07-23 15:00:00,0.39,23.67,80.11,0.92
2019-07-23 16:00:00,0.54,22.84,84.47,0.8
2019-07-23 17:00:00,0.58,21.89,91.44,0.59
2019-07-23 18:00:00,0.46,21.21,96.3,0.39
2019-07-23 19:00:00,0.25,20.9,96.91,0.34
2019-07-23 20:00:00,0.15,20.63,97.32,0.3
2019-07-23 21:00:00,0.08,20.48,97.59,0.27
2019-07-23 22:00:00,0.09,20.36,97.75,0.26
2019-07-23 23:00:00,0.16,20.26,97.88,0.24
2019-07-24 00:00:00,0.27,20.14,98.11,0.24
2019-07-24 01:00:00,0.41,20.07,98.48,0.24
2019-07-24 02:00:00,0.46,20.11,98.63,0.23
2019-07-24 03:00:00,0.47,20.17,98.5,0.23
2019-07-24 04:00:00,0.39,20.2,98.72,0.23
2019-07-24 05:00:00,0.31,20.27,98.72,0.22
2019-07-24 06:00:00,0.23,20.77,97.77,0.29
2019-07-24 07:00:00,0.17,21.54,94.64,0.47
2019-07-24 08:00:00,0.3,22.67,87.58,0.64
2019-07-24 09:00:00,0.41,24.05,80.47,0.73
2019-07-24 10:00:00,0.48,25.18,75.76,0.82
2019-07-24 11:00:00,0.53,25.88,73.19,0.89
2019-07-24 12:00:00,0.83,26.06,72.56,0.95
2019-07-24 13:00:00,1.24,25.79,73.6,0.97
2019-07-24 14:00:00,0.67,25.17,75.84,0.96
2019-07-24 15:00:00,0.16,24.17,80.42,0.9
2019-07-24 16:00:00,0.28,23.1,87.15,0.77
2019-07-24 17:00:00,0.36,22.26,93.95,0.53
2019-07-24 18:00:00,0.5,21.77,96.65,0.37
2019-07-24 19:00:00,0.65,21.46,97.33,0.3
2019-07-24 20:00:00,0.98,21.31,97.84,0.24
2019-07-24 21:00:00,0.91,21.1,97.89,0.22
2019-07-24 22:00:00,0.79,20.96,98.27,0.19
2019-07-24 23:00:00,0.62,20.88,98.35,0.18
2019-07-25 00:00:00,0.45,20.81,98.4,0.16
2019-07-25 01:00:00,0.39,20.73,98.46,0.15
2019-07-25 02:00:00,0.4,20.67,98.17,0.14
2019-07-25 03:00:00,0.37,20.54,98.09,0.15
2019-07-25 04:00:00,0.35,20.44,98.18,0.14
2019-07-25 05:00:00,0.32,20.38,98.35,0.17
2019-07-25 06:00:00,0.36,20.61,97.7,0.25
2019-07-25 07:00:00,0.29,21.23,95.52,0.36
2019-07-25 08:00:00,0.2,22.24,88.37,0.49
2019-07-25 09:00:00,0.23,23.51,79.86,0.55
2019-07-25 10:00:00,0.26,24.27,74.95,0.6
2019-07-25 11:00:00,0.34,24.75,72.66,0.62
2019-07-25 12:00:00,0.46,24.81,72.72,0.62
2019-07-25 13:00:00,0.59,24.28,75.54,0.64
2019-07-25 14:00:00,0.57,23.49,79.43,0.68
2019-07-25 15:00:00,0.48,22.69,83.37,0.67
2019-07-25 16:00:00,0.43,22.02,86.87,0.58
2019-07-25 17:00:00,0.48,21.2,92.14,0.44
2019-07-25 18:00:00,0.34,20.57,96.43,0.32
2019-07-25 19:00:00,0.25,20.28,97.42,0.28
2019-07-25 20:00:00,0.25,20.14,97.65,0.23
2019-07-25 21:00:00,0.26,19.92,97.19,0.22
2019-07-25 22:00:00,0.38,19.63,97.21,0.21
2019-07-25 23:00:00,0.53,19.38,96.98,0.19
2019-07-26 00:00:00,0.66,19.14,97.03,0.17
2019-07-26 01:00:00,0.79,19.01,97.29,0.16
2019-07-26 02:00:00,0.66,18.98,97.76,0.13
2019-07-26 03:00:00,0.82,19.0,98.17,0.12
2019-07-26 04:00:00,0.78,19.09,98.5,0.14
2019-07-26 05:00:00,0.69,19.24,98.82,0.16
2019-07-26 06:00:00,0.64,19.88,98.01,0.28
2019-07-26 07:00:00,0.58,20.87,95.48,0.45
2019-07-26 08:00:00,0.0,21.95,89.34,0.57
2019-07-26 09:00:00,0.0,23.03,83.14,0.62
2019-07-26 10:00:00,0.0,23.78,79.57,0.62
2019-07-26 11:00:00,0.0,24.37,76.93,0.6
2019-07-26 12:00:00,0.0,24.63,76.05,0.56
2019-07-26 13:00:00,0.0,24.54,76.93,0.5
2019-07-26 14:00:00,0.0,24.12,79.14,0.48
2019-07-26 15:00:00,0.0,23.55,81.94,0.48
2019-07-26 16:00:00,0.0,22.83,85.81,0.45
2019-07-26 17:00:00,0.0,22.01,91.92,0.36
2019-07-26 18:00:00,0.0,21.34,96.3,0.25
2019-07-26 19:00:00,0.0,21.02,96.95,0.22
2019-07-26 20:00:00,0.0,20.8,97.38,0.21
2019-07-26 21:00:00,0.0,20.59,97.93,0.2
2019-07-26 22:00:00,0.0,20.39,98.31,0.2
2019-07-26 23:00:00,0.0,20.26,98.71,0.2
2019-07-27 00:00:00,0.0,20.14,99.3,0.19
2019-07-27 01:00:00,0.0,20.05,99.97,0.19
2019-07-27 02:00:00,0.0,20.0,100.0,0.2
2019-07-27 03:00:00,0.0,19.94,100.0,0.21
2019-07-27 04:00:00,0.0,19.92,100.0,0.21
2019-07-27 05:00:00,0.0,19.89,100.0,0.21
2019-07-27 06:00:00,0.0,20.63,96.18,0.26
2019-07-27 07:00:00,0.0,21.97,87.37,0.32
2019-07-27 08:00:00,0.0,23.49,79.2,0.34
2019-07-27 09:00:00,0.0,24.9,73.38,0.43
2019-07-27 10:00:00,0.0,26.02,70.28,0.52
2019-07-27 11:00:00,0.0,26.69,68.78,0.58
2019-07-27 12:00:00,0.0,26.73,69.46,0.63
2019-07-27 13:00:00,0.0,26.34,71.6,0.65
2019-07-27 14:00:00,0.0,25.74,74.21,0.67
2019-07-27 15:00:00,0.0,24.88,77.77,0.69
2019-07-27 16:00:00,0.0,23.86,82.45,0.65
2019-07-27 17:00:00,0.0,22.79,89.27,0.51
2019-07-27 18:00:00,0.0,21.92,95.12,0.38
2019-07-27 19:00:00,0.0,21.59,96.43,0.36
2019-07-27 20:00:00,0.0,21.37,96.99,0.31
2019-07-27 21:00:00,0.0,21.19,97.75,0.28
2019-07-27 22:00:00,0.0,21.08,97.88,0.25
2019-07-27 23:00:00,0.0,20.95,97.55,0.25
2019-07-28 00:00:00,0.0,20.85,97.48,0.25
2019-07-28 01:00:00,0.0,20.77,97.7,0.25
2019-07-28 02:00:00,0.0,20.75,97.65,0.25
2019-07-28 03:00:00,0.0,20.69,97.34,0.23
2019-07-28 04:00:00,0.0,20.59,97.35,0.2
2019-07-28 05:00:00,0.0,20.47,97.25,0.17
2019-07-28 06:00:00,0.0,20.88,94.82,0.21
2019-07-28 07:00:00,0.0,21.68,88.94,0.34
2019-07-28 08:00:00,0.02,22.57,83.75,0.43
2019-07-28 09:00:00,0.02,23.53,79.55,0.5
2019-07-28 10:00:00,0.03,24.55,75.66,0.58
2019-07-28 11:00:00,0.03,25.2,73.79,0.65
2019-07-28 12:00:00,0.03,25.37,73.59,0.7
2019-07-28 13:00:00,0.03,25.06,75.2,0.72
2019-07-28 14:00:00,0.04,24.32,78.71,0.73
2019-07-28 15:00:00,0.04,23.57,82.63,0.74
2019-07-28 16:00:00,0.04,22.96,86.47,0.69
2019-07-28 17:00:00,0.05,22.26,92.46,0.52
2019-07-28 18:00:00,0.03,21.55,96.44,0.38
2019-07-28 19:00:00,0.03,21.26,97.41,0.33
2019-07-28 20:00:00,0.02,21.07,98.01,0.3
2019-07-28 21:00:00,0.02,20.96,98.15,0.29
2019-07-28 22:00:00,0.01,20.89,98.31,0.28
2019-07-28 23:00:00,0.02,20.89,98.73,0.27
2019-07-29 00:00:00,0.02,20.94,98.77,0.28
2019-07-29 01:00:00,0.02,20.96,98.36,0.27
2019-07-29 02:00:00,0.02,20.83,98.29,0.26
2019-07-29 03:00:00,0.02,20.76,98.59,0.25
2019-07-29 04:00:00,0.02,20.74,98.8,0.25
2019-07-29 05:00:00,0.02,20.73,98.91,0.25
2019-07-29 06:00:00,0.02,21.16,97.67,0.3
2019-07-29 07:00:00,0.01,21.88,94.19,0.43
2019-07-29 08:00:00,0.0,22.75,88.05,0.49
2019-07-29 09:00:00,0.0,23.67,82.4,0.54
2019-07-29 10:00:00,0.0,24.32,79.08,0.6
2019-07-29 11:00:00,0.0,24.66,77.44,0.66
2019-07-29 12:00:00,0.0,24.63,77.95,0.7
2019-07-29 13:00:00,0.01,24.33,79.64,0.75
2019-07-29 14:00:00,0.01,23.89,81.92,0.76
2019-07-29 15:00:00,0.01,23.46,84.42,0.71
2019-07-29 16:00:00,0.01,22.98,87.19,0.62
2019-07-29 17:00:00,0.01,22.32,92.49,0.45
2019-07-29 18:00:00,0.01,21.65,96.14,0.3
2019-07-29 19:00:00,0.01,21.36,96.96,0.28
2019-07-29 20:00:00,0.01,21.21,97.21,0.27
2019-07-29 21:00:00,0.0,21.1,97.84,0.26
2019-07-29 22:00:00,0.01,21.06,97.82,0.28
2019-07-29 23:00:00,0.01,21.02,97.71,0.3
2019-07-30 00:00:00,0.01,20.97,97.84,0.31
2019-07-30 01:00:00,0.01,20.91,97.91,0.29
2019-07-30 02:00:00,0.0,20.86,97.76,0.29
2019-07-30 03:00:00,0.0,20.79,97.62,0.29
2019-07-30 04:00:00,0.0,20.71,97.58,0.28
2019-07-30 05:00:00,0.0,20.64,97.26,0.26
2019-07-30 06:00:00,0.0,20.97,95.79,0.28
2019-07-30 07:00:00,0.0,21.78,90.55,0.37
2019-07-30 08:00:00,0.0,22.76,83.44,0.42
2019-07-30 09:00:00,0.0,23.93,76.58,0.46
2019-07-30 10:00:00,0.0,25.03,71.59,0.52
2019-07-30 11:00:00,0.0,25.78,69.67,0.6
2019-07-30 12:00:00,0.0,26.17,69.29,0.66
2019-07-30 13:00:00,0.0,26.15,70.32,0.72
2019-07-30 14:00:00,0.0,25.71,72.28,0.74
2019-07-30 15:00:00,0.0,24.96,75.56,0.7
2019-07-30 16:00:00,0.0,24.03,80.4,0.59
2019-07-30 17:00:00,0.0,22.86,87.63,0.43
2019-07-30 18:00:00,0.0,21.89,94.84,0.27
2019-07-30 19:00:00,0.0,21.54,96.61,0.25
2019-07-30 20:00:00,0.0,21.29,96.73,0.26
2019-07-30 21:00:00,0.0,21.08,97.38,0.23
2019-07-30 22:00:00,0.0,20.92,98.11,0.21
2019-07-30 23:00:00,0.0,20.82,98.19,0.2
2019-07-31 00:00:00,0.0,20.79,98.25,0.2
2019-07-31 01:00:00,0.01,20.75,98.31,0.21
2019-07-31 02:00:00,0.01,20.71,98.21,0.21
2019-07-31 03:00:00,0.01,20.62,98.52,0.21
2019-07-31 04:00:00,0.01,20.56,98.55,0.21
2019-07-31 05:00:00,0.01,20.53,98.59,0.2
2019-07-31 06:00:00,0.01,21.12,96.14,0.28
2019-07-31 07:00:00,0.0,22.28,89.31,0.36
2019-07-31 08:00:00,0.01,23.5,81.61,0.35
2019-07-31 09:00:00,0.0,24.53,75.08,0.38
2019-07-31 10:00:00,0.0,25.11,72.12,0.42
2019-07-31 11:00:00,0.0,25.43,71.39,0.48
2019-07-31 12:00:00,0.0,25.59,71.87,0.54
2019-07-31 13:00:00,0.0,25.44,73.78,0.61
2019-07-31 14:00:00,0.0,24.92,77.41,0.64
2019-07-31 15:00:00,0.0,24.1,81.78,0.65
2019-07-31 16:00:00,0.01,23.29,86.03,0.58
2019-07-31 17:00:00,0.01,22.49,92.28,0.42
2019-07-31 18:00:00,0.01,21.9,96.73,0.27
2019-07-31 19:00:00,0.0,21.68,97.59,0.26
2019-07-31 20:00:00,0.01,21.51,97.58,0.24
2019-07-31 21:00:00,0.01,21.31,97.65,0.23
2019-07-31 22:00:00,0.01,21.09,98.1,0.21
2019-07-31 23:00:00,0.01,20.95,98.2,0.19
2019-08-01 00:00:00,0.01,20.91,98.24,0.22
2019-08-01 01:00:00,0.01,20.85,98.72,0.21
2019-08-01 02:00:00,0.02,20.85,98.81,0.21
2019-08-01 03:00:00,0.02,20.84,98.81,0.2
2019-08-01 04:00:00,0.02,20.82,98.84,0.19
2019-08-01 05:00:00,0.02,20.76,99.13,0.18
2019-08-01 06:00:00,0.02,21.23,97.89,0.22
2019-08-01 07:00:00,0.02,22.16,94.08,0.33
2019-08-01 08:00:00,0.04,23.24,87.64,0.42
2019-08-01 09:00:00,0.04,24.59,80.53,0.49
2019-08-01 10:00:00,0.03,25.6,75.39,0.53
2019-08-01 11:00:00,0.04,26.19,73.61,0.59
2019-08-01 12:00:00,0.05,26.45,72.72,0.64
2019-08-01 13:00:00,0.06,26.2,74.35,0.66
2019-08-01 14:00:00,0.06,25.57,77.41,0.67
2019-08-01 15:00:00,0.05,24.84,80.55,0.65
2019-08-01 16:00:00,0.05,23.87,85.1,0.61
2019-08-01 17:00:00,0.04,22.77,92.2,0.51
2019-08-01 18:00:00,0.02,22.09,97.09,0.38
2019-08-01 19:00:00,0.02,21.83,98.1,0.32
2019-08-01 20:00:00,0.02,21.69,98.26,0.32
2019-08-01 21:00:00,0.02,21.56,98.73,0.31
2019-08-01 22:00:00,0.03,21.51,98.74,0.31
2019-08-01 23:00:00,0.04,21.47,98.51,0.33
2019-08-02 00:00:00,0.05,21.4,98.5,0.33
2019-08-02 01:00:00,0.05,21.33,98.45,0.33
2019-08-02 02:00:00,0.05,21.27,98.47,0.33
2019-08-02 03:00:00,0.05,21.21,98.6,0.32
2019-08-02 04:00:00,0.05,21.17,98.64,0.31
2019-08-02 05:00:00,0.05,21.08,98.65,0.28
2019-08-02 06:00:00,0.04,21.38,97.86,0.36
2019-08-02 07:00:00,0.04,22.02,95.08,0.49
2019-08-02 08:00:00,0.06,22.84,90.03,0.56
2019-08-02 09:00:00,0.05,23.7,85.02,0.62
2019-08-02 10:00:00,0.06,24.33,81.63,0.65
2019-08-02 11:00:00,0.07,24.76,79.92,0.67
2019-08-02 12:00:00,0.08,24.91,79.42,0.7
2019-08-02 13:00:00,0.09,24.91,79.1,0.71
2019-08-02 14:00:00,0.09,24.77,79.83,0.73
2019-08-02 15:00:00,0.1,24.37,82.01,0.71
2019-08-02 16:00:00,0.1,23.71,85.67,0.61
2019-08-02 17:00:00,0.1,22.86,92.1,0.44
2019-08-02 18:00:00,0.08,22.12,96.69,0.41
2019-08-02 19:00:00,0.07,21.87,97.5,0.42
2019-08-02 20:00:00,0.06,21.76,98.21,0.36
2019-08-02 21:00:00,0.07,21.73,98.33,0.36
2019-08-02 22:00:00,0.07,21.73,98.31,0.37
2019-08-02 23:00:00,0.07,21.65,98.17,0.39
2019-08-03 00:00:00,0.07,21.51,98.2,0.39
2019-08-03 01:00:00,0.07,21.45,98.11,0.4
2019-08-03 02:00:00,0.07,21.33,98.17,0.37
2019-08-03 03:00:00,0.07,21.22,98.3,0.35
2019-08-03 04:00:00,0.06,21.16,98.55,0.34
2019-08-03 05:00:00,0.05,21.15,98.53,0.32
2019-08-03 06:00:00,0.05,21.42,97.61,0.37
2019-08-03 07:00:00,0.06,21.99,95.06,0.47
2019-08-03 08:00:00,0.04,22.58,90.36,0.51
2019-08-03 09:00:00,0.04,23.29,85.7,0.5
2019-08-03 10:00:00,0.05,23.94,81.56,0.49
2019-08-03 11:00:00,0.04,24.49,78.67,0.5
2019-08-03 12:00:00,0.03,25.02,75.84,0.48
2019-08-03 13:00:00,0.03,25.23,74.44,0.44
2019-08-03 14:00:00,0.02,25.03,75.39,0.42
2019-08-03 15:00:00,0.02,24.43,79.47,0.41
2019-08-03 16:00:00,0.04,23.55,86.53,0.37
2019-08-03 17:00:00,0.05,22.66,93.81,0.26
2019-08-03 18:00:00,0.08,22.08,97.0,0.2
2019-08-03 19:00:00,0.07,21.76,97.51,0.21
2019-08-03 20:00:00,0.08,21.55,98.13,0.22
2019-08-03 21:00:00,0.09,21.41,98.96,0.21
2019-08-03 22:00:00,0.11,21.39,99.05,0.21
2019-08-03 23:00:00,0.13,21.4,99.04,0.24
2019-08-04 00:00:00,0.13,21.38,98.96,0.25
2019-08-04 01:00:00,0.13,21.32,99.03,0.27
2019-08-04 02:00:00,0.13,21.22,98.84,0.29
2019-08-04 03:00:00,0.11,21.13,98.79,0.3
2019-08-04 04:00:00,0.11,21.02,98.84,0.3
2019-08-04 05:00:00,0.11,20.96,99.17,0.28
2019-08-04 06:00:00,0.11,21.36,98.15,0.36
2019-08-04 07:00:00,0.11,22.06,95.98,0.52
2019-08-04 08:00:00,0.11,22.9,91.13,0.6
2019-08-04 09:00:00,0.15,23.93,84.75,0.67
2019-08-04 10:00:00,0.18,24.65,80.95,0.72
2019-08-04 11:00:00,0.24,24.97,79.01,0.77
2019-08-04 12:00:00,0.27,25.03,78.95,0.83
2019-08-04 13:00:00,0.31,24.94,79.29,0.86
2019-08-04 14:00:00,0.32,24.64,81.17,0.84
2019-08-04 15:00:00,0.32,24.18,84.09,0.81
2019-08-04 16:00:00,0.31,23.54,89.46,0.72
2019-08-04 17:00:00,0.26,22.98,95.53,0.57
2019-08-04 18:00:00,0.24,22.66,96.92,0.48
2019-08-04 19:00:00,0.17,22.43,96.84,0.46
2019-08-04 20:00:00,0.14,22.23,97.59,0.43
2019-08-04 21:00:00,0.13,22.27,97.71,0.39
2019-08-04 22:00:00,0.12,22.16,97.84,0.36
2019-08-04 23:00:00,0.11,22.06,97.54,0.4
2019-08-05 00:00:00,0.09,21.8,97.57,0.45
2019-08-05 01:00:00,0.06,21.58,97.72,0.45
2019-08-05 02:00:00,0.05,21.48,97.76,0.46
2019-08-05 03:00:00,0.08,21.5,97.81,0.48
2019-08-05 04:00:00,0.12,21.47,97.63,0.49
2019-08-05 05:00:00,0.23,21.33,97.22,0.47
2019-08-05 06:00:00,0.34,21.32,96.61,0.49
2019-08-05 07:00:00,0.46,21.77,94.42,0.56
2019-08-05 08:00:00,1.54,22.26,90.22,0.69
2019-08-05 09:00:00,0.88,22.83,85.79,0.77
2019-08-05 10:00:00,0.31,23.3,83.14,0.81
2019-08-05 11:00:00,0.1,23.56,81.02,0.85
2019-08-05 12:00:00,0.08,23.81,79.1,0.9
2019-08-05 13:00:00,0.2,23.97,77.19,0.95
2019-08-05 14:00:00,0.3,23.81,76.61,0.97
2019-08-05 15:00:00,0.43,23.4,78.92,0.92
2019-08-05 16:00:00,0.34,22.77,83.64,0.82
2019-08-05 17:00:00,0.16,21.96,90.48,0.61
2019-08-05 18:00:00,0.07,21.36,94.79,0.43
2019-08-05 19:00:00,0.01,21.09,96.47,0.36
2019-08-05 20:00:00,0.01,20.98,97.35,0.31
2019-08-05 21:00:00,0.01,20.86,98.2,0.26
2019-08-05 22:00:00,0.01,20.77,98.78,0.22
2019-08-05 23:00:00,0.02,20.71,98.82,0.22
2019-08-06 00:00:00,0.05,20.58,98.73,0.24
2019-08-06 01:00:00,0.13,20.51,99.02,0.29
2019-08-06 02:00:00,0.32,20.53,99.22,0.34
2019-08-06 03:00:00,0.47,20.57,98.72,0.39
2019-08-06 04:00:00,0.55,20.66,98.55,0.4
2019-08-06 05:00:00,0.7,20.74,98.46,0.41
2019-08-06 06:00:00,0.67,21.14,97.65,0.51
2019-08-06 07:00:00,0.7,21.99,94.93,0.68
2019-08-06 08:00:00,1.67,23.21,89.32,0.89
2019-08-06 09:00:00,1.71,24.25,83.96,1.01
2019-08-06 10:00:00,1.66,24.61,81.5,1.07
2019-08-06 11:00:00,1.69,24.6,79.92,1.11
2019-08-06 12:00:00,1.68,24.6,77.83,1.09
2019-08-06 13:00:00,1.82,24.58,76.38,1.06
2019-08-06 14:00:00,1.47,24.19,77.01,0.99
2019-08-06 15:00:00,0.87,23.27,80.3,0.88
2019-08-06 16:00:00,0.87,22.35,86.34,0.72
2019-08-06 17:00:00,0.7,21.62,92.59,0.5
2019-08-06 18:00:00,0.78,21.11,96.27,0.32
2019-08-06 19:00:00,0.78,20.98,97.08,0.31
2019-08-06 20:00:00,0.99,20.97,97.61,0.32
2019-08-06 21:00:00,1.31,21.03,97.88,0.33
2019-08-06 22:00:00,1.89,21.12,97.93,0.33
2019-08-06 23:00:00,2.01,21.2,98.14,0.36
2019-08-07 00:00:00,2.06,21.28,98.07,0.4
2019-08-07 01:00:00,1.81,21.34,98.19,0.44
2019-08-07 02:00:00,2.33,21.36,98.07,0.48
2019-08-07 03:00:00,2.26,21.38,98.18,0.48
2019-08-07 04:00:00,2.19,21.39,97.92,0.48
2019-08-07 05:00:00,1.99,21.39,97.79,0.48
2019-08-07 06:00:00,2.11,21.6,97.11,0.5
2019-08-07 07:00:00,2.87,22.01,95.55,0.59
2019-08-07 08:00:00,1.48,22.42,93.13,0.67
2019-08-07 09:00:00,1.41,22.98,90.0,0.77
2019-08-07 10:00:00,1.71,23.75,88.66,0.9
2019-08-07 11:00:00,1.65,24.3,86.84,1.02
2019-08-07 12:00:00,0.81,24.51,83.42,1.08
2019-08-07 13:00:00,0.28,24.13,82.96,1.04
2019-08-07 14:00:00,0.14,23.69,83.81,0.96
2019-08-07 15:00:00,0.2,23.15,86.53,0.87
2019-08-07 16:00:00,0.45,22.67,92.13,0.77
2019-08-07 17:00:00,0.68,22.38,95.69,0.71
2019-08-07 18:00:00,0.95,22.15,97.09,0.72
2019-08-07 19:00:00,1.06,22.16,97.41,0.75
2019-08-07 20:00:00,1.31,22.23,97.38,0.77
2019-08-07 21:00:00,1.2,22.18,96.89,0.73
2019-08-07 22:00:00,1.42,21.89,96.16,0.65
2019-08-07 23:00:00,1.15,21.32,96.0,0.58
2019-08-08 00:00:00,0.73,21.16,96.81,0.57
2019-08-08 01:00:00,0.66,21.25,96.78,0.65
2019-08-08 02:00:00,0.85,21.42,96.99,0.75
2019-08-08 03:00:00,1.25,21.59,96.98,0.77
2019-08-08 04:00:00,1.86,21.65,96.98,0.73
2019-08-08 05:00:00,2.26,21.77,97.16,0.74
2019-08-08 06:00:00,2.57,22.07,97.05,0.83
2019-08-08 07:00:00,2.63,22.51,96.1,0.96
2019-08-08 08:00:00,2.07,22.96,94.6,1.04
2019-08-08 09:00:00,2.12,23.27,91.63,1.17
2019-08-08 10:00:00,2.73,23.46,88.75,1.22
2019-08-08 11:00:00,3.37,23.54,87.47,1.29
2019-08-08 12:00:00,3.9,23.52,87.2,1.3
2019-08-08 13:00:00,4.4,23.45,88.3,1.29
2019-08-08 14:00:00,4.96,23.37,89.64,1.28
2019-08-08 15:00:00,5.09,23.02,92.57,1.19
2019-08-08 16:00:00,4.46,22.77,95.51,1.04
2019-08-08 17:00:00,2.75,22.45,96.47,0.93
2019-08-08 18:00:00,1.65,22.06,97.11,0.85
2019-08-08 19:00:00,1.01,21.83,97.12,0.77
2019-08-08 20:00:00,0.84,21.65,97.08,0.7
2019-08-08 21:00:00,0.73,21.49,97.17,0.67
2019-08-08 22:00:00,0.79,21.4,97.19,0.67
2019-08-08 23:00:00,1.36,21.34,97.27,0.67
2019-08-09 00:00:00,2.23,21.21,97.05,0.71
2019-08-09 01:00:00,2.65,20.91,96.96,0.7
2019-08-09 02:00:00,2.59,20.66,97.17,0.65
2019-08-09 03:00:00,2.8,20.54,97.35,0.55
2019-08-09 04:00:00,3.13,20.51,97.58,0.47
2019-08-09 05:00:00,3.4,20.55,97.76,0.41
2019-08-09 06:00:00,3.08,20.85,97.54,0.42
2019-08-09 07:00:00,2.74,21.53,95.98,0.51
2019-08-09 08:00:00,4.68,22.24,92.77,0.6
2019-08-09 09:00:00,4.46,22.76,89.6,0.73
2019-08-09 10:00:00,3.95,23.18,87.07,0.85
2019-08-09 11:00:00,3.55,23.4,85.81,0.94
2019-08-09 12:00:00,3.27,23.5,84.99,1.0
2019-08-09 13:00:00,2.77,23.44,84.7,1.02
2019-08-09 14:00:00,2.11,23.07,86.93,0.98
2019-08-09 15:00:00,1.96,22.77,89.41,0.93
2019-08-09 16:00:00,2.31,22.38,92.77,0.83
2019-08-09 17:00:00,1.23,21.93,96.07,0.66
2019-08-09 18:00:00,0.28,21.52,96.89,0.6
2019-08-09 19:00:00,0.13,21.31,97.44,0.54
2019-08-09 20:00:00,0.17,21.29,97.73,0.46
2019-08-09 21:00:00,0.35,21.33,98.06,0.39
2019-08-09 22:00:00,0.59,21.39,98.23,0.35
2019-08-09 23:00:00,0.74,21.41,98.1,0.33
2019-08-10 00:00:00,0.9,21.26,97.84,0.3
2019-08-10 01:00:00,0.79,20.96,97.45,0.3
2019-08-10 02:00:00,0.62,20.58,97.53,0.26
2019-08-10 03:00:00,0.44,20.3,97.76,0.21
2019-08-10 04:00:00,0.42,20.14,97.88,0.24
2019-08-10 05:00:00,0.36,20.03,97.58,0.36
2019-08-10 06:00:00,0.42,20.13,96.53,0.48
2019-08-10 07:00:00,0.53,20.62,93.98,0.65
2019-08-10 08:00:00,1.14,21.38,89.62,0.77
2019-08-10 09:00:00,1.61,22.04,85.24,0.83
2019-08-10 10:00:00,1.87,22.52,83.24,0.82
2019-08-10 11:00:00,2.25,22.85,82.33,0.78
2019-08-10 12:00:00,2.16,22.91,82.38,0.78
2019-08-10 13:00:00,1.64,22.89,82.89,0.77
2019-08-10 14:00:00,1.45,22.7,83.71,0.75
2019-08-10 15:00:00,1.57,22.25,85.98,0.7
2019-08-10 16:00:00,1.44,21.69,90.01,0.59
2019-08-10 17:00:00,1.15,21.15,93.85,0.44
2019-08-10 18:00:00,0.94,20.65,96.24,0.32
2019-08-10 19:00:00,0.62,20.49,97.08,0.28
2019-08-10 20:00:00,0.5,20.41,97.5,0.23
2019-08-10 21:00:00,0.52,20.29,97.59,0.19
2019-08-10 22:00:00,0.84,20.09,97.79,0.16
2019-08-10 23:00:00,1.2,19.89,97.94,0.13
2019-08-11 00:00:00,1.31,19.71,98.13,0.1
2019-08-11 01:00:00,1.44,19.66,98.22,0.07
2019-08-11 02:00:00,1.49,19.64,98.39,0.05
2019-08-11 03:00:00,1.59,19.68,98.92,0.07
2019-08-11 04:00:00,2.08,19.84,99.45,0.18
2019-08-11 05:00:00,2.27,20.12,99.6,0.38
2019-08-11 06:00:00,1.7,20.68,98.74,0.58
2019-08-11 07:00:00,0.71,20.9,96.1,0.64
2019-08-11 08:00:00,0.05,21.24,92.21,0.61
2019-08-11 09:00:00,0.01,22.03,86.02,0.67
2019-08-11 10:00:00,0.0,22.88,82.23,0.72
2019-08-11 11:00:00,0.0,23.48,80.82,0.78
2019-08-11 12:00:00,0.03,23.87,79.82,0.85
2019-08-11 13:00:00,0.08,24.14,79.21,0.89
2019-08-11 14:00:00,0.16,23.91,80.29,0.95
2019-08-11 15:00:00,0.29,23.27,83.65,0.96
2019-08-11 16:00:00,0.49,22.45,88.04,0.92
2019-08-11 17:00:00,0.78,21.58,92.77,0.8
2019-08-11 18:00:00,0.59,20.82,95.13,0.62
2019-08-11 19:00:00,0.51,20.56,96.37,0.55
2019-08-11 20:00:00,0.48,20.49,97.02,0.51
2019-08-11 21:00:00,0.54,20.55,97.43,0.48
2019-08-11 22:00:00,0.61,20.64,97.59,0.5
2019-08-11 23:00:00,0.62,20.71,97.59,0.52
2019-08-12 00:00:00,0.63,20.75,97.64,0.55
2019-08-12 01:00:00,0.75,20.84,97.75,0.65
2019-08-12 02:00:00,0.96,20.97,97.63,0.76
2019-08-12 03:00:00,0.8,20.86,97.32,0.76
2019-08-12 04:00:00,0.62,20.45,96.74,0.7
2019-08-12 05:00:00,0.53,19.96,96.81,0.61
2019-08-12 06:00:00,0.48,20.21,96.13,0.68
2019-08-12 07:00:00,0.48,21.13,93.19,0.81
2019-08-12 08:00:00,0.28,22.27,87.62,0.89
2019-08-12 09:00:00,0.33,23.15,82.97,0.94
2019-08-12 10:00:00,0.31,24.0,78.79,0.96
2019-08-12 11:00:00,0.3,24.47,77.11,0.97
2019-08-12 12:00:00,0.26,24.67,77.16,0.99
2019-08-12 13:00:00,0.26,24.57,77.96,1.02
2019-08-12 14:00:00,0.19,24.12,80.1,1.02
2019-08-12 15:00:00,0.16,23.62,82.69,0.97
2019-08-12 16:00:00,0.19,22.97,86.8,0.87
2019-08-12 17:00:00,0.21,22.12,93.12,0.65
2019-08-12 18:00:00,0.2,21.57,96.83,0.46
2019-08-12 19:00:00,0.18,21.37,97.4,0.43
2019-08-12 20:00:00,0.17,21.23,97.76,0.42
2019-08-12 21:00:00,0.17,21.1,97.77,0.48
2019-08-12 22:00:00,0.22,20.89,97.72,0.52
2019-08-12 23:00:00,0.3,20.63,97.61,0.54
2019-08-13 00:00:00,0.34,20.49,97.65,0.58
2019-08-13 01:00:00,0.37,20.41,97.53,0.61
2019-08-13 02:00:00,0.35,20.29,97.36,0.59
2019-08-13 03:00:00,0.34,20.17,97.33,0.53
2019-08-13 04:00:00,0.32,20.09,97.52,0.47
2019-08-13 05:00:00,0.32,20.08,97.92,0.41
2019-08-13 06:00:00,0.32,20.54,97.11,0.47
2019-08-13 07:00:00,0.3,21.49,94.43,0.65
2019-08-13 08:00:00,1.07,22.45,90.09,0.83
2019-08-13 09:00:00,0.97,23.28,86.3,0.95
2019-08-13 10:00:00,1.21,23.9,83.27,1.01
2019-08-13 11:00:00,1.51,24.21,81.24,1.05
2019-08-13 12:00:00,1.98,24.2,81.2,1.06
2019-08-13 13:00:00,2.91,24.17,81.77,1.06
2019-08-13 14:00:00,3.16,23.79,85.01,1.03
2019-08-13 15:00:00,3.1,23.48,88.03,0.99
2019-08-13 16:00:00,3.21,22.98,91.64,0.9
2019-08-13 17:00:00,2.89,22.39,95.91,0.72
2019-08-13 18:00:00,2.6,21.97,97.81,0.56
2019-08-13 19:00:00,2.32,21.76,97.74,0.52
2019-08-13 20:00:00,1.43,21.55,97.82,0.48
2019-08-13 21:00:00,1.46,21.37,97.97,0.44
2019-08-13 22:00:00,1.53,21.19,98.24,0.4
2019-08-13 23:00:00,1.12,21.06,98.44,0.35
2019-08-14 00:00:00,0.93,21.03,98.54,0.35
2019-08-14 01:00:00,0.95,21.05,98.63,0.38
2019-08-14 02:00:00,0.94,21.1,98.8,0.43
2019-08-14 03:00:00,0.85,21.22,98.92,0.52
2019-08-14 04:00:00,1.07,21.4,98.95,0.6
2019-08-14 05:00:00,1.55,21.53,98.85,0.6
2019-08-14 06:00:00,2.22,21.72,97.95,0.67
2019-08-14 07:00:00,3.5,21.94,96.46,0.79
2019-08-14 08:00:00,0.35,22.15,93.54,0.85
2019-08-14 09:00:00,0.38,22.64,88.61,0.92
2019-08-14 10:00:00,0.33,23.37,84.95,1.0
2019-08-14 11:00:00,0.26,23.79,83.21,1.08
2019-08-14 12:00:00,0.24,24.06,82.49,1.13
2019-08-14 13:00:00,0.3,24.16,82.27,1.15
2019-08-14 14:00:00,0.47,23.94,82.99,1.15
2019-08-14 15:00:00,0.69,23.5,86.08,1.06
2019-08-14 16:00:00,0.69,22.8,91.53,0.9
2019-08-14 17:00:00,0.41,22.29,96.09,0.71
2019-08-14 18:00:00,0.19,22.0,97.64,0.66
2019-08-14 19:00:00,0.11,21.94,97.93,0.65
2019-08-14 20:00:00,0.07,21.88,97.99,0.61
2019-08-14 21:00:00,0.08,21.71,97.71,0.61
2019-08-14 22:00:00,0.1,21.27,97.53,0.56
2019-08-14 23:00:00,0.12,21.0,97.81,0.49
2019-08-15 00:00:00,0.17,20.91,98.27,0.43
2019-08-15 01:00:00,0.23,20.99,98.32,0.41
2019-08-15 02:00:00,0.26,21.08,98.44,0.41
2019-08-15 03:00:00,0.21,21.1,98.2,0.43
2019-08-15 04:00:00,0.15,20.87,98.07,0.42
2019-08-15 05:00:00,0.12,20.64,98.17,0.39
2019-08-15 06:00:00,0.12,20.79,97.57,0.46
2019-08-15 07:00:00,0.12,21.29,95.5,0.59
2019-08-15 08:00:00,0.35,22.06,91.31,0.69
2019-08-15 09:00:00,0.32,23.16,85.73,0.73
2019-08-15 10:00:00,0.19,24.19,81.66,0.75
2019-08-15 11:00:00,0.11,24.73,79.63,0.74
2019-08-15 12:00:00,0.06,24.47,81.19,0.73
2019-08-15 13:00:00,0.05,24.02,83.48,0.72
2019-08-15 14:00:00,0.04,23.83,84.69,0.7
2019-08-15 15:00:00,0.04,23.61,86.01,0.64
2019-08-15 16:00:00,0.04,23.04,89.5,0.56
2019-08-15 17:00:00,0.06,22.31,95.1,0.42
2019-08-15 18:00:00,0.07,21.72,97.46,0.31
2019-08-15 19:00:00,0.06,21.44,98.25,0.28
2019-08-15 20:00:00,0.06,21.23,98.38,0.25
2019-08-15 21:00:00,0.05,21.02,98.47,0.24
2019-08-15 22:00:00,0.05,20.82,98.54,0.22
2019-08-15 23:00:00,0.06,20.63,98.61,0.21
2019-08-16 00:00:00,0.06,20.43,98.66,0.21
2019-08-16 01:00:00,0.07,20.23,98.71,0.2
2019-08-16 02:00:00,0.07,20.05,98.9,0.22
2019-08-16 03:00:00,0.04,19.98,99.08,0.25
2019-08-16 04:00:00,0.03,20.0,99.17,0.27
2019-08-16 05:00:00,0.03,20.03,99.33,0.28
2019-08-16 06:00:00,0.02,20.47,98.31,0.34
2019-08-16 07:00:00,0.01,21.22,95.29,0.49
2019-08-16 08:00:00,0.05,22.07,89.12,0.57
2019-08-16 09:00:00,0.03,23.11,82.0,0.61
2019-08-16 10:00:00,0.01,23.94,75.94,0.66
2019-08-16 11:00:00,0.01,24.37,73.27,0.7
2019-08-16 12:00:00,0.01,24.47,73.2,0.73
2019-08-16 13:00:00,0.01,24.29,74.17,0.77
2019-08-16 14:00:00,0.01,23.91,76.63,0.78
2019-08-16 15:00:00,0.01,23.31,80.16,0.72
2019-08-16 16:00:00,0.04,22.51,85.61,0.6
2019-08-16 17:00:00,0.05,21.64,92.07,0.44
2019-08-16 18:00:00,0.08,20.94,96.57,0.3
2019-08-16 19:00:00,0.17,20.69,97.76,0.26
2019-08-16 20:00:00,0.34,20.51,98.11,0.25
2019-08-16 21:00:00,0.72,20.36,98.07,0.26
2019-08-16 22:00:00,1.35,20.17,97.91,0.27
2019-08-16 23:00:00,1.95,19.95,97.87,0.26
2019-08-17 00:00:00,2.15,19.75,98.0,0.23
2019-08-17 01:00:00,1.96,19.62,98.26,0.2
2019-08-17 02:00:00,1.38,19.56,98.5,0.18
2019-08-17 03:00:00,0.86,19.49,98.72,0.16
2019-08-17 04:00:00,0.59,19.46,98.86,0.14
2019-08-17 05:00:00,0.42,19.46,99.09,0.14
2019-08-17 06:00:00,0.34,19.89,98.31,0.2
2019-08-17 07:00:00,0.54,20.63,96.24,0.31
2019-08-17 08:00:00,0.06,21.29,92.35,0.4
2019-08-17 09:00:00,0.07,22.03,87.6,0.46
2019-08-17 10:00:00,0.04,22.68,84.45,0.52
2019-08-17 11:00:00,0.02,23.09,82.9,0.58
2019-08-17 12:00:00,0.02,23.29,82.59,0.64
2019-08-17 13:00:00,0.03,23.51,82.01,0.65
2019-08-17 14:00:00,0.03,23.55,81.78,0.64
2019-08-17 15:00:00,0.02,23.11,83.4,0.59
2019-08-17 16:00:00,0.02,22.35,86.98,0.49
2019-08-17 17:00:00,0.02,21.5,92.84,0.34
2019-08-17 18:00:00,0.02,20.86,96.48,0.23
2019-08-17 19:00:00,0.02,20.65,97.31,0.21
2019-08-17 20:00:00,0.04,20.52,97.85,0.2
2019-08-17 21:00:00,0.05,20.42,98.2,0.19
2019-08-17 22:00:00,0.05,20.37,98.62,0.2
2019-08-17 23:00:00,0.03,20.37,98.58,0.21
2019-08-18 00:00:00,0.02,20.33,98.87,0.22
2019-08-18 01:00:00,0.02,20.3,98.91,0.24
2019-08-18 02:00:00,0.02,20.27,99.04,0.25
2019-08-18 03:00:00,0.04,20.19,99.16,0.24
2019-08-18 04:00:00,0.16,20.1,99.24,0.25
2019-08-18 05:00:00,0.33,19.99,99.27,0.25
2019-08-18 06:00:00,0.34,20.3,98.45,0.3
2019-08-18 07:00:00,0.21,20.9,96.32,0.39
2019-08-18 08:00:00,1.18,21.29,93.35,0.48
2019-08-18 09:00:00,1.17,21.75,89.04,0.5
2019-08-18 10:00:00,1.19,22.33,85.05,0.5
2019-08-18 11:00:00,1.12,22.97,81.81,0.51
2019-08-18 12:00:00,0.95,23.62,79.28,0.57
2019-08-18 13:00:00,0.83,24.04,78.26,0.65
2019-08-18 14:00:00,0.8,24.04,78.76,0.68
2019-08-18 15:00:00,0.91,23.48,81.77,0.66
2019-08-18 16:00:00,1.12,22.59,88.04,0.57
2019-08-18 17:00:00,1.06,21.78,94.59,0.41
2019-08-18 18:00:00,0.96,21.26,97.6,0.28
2019-08-18 19:00:00,1.05,20.92,97.67,0.28
2019-08-18 20:00:00,1.18,20.74,98.3,0.27
2019-08-18 21:00:00,1.18,20.67,98.48,0.27
2019-08-18 22:00:00,0.96,20.61,98.6,0.27
2019-08-18 23:00:00,0.8,20.56,98.77,0.28
2019-08-19 00:00:00,0.5,20.52,98.86,0.29
2019-08-19 01:00:00,0.27,20.48,98.96,0.3
2019-08-19 02:00:00,0.22,20.41,99.09,0.28
2019-08-19 03:00:00,0.23,20.29,99.38,0.25
2019-08-19 04:00:00,0.21,20.17,99.7,0.24
2019-08-19 05:00:00,0.11,20.13,99.75,0.24
2019-08-19 06:00:00,0.06,20.67,98.65,0.3
2019-08-19 07:00:00,0.03,21.57,95.48,0.41
2019-08-19 08:00:00,0.04,22.69,88.28,0.47
2019-08-19 09:00:00,0.06,23.97,80.89,0.51
2019-08-19 10:00:00,0.16,24.63,77.68,0.59
2019-08-19 11:00:00,0.27,24.72,77.35,0.66
2019-08-19 12:00:00,0.44,24.56,77.92,0.72
2019-08-19 13:00:00,0.64,24.64,77.35,0.71
2019-08-19 14:00:00,0.77,24.4,77.96,0.66
2019-08-19 15:00:00,0.92,23.76,80.8,0.64
2019-08-19 16:00:00,0.65,22.9,85.6,0.58
2019-08-19 17:00:00,0.41,21.91,92.42,0.44
2019-08-19 18:00:00,0.29,21.12,96.78,0.29
2019-08-19 19:00:00,0.13,20.83,97.94,0.26
2019-08-19 20:00:00,0.13,20.72,98.19,0.25
2019-08-19 21:00:00,0.15,20.56,98.55,0.26
2019-08-19 22:00:00,0.15,20.44,98.53,0.27
2019-08-19 23:00:00,0.15,20.34,98.76,0.29
2019-08-20 00:00:00,0.17,20.31,98.9,0.29
2019-08-20 01:00:00,0.17,20.33,99.07,0.28
2019-08-20 02:00:00,0.16,20.37,99.14,0.26
2019-08-20 03:00:00,0.16,20.45,99.26,0.26
2019-08-20 04:00:00,0.15,20.56,99.22,0.27
2019-08-20 05:00:00,0.15,20.63,99.32,0.27
2019-08-20 06:00:00,0.12,21.1,98.56,0.32
2019-08-20 07:00:00,0.09,21.91,96.16,0.44
2019-08-20 08:00:00,0.2,22.8,91.26,0.5
2019-08-20 09:00:00,0.16,24.27,83.19,0.56
2019-08-20 10:00:00,0.32,25.47,77.72,0.63
2019-08-20 11:00:00,0.31,25.94,75.99,0.71
2019-08-20 12:00:00,0.47,25.93,76.34,0.79
2019-08-20 13:00:00,0.76,25.41,78.75,0.82
2019-08-20 14:00:00,1.05,24.51,83.57,0.8
2019-08-20 15:00:00,1.1,23.68,88.39,0.72
2019-08-20 16:00:00,1.02,23.09,92.0,0.63
2019-08-20 17:00:00,1.08,22.51,95.62,0.5
2019-08-20 18:00:00,0.88,21.81,97.27,0.39
2019-08-20 19:00:00,0.83,21.32,97.72,0.37
2019-08-20 20:00:00,0.72,21.04,97.94,0.33
2019-08-20 21:00:00,0.66,20.81,98.07,0.3
2019-08-20 22:00:00,0.59,20.68,98.13,0.29
2019-08-20 23:00:00,0.58,20.55,98.31,0.28
2019-08-21 00:00:00,0.52,20.46,98.64,0.28
2019-08-21 01:00:00,0.53,20.43,98.6,0.31
2019-08-21 02:00:00,0.58,20.41,98.65,0.32
2019-08-21 03:00:00,0.73,20.4,98.75,0.31
2019-08-21 04:00:00,0.89,20.37,98.85,0.29
2019-08-21 05:00:00,0.99,20.37,98.87,0.28
2019-08-21 06:00:00,1.02,20.75,98.35,0.35
2019-08-21 07:00:00,1.05,21.53,96.52,0.48
2019-08-21 08:00:00,0.09,22.42,91.84,0.57
2019-08-21 09:00:00,0.13,23.49,85.45,0.67
2019-08-21 10:00:00,0.17,24.32,82.4,0.78
2019-08-21 11:00:00,0.23,24.73,81.32,0.88
2019-08-21 12:00:00,0.27,24.58,82.72,0.94
2019-08-21 13:00:00,0.32,24.28,84.64,0.96
2019-08-21 14:00:00,0.33,23.72,87.36,0.95
2019-08-21 15:00:00,0.34,23.09,90.25,0.89
2019-08-21 16:00:00,0.33,22.48,93.38,0.76
2019-08-21 17:00:00,0.35,21.96,95.96,0.58
2019-08-21 18:00:00,0.36,21.48,96.89,0.48
2019-08-21 19:00:00,0.35,21.13,97.13,0.45
2019-08-21 20:00:00,0.34,20.8,97.2,0.41
2019-08-21 21:00:00,0.37,20.58,97.53,0.37
2019-08-21 22:00:00,0.45,20.49,97.75,0.35
2019-08-21 23:00:00,0.57,20.43,97.79,0.37
2019-08-22 00:00:00,0.71,20.34,97.88,0.37
2019-08-22 01:00:00,0.78,20.21,97.91,0.37
2019-08-22 02:00:00,0.66,20.08,97.91,0.36
2019-08-22 03:00:00,0.54,19.98,97.95,0.35
2019-08-22 04:00:00,0.44,19.93,97.92,0.32
2019-08-22 05:00:00,0.43,19.88,98.11,0.28
2019-08-22 06:00:00,0.36,20.15,97.63,0.31
2019-08-22 07:00:00,0.3,20.77,95.61,0.38
2019-08-22 08:00:00,1.36,21.42,91.92,0.47
2019-08-22 09:00:00,1.36,22.13,87.78,0.57
2019-08-22 10:00:00,1.3,22.62,85.54,0.65
2019-08-22 11:00:00,1.04,22.85,84.77,0.73
2019-08-22 12:00:00,0.56,22.9,84.54,0.8
2019-08-22 13:00:00,0.33,22.94,84.28,0.88
2019-08-22 14:00:00,0.28,23.03,83.32,0.92
2019-08-22 15:00:00,0.48,22.66,84.73,0.93
2019-08-22 16:00:00,0.88,21.98,89.73,0.86
2019-08-22 17:00:00,1.16,21.33,95.21,0.71
2019-08-22 18:00:00,1.07,20.76,96.58,0.6
2019-08-22 19:00:00,0.77,20.44,97.24,0.49
2019-08-22 20:00:00,0.99,20.27,97.45,0.46
2019-08-22 21:00:00,1.18,19.97,97.29,0.47
2019-08-22 22:00:00,1.31,19.71,97.45,0.47
2019-08-22 23:00:00,1.37,19.6,97.54,0.47
2019-08-23 00:00:00,1.27,19.5,97.69,0.46
2019-08-23 01:00:00,1.09,19.46,97.81,0.43
2019-08-23 02:00:00,0.81,19.5,97.85,0.38
2019-08-23 03:00:00,0.56,19.52,97.87,0.36
2019-08-23 04:00:00,0.44,19.44,97.67,0.35
2019-08-23 05:00:00,0.36,19.27,97.77,0.31
2019-08-23 06:00:00,0.28,19.35,97.22,0.31
2019-08-23 07:00:00,0.25,19.85,94.78,0.31
2019-08-23 08:00:00,0.02,20.56,89.36,0.35
2019-08-23 09:00:00,0.04,21.3,84.68,0.4
2019-08-23 10:00:00,0.05,21.89,83.04,0.47
2019-08-23 11:00:00,0.05,22.42,81.49,0.58
2019-08-23 12:00:00,0.05,23.08,79.27,0.65
2019-08-23 13:00:00,0.05,23.17,79.1,0.67
2019-08-23 14:00:00,0.06,22.85,80.62,0.65
2019-08-23 15:00:00,0.07,22.27,83.09,0.6
2019-08-23 16:00:00,0.08,21.44,87.68,0.51
2019-08-23 17:00:00,0.08,20.64,93.36,0.42
2019-08-23 18:00:00,0.08,20.1,96.6,0.32
2019-08-23 19:00:00,0.07,19.87,97.49,0.27
2019-08-23 20:00:00,0.06,19.67,97.66,0.24
2019-08-23 21:00:00,0.05,19.54,97.64,0.23
2019-08-23 22:00:00,0.04,19.45,97.65,0.21
2019-08-23 23:00:00,0.04,19.33,97.73,0.19
2019-08-24 00:00:00,0.04,19.2,97.71,0.19
2019-08-24 01:00:00,0.04,19.1,97.85,0.2
2019-08-24 02:00:00,0.05,19.02,98.03,0.17
2019-08-24 03:00:00,0.04,19.0,98.27,0.15
2019-08-24 04:00:00,0.03,19.0,98.35,0.16
2019-08-24 05:00:00,0.02,19.02,98.26,0.15
2019-08-24 06:00:00,0.01,19.37,97.51,0.21
2019-08-24 07:00:00,0.01,20.15,93.85,0.26
2019-08-24 08:00:00,0.09,21.14,86.64,0.36
2019-08-24 09:00:00,0.13,22.27,80.25,0.48
2019-08-24 10:00:00,0.23,23.27,76.23,0.56
2019-08-24 11:00:00,0.36,23.88,74.62,0.62
2019-08-24 12:00:00,0.48,23.95,74.88,0.66
2019-08-24 13:00:00,0.6,23.71,76.9,0.69
2019-08-24 14:00:00,0.51,23.17,80.13,0.73
2019-08-24 15:00:00,0.4,22.52,83.87,0.72
2019-08-24 16:00:00,0.39,21.89,88.4,0.63
2019-08-24 17:00:00,0.27,21.29,93.89,0.47
2019-08-24 18:00:00,0.26,20.6,97.12,0.3
2019-08-24 19:00:00,0.28,20.33,97.9,0.26
2019-08-24 20:00:00,0.32,20.16,98.24,0.22
2019-08-24 21:00:00,0.31,20.05,98.5,0.22
2019-08-24 22:00:00,0.24,19.99,98.6,0.22
2019-08-24 23:00:00,0.2,19.93,98.78,0.24
2019-08-25 00:00:00,0.18,19.93,98.76,0.27
2019-08-25 01:00:00,0.17,19.93,98.69,0.31
2019-08-25 02:00:00,0.19,19.92,98.89,0.3
2019-08-25 03:00:00,0.24,19.9,98.83,0.29
2019-08-25 04:00:00,0.21,19.83,98.92,0.27
2019-08-25 05:00:00,0.19,19.79,98.95,0.27
2019-08-25 06:00:00,0.15,20.18,98.15,0.36
2019-08-25 07:00:00,0.15,20.94,95.57,0.51
2019-08-25 08:00:00,0.13,21.9,89.6,0.61
2019-08-25 09:00:00,0.19,22.9,83.21,0.65
2019-08-25 10:00:00,0.26,23.44,79.9,0.68
2019-08-25 11:00:00,0.39,23.56,78.94,0.69
2019-08-25 12:00:00,0.5,23.49,79.16,0.7
2019-08-25 13:00:00,0.61,23.31,80.0,0.71
2019-08-25 14:00:00,0.59,22.95,81.46,0.73
2019-08-25 15:00:00,0.68,22.33,83.98,0.72
2019-08-25 16:00:00,0.77,21.5,88.13,0.65
2019-08-25 17:00:00,0.75,20.68,93.87,0.51
2019-08-25 18:00:00,0.66,20.1,96.91,0.38
2019-08-25 19:00:00,0.65,19.92,97.56,0.36
2019-08-25 20:00:00,0.7,19.77,97.78,0.34
2019-08-25 21:00:00,0.52,19.69,98.31,0.33
2019-08-25 22:00:00,0.44,19.76,98.63,0.33
2019-08-25 23:00:00,0.6,19.87,98.58,0.35
2019-08-26 00:00:00,0.69,19.95,98.76,0.35
2019-08-26 01:00:00,0.79,20.13,98.77,0.36
2019-08-26 02:00:00,0.88,20.31,98.79,0.36
2019-08-26 03:00:00,0.81,20.41,98.78,0.34
2019-08-26 04:00:00,0.6,20.47,98.79,0.32
2019-08-26 05:00:00,0.57,20.54,98.94,0.33
2019-08-26 06:00:00,0.55,20.83,98.61,0.41
2019-08-26 07:00:00,0.57,21.52,97.23,0.64
2019-08-26 08:00:00,0.68,22.39,95.13,0.78
2019-08-26 09:00:00,0.75,23.33,90.55,0.91
2019-08-26 10:00:00,0.99,23.82,86.47,1.0
2019-08-26 11:00:00,1.08,23.85,84.84,1.04
2019-08-26 12:00:00,0.96,23.66,84.55,1.05
2019-08-26 13:00:00,0.74,23.36,85.05,1.06
2019-08-26 14:00:00,0.34,23.11,86.35,1.1
2019-08-26 15:00:00,0.23,22.93,87.97,1.08
2019-08-26 16:00:00,0.17,22.43,91.45,0.97
2019-08-26 17:00:00,0.14,21.76,95.43,0.81
2019-08-26 18:00:00,0.08,20.99,96.4,0.7
2019-08-26 19:00:00,0.08,20.64,97.08,0.62
2019-08-26 20:00:00,0.09,20.61,97.43,0.61
2019-08-26 21:00:00,0.17,20.68,97.76,0.65
2019-08-26 22:00:00,0.35,20.81,97.85,0.68
2019-08-26 23:00:00,0.57,20.87,97.91,0.66
2019-08-27 00:00:00,0.84,20.83,97.72,0.69
2019-08-27 01:00:00,0.93,20.63,97.31,0.64
2019-08-27 02:00:00,0.88,20.17,97.06,0.58
2019-08-27 03:00:00,0.83,19.86,97.33,0.55
2019-08-27 04:00:00,0.9,19.72,97.51,0.54
2019-08-27 05:00:00,0.93,19.68,97.71,0.5
2019-08-27 06:00:00,0.72,19.94,97.19,0.56
2019-08-27 07:00:00,0.6,20.69,94.6,0.68
2019-08-27 08:00:00,0.42,21.87,88.39,0.79
2019-08-27 09:00:00,0.62,22.9,83.6,0.83
2019-08-27 10:00:00,0.69,23.56,81.52,0.85
2019-08-27 11:00:00,0.59,23.85,80.79,0.87
2019-08-27 12:00:00,0.4,23.88,81.02,0.88
2019-08-27 13:00:00,0.25,23.78,81.69,0.89
2019-08-27 14:00:00,0.15,23.45,83.24,0.89
2019-08-27 15:00:00,0.11,22.85,86.14,0.86
2019-08-27 16:00:00,0.1,22.18,89.99,0.77
2019-08-27 17:00:00,0.17,21.47,94.76,0.6
2019-08-27 18:00:00,0.13,20.9,97.32,0.44
2019-08-27 19:00:00,0.15,20.72,97.78,0.42
2019-08-27 20:00:00,0.18,20.6,98.02,0.39
2019-08-27 21:00:00,0.21,20.56,98.47,0.38
2019-08-27 22:00:00,0.26,20.61,98.51,0.42
2019-08-27 23:00:00,0.31,20.59,98.33,0.45
2019-08-28 00:00:00,0.33,20.4,98.3,0.44
2019-08-28 01:00:00,0.3,20.19,98.16,0.42
2019-08-28 02:00:00,0.24,19.95,98.21,0.37
2019-08-28 03:00:00,0.16,19.76,98.23,0.33
2019-08-28 04:00:00,0.13,19.6,98.22,0.28
2019-08-28 05:00:00,0.12,19.47,98.3,0.23
2019-08-28 06:00:00,0.15,19.88,97.67,0.27
2019-08-28 07:00:00,0.21,20.87,94.69,0.38
2019-08-28 08:00:00,0.18,22.28,88.43,0.48
2019-08-28 09:00:00,0.17,23.32,83.64,0.56
2019-08-28 10:00:00,0.17,23.72,81.82,0.63
2019-08-28 11:00:00,0.16,23.9,80.75,0.65
2019-08-28 12:00:00,0.21,23.86,81.03,0.68
2019-08-28 13:00:00,0.23,23.73,81.66,0.7
2019-08-28 14:00:00,0.22,23.5,82.67,0.7
2019-08-28 15:00:00,0.24,23.09,84.53,0.67
2019-08-28 16:00:00,0.33,22.5,87.74,0.6
2019-08-28 17:00:00,0.3,21.69,93.54,0.44
2019-08-28 18:00:00,0.27,20.92,96.76,0.34
2019-08-28 19:00:00,0.19,20.63,97.6,0.36
2019-08-28 20:00:00,0.19,20.47,97.83,0.38
2019-08-28 21:00:00,0.17,20.38,98.04,0.39
2019-08-28 22:00:00,0.16,20.35,98.19,0.42
2019-08-28 23:00:00,0.16,20.35,98.25,0.44
2019-08-29 00:00:00,0.2,20.39,98.23,0.45
2019-08-29 01:00:00,0.3,20.42,98.14,0.45
2019-08-29 02:00:00,0.38,20.43,98.21,0.43
2019-08-29 03:00:00,0.56,20.47,98.62,0.4
2019-08-29 04:00:00,0.49,20.57,98.83,0.38
2019-08-29 05:00:00,0.47,20.64,98.82,0.4
2019-08-29 06:00:00,0.41,21.0,98.17,0.5
2019-08-29 07:00:00,0.34,21.65,96.63,0.68
2019-08-29 08:00:00,0.38,22.29,93.88,0.79
2019-08-29 09:00:00,0.39,22.62,88.78,0.81
2019-08-29 10:00:00,0.48,22.74,85.94,0.79
2019-08-29 11:00:00,0.73,22.76,84.88,0.78
2019-08-29 12:00:00,0.93,22.78,84.07,0.77
2019-08-29 13:00:00,0.99,22.72,84.36,0.77
2019-08-29 14:00:00,1.04,22.55,85.45,0.77
2019-08-29 15:00:00,1.23,22.3,87.87,0.77
2019-08-29 16:00:00,1.92,21.95,92.0,0.7
2019-08-29 17:00:00,2.67,21.49,95.46,0.62
2019-08-29 18:00:00,2.81,20.89,97.1,0.54
2019-08-29 19:00:00,2.06,20.73,97.72,0.5
2019-08-29 20:00:00,1.14,20.56,97.6,0.48
2019-08-29 21:00:00,0.71,20.39,97.33,0.51
2019-08-29 22:00:00,0.5,20.09,97.31,0.48
2019-08-29 23:00:00,0.43,19.84,97.36,0.45
2019-08-30 00:00:00,0.47,19.64,97.51,0.42
2019-08-30 01:00:00,0.49,19.5,97.5,0.4
2019-08-30 02:00:00,0.48,19.38,97.63,0.37
2019-08-30 03:00:00,0.35,19.27,97.69,0.33
2019-08-30 04:00:00,0.18,19.18,97.67,0.3
2019-08-30 05:00:00,0.18,19.15,97.48,0.29
2019-08-30 06:00:00,0.05,19.47,96.89,0.35
2019-08-30 07:00:00,0.01,20.45,93.2,0.47
2019-08-30 08:00:00,0.0,21.79,86.27,0.59
2019-08-30 09:00:00,0.0,22.96,81.39,0.68
2019-08-30 10:00:00,0.01,23.59,79.22,0.72
2019-08-30 11:00:00,0.01,23.92,78.73,0.78
2019-08-30 12:00:00,0.05,24.19,79.46,0.82
2019-08-30 13:00:00,0.13,24.24,80.07,0.85
2019-08-30 14:00:00,0.17,24.2,80.9,0.86
2019-08-30 15:00:00,0.2,23.88,82.87,0.83
2019-08-30 16:00:00,0.27,23.11,87.31,0.73
2019-08-30 17:00:00,0.28,22.19,94.01,0.55
2019-08-30 18:00:00,0.28,21.48,97.66,0.38
2019-08-30 19:00:00,0.27,21.11,97.88,0.36
2019-08-30 20:00:00,0.28,20.91,98.61,0.3
2019-08-30 21:00:00,0.29,20.91,98.88,0.27
2019-08-30 22:00:00,0.32,20.83,98.81,0.3
2019-08-30 23:00:00,0.3,20.77,99.04,0.33
2019-08-31 00:00:00,0.32,20.83,98.89,0.37
2019-08-31 01:00:00,0.32,20.78,98.83,0.38
2019-08-31 02:00:00,0.32,20.65,98.64,0.38
2019-08-31 03:00:00,0.34,20.44,98.4,0.38
2019-08-31 04:00:00,0.38,20.16,98.28,0.37
2019-08-31 05:00:00,0.38,19.96,98.21,0.34
2019-08-31 06:00:00,0.45,20.13,97.73,0.4
2019-08-31 07:00:00,0.51,20.9,95.44,0.54
2019-08-31 08:00:00,0.26,21.86,90.59,0.64
2019-08-31 09:00:00,0.29,22.9,85.36,0.72
2019-08-31 10:00:00,0.32,23.57,82.27,0.8
2019-08-31 11:00:00,0.3,23.52,82.08,0.82
2019-08-31 12:00:00,0.27,23.17,83.57,0.82
2019-08-31 13:00:00,0.23,22.81,84.76,0.82
2019-08-31 14:00:00,0.16,22.48,86.42,0.77
2019-08-31 15:00:00,0.13,22.16,89.18,0.7
2019-08-31 16:00:00,0.1,21.83,92.57,0.59
2019-08-31 17:00:00,0.07,21.48,95.89,0.4
2019-08-31 18:00:00,0.07,21.1,98.14,0.22
2019-08-31 19:00:00,0.08,20.91,98.91,0.19
2019-08-31 20:00:00,0.08,20.88,99.19,0.21
2019-08-31 21:00:00,0.08,20.9,99.32,0.23
2019-08-31 22:00:00,0.08,20.9,99.42,0.24
2019-08-31 23:00:00,0.09,20.98,99.47,0.27
2019-09-01 00:00:00,0.1,21.09,99.13,0.3
2019-09-01 01:00:00,0.11,21.12,99.0,0.32
2019-09-01 02:00:00,0.11,21.07,98.98,0.3
2019-09-01 03:00:00,0.1,20.96,99.01,0.29
2019-09-01 04:00:00,0.1,20.89,99.0,0.28
2019-09-01 05:00:00,0.1,20.81,99.12,0.26
2019-09-01 06:00:00,0.1,21.23,98.3,0.32
2019-09-01 07:00:00,0.11,22.16,95.8,0.48
2019-09-01 08:00:00,0.44,23.24,89.62,0.63
2019-09-01 09:00:00,0.52,24.24,84.09,0.75
2019-09-01 10:00:00,0.55,24.84,81.62,0.82
2019-09-01 11:00:00,0.59,25.12,80.54,0.86
2019-09-01 12:00:00,0.68,25.17,80.28,0.89
2019-09-01 13:00:00,0.68,24.99,81.1,0.9
2019-09-01 14:00:00,0.62,24.66,82.59,0.87
2019-09-01 15:00:00,0.59,24.13,85.16,0.81
2019-09-01 16:00:00,0.55,23.45,89.57,0.67
2019-09-01 17:00:00,0.5,22.68,95.12,0.49
2019-09-01 18:00:00,0.37,22.15,97.92,0.32
2019-09-01 19:00:00,0.36,21.88,98.58,0.26
2019-09-01 20:00:00,0.33,21.7,98.96,0.22
2019-09-01 21:00:00,0.33,21.61,99.03,0.24
2019-09-01 22:00:00,0.35,21.54,98.91,0.31
2019-09-01 23:00:00,0.44,21.46,98.99,0.33
2019-09-02 00:00:00,0.5,21.47,98.86,0.37
2019-09-02 01:00:00,0.55,21.42,98.8,0.39
2019-09-02 02:00:00,0.6,21.39,98.78,0.39
2019-09-02 03:00:00,0.58,21.44,98.87,0.37
2019-09-02 04:00:00,0.62,21.53,98.93,0.35
2019-09-02 05:00:00,0.57,21.59,98.96,0.34
2019-09-02 06:00:00,0.59,21.83,98.54,0.4
2019-09-02 07:00:00,0.62,22.31,97.25,0.58
2019-09-02 08:00:00,0.8,22.84,94.66,0.64
2019-09-02 09:00:00,0.72,23.68,88.6,0.68
2019-09-02 10:00:00,0.91,24.33,84.14,0.71
2019-09-02 11:00:00,1.27,24.59,82.59,0.72
2019-09-02 12:00:00,1.6,24.46,83.12,0.76
2019-09-02 13:00:00,1.43,24.15,84.7,0.78
2019-09-02 14:00:00,0.91,23.78,86.36,0.75
2019-09-02 15:00:00,0.79,23.32,88.59,0.66
2019-09-02 16:00:00,0.73,22.66,92.08,0.51
2019-09-02 17:00:00,0.69,21.9,95.76,0.36
2019-09-02 18:00:00,0.51,21.34,97.53,0.26
2019-09-02 19:00:00,0.46,21.13,98.2,0.23
2019-09-02 20:00:00,0.58,21.07,98.32,0.21
2019-09-02 21:00:00,0.62,20.97,98.31,0.21
2019-09-02 22:00:00,0.62,20.89,98.52,0.23
2019-09-02 23:00:00,0.72,20.81,98.98,0.25
2019-09-03 00:00:00,0.79,20.76,99.07,0.25
2019-09-03 01:00:00,0.82,20.7,99.1,0.26
2019-09-03 02:00:00,0.85,20.63,99.07,0.25
2019-09-03 03:00:00,0.73,20.57,98.96,0.24
2019-09-03 04:00:00,0.63,20.54,98.77,0.23
2019-09-03 05:00:00,0.59,20.52,98.79,0.22
2019-09-03 06:00:00,0.47,20.89,98.08,0.26
2019-09-03 07:00:00,0.41,21.6,94.96,0.39
2019-09-03 08:00:00,0.09,22.39,89.36,0.47
2019-09-03 09:00:00,0.08,23.33,84.25,0.55
2019-09-03 10:00:00,0.11,24.16,81.47,0.66
2019-09-03 11:00:00,0.12,24.78,79.98,0.75
2019-09-03 12:00:00,0.12,25.06,79.57,0.81
2019-09-03 13:00:00,0.12,25.0,80.37,0.83
2019-09-03 14:00:00,0.08,24.65,81.83,0.82
2019-09-03 15:00:00,0.07,24.07,84.18,0.77
2019-09-03 16:00:00,0.1,23.32,88.06,0.67
2019-09-03 17:00:00,0.09,22.39,94.32,0.49
2019-09-03 18:00:00,0.09,21.71,97.2,0.36
2019-09-03 19:00:00,0.11,21.46,98.08,0.33
2019-09-03 20:00:00,0.12,21.3,98.29,0.33
2019-09-03 21:00:00,0.12,21.18,98.63,0.31
2019-09-03 22:00:00,0.15,21.13,98.85,0.31
2019-09-03 23:00:00,0.17,21.03,98.92,0.33
2019-09-04 00:00:00,0.2,20.92,98.9,0.35
2019-09-04 01:00:00,0.23,20.82,99.02,0.36
2019-09-04 02:00:00,0.25,20.81,99.04,0.39
2019-09-04 03:00:00,0.26,20.83,98.97,0.4
2019-09-04 04:00:00,0.29,20.84,98.94,0.42
2019-09-04 05:00:00,0.27,20.82,98.94,0.42
2019-09-04 06:00:00,0.28,21.17,98.19,0.53
2019-09-04 07:00:00,0.29,21.99,95.24,0.7
2019-09-04 08:00:00,0.12,22.86,89.39,0.81
2019-09-04 09:00:00,0.13,23.58,85.19,0.87
2019-09-04 10:00:00,0.14,24.08,82.93,0.9
2019-09-04 11:00:00,0.16,24.38,81.62,0.93
2019-09-04 12:00:00,0.18,24.54,80.51,0.97
2019-09-04 13:00:00,0.16,24.61,79.77,0.98
2019-09-04 14:00:00,0.14,24.36,80.74,0.93
2019-09-04 15:00:00,0.13,23.9,82.86,0.84
2019-09-04 16:00:00,0.12,23.21,88.21,0.69
2019-09-04 17:00:00,0.11,22.4,94.87,0.49
2019-09-04 18:00:00,0.1,21.81,97.45,0.35
2019-09-04 19:00:00,0.1,21.53,98.01,0.32
2019-09-04 20:00:00,0.1,21.44,98.37,0.3
2019-09-04 21:00:00,0.12,21.4,98.47,0.32
2019-09-04 22:00:00,0.15,21.34,98.52,0.33
2019-09-04 23:00:00,0.2,21.34,98.51,0.36
2019-09-05 00:00:00,0.24,21.24,98.51,0.41
2019-09-05 01:00:00,0.31,21.12,98.23,0.46
2019-09-05 02:00:00,0.31,20.98,98.11,0.46
2019-09-05 03:00:00,0.26,20.86,98.26,0.42
2019-09-05 04:00:00,0.17,20.79,98.51,0.35
2019-09-05 05:00:00,0.12,20.8,98.82,0.29
2019-09-05 06:00:00,0.07,21.39,98.07,0.4
2019-09-05 07:00:00,0.05,22.28,95.6,0.61
2019-09-05 08:00:00,0.26,23.16,90.21,0.76
2019-09-05 09:00:00,0.2,24.05,84.37,0.84
2019-09-05 10:00:00,0.21,24.48,81.48,0.86
2019-09-05 11:00:00,0.24,24.51,81.23,0.88
2019-09-05 12:00:00,0.29,24.33,82.16,0.92
2019-09-05 13:00:00,0.29,23.95,84.25,0.96
2019-09-05 14:00:00,0.29,23.65,86.13,0.95
2019-09-05 15:00:00,0.34,23.43,87.7,0.85
2019-09-05 16:00:00,0.46,22.99,90.83,0.65
2019-09-05 17:00:00,0.63,22.32,95.02,0.4
2019-09-05 18:00:00,0.56,21.66,97.42,0.25
2019-09-05 19:00:00,0.57,21.39,98.25,0.24
2019-09-05 20:00:00,0.61,21.26,98.52,0.3
2019-09-05 21:00:00,0.63,21.23,98.59,0.36
2019-09-05 22:00:00,0.68,21.19,98.53,0.33
2019-09-05 23:00:00,0.7,21.09,98.64,0.28
2019-09-06 00:00:00,0.79,21.04,98.83,0.27
2019-09-06 01:00:00,0.86,21.05,99.22,0.3
2019-09-06 02:00:00,0.9,21.21,99.38,0.33
2019-09-06 03:00:00,0.96,21.43,99.31,0.36
2019-09-06 04:00:00,0.82,21.59,99.16,0.39
2019-09-06 05:00:00,0.76,21.67,99.05,0.4
2019-09-06 06:00:00,0.7,21.99,98.24,0.5
2019-09-06 07:00:00,0.65,22.65,95.62,0.67
2019-09-06 08:00:00,0.42,23.52,89.8,0.81
2019-09-06 09:00:00,0.38,24.35,85.1,0.92
2019-09-06 10:00:00,0.4,24.88,82.52,0.97
2019-09-06 11:00:00,0.4,25.03,81.65,0.99
2019-09-06 12:00:00,0.37,24.9,82.08,0.99
2019-09-06 13:00:00,0.43,24.68,83.01,0.99
2019-09-06 14:00:00,0.4,24.28,84.84,0.93
2019-09-06 15:00:00,0.43,23.77,88.08,0.83
2019-09-06 16:00:00,0.42,23.21,92.26,0.67
2019-09-06 17:00:00,0.45,22.56,95.84,0.5
2019-09-06 18:00:00,0.42,22.02,97.61,0.37
2019-09-06 19:00:00,0.35,21.86,98.18,0.32
2019-09-06 20:00:00,0.36,21.76,98.43,0.31
2019-09-06 21:00:00,0.4,21.67,98.54,0.31
2019-09-06 22:00:00,0.39,21.56,98.56,0.33
2019-09-06 23:00:00,0.45,21.42,98.6,0.34
2019-09-07 00:00:00,0.54,21.31,98.58,0.34
2019-09-07 01:00:00,0.59,21.19,98.63,0.33
2019-09-07 02:00:00,0.6,21.12,98.55,0.33
2019-09-07 03:00:00,0.56,21.05,98.67,0.33
2019-09-07 04:00:00,0.48,21.04,98.81,0.33
2019-09-07 05:00:00,0.5,21.03,99.04,0.32
2019-09-07 06:00:00,0.46,21.46,98.19,0.41
2019-09-07 07:00:00,0.46,22.33,95.35,0.59
2019-09-07 08:00:00,0.17,23.43,88.96,0.73
2019-09-07 09:00:00,0.21,24.29,84.25,0.83
2019-09-07 10:00:00,0.27,24.77,82.18,0.87
2019-09-07 11:00:00,0.29,25.08,80.76,0.92
2019-09-07 12:00:00,0.31,25.24,80.36,0.95
2019-09-07 13:00:00,0.32,25.0,81.05,0.97
2019-09-07 14:00:00,0.28,24.44,83.35,0.94
2019-09-07 15:00:00,0.26,23.81,86.57,0.86
2019-09-07 16:00:00,0.28,23.19,90.7,0.71
2019-09-07 17:00:00,0.3,22.55,95.32,0.51
2019-09-07 18:00:00,0.23,21.96,97.54,0.37
2019-09-07 19:00:00,0.2,21.69,98.05,0.34
2019-09-07 20:00:00,0.17,21.54,98.44,0.3
2019-09-07 21:00:00,0.15,21.47,98.69,0.28
2019-09-07 22:00:00,0.14,21.41,98.76,0.27
2019-09-07 23:00:00,0.15,21.34,98.95,0.26
2019-09-08 00:00:00,0.16,21.32,99.0,0.27
2019-09-08 01:00:00,0.19,21.32,98.94,0.28
2019-09-08 02:00:00,0.22,21.39,98.93,0.3
2019-09-08 03:00:00,0.23,21.46,98.78,0.33
2019-09-08 04:00:00,0.29,21.49,98.83,0.35
2019-09-08 05:00:00,0.3,21.5,98.93,0.37
2019-09-08 06:00:00,0.25,21.88,98.17,0.5
2019-09-08 07:00:00,0.21,22.66,95.65,0.72
2019-09-08 08:00:00,0.26,23.49,89.35,0.84
2019-09-08 09:00:00,0.36,24.08,84.45,0.87
2019-09-08 10:00:00,0.52,24.47,81.6,0.86
2019-09-08 11:00:00,0.67,24.65,80.35,0.88
2019-09-08 12:00:00,0.75,24.77,79.52,0.9
2019-09-08 13:00:00,0.57,24.61,79.17,0.94
2019-09-08 14:00:00,0.38,24.07,81.1,0.99
2019-09-08 15:00:00,0.18,23.24,83.96,0.92
2019-09-08 16:00:00,0.12,22.09,87.79,0.71
2019-09-08 17:00:00,0.07,20.99,92.07,0.49
2019-09-08 18:00:00,0.06,20.24,94.5,0.31
2019-09-08 19:00:00,0.06,19.87,94.6,0.23
2019-09-08 20:00:00,0.07,19.43,94.73,0.22
2019-09-08 21:00:00,0.05,19.04,95.56,0.25
2019-09-08 22:00:00,0.05,18.89,96.51,0.29
2019-09-08 23:00:00,0.06,18.97,97.17,0.3
2019-09-09 00:00:00,0.08,19.15,97.7,0.31
2019-09-09 01:00:00,0.1,19.34,97.84,0.34
2019-09-09 02:00:00,0.11,19.48,97.52,0.32
2019-09-09 03:00:00,0.09,19.5,97.14,0.28
2019-09-09 04:00:00,0.1,19.46,96.95,0.26
2019-09-09 05:00:00,0.12,19.39,96.83,0.24
2019-09-09 06:00:00,0.13,19.72,96.08,0.23
2019-09-09 07:00:00,0.09,20.68,93.2,0.38
2019-09-09 08:00:00,0.14,21.89,86.86,0.55
2019-09-09 09:00:00,0.1,23.03,81.25,0.6
2019-09-09 10:00:00,0.12,23.77,78.81,0.64
2019-09-09 11:00:00,0.2,24.25,78.53,0.67
2019-09-09 12:00:00,0.26,24.62,78.38,0.68
2019-09-09 13:00:00,0.35,24.88,78.53,0.68
2019-09-09 14:00:00,0.4,24.95,79.31,0.69
2019-09-09 15:00:00,0.49,24.42,82.33,0.7
2019-09-09 16:00:00,0.51,23.5,87.49,0.65
2019-09-09 17:00:00,0.57,22.54,94.38,0.5
2019-09-09 18:00:00,0.51,21.95,97.69,0.35
2019-09-09 19:00:00,0.49,21.61,97.91,0.32
2019-09-09 20:00:00,0.61,21.38,98.32,0.28
2019-09-09 21:00:00,0.71,21.18,98.35,0.26
2019-09-09 22:00:00,0.81,21.03,98.6,0.25
2019-09-09 23:00:00,0.88,20.92,98.84,0.24
2019-09-10 00:00:00,1.05,20.83,98.89,0.23
2019-09-10 01:00:00,1.03,20.73,98.96,0.22
2019-09-10 02:00:00,0.95,20.61,99.24,0.2
2019-09-10 03:00:00,0.89,20.55,99.35,0.21
2019-09-10 04:00:00,0.68,20.54,99.5,0.22
2019-09-10 05:00:00,0.47,20.49,99.63,0.21
2019-09-10 06:00:00,0.36,21.01,98.85,0.23
2019-09-10 07:00:00,0.35,21.99,96.58,0.41
2019-09-10 08:00:00,0.13,23.07,90.07,0.57
2019-09-10 09:00:00,0.15,24.48,82.06,0.64
2019-09-10 10:00:00,0.21,25.35,78.63,0.69
2019-09-10 11:00:00,0.37,25.73,77.65,0.71
2019-09-10 12:00:00,0.52,25.46,79.1,0.72
2019-09-10 13:00:00,0.72,24.88,81.63,0.72
2019-09-10 14:00:00,0.81,24.3,84.49,0.69
2019-09-10 15:00:00,0.78,23.73,88.18,0.64
2019-09-10 16:00:00,0.67,23.13,92.35,0.56
2019-09-10 17:00:00,0.51,22.56,95.88,0.43
2019-09-10 18:00:00,0.36,21.96,97.2,0.34
2019-09-10 19:00:00,0.37,21.71,98.09,0.3
2019-09-10 20:00:00,0.32,21.59,98.04,0.28
2019-09-10 21:00:00,0.33,21.49,98.3,0.25
2019-09-10 22:00:00,0.3,21.39,98.71,0.24
2019-09-10 23:00:00,0.33,21.32,98.96,0.23
2019-09-11 00:00:00,0.39,21.26,98.95,0.24
2019-09-11 01:00:00,0.45,21.23,99.0,0.24
2019-09-11 02:00:00,0.43,21.21,99.07,0.25
2019-09-11 03:00:00,0.37,21.18,99.35,0.25
2019-09-11 04:00:00,0.41,21.19,99.39,0.23
2019-09-11 05:00:00,0.36,21.23,99.44,0.22
2019-09-11 06:00:00,0.29,21.71,98.82,0.26
2019-09-11 07:00:00,0.32,22.58,96.63,0.41
2019-09-11 08:00:00,0.56,23.58,90.36,0.53
2019-09-11 09:00:00,0.55,24.94,82.41,0.6
2019-09-11 10:00:00,0.57,25.66,79.2,0.67
2019-09-11 11:00:00,0.68,26.01,77.82,0.73
2019-09-11 12:00:00,0.77,26.08,77.44,0.76
2019-09-11 13:00:00,1.06,25.85,78.46,0.77
2019-09-11 14:00:00,1.27,25.09,82.43,0.74
2019-09-11 15:00:00,1.41,24.26,87.99,0.65
2019-09-11 16:00:00,1.36,23.63,92.97,0.56
2019-09-11 17:00:00,1.52,23.11,96.26,0.42
2019-09-11 18:00:00,1.54,22.5,97.38,0.35
2019-09-11 19:00:00,1.61,22.11,97.87,0.32
2019-09-11 20:00:00,1.53,21.89,98.14,0.31
2019-09-11 21:00:00,1.54,21.8,98.61,0.3
2019-09-11 22:00:00,1.72,21.75,98.69,0.29
2019-09-11 23:00:00,2.13,21.7,98.95,0.26
2019-09-12 00:00:00,2.2,21.69,99.1,0.27
2019-09-12 01:00:00,1.81,21.71,99.02,0.29
2019-09-12 02:00:00,1.5,21.71,98.86,0.29
2019-09-12 03:00:00,1.08,21.62,98.77,0.3
2019-09-12 04:00:00,1.38,21.46,98.82,0.3
2019-09-12 05:00:00,0.82,21.32,98.94,0.25
2019-09-12 06:00:00,0.55,21.55,98.47,0.23
2019-09-12 07:00:00,0.46,22.15,96.03,0.33
2019-09-12 08:00:00,0.02,23.17,89.53,0.41
2019-09-12 09:00:00,0.01,24.55,81.35,0.44
2019-09-12 10:00:00,0.01,25.18,78.05,0.5
2019-09-12 11:00:00,0.02,25.31,77.45,0.51
2019-09-12 12:00:00,0.03,25.21,78.47,0.51
2019-09-12 13:00:00,0.05,24.85,80.81,0.53
2019-09-12 14:00:00,0.06,24.33,82.91,0.54
2019-09-12 15:00:00,0.06,23.85,85.78,0.52
2019-09-12 16:00:00,0.09,23.22,90.0,0.47
2019-09-12 17:00:00,0.1,22.43,95.26,0.38
2019-09-12 18:00:00,0.09,21.88,97.35,0.28
2019-09-12 19:00:00,0.09,21.59,97.76,0.24
2019-09-12 20:00:00,0.07,21.38,97.94,0.21
2019-09-12 21:00:00,0.06,21.19,97.97,0.19
2019-09-12 22:00:00,0.05,20.99,97.92,0.18
2019-09-12 23:00:00,0.04,20.82,98.04,0.19
2019-09-13 00:00:00,0.04,20.76,98.5,0.2
2019-09-13 01:00:00,0.04,20.73,98.61,0.19
2019-09-13 02:00:00,0.04,20.72,98.47,0.18
2019-09-13 03:00:00,0.04,20.56,98.24,0.17
2019-09-13 04:00:00,0.03,20.34,98.14,0.14
2019-09-13 05:00:00,0.02,20.21,98.24,0.11
2019-09-13 06:00:00,0.01,20.4,97.55,0.11
2019-09-13 07:00:00,0.01,21.14,94.17,0.12
2019-09-13 08:00:00,0.1,22.12,87.62,0.19
2019-09-13 09:00:00,0.13,23.15,82.47,0.27
2019-09-13 10:00:00,0.24,24.05,79.37,0.33
2019-09-13 11:00:00,0.46,24.6,77.54,0.41
2019-09-13 12:00:00,0.8,24.64,77.61,0.46
2019-09-13 13:00:00,1.22,24.47,78.13,0.51
2019-09-13 14:00:00,1.95,24.15,79.36,0.53
2019-09-13 15:00:00,2.23,23.67,82.52,0.53
2019-09-13 16:00:00,2.45,22.9,88.71,0.49
2019-09-13 17:00:00,2.01,22.06,94.99,0.41
2019-09-13 18:00:00,1.93,21.42,97.11,0.33
2019-09-13 19:00:00,1.08,21.09,97.82,0.32
2019-09-13 20:00:00,0.27,20.93,98.48,0.25
2019-09-13 21:00:00,0.04,20.83,98.71,0.21
2019-09-13 22:00:00,0.06,20.73,98.95,0.2
2019-09-13 23:00:00,0.21,20.61,99.3,0.21
2019-09-14 00:00:00,0.26,20.55,99.46,0.22
2019-09-14 01:00:00,0.16,20.52,99.32,0.22
2019-09-14 02:00:00,0.14,20.49,99.17,0.21
2019-09-14 03:00:00,0.11,20.42,99.23,0.19
2019-09-14 04:00:00,0.1,20.37,99.19,0.18
2019-09-14 05:00:00,0.09,20.33,99.18,0.16
2019-09-14 06:00:00,0.08,20.66,98.59,0.15
2019-09-14 07:00:00,0.09,21.47,96.76,0.2
2019-09-14 08:00:00,0.1,22.21,93.41,0.29
2019-09-14 09:00:00,0.14,23.17,88.08,0.35
2019-09-14 10:00:00,0.19,23.93,84.64,0.41
2019-09-14 11:00:00,0.27,24.37,83.07,0.49
2019-09-14 12:00:00,0.4,24.64,82.12,0.58
2019-09-14 13:00:00,0.45,24.39,84.78,0.62
2019-09-14 14:00:00,0.4,24.12,87.02,0.61
2019-09-14 15:00:00,0.38,23.64,89.62,0.56
2019-09-14 16:00:00,0.4,22.94,93.27,0.44
2019-09-14 17:00:00,0.28,22.2,95.87,0.33
2019-09-14 18:00:00,0.21,21.55,97.07,0.25
2019-09-14 19:00:00,0.21,21.19,97.42,0.21
2019-09-14 20:00:00,0.28,20.86,97.9,0.16
2019-09-14 21:00:00,0.32,20.57,98.11,0.14
2019-09-14 22:00:00,0.32,20.33,97.9,0.14
2019-09-14 23:00:00,0.33,20.12,97.57,0.11
2019-09-15 00:00:00,0.32,19.9,97.18,0.09
2019-09-15 01:00:00,0.23,19.69,96.59,0.15
2019-09-15 02:00:00,0.13,19.48,96.25,0.21
2019-09-15 03:00:00,0.08,19.28,96.39,0.21
2019-09-15 04:00:00,0.06,19.11,96.64,0.21
2019-09-15 05:00:00,0.04,19.05,96.46,0.23
2019-09-15 06:00:00,0.02,19.31,96.31,0.19
2019-09-15 07:00:00,0.02,20.15,96.37,0.09
2019-09-15 08:00:00,0.05,21.19,93.61,0.23
2019-09-15 09:00:00,0.06,22.5,88.51,0.32
2019-09-15 10:00:00,0.1,23.68,83.13,0.39
2019-09-15 11:00:00,0.17,24.54,79.63,0.43
2019-09-15 12:00:00,0.26,24.97,78.41,0.47
2019-09-15 13:00:00,0.32,24.9,79.41,0.51
2019-09-15 14:00:00,0.39,24.51,81.87,0.5
2019-09-15 15:00:00,0.47,23.92,85.66,0.49
2019-09-15 16:00:00,0.6,23.19,91.51,0.45
2019-09-15 17:00:00,0.61,22.48,95.8,0.38
2019-09-15 18:00:00,0.61,21.94,97.84,0.32
2019-09-15 19:00:00,0.58,21.73,97.99,0.33
2019-09-15 20:00:00,0.54,21.53,98.17,0.31
2019-09-15 21:00:00,0.54,21.39,98.71,0.27
2019-09-15 22:00:00,0.46,21.33,98.89,0.26
2019-09-15 23:00:00,0.61,21.3,98.96,0.25
2019-09-16 00:00:00,0.76,21.25,99.07,0.25
2019-09-16 01:00:00,0.84,21.2,99.06,0.25
2019-09-16 02:00:00,0.87,21.11,99.17,0.27
2019-09-16 03:00:00,0.72,21.03,98.95,0.27
2019-09-16 04:00:00,0.56,20.93,98.81,0.28
2019-09-16 05:00:00,0.42,20.87,98.78,0.28
2019-09-16 06:00:00,0.47,21.06,98.43,0.34
2019-09-16 07:00:00,0.41,21.77,96.64,0.52
2019-09-16 08:00:00,0.17,22.99,90.46,0.64
2019-09-16 09:00:00,0.21,24.32,83.44,0.7
2019-09-16 10:00:00,0.25,25.22,79.34,0.73
2019-09-16 11:00:00,0.3,25.78,76.81,0.74
2019-09-16 12:00:00,0.39,25.94,75.87,0.73
2019-09-16 13:00:00,0.46,25.72,76.67,0.71
2019-09-16 14:00:00,0.49,25.14,78.96,0.7
2019-09-16 15:00:00,0.46,24.35,82.96,0.67
2019-09-16 16:00:00,0.43,23.45,89.17,0.61
2019-09-16 17:00:00,0.5,22.54,95.35,0.48
2019-09-16 18:00:00,0.47,21.99,97.33,0.41
2019-09-16 19:00:00,0.51,21.69,97.96,0.4
2019-09-16 20:00:00,0.52,21.56,98.29,0.38
2019-09-16 21:00:00,0.46,21.35,98.21,0.39
2019-09-16 22:00:00,0.39,21.15,98.06,0.38
2019-09-16 23:00:00,0.27,20.81,97.98,0.38
2019-09-17 00:00:00,0.1,20.4,97.7,0.36
2019-09-17 01:00:00,0.04,19.9,97.34,0.35
2019-09-17 02:00:00,0.03,19.4,97.04,0.32
2019-09-17 03:00:00,0.04,18.97,96.59,0.26
2019-09-17 04:00:00,0.04,18.6,96.39,0.18
2019-09-17 05:00:00,0.04,18.24,96.47,0.11
2019-09-17 06:00:00,0.04,18.35,95.47,0.06
2019-09-17 07:00:00,0.04,19.74,89.16,0.09
2019-09-17 08:00:00,0.19,21.99,79.68,0.3
2019-09-17 09:00:00,0.17,23.18,77.91,0.46
2019-09-17 10:00:00,0.2,23.45,80.34,0.52
2019-09-17 11:00:00,0.29,23.6,82.16,0.54
2019-09-17 12:00:00,0.6,23.87,82.72,0.56
2019-09-17 13:00:00,0.84,24.37,81.72,0.6
2019-09-17 14:00:00,0.98,24.44,82.24,0.63
2019-09-17 15:00:00,0.99,23.94,85.43,0.63
2019-09-17 16:00:00,1.18,23.36,89.57,0.59
2019-09-17 17:00:00,1.34,22.57,95.5,0.47
2019-09-17 18:00:00,1.04,22.04,98.36,0.38
2019-09-17 19:00:00,1.06,21.94,98.54,0.37
2019-09-17 20:00:00,1.13,21.85,98.87,0.33
2019-09-17 21:00:00,1.35,21.8,99.08,0.33
2019-09-17 22:00:00,1.44,21.86,98.85,0.37
2019-09-17 23:00:00,1.56,21.77,98.82,0.38
2019-09-18 00:00:00,1.6,21.66,98.95,0.37
2019-09-18 01:00:00,1.54,21.61,98.95,0.35
2019-09-18 02:00:00,1.26,21.51,98.85,0.34
2019-09-18 03:00:00,1.12,21.32,98.82,0.31
2019-09-18 04:00:00,0.77,21.12,98.86,0.28
2019-09-18 05:00:00,0.56,20.97,98.91,0.25
2019-09-18 06:00:00,0.41,21.18,98.44,0.24
2019-09-18 07:00:00,0.24,21.8,95.93,0.34
2019-09-18 08:00:00,0.1,22.44,90.96,0.39
2019-09-18 09:00:00,0.09,23.29,84.62,0.41
2019-09-18 10:00:00,0.1,24.23,79.64,0.44
2019-09-18 11:00:00,0.27,24.89,76.96,0.48
2019-09-18 12:00:00,0.61,25.16,76.57,0.54
2019-09-18 13:00:00,0.84,25.25,76.91,0.57
2019-09-18 14:00:00,0.87,25.06,78.21,0.6
2019-09-18 15:00:00,0.68,24.55,80.76,0.61
2019-09-18 16:00:00,0.35,23.66,86.03,0.56
2019-09-18 17:00:00,0.25,22.56,93.07,0.43
2019-09-18 18:00:00,0.1,21.71,96.8,0.3
2019-09-18 19:00:00,0.07,21.37,97.64,0.27
2019-09-18 20:00:00,0.05,21.16,98.15,0.24
2019-09-18 21:00:00,0.06,20.96,98.27,0.22
2019-09-18 22:00:00,0.13,20.81,98.4,0.21
2019-09-18 23:00:00,0.17,20.77,98.43,0.2
2019-09-19 00:00:00,0.34,20.74,98.54,0.19
2019-09-19 01:00:00,0.57,20.71,98.64,0.19
2019-09-19 02:00:00,0.95,20.66,98.84,0.2
2019-09-19 03:00:00,1.12,20.59,98.95,0.21
2019-09-19 04:00:00,1.15,20.5,99.1,0.21
2019-09-19 05:00:00,1.15,20.42,98.92,0.21
2019-09-19 06:00:00,0.95,20.81,98.26,0.25
2019-09-19 07:00:00,0.96,21.73,95.26,0.37
2019-09-19 08:00:00,0.37,22.97,87.8,0.45
2019-09-19 09:00:00,0.31,24.42,80.04,0.51
2019-09-19 10:00:00,0.33,25.28,76.29,0.57
2019-09-19 11:00:00,0.39,25.57,75.46,0.62
2019-09-19 12:00:00,0.48,25.36,76.43,0.67
2019-09-19 13:00:00,0.47,24.63,79.2,0.67
2019-09-19 14:00:00,0.29,23.9,81.87,0.66
2019-09-19 15:00:00,0.16,23.35,84.63,0.61
2019-09-19 16:00:00,0.33,22.86,87.96,0.54
2019-09-19 17:00:00,0.4,22.05,93.85,0.41
2019-09-19 18:00:00,0.26,21.4,97.29,0.29
2019-09-19 19:00:00,0.28,21.2,97.63,0.27
2019-09-19 20:00:00,0.23,20.97,97.73,0.24
2019-09-19 21:00:00,0.3,20.72,97.77,0.22
2019-09-19 22:00:00,0.3,20.44,97.44,0.21
2019-09-19 23:00:00,0.3,20.08,97.18,0.19
2019-09-20 00:00:00,0.36,19.85,97.27,0.17
2019-09-20 01:00:00,0.4,19.71,97.51,0.14
2019-09-20 02:00:00,0.37,19.55,97.79,0.12
2019-09-20 03:00:00,0.39,19.39,98.04,0.1
2019-09-20 04:00:00,0.43,19.14,98.61,0.1
2019-09-20 05:00:00,0.41,18.9,98.88,0.11
2019-09-20 06:00:00,0.35,19.24,98.26,0.11
2019-09-20 07:00:00,0.34,20.26,94.84,0.18
2019-09-20 08:00:00,0.01,21.67,85.7,0.11
2019-09-20 09:00:00,0.01,23.25,75.93,0.02
2019-09-20 10:00:00,0.01,24.29,72.54,0.13
2019-09-20 11:00:00,0.02,24.89,71.73,0.25
2019-09-20 12:00:00,0.02,25.1,72.76,0.35
2019-09-20 13:00:00,0.02,25.02,74.17,0.4
2019-09-20 14:00:00,0.01,24.71,76.75,0.43
2019-09-20 15:00:00,0.01,24.23,81.4,0.46
2019-09-20 16:00:00,0.01,23.57,87.78,0.43
2019-09-20 17:00:00,0.01,22.74,93.56,0.37
2019-09-20 18:00:00,0.01,22.05,96.98,0.29
2019-09-20 19:00:00,0.01,21.76,97.72,0.26
2019-09-20 20:00:00,0.01,21.56,98.19,0.25
2019-09-20 21:00:00,0.01,21.4,98.43,0.24
2019-09-20 22:00:00,0.01,21.27,98.69,0.25
2019-09-20 23:00:00,0.01,21.15,98.78,0.25
2019-09-21 00:00:00,0.01,21.03,98.91,0.26
2019-09-21 01:00:00,0.01,20.88,99.09,0.27
2019-09-21 02:00:00,0.01,20.77,98.95,0.26
2019-09-21 03:00:00,0.01,20.62,98.9,0.25
2019-09-21 04:00:00,0.01,20.43,98.93,0.23
2019-09-21 05:00:00,0.0,20.25,98.72,0.2
2019-09-21 06:00:00,0.0,20.54,97.84,0.16
2019-09-21 07:00:00,0.0,21.52,92.19,0.17
2019-09-21 08:00:00,0.01,22.51,83.75,0.21
2019-09-21 09:00:00,0.0,23.74,76.07,0.29
2019-09-21 10:00:00,0.0,24.95,70.47,0.34
2019-09-21 11:00:00,0.01,25.77,67.84,0.4
2019-09-21 12:00:00,0.02,26.24,67.37,0.5
2019-09-21 13:00:00,0.04,26.25,68.78,0.6
2019-09-21 14:00:00,0.08,25.66,72.18,0.64
2019-09-21 15:00:00,0.12,24.76,76.73,0.62
2019-09-21 16:00:00,0.17,23.71,83.36,0.53
2019-09-21 17:00:00,0.17,22.53,90.99,0.43
2019-09-21 18:00:00,0.15,21.66,95.69,0.32
2019-09-21 19:00:00,0.14,21.25,96.28,0.33
2019-09-21 20:00:00,0.15,20.91,96.46,0.31
2019-09-21 21:00:00,0.18,20.62,96.87,0.28
2019-09-21 22:00:00,0.18,20.37,97.16,0.27
2019-09-21 23:00:00,0.22,20.16,97.23,0.25
2019-09-22 00:00:00,0.23,19.96,97.35,0.22
2019-09-22 01:00:00,0.25,19.79,97.35,0.19
2019-09-22 02:00:00,0.31,19.68,97.6,0.16
2019-09-22 03:00:00,0.28,19.62,98.03,0.15
2019-09-22 04:00:00,0.23,19.61,98.31,0.14
2019-09-22 05:00:00,0.27,19.65,98.57,0.15
2019-09-22 06:00:00,0.3,20.34,98.09,0.19
2019-09-22 07:00:00,0.33,21.95,95.65,0.27
2019-09-22 08:00:00,0.14,23.42,89.12,0.38
2019-09-22 09:00:00,0.14,25.09,79.77,0.41
2019-09-22 10:00:00,0.17,26.17,75.13,0.45
2019-09-22 11:00:00,0.25,26.79,73.01,0.51
2019-09-22 12:00:00,0.39,27.16,71.69,0.58
2019-09-22 13:00:00,0.51,26.94,73.43,0.63
2019-09-22 14:00:00,0.63,25.76,80.49,0.67
2019-09-22 15:00:00,0.73,24.63,87.83,0.66
2019-09-22 16:00:00,0.73,23.84,93.63,0.61
2019-09-22 17:00:00,0.77,23.42,96.73,0.52
2019-09-22 18:00:00,0.74,23.12,97.88,0.46
2019-09-22 19:00:00,0.66,22.94,98.34,0.44
2019-09-22 20:00:00,0.6,22.79,98.57,0.41
2019-09-22 21:00:00,0.58,22.57,98.92,0.37
2019-09-22 22:00:00,0.68,22.46,98.95,0.35
2019-09-22 23:00:00,0.74,22.37,98.98,0.33
2019-09-23 00:00:00,0.74,22.3,98.84,0.33
2019-09-23 01:00:00,0.64,22.09,98.47,0.35
2019-09-23 02:00:00,0.54,21.71,98.45,0.3
2019-09-23 03:00:00,0.4,21.41,98.38,0.26
2019-09-23 04:00:00,0.27,21.12,98.61,0.23
2019-09-23 05:00:00,0.15,20.94,98.96,0.21
2019-09-23 06:00:00,0.08,21.1,98.54,0.2
2019-09-23 07:00:00,0.04,21.6,96.77,0.27
2019-09-23 08:00:00,0.07,22.25,93.2,0.36
2019-09-23 09:00:00,0.24,23.42,85.65,0.42
2019-09-23 10:00:00,0.44,24.6,79.88,0.46
2019-09-23 11:00:00,0.78,25.41,77.03,0.53
2019-09-23 12:00:00,1.17,25.76,76.06,0.6
2019-09-23 13:00:00,1.34,25.57,77.21,0.65
2019-09-23 14:00:00,1.09,24.73,81.88,0.65
2019-09-23 15:00:00,0.91,23.87,86.95,0.61
2019-09-23 16:00:00,0.9,23.08,92.17,0.53
2019-09-23 17:00:00,0.99,22.57,95.73,0.39
2019-09-23 18:00:00,1.17,22.17,97.13,0.31
2019-09-23 19:00:00,1.27,21.87,97.38,0.3
2019-09-23 20:00:00,1.32,21.37,97.05,0.32
2019-09-23 21:00:00,1.08,21.04,97.7,0.31
2019-09-23 22:00:00,0.84,20.77,97.99,0.32
2019-09-23 23:00:00,0.66,20.58,98.48,0.3
2019-09-24 00:00:00,0.6,20.55,98.83,0.3
2019-09-24 01:00:00,0.59,20.59,99.11,0.34
2019-09-24 02:00:00,0.54,20.65,99.31,0.38
2019-09-24 03:00:00,0.55,20.74,99.29,0.39
2019-09-24 04:00:00,0.47,20.83,99.36,0.34
2019-09-24 05:00:00,0.4,20.9,99.34,0.32
2019-09-24 06:00:00,0.38,21.2,98.98,0.33
2019-09-24 07:00:00,0.42,21.94,97.76,0.47
2019-09-24 08:00:00,0.13,22.72,95.81,0.55
2019-09-24 09:00:00,0.18,23.6,91.35,0.63
2019-09-24 10:00:00,0.28,24.24,86.84,0.69
2019-09-24 11:00:00,0.41,24.29,86.59,0.74
2019-09-24 12:00:00,0.58,24.23,87.29,0.8
2019-09-24 13:00:00,0.87,23.9,89.29,0.82
2019-09-24 14:00:00,1.23,23.5,91.83,0.84
2019-09-24 15:00:00,1.63,23.2,93.82,0.82
2019-09-24 16:00:00,1.85,22.85,95.76,0.75
2019-09-24 17:00:00,2.01,22.4,96.81,0.67
2019-09-24 18:00:00,2.2,21.97,97.48,0.61
2019-09-24 19:00:00,2.39,21.75,97.87,0.54
2019-09-24 20:00:00,2.54,21.64,98.15,0.49
2019-09-24 21:00:00,2.72,21.49,98.56,0.43
2019-09-24 22:00:00,2.81,21.41,98.75,0.38
2019-09-24 23:00:00,2.49,21.43,98.77,0.38
2019-09-25 00:00:00,1.87,21.44,98.77,0.38
2019-09-25 01:00:00,1.26,21.39,98.83,0.4
2019-09-25 02:00:00,0.74,21.36,98.8,0.41
2019-09-25 03:00:00,0.51,21.36,98.81,0.42
2019-09-25 04:00:00,0.34,21.33,98.76,0.41
2019-09-25 05:00:00,0.26,21.29,98.85,0.38
2019-09-25 06:00:00,0.23,21.49,98.48,0.41
2019-09-25 07:00:00,0.23,22.2,97.0,0.52
2019-09-25 08:00:00,0.19,23.06,93.21,0.6
2019-09-25 09:00:00,0.25,23.83,87.75,0.65
2019-09-25 10:00:00,0.31,24.35,85.02,0.69
2019-09-25 11:00:00,0.37,24.61,83.92,0.7
2019-09-25 12:00:00,0.43,24.62,83.84,0.71
2019-09-25 13:00:00,0.47,24.41,84.99,0.68
2019-09-25 14:00:00,0.38,23.98,87.34,0.63
2019-09-25 15:00:00,0.29,23.49,90.42,0.56
2019-09-25 16:00:00,0.28,23.05,93.62,0.47
2019-09-25 17:00:00,0.27,22.56,96.13,0.36
2019-09-25 18:00:00,0.28,21.98,97.42,0.29
2019-09-25 19:00:00,0.32,21.61,97.64,0.31
2019-09-25 20:00:00,0.39,21.34,98.02,0.32
2019-09-25 21:00:00,0.43,21.17,98.34,0.33
2019-09-25 22:00:00,0.5,21.03,98.26,0.37
2019-09-25 23:00:00,0.62,20.86,98.2,0.4
2019-09-26 00:00:00,0.81,20.65,98.22,0.42
2019-09-26 01:00:00,0.84,20.43,98.29,0.42
2019-09-26 02:00:00,0.64,20.25,98.44,0.42
2019-09-26 03:00:00,0.41,20.1,98.5,0.43
2019-09-26 04:00:00,0.24,19.98,98.52,0.44
2019-09-26 05:00:00,0.14,19.89,98.64,0.42
2019-09-26 06:00:00,0.09,20.09,98.26,0.51
2019-09-26 07:00:00,0.08,20.84,96.53,0.61
2019-09-26 08:00:00,0.12,21.75,92.65,0.68
2019-09-26 09:00:00,0.11,22.58,87.45,0.76
2019-09-26 10:00:00,0.11,23.16,83.63,0.81
2019-09-26 11:00:00,0.12,23.46,81.14,0.8
2019-09-26 12:00:00,0.12,23.68,79.96,0.77
2019-09-26 13:00:00,0.13,23.7,79.95,0.71
2019-09-26 14:00:00,0.09,23.59,80.49,0.63
2019-09-26 15:00:00,0.08,23.34,81.66,0.53
2019-09-26 16:00:00,0.07,22.82,85.98,0.39
2019-09-26 17:00:00,0.05,22.1,92.97,0.25
2019-09-26 18:00:00,0.03,21.43,95.88,0.24
2019-09-26 19:00:00,0.01,21.14,95.55,0.28
2019-09-26 20:00:00,0.01,20.82,96.07,0.35
2019-09-26 21:00:00,0.01,20.5,96.61,0.42
2019-09-26 22:00:00,0.01,20.26,96.88,0.45
2019-09-26 23:00:00,0.01,20.17,96.52,0.43
2019-09-27 00:00:00,0.02,20.09,96.25,0.35
2019-09-27 01:00:00,0.02,19.95,96.21,0.26
2019-09-27 02:00:00,0.02,19.74,96.61,0.24
2019-09-27 03:00:00,0.01,19.51,97.03,0.27
2019-09-27 04:00:00,0.01,19.28,97.42,0.26
2019-09-27 05:00:00,0.02,19.11,97.45,0.23
2019-09-27 06:00:00,0.02,19.38,97.02,0.15
2019-09-27 07:00:00,0.04,21.04,91.3,0.17
2019-09-27 08:00:00,0.06,23.27,78.08,0.16
2019-09-27 09:00:00,0.07,25.32,66.94,0.16
2019-09-27 10:00:00,0.08,26.86,60.74,0.2
2019-09-27 11:00:00,0.09,27.74,58.49,0.27
2019-09-27 12:00:00,0.15,27.91,59.29,0.35
2019-09-27 13:00:00,0.43,27.45,62.61,0.4
2019-09-27 14:00:00,0.61,26.44,69.34,0.46
2019-09-27 15:00:00,0.81,25.43,76.9,0.47
2019-09-27 16:00:00,0.96,24.44,84.38,0.43
2019-09-27 17:00:00,1.17,23.39,92.37,0.3
2019-09-27 18:00:00,1.09,22.67,97.03,0.24
2019-09-27 19:00:00,1.06,22.39,97.25,0.28
2019-09-27 20:00:00,1.24,22.25,96.61,0.37
2019-09-27 21:00:00,1.23,22.12,96.14,0.44
2019-09-27 22:00:00,1.22,21.9,96.37,0.47
2019-09-27 23:00:00,1.22,21.67,96.73,0.47
2019-09-28 00:00:00,1.56,21.42,97.23,0.48
2019-09-28 01:00:00,1.51,21.15,97.79,0.47
2019-09-28 02:00:00,1.4,20.93,98.06,0.48
2019-09-28 03:00:00,0.8,20.86,97.7,0.53
2019-09-28 04:00:00,0.87,20.92,96.89,0.58
2019-09-28 05:00:00,0.8,20.93,96.35,0.57
2019-09-28 06:00:00,0.38,21.08,96.11,0.49
2019-09-28 07:00:00,0.85,21.92,96.72,0.2
2019-09-28 08:00:00,0.09,23.27,89.86,0.19
2019-09-28 09:00:00,0.06,25.37,75.09,0.16
2019-09-28 10:00:00,0.09,26.72,67.43,0.1
2019-09-28 11:00:00,0.12,27.42,63.92,0.04
2019-09-28 12:00:00,0.17,27.61,63.06,0.06
2019-09-28 13:00:00,0.23,27.32,64.72,0.17
2019-09-28 14:00:00,0.23,26.63,69.21,0.27
2019-09-28 15:00:00,0.25,25.73,76.72,0.34
2019-09-28 16:00:00,0.3,24.7,85.42,0.34
2019-09-28 17:00:00,0.36,23.63,93.56,0.28
2019-09-28 18:00:00,0.46,22.85,96.63,0.28
2019-09-28 19:00:00,0.44,22.49,96.37,0.28
2019-09-28 20:00:00,0.34,22.16,96.47,0.28
2019-09-28 21:00:00,0.31,21.66,97.28,0.24
2019-09-28 22:00:00,0.26,21.21,97.61,0.2
2019-09-28 23:00:00,0.16,20.86,97.49,0.2
2019-09-29 00:00:00,0.12,20.62,97.42,0.21
2019-09-29 01:00:00,0.11,20.4,97.45,0.21
2019-09-29 02:00:00,0.09,20.27,97.14,0.22
2019-09-29 03:00:00,0.1,20.21,96.7,0.24
2019-09-29 04:00:00,0.12,20.16,96.21,0.24
2019-09-29 05:00:00,0.15,20.01,96.22,0.26
2019-09-29 06:00:00,0.24,20.08,97.01,0.21
2019-09-29 07:00:00,0.25,21.08,95.47,0.18
2019-09-29 08:00:00,6.5,22.5,89.25,0.26
2019-09-29 09:00:00,2.27,23.99,79.79,0.31
2019-09-29 10:00:00,0.3,24.92,74.26,0.32
2019-09-29 11:00:00,0.04,25.21,71.73,0.3
2019-09-29 12:00:00,0.03,25.23,70.98,0.27
2019-09-29 13:00:00,0.04,25.46,69.69,0.23
2019-09-29 14:00:00,0.05,25.54,69.41,0.15
2019-09-29 15:00:00,0.09,25.33,71.32,0.09
2019-09-29 16:00:00,0.18,24.7,78.79,0.12
2019-09-29 17:00:00,0.24,23.69,88.62,0.11
2019-09-29 18:00:00,0.24,22.78,94.07,0.14
2019-09-29 19:00:00,0.42,22.38,94.4,0.23
2019-09-29 20:00:00,0.63,21.99,95.73,0.23
2019-09-29 21:00:00,0.91,21.62,96.71,0.22
2019-09-29 22:00:00,1.56,21.36,96.85,0.26
2019-09-29 23:00:00,2.27,21.11,96.63,0.31
2019-09-30 00:00:00,3.27,20.75,97.21,0.31
2019-09-30 01:00:00,3.42,20.38,98.21,0.25
2019-09-30 02:00:00,3.34,20.06,98.82,0.22
2019-09-30 03:00:00,3.01,19.73,99.01,0.24
2019-09-30 04:00:00,2.98,19.41,99.12,0.29
2019-09-30 05:00:00,3.73,19.15,99.07,0.32
2019-09-30 06:00:00,4.38,19.52,98.11,0.39
2019-09-30 07:00:00,4.54,20.66,95.73,0.49
2019-09-30 08:00:00,0.74,22.34,88.87,0.55
2019-09-30 09:00:00,0.52,24.07,80.0,0.6
2019-09-30 10:00:00,0.48,24.98,76.0,0.62
2019-09-30 11:00:00,0.55,25.49,73.79,0.6
2019-09-30 12:00:00,0.42,25.6,73.82,0.56
2019-09-30 13:00:00,0.21,25.54,74.33,0.54
2019-09-30 14:00:00,0.16,24.99,77.83,0.52
2019-09-30 15:00:00,0.13,24.28,83.33,0.49
2019-09-30 16:00:00,0.15,23.54,89.47,0.46
2019-09-30 17:00:00,0.25,22.82,95.25,0.42
2019-09-30 18:00:00,0.17,22.17,97.69,0.39
2019-09-30 19:00:00,0.13,21.81,98.22,0.35
2019-09-30 20:00:00,0.16,21.56,98.5,0.33
2019-09-30 21:00:00,0.23,21.36,98.65,0.3
2019-09-30 22:00:00,0.39,21.18,98.62,0.3
2019-09-30 23:00:00,0.52,20.92,98.61,0.31
2019-10-01 00:00:00,0.58,20.6,98.56,0.31
2019-10-01 01:00:00,0.62,20.35,98.6,0.32
2019-10-01 02:00:00,0.4,20.12,98.61,0.33
2019-10-01 03:00:00,0.17,19.88,98.69,0.32
2019-10-01 04:00:00,0.12,19.69,98.6,0.32
2019-10-01 05:00:00,0.09,19.55,98.55,0.32
2019-10-01 06:00:00,0.05,19.82,97.88,0.37
2019-10-01 07:00:00,0.13,20.83,95.15,0.43
2019-10-01 08:00:00,0.02,22.53,84.67,0.45
2019-10-01 09:00:00,0.01,24.52,73.38,0.42
2019-10-01 10:00:00,0.01,25.84,68.01,0.39
2019-10-01 11:00:00,0.02,26.58,65.79,0.39
2019-10-01 12:00:00,0.02,26.91,65.49,0.44
2019-10-01 13:00:00,0.03,26.74,67.25,0.49
2019-10-01 14:00:00,0.04,26.2,71.28,0.53
2019-10-01 15:00:00,0.07,25.27,77.59,0.53
2019-10-01 16:00:00,0.09,24.25,85.11,0.49
2019-10-01 17:00:00,0.1,23.18,92.59,0.39
2019-10-01 18:00:00,0.11,22.45,96.58,0.31
2019-10-01 19:00:00,0.12,22.17,97.54,0.27
2019-10-01 20:00:00,0.12,21.95,98.09,0.26
2019-10-01 21:00:00,0.12,21.76,98.53,0.25
2019-10-01 22:00:00,0.1,21.6,98.7,0.26
2019-10-01 23:00:00,0.1,21.48,98.74,0.25
2019-10-02 00:00:00,0.1,21.37,98.75,0.25
2019-10-02 01:00:00,0.09,21.22,98.94,0.24
2019-10-02 02:00:00,0.08,21.07,98.99,0.22
2019-10-02 03:00:00,0.06,20.87,99.07,0.19
2019-10-02 04:00:00,0.04,20.7,98.82,0.26
2019-10-02 05:00:00,0.02,20.56,98.47,0.39
2019-10-02 06:00:00,0.01,20.82,98.56,0.3
2019-10-02 07:00:00,0.02,21.98,96.57,0.38
2019-10-02 08:00:00,0.15,23.11,90.58,0.46
2019-10-02 09:00:00,0.17,24.82,80.57,0.48
2019-10-02 10:00:00,0.24,26.23,73.6,0.45
2019-10-02 11:00:00,0.39,27.14,69.39,0.43
2019-10-02 12:00:00,0.53,27.56,67.46,0.42
2019-10-02 13:00:00,0.66,27.56,67.51,0.42
2019-10-02 14:00:00,0.63,27.05,70.94,0.41
2019-10-02 15:00:00,0.66,26.18,78.08,0.4
2019-10-02 16:00:00,0.84,25.29,85.79,0.4
2019-10-02 17:00:00,0.99,24.4,93.25,0.38
2019-10-02 18:00:00,1.23,23.51,96.23,0.36
2019-10-02 19:00:00,1.32,23.1,96.6,0.32
2019-10-02 20:00:00,1.34,22.86,96.5,0.33
2019-10-02 21:00:00,1.13,22.71,96.13,0.35
2019-10-02 22:00:00,1.17,22.57,95.81,0.32
2019-10-02 23:00:00,1.32,22.4,95.93,0.3
2019-10-03 00:00:00,1.5,22.23,96.08,0.31
2019-10-03 01:00:00,1.55,22.11,96.05,0.3
2019-10-03 02:00:00,1.24,22.02,95.93,0.19
2019-10-03 03:00:00,0.82,21.8,95.97,0.03
2019-10-03 04:00:00,0.63,21.46,96.23,0.09
2019-10-03 05:00:00,0.54,21.07,96.89,0.2
2019-10-03 06:00:00,0.43,21.28,97.58,0.21
2019-10-03 07:00:00,0.34,22.46,97.96,0.3
2019-10-03 08:00:00,0.01,23.93,88.77,0.42
2019-10-03 09:00:00,0.01,26.0,74.29,0.45
2019-10-03 10:00:00,0.01,27.33,66.8,0.47
2019-10-03 11:00:00,0.01,28.05,63.29,0.51
2019-10-03 12:00:00,0.02,28.21,62.94,0.58
2019-10-03 13:00:00,0.02,27.96,64.31,0.63
2019-10-03 14:00:00,0.02,27.33,67.5,0.66
2019-10-03 15:00:00,0.02,25.94,75.66,0.65
2019-10-03 16:00:00,0.01,24.63,84.09,0.56
2019-10-03 17:00:00,0.02,23.56,91.14,0.4
2019-10-03 18:00:00,0.01,22.89,95.34,0.29
2019-10-03 19:00:00,0.01,22.62,96.74,0.24
2019-10-03 20:00:00,0.01,22.38,97.64,0.23
2019-10-03 21:00:00,0.01,22.16,97.94,0.23
2019-10-03 22:00:00,0.01,21.93,98.14,0.23
2019-10-03 23:00:00,0.01,21.71,98.33,0.22
2019-10-04 00:00:00,0.01,21.55,98.18,0.23
2019-10-04 01:00:00,0.0,21.41,97.9,0.23
2019-10-04 02:00:00,0.0,21.24,97.71,0.22
2019-10-04 03:00:00,0.0,21.04,97.79,0.19
2019-10-04 04:00:00,0.0,20.84,98.03,0.16
2019-10-04 05:00:00,0.0,20.68,97.94,0.17
2019-10-04 06:00:00,0.0,20.97,96.94,0.17
2019-10-04 07:00:00,0.0,22.19,89.59,0.17
2019-10-04 08:00:00,0.01,23.94,79.04,0.19
2019-10-04 09:00:00,0.01,25.85,70.74,0.26
2019-10-04 10:00:00,0.02,27.04,66.45,0.34
2019-10-04 11:00:00,0.03,27.59,64.71,0.44
2019-10-04 12:00:00,0.04,27.57,65.11,0.52
2019-10-04 13:00:00,0.06,27.17,67.54,0.59
2019-10-04 14:00:00,0.07,26.09,73.73,0.63
2019-10-04 15:00:00,0.07,24.93,80.93,0.64
2019-10-04 16:00:00,0.08,23.82,87.94,0.58
2019-10-04 17:00:00,0.09,22.96,93.76,0.46
2019-10-04 18:00:00,0.09,22.53,96.18,0.38
2019-10-04 19:00:00,0.09,22.35,96.82,0.36
2019-10-04 20:00:00,0.1,22.22,97.11,0.32
2019-10-04 21:00:00,0.1,22.09,97.35,0.28
2019-10-04 22:00:00,0.11,21.97,97.61,0.25
2019-10-04 23:00:00,0.13,21.87,97.64,0.25
2019-10-05 00:00:00,0.15,21.75,97.94,0.23
2019-10-05 01:00:00,0.13,21.66,98.06,0.22
2019-10-05 02:00:00,0.12,21.47,98.18,0.2
2019-10-05 03:00:00,0.12,21.15,97.9,0.19
2019-10-05 04:00:00,0.14,20.93,97.84,0.15
2019-10-05 05:00:00,0.15,20.75,97.31,0.11
2019-10-05 06:00:00,0.13,20.75,97.31,0.1
2019-10-05 07:00:00,0.09,21.29,94.48,0.14
2019-10-05 08:00:00,0.08,22.87,82.74,0.14
2019-10-05 09:00:00,0.07,25.17,68.73,0.17
2019-10-05 10:00:00,0.08,26.8,62.85,0.26
2019-10-05 11:00:00,0.1,27.48,61.58,0.35
2019-10-05 12:00:00,0.13,27.53,62.37,0.41
2019-10-05 13:00:00,0.16,27.16,65.14,0.43
2019-10-05 14:00:00,0.18,26.24,70.8,0.42
2019-10-05 15:00:00,0.2,25.31,76.76,0.36
2019-10-05 16:00:00,0.19,24.29,84.4,0.29
2019-10-05 17:00:00,0.17,23.34,91.71,0.25
2019-10-05 18:00:00,0.23,22.7,95.5,0.24
2019-10-05 19:00:00,0.24,22.4,96.52,0.27
2019-10-05 20:00:00,0.28,22.21,96.95,0.3
2019-10-05 21:00:00,0.29,22.03,97.34,0.31
2019-10-05 22:00:00,0.34,21.89,97.68,0.31
2019-10-05 23:00:00,0.42,21.77,97.97,0.32
2019-10-06 00:00:00,0.41,21.69,98.16,0.32
2019-10-06 01:00:00,0.38,21.6,98.31,0.32
2019-10-06 02:00:00,0.29,21.49,98.43,0.28
2019-10-06 03:00:00,0.2,21.24,98.37,0.27
2019-10-06 04:00:00,0.14,20.8,98.36,0.24
2019-10-06 05:00:00,0.14,20.55,98.5,0.18
2019-10-06 06:00:00,0.17,20.61,98.32,0.18
2019-10-06 07:00:00,0.18,21.15,96.1,0.21
2019-10-06 08:00:00,0.54,22.09,89.72,0.23
2019-10-06 09:00:00,0.46,23.98,77.32,0.22
2019-10-06 10:00:00,0.51,25.65,69.58,0.27
2019-10-06 11:00:00,0.53,26.56,66.71,0.34
2019-10-06 12:00:00,0.56,26.82,66.41,0.41
2019-10-06 13:00:00,0.65,26.42,69.26,0.48
2019-10-06 14:00:00,0.68,25.39,75.93,0.53
2019-10-06 15:00:00,0.65,24.29,83.11,0.53
2019-10-06 16:00:00,0.57,23.27,89.12,0.47
2019-10-06 17:00:00,0.5,22.41,94.05,0.35
2019-10-06 18:00:00,0.48,21.91,96.46,0.26
2019-10-06 19:00:00,0.42,21.67,97.06,0.22
2019-10-06 20:00:00,0.4,21.53,97.11,0.2
2019-10-06 21:00:00,0.36,21.39,97.0,0.19
2019-10-06 22:00:00,0.38,21.24,96.91,0.18
2019-10-06 23:00:00,0.36,21.09,96.89,0.19
2019-10-07 00:00:00,0.41,20.91,97.07,0.19
2019-10-07 01:00:00,0.42,20.75,97.13,0.19
2019-10-07 02:00:00,0.46,20.59,97.17,0.19
2019-10-07 03:00:00,0.45,20.41,97.22,0.2
2019-10-07 04:00:00,0.47,20.26,97.25,0.21
2019-10-07 05:00:00,0.5,20.13,97.41,0.22
2019-10-07 06:00:00,0.46,20.34,97.64,0.24
2019-10-07 07:00:00,0.5,21.29,96.17,0.23
2019-10-07 08:00:00,0.2,22.51,89.11,0.28
2019-10-07 09:00:00,0.2,24.09,78.79,0.35
2019-10-07 10:00:00,0.2,25.24,74.15,0.42
2019-10-07 11:00:00,0.24,26.14,71.12,0.51
2019-10-07 12:00:00,0.31,26.61,69.8,0.59
2019-10-07 13:00:00,0.35,26.48,71.0,0.65
2019-10-07 14:00:00,0.38,26.0,74.26,0.67
2019-10-07 15:00:00,0.41,25.01,80.47,0.65
2019-10-07 16:00:00,0.43,23.93,87.7,0.58
2019-10-07 17:00:00,0.45,22.93,94.31,0.44
2019-10-07 18:00:00,0.48,22.37,97.05,0.34
2019-10-07 19:00:00,0.47,22.14,97.73,0.3
2019-10-07 20:00:00,0.46,21.96,97.98,0.28
2019-10-07 21:00:00,0.43,21.78,98.14,0.26
2019-10-07 22:00:00,0.43,21.54,98.38,0.25
2019-10-07 23:00:00,0.39,21.26,98.46,0.26
2019-10-08 00:00:00,0.41,21.01,98.43,0.25
2019-10-08 01:00:00,0.38,20.81,98.49,0.24
2019-10-08 02:00:00,0.41,20.61,98.52,0.28
2019-10-08 03:00:00,0.39,20.51,97.96,0.34
2019-10-08 04:00:00,0.32,20.44,97.49,0.3
2019-10-08 05:00:00,0.24,20.24,97.57,0.24
2019-10-08 06:00:00,0.18,20.37,98.02,0.16
2019-10-08 07:00:00,0.18,21.44,96.32,0.12
2019-10-08 08:00:00,0.2,22.82,88.59,0.24
2019-10-08 09:00:00,0.21,25.02,76.11,0.29
2019-10-08 10:00:00,0.24,26.53,69.6,0.36
2019-10-08 11:00:00,0.3,27.25,66.77,0.44
2019-10-08 12:00:00,0.33,27.58,65.66,0.51
2019-10-08 13:00:00,0.48,27.49,66.38,0.56
2019-10-08 14:00:00,0.61,26.85,70.24,0.6
2019-10-08 15:00:00,0.75,25.67,77.97,0.62
2019-10-08 16:00:00,0.94,24.48,86.42,0.58
2019-10-08 17:00:00,1.15,23.39,93.81,0.44
2019-10-08 18:00:00,1.35,22.78,97.11,0.34
2019-10-08 19:00:00,1.55,22.58,97.81,0.31
2019-10-08 20:00:00,1.7,22.4,98.31,0.26
2019-10-08 21:00:00,1.84,22.21,98.65,0.23
2019-10-08 22:00:00,1.75,22.04,98.88,0.22
2019-10-08 23:00:00,1.43,21.9,98.95,0.22
2019-10-09 00:00:00,1.0,21.79,99.13,0.23
2019-10-09 01:00:00,0.65,21.7,99.15,0.23
2019-10-09 02:00:00,0.32,21.59,99.21,0.24
2019-10-09 03:00:00,0.14,21.47,99.24,0.24
2019-10-09 04:00:00,0.07,21.27,99.23,0.23
2019-10-09 05:00:00,0.03,21.14,98.74,0.32
2019-10-09 06:00:00,0.0,21.37,98.46,0.28
2019-10-09 07:00:00,0.0,22.39,96.62,0.27
2019-10-09 08:00:00,0.01,23.47,88.81,0.28
2019-10-09 09:00:00,0.02,25.32,75.76,0.25
2019-10-09 10:00:00,0.04,26.63,69.08,0.25
2019-10-09 11:00:00,0.05,27.19,66.44,0.31
2019-10-09 12:00:00,0.07,27.11,67.17,0.4
2019-10-09 13:00:00,0.1,26.54,71.13,0.48
2019-10-09 14:00:00,0.11,25.52,78.66,0.55
2019-10-09 15:00:00,0.12,24.55,86.0,0.58
2019-10-09 16:00:00,0.13,23.72,91.97,0.54
2019-10-09 17:00:00,0.15,23.15,96.26,0.44
2019-10-09 18:00:00,0.14,22.9,97.53,0.41
2019-10-09 19:00:00,0.14,22.81,97.88,0.38
2019-10-09 20:00:00,0.14,22.73,98.12,0.34
2019-10-09 21:00:00,0.13,22.66,98.23,0.31
2019-10-09 22:00:00,0.16,22.57,98.37,0.3
2019-10-09 23:00:00,0.15,22.5,98.35,0.29
2019-10-10 00:00:00,0.17,22.42,98.42,0.29
2019-10-10 01:00:00,0.19,22.34,98.5,0.28
2019-10-10 02:00:00,0.19,22.26,98.45,0.28
2019-10-10 03:00:00,0.2,22.21,98.32,0.26
2019-10-10 04:00:00,0.18,22.09,98.45,0.21
2019-10-10 05:00:00,0.17,21.85,98.55,0.19
2019-10-10 06:00:00,0.16,21.76,98.47,0.16
2019-10-10 07:00:00,0.18,22.32,97.64,0.19
2019-10-10 08:00:00,0.05,22.84,95.78,0.2
2019-10-10 09:00:00,0.05,23.15,90.86,0.18
2019-10-10 10:00:00,0.05,23.66,83.03,0.19
2019-10-10 11:00:00,0.04,24.54,76.52,0.23
2019-10-10 12:00:00,0.05,25.45,71.99,0.24
2019-10-10 13:00:00,0.06,26.07,69.51,0.24
2019-10-10 14:00:00,0.06,26.18,69.66,0.26
2019-10-10 15:00:00,0.06,25.65,73.74,0.32
2019-10-10 16:00:00,0.05,24.61,83.06,0.35
2019-10-10 17:00:00,0.05,23.42,91.7,0.3
2019-10-10 18:00:00,0.06,22.46,96.73,0.24
2019-10-10 19:00:00,0.06,22.11,97.8,0.24
2019-10-10 20:00:00,0.06,21.89,98.18,0.22
2019-10-10 21:00:00,0.07,21.67,98.56,0.21
2019-10-10 22:00:00,0.08,21.45,98.79,0.21
2019-10-10 23:00:00,0.1,21.26,98.96,0.21
2019-10-11 00:00:00,0.11,21.12,99.03,0.23
2019-10-11 01:00:00,0.14,21.0,99.1,0.23
2019-10-11 02:00:00,0.16,20.91,99.14,0.22
2019-10-11 03:00:00,0.17,20.84,98.98,0.24
2019-10-11 04:00:00,0.17,20.85,98.29,0.37
2019-10-11 05:00:00,0.17,21.02,97.1,0.48
2019-10-11 06:00:00,0.17,21.35,96.32,0.42
2019-10-11 07:00:00,0.15,22.14,96.9,0.16
2019-10-11 08:00:00,1.1,23.07,92.9,0.13
2019-10-11 09:00:00,0.92,24.45,83.17,0.13
2019-10-11 10:00:00,0.72,25.87,74.17,0.13
2019-10-11 11:00:00,0.55,26.74,69.3,0.12
2019-10-11 12:00:00,0.58,27.21,66.9,0.14
2019-10-11 13:00:00,0.67,27.19,66.89,0.18
2019-10-11 14:00:00,0.67,26.44,71.36,0.25
2019-10-11 15:00:00,0.61,25.35,79.01,0.31
2019-10-11 16:00:00,0.74,24.21,88.0,0.33
2019-10-11 17:00:00,0.83,23.33,94.73,0.29
2019-10-11 18:00:00,0.82,22.82,97.86,0.28
2019-10-11 19:00:00,0.81,22.51,98.55,0.31
2019-10-11 20:00:00,0.92,22.28,98.84,0.32
2019-10-11 21:00:00,1.11,22.1,98.74,0.36
2019-10-11 22:00:00,1.35,21.88,98.72,0.38
2019-10-11 23:00:00,1.47,21.64,98.87,0.36
2019-10-12 00:00:00,1.59,21.42,98.94,0.34
2019-10-12 01:00:00,1.32,21.19,98.93,0.34
2019-10-12 02:00:00,0.69,20.94,98.95,0.33
2019-10-12 03:00:00,0.44,20.78,98.36,0.42
2019-10-12 04:00:00,0.26,20.69,97.68,0.48
2019-10-12 05:00:00,0.15,20.49,97.74,0.48
2019-10-12 06:00:00,0.11,20.7,97.9,0.4
2019-10-12 07:00:00,0.14,21.68,95.97,0.28
2019-10-12 08:00:00,0.1,23.08,86.32,0.24
2019-10-12 09:00:00,0.08,25.12,72.98,0.19
2019-10-12 10:00:00,0.09,26.46,66.73,0.12
2019-10-12 11:00:00,0.12,27.27,63.51,0.04
2019-10-12 12:00:00,0.16,27.64,62.59,0.06
2019-10-12 13:00:00,0.23,27.65,63.49,0.15
2019-10-12 14:00:00,0.26,27.14,66.93,0.26
2019-10-12 15:00:00,0.3,26.3,73.23,0.35
2019-10-12 16:00:00,0.36,25.03,87.39,0.36
2019-10-12 17:00:00,0.5,23.64,91.32,0.39
2019-10-12 18:00:00,0.54,22.93,96.45,0.38
2019-10-12 19:00:00,0.57,22.55,98.1,0.32
2019-10-12 20:00:00,0.6,22.35,98.29,0.36
2019-10-12 21:00:00,0.63,22.26,98.04,0.4
2019-10-12 22:00:00,0.63,22.18,97.68,0.41
2019-10-12 23:00:00,0.59,22.09,97.39,0.41
2019-10-13 00:00:00,0.59,21.98,97.18,0.42
2019-10-13 01:00:00,0.51,21.89,96.91,0.4
2019-10-13 02:00:00,0.42,21.8,96.68,0.34
2019-10-13 03:00:00,0.25,21.73,96.25,0.3
2019-10-13 04:00:00,0.17,21.61,95.96,0.3
2019-10-13 05:00:00,0.12,21.35,96.12,0.35
2019-10-13 06:00:00,0.08,21.27,96.78,0.34
2019-10-13 07:00:00,0.1,22.24,97.13,0.09
2019-10-13 08:00:00,0.31,23.52,90.03,0.12
2019-10-13 09:00:00,0.26,25.18,77.58,0.11
2019-10-13 10:00:00,0.34,26.48,70.13,0.07
2019-10-13 11:00:00,0.59,27.34,66.0,0.11
2019-10-13 12:00:00,0.83,27.84,64.02,0.19
2019-10-13 13:00:00,1.09,27.89,64.06,0.3
2019-10-13 14:00:00,1.44,27.41,66.73,0.38
2019-10-13 15:00:00,1.8,26.31,73.75,0.43
2019-10-13 16:00:00,2.36,24.91,84.35,0.42
2019-10-13 17:00:00,3.52,23.78,93.2,0.33
2019-10-13 18:00:00,3.96,23.18,97.55,0.3
2019-10-13 19:00:00,4.14,23.02,97.44,0.34
2019-10-13 20:00:00,3.91,22.91,96.82,0.29
2019-10-13 21:00:00,3.53,22.76,96.47,0.18
2019-10-13 22:00:00,3.25,22.52,96.7,0.16
2019-10-13 23:00:00,2.73,22.24,97.01,0.21
2019-10-14 00:00:00,2.33,21.92,97.46,0.27
2019-10-14 01:00:00,1.52,21.62,97.82,0.3
2019-10-14 02:00:00,0.78,21.36,97.89,0.33
2019-10-14 03:00:00,0.36,21.1,97.99,0.32
2019-10-14 04:00:00,0.14,20.84,98.1,0.31
2019-10-14 05:00:00,0.09,20.57,98.58,0.24
2019-10-14 06:00:00,0.1,20.84,98.79,0.21
2019-10-14 07:00:00,0.16,21.92,97.3,0.33
2019-10-14 08:00:00,0.06,23.21,90.97,0.37
2019-10-14 09:00:00,0.08,25.3,77.32,0.29
2019-10-14 10:00:00,0.09,26.81,69.18,0.14
2019-10-14 11:00:00,0.16,27.81,64.68,0.12
2019-10-14 12:00:00,0.31,28.31,62.92,0.2
2019-10-14 13:00:00,0.45,28.12,64.07,0.26
2019-10-14 14:00:00,0.6,27.27,68.71,0.3
2019-10-14 15:00:00,0.53,26.33,75.89,0.31
2019-10-14 16:00:00,0.65,25.5,85.07,0.25
2019-10-14 17:00:00,0.74,24.58,90.81,0.18
2019-10-14 18:00:00,0.9,23.76,95.27,0.17
2019-10-14 19:00:00,1.0,23.26,96.27,0.2
2019-10-14 20:00:00,1.2,22.86,97.12,0.23
2019-10-14 21:00:00,1.27,22.5,97.84,0.22
2019-10-14 22:00:00,1.22,22.22,98.21,0.22
2019-10-14 23:00:00,1.08,22.02,98.21,0.26
2019-10-15 00:00:00,1.01,21.89,97.85,0.31
2019-10-15 01:00:00,0.97,21.81,97.37,0.35
2019-10-15 02:00:00,0.89,21.84,96.53,0.32
2019-10-15 03:00:00,0.67,21.86,95.86,0.2
2019-10-15 04:00:00,0.42,21.7,96.09,0.24
2019-10-15 05:00:00,0.21,21.37,96.93,0.36
2019-10-15 06:00:00,0.12,21.24,97.98,0.32
2019-10-15 07:00:00,0.17,22.05,98.1,0.21
2019-10-15 08:00:00,0.04,22.88,95.41,0.24
2019-10-15 09:00:00,0.04,24.22,85.59,0.27
2019-10-15 10:00:00,0.07,25.58,76.29,0.28
2019-10-15 11:00:00,0.1,26.37,72.01,0.24
2019-10-15 12:00:00,0.14,26.85,69.78,0.16
2019-10-15 13:00:00,0.2,27.01,69.17,0.09
2019-10-15 14:00:00,0.2,26.71,70.97,0.07
2019-10-15 15:00:00,0.21,26.09,75.99,0.09
2019-10-15 16:00:00,0.25,25.2,84.38,0.13
2019-10-15 17:00:00,0.3,24.23,92.46,0.17
2019-10-15 18:00:00,0.41,23.45,95.65,0.11
2019-10-15 19:00:00,0.45,23.1,94.98,0.11
2019-10-15 20:00:00,0.51,22.79,94.94,0.15
2019-10-15 21:00:00,0.46,22.44,95.27,0.21
2019-10-15 22:00:00,0.39,22.14,95.36,0.25
2019-10-15 23:00:00,0.3,21.87,95.44,0.29
2019-10-16 00:00:00,0.26,21.49,96.23,0.3
2019-10-16 01:00:00,0.21,21.14,97.25,0.29
2019-10-16 02:00:00,0.21,20.92,97.81,0.29
2019-10-16 03:00:00,0.23,20.81,97.8,0.34
2019-10-16 04:00:00,0.26,20.7,97.59,0.35
2019-10-16 05:00:00,0.29,20.63,97.23,0.35
2019-10-16 06:00:00,0.3,20.83,97.5,0.25
2019-10-16 07:00:00,0.29,22.04,97.24,0.13
2019-10-16 08:00:00,1.56,23.26,93.01,0.16
2019-10-16 09:00:00,1.95,24.67,82.35,0.22
2019-10-16 10:00:00,2.28,25.66,74.13,0.25
2019-10-16 11:00:00,2.4,26.14,71.12,0.27
2019-10-16 12:00:00,2.61,26.19,71.11,0.25
2019-10-16 13:00:00,2.67,25.81,73.38,0.23
2019-10-16 14:00:00,2.66,25.4,76.19,0.19
2019-10-16 15:00:00,2.67,24.94,79.46,0.13
2019-10-16 16:00:00,2.8,24.15,85.08,0.14
2019-10-16 17:00:00,3.06,23.17,92.51,0.17
2019-10-16 18:00:00,2.83,22.29,96.67,0.23
2019-10-16 19:00:00,2.18,21.79,97.85,0.27
2019-10-16 20:00:00,2.11,21.47,98.2,0.31
2019-10-16 21:00:00,2.1,21.24,98.01,0.37
2019-10-16 22:00:00,2.02,21.07,97.21,0.45
2019-10-16 23:00:00,1.6,20.87,96.63,0.48
2019-10-17 00:00:00,1.31,20.67,96.48,0.49
2019-10-17 01:00:00,0.8,20.52,95.9,0.46
2019-10-17 02:00:00,0.4,20.39,95.33,0.41
2019-10-17 03:00:00,0.33,20.09,95.78,0.4
2019-10-17 04:00:00,0.36,19.69,96.86,0.39
2019-10-17 05:00:00,0.6,19.25,98.23,0.33
2019-10-17 06:00:00,1.27,19.43,98.65,0.25
2019-10-17 07:00:00,1.9,20.49,96.78,0.28
2019-10-17 08:00:00,1.09,21.38,92.93,0.31
2019-10-17 09:00:00,1.09,22.21,87.58,0.33
2019-10-17 10:00:00,0.94,23.04,82.09,0.31
2019-10-17 11:00:00,0.79,23.55,79.88,0.31
2019-10-17 12:00:00,0.8,23.86,79.51,0.33
2019-10-17 13:00:00,0.86,24.08,79.71,0.36
2019-10-17 14:00:00,0.85,24.0,81.81,0.41
2019-10-17 15:00:00,0.9,23.6,86.16,0.43
2019-10-17 16:00:00,0.91,23.01,91.96,0.42
2019-10-17 17:00:00,0.84,22.47,96.36,0.35
2019-10-17 18:00:00,0.64,22.09,97.85,0.35
2019-10-17 19:00:00,0.44,21.92,98.06,0.38
2019-10-17 20:00:00,0.38,21.76,98.14,0.38
2019-10-17 21:00:00,0.27,21.6,98.29,0.39
2019-10-17 22:00:00,0.23,21.42,98.44,0.37
2019-10-17 23:00:00,0.31,21.15,98.6,0.33
2019-10-18 00:00:00,0.41,20.86,98.61,0.3
2019-10-18 01:00:00,0.49,20.63,98.68,0.31
2019-10-18 02:00:00,0.52,20.47,98.64,0.33
2019-10-18 03:00:00,0.51,20.33,98.51,0.39
2019-10-18 04:00:00,0.44,20.18,98.67,0.35
2019-10-18 05:00:00,0.31,20.09,98.74,0.33
2019-10-18 06:00:00,0.19,20.32,98.6,0.35
2019-10-18 07:00:00,0.13,21.11,97.39,0.45
2019-10-18 08:00:00,1.59,22.0,95.16,0.47
2019-10-18 09:00:00,1.27,23.1,89.17,0.52
2019-10-18 10:00:00,1.01,24.15,83.12,0.56
2019-10-18 11:00:00,0.69,24.8,79.9,0.57
2019-10-18 12:00:00,0.56,25.19,77.98,0.55
2019-10-18 13:00:00,0.56,25.34,77.85,0.52
2019-10-18 14:00:00,0.64,25.16,79.79,0.5
2019-10-18 15:00:00,1.01,24.52,85.17,0.47
2019-10-18 16:00:00,1.34,23.83,91.48,0.4
2019-10-18 17:00:00,1.46,23.2,96.57,0.31
2019-10-18 18:00:00,2.09,22.66,98.31,0.32
2019-10-18 19:00:00,1.94,22.32,98.54,0.3
2019-10-18 20:00:00,1.91,22.04,98.7,0.29
2019-10-18 21:00:00,1.7,21.77,98.72,0.28
2019-10-18 22:00:00,1.22,21.55,98.45,0.34
2019-10-18 23:00:00,0.98,21.56,96.88,0.39
2019-10-19 00:00:00,0.51,21.51,95.8,0.21
2019-10-19 01:00:00,0.45,21.31,96.23,0.04
2019-10-19 02:00:00,0.24,21.09,96.56,0.16
2019-10-19 03:00:00,0.16,20.95,96.38,0.21
2019-10-19 04:00:00,0.13,20.83,96.18,0.27
2019-10-19 05:00:00,0.12,20.65,96.23,0.36
2019-10-19 06:00:00,0.12,20.6,97.34,0.32
2019-10-19 07:00:00,0.27,21.58,96.98,0.22
2019-10-19 08:00:00,0.07,22.89,90.06,0.26
2019-10-19 09:00:00,0.09,25.06,75.03,0.25
2019-10-19 10:00:00,0.15,26.51,67.03,0.19
2019-10-19 11:00:00,0.3,27.16,64.49,0.11
2019-10-19 12:00:00,0.47,27.04,65.65,0.07
2019-10-19 13:00:00,0.62,26.57,68.91,0.1
2019-10-19 14:00:00,0.72,25.8,74.51,0.17
2019-10-19 15:00:00,0.93,25.07,81.08,0.22
2019-10-19 16:00:00,1.22,24.26,88.47,0.22
2019-10-19 17:00:00,1.57,23.52,94.61,0.22
2019-10-19 18:00:00,1.77,23.06,97.19,0.17
2019-10-19 19:00:00,1.66,22.78,97.7,0.19
2019-10-19 20:00:00,1.46,22.48,98.42,0.19
2019-10-19 21:00:00,1.27,22.27,98.72,0.19
2019-10-19 22:00:00,1.18,22.1,98.86,0.21
2019-10-19 23:00:00,1.09,21.91,98.97,0.21
2019-10-20 00:00:00,0.99,21.67,99.01,0.22
2019-10-20 01:00:00,1.01,21.4,99.04,0.22
2019-10-20 02:00:00,0.94,21.12,99.08,0.2
2019-10-20 03:00:00,0.74,20.92,98.71,0.18
2019-10-20 04:00:00,0.52,20.9,97.51,0.21
2019-10-20 05:00:00,0.37,20.91,96.57,0.16
2019-10-20 06:00:00,0.26,20.94,97.18,0.06
2019-10-20 07:00:00,0.24,21.57,97.9,0.11
2019-10-20 08:00:00,0.4,22.41,93.37,0.13
2019-10-20 09:00:00,0.33,23.82,82.21,0.15
2019-10-20 10:00:00,0.38,25.1,74.2,0.18
2019-10-20 11:00:00,0.57,25.92,70.42,0.27
2019-10-20 12:00:00,0.93,26.37,69.3,0.38
2019-10-20 13:00:00,1.33,26.13,71.66,0.49
2019-10-20 14:00:00,1.55,25.27,77.79,0.55
2019-10-20 15:00:00,1.92,24.27,84.93,0.53
2019-10-20 16:00:00,2.29,23.36,91.46,0.48
2019-10-20 17:00:00,2.75,22.75,95.94,0.39
2019-10-20 18:00:00,3.15,22.52,97.77,0.38
2019-10-20 19:00:00,3.45,22.41,97.52,0.41
2019-10-20 20:00:00,3.77,22.3,97.43,0.44
2019-10-20 21:00:00,3.85,22.06,98.04,0.48
2019-10-20 22:00:00,3.85,21.69,98.94,0.43
2019-10-20 23:00:00,3.87,21.48,99.24,0.4
2019-10-21 00:00:00,4.0,21.43,99.18,0.42
2019-10-21 01:00:00,4.19,21.3,99.21,0.42
2019-10-21 02:00:00,4.34,21.12,99.3,0.39
2019-10-21 03:00:00,4.53,20.97,99.42,0.36
2019-10-21 04:00:00,4.74,20.94,99.41,0.35
2019-10-21 05:00:00,5.04,20.9,99.43,0.35
2019-10-21 06:00:00,5.41,20.99,99.39,0.36
2019-10-21 07:00:00,5.65,21.37,98.92,0.47
2019-10-21 08:00:00,2.79,21.71,98.35,0.56
2019-10-21 09:00:00,2.31,22.07,97.17,0.6
2019-10-21 10:00:00,1.75,22.36,94.52,0.64
2019-10-21 11:00:00,1.31,22.77,90.42,0.63
2019-10-21 12:00:00,1.03,23.14,87.5,0.6
2019-10-21 13:00:00,0.88,23.27,86.24,0.56
2019-10-21 14:00:00,0.73,23.24,86.54,0.5
2019-10-21 15:00:00,0.65,22.94,88.98,0.42
2019-10-21 16:00:00,0.55,22.43,93.19,0.35
2019-10-21 17:00:00,0.47,21.83,96.93,0.25
2019-10-21 18:00:00,0.49,21.36,98.56,0.19
2019-10-21 19:00:00,0.5,21.18,98.75,0.16
2019-10-21 20:00:00,0.49,21.04,98.85,0.15
2019-10-21 21:00:00,0.44,20.9,99.06,0.16
2019-10-21 22:00:00,0.31,20.81,98.86,0.24
2019-10-21 23:00:00,0.2,20.67,98.94,0.29
2019-10-22 00:00:00,0.14,20.55,99.29,0.25
2019-10-22 01:00:00,0.1,20.6,99.26,0.26
2019-10-22 02:00:00,0.05,20.62,99.21,0.27
2019-10-22 03:00:00,0.02,20.6,99.15,0.27
2019-10-22 04:00:00,0.01,20.61,99.06,0.26
2019-10-22 05:00:00,0.01,20.61,99.07,0.24
2019-10-22 06:00:00,0.01,20.75,98.91,0.23
2019-10-22 07:00:00,0.01,21.39,97.71,0.35
2019-10-22 08:00:00,0.01,21.95,94.59,0.41
2019-10-22 09:00:00,0.02,22.6,87.25,0.42
2019-10-22 10:00:00,0.04,23.44,80.95,0.47
2019-10-22 11:00:00,0.07,23.88,78.8,0.54
2019-10-22 12:00:00,0.14,23.92,79.28,0.63
2019-10-22 13:00:00,0.24,23.62,82.11,0.69
2019-10-22 14:00:00,0.29,23.37,84.6,0.69
2019-10-22 15:00:00,0.35,23.13,87.28,0.67
2019-10-22 16:00:00,0.42,22.72,91.05,0.59
2019-10-22 17:00:00,0.39,22.02,95.36,0.44
2019-10-22 18:00:00,0.38,21.41,97.47,0.33
2019-10-22 19:00:00,0.3,20.94,97.7,0.31
2019-10-22 20:00:00,0.23,20.56,97.96,0.29
2019-10-22 21:00:00,0.16,20.34,98.27,0.28
2019-10-22 22:00:00,0.16,20.12,98.27,0.29
2019-10-22 23:00:00,0.19,19.94,98.36,0.29
2019-10-23 00:00:00,0.19,19.8,98.12,0.29
2019-10-23 01:00:00,0.21,19.69,98.21,0.27
2019-10-23 02:00:00,0.2,19.63,98.2,0.27
2019-10-23 03:00:00,0.16,19.59,98.24,0.25
2019-10-23 04:00:00,0.12,19.6,98.2,0.24
2019-10-23 05:00:00,0.07,19.65,98.08,0.24
2019-10-23 06:00:00,0.07,19.86,98.03,0.25
2019-10-23 07:00:00,0.08,20.64,96.52,0.34
2019-10-23 08:00:00,0.42,21.57,92.64,0.46
2019-10-23 09:00:00,0.64,22.89,85.27,0.51
2019-10-23 10:00:00,1.16,23.98,80.83,0.56
2019-10-23 11:00:00,1.72,24.6,78.89,0.63
2019-10-23 12:00:00,2.12,24.86,78.47,0.7
2019-10-23 13:00:00,2.36,24.74,79.07,0.74
2019-10-23 14:00:00,2.0,24.14,82.6,0.71
2019-10-23 15:00:00,1.78,23.5,86.61,0.65
2019-10-23 16:00:00,1.68,22.77,91.29,0.54
2019-10-23 17:00:00,1.57,22.04,95.73,0.39
2019-10-23 18:00:00,1.27,21.42,97.26,0.29
2019-10-23 19:00:00,1.14,21.06,97.71,0.26
2019-10-23 20:00:00,1.01,20.82,98.1,0.23
2019-10-23 21:00:00,1.07,20.67,98.39,0.2
2019-10-23 22:00:00,1.04,20.48,98.3,0.19
2019-10-23 23:00:00,0.92,20.29,98.49,0.19
2019-10-24 00:00:00,0.85,20.15,98.7,0.19
2019-10-24 01:00:00,0.8,20.03,98.8,0.2
2019-10-24 02:00:00,0.79,19.89,98.66,0.2
2019-10-24 03:00:00,0.77,19.82,98.9,0.19
2019-10-24 04:00:00,0.73,19.82,98.93,0.2
2019-10-24 05:00:00,0.71,19.9,99.02,0.22
2019-10-24 06:00:00,0.73,20.19,98.78,0.29
2019-10-24 07:00:00,0.83,20.85,97.8,0.45
2019-10-24 08:00:00,0.07,21.49,95.19,0.54
2019-10-24 09:00:00,0.09,22.29,88.7,0.55
2019-10-24 10:00:00,0.12,22.96,83.28,0.55
2019-10-24 11:00:00,0.16,23.31,80.49,0.55
2019-10-24 12:00:00,0.19,23.48,78.98,0.57
2019-10-24 13:00:00,0.21,23.35,79.29,0.57
2019-10-24 14:00:00,0.2,23.02,80.8,0.58
2019-10-24 15:00:00,0.23,22.54,83.5,0.57
2019-10-24 16:00:00,0.22,21.91,88.52,0.52
2019-10-24 17:00:00,0.19,21.07,94.24,0.43
2019-10-24 18:00:00,0.2,20.42,97.3,0.41
2019-10-24 19:00:00,0.21,20.18,97.78,0.44
2019-10-24 20:00:00,0.24,20.01,97.87,0.44
2019-10-24 21:00:00,0.29,19.86,98.24,0.39
2019-10-24 22:00:00,0.35,19.82,98.47,0.36
2019-10-24 23:00:00,0.4,19.84,98.55,0.35
2019-10-25 00:00:00,0.38,19.88,98.48,0.34
2019-10-25 01:00:00,0.35,19.83,98.52,0.34
2019-10-25 02:00:00,0.29,19.79,98.57,0.32
2019-10-25 03:00:00,0.2,19.8,98.43,0.28
2019-10-25 04:00:00,0.12,19.71,98.32,0.25
2019-10-25 05:00:00,0.07,19.6,97.51,0.3
2019-10-25 06:00:00,0.04,19.85,96.93,0.29
2019-10-25 07:00:00,0.06,20.82,96.2,0.29
2019-10-25 08:00:00,0.43,21.87,91.19,0.42
2019-10-25 09:00:00,0.41,23.05,82.96,0.52
2019-10-25 10:00:00,0.31,23.83,78.47,0.57
2019-10-25 11:00:00,0.3,24.24,76.1,0.6
2019-10-25 12:00:00,0.27,24.44,75.5,0.63
2019-10-25 13:00:00,0.23,24.5,75.6,0.65
2019-10-25 14:00:00,0.19,24.25,76.56,0.64
2019-10-25 15:00:00,0.24,23.63,80.86,0.58
2019-10-25 16:00:00,0.36,22.94,87.33,0.51
2019-10-25 17:00:00,0.47,22.03,94.13,0.36
2019-10-25 18:00:00,0.47,21.24,97.48,0.3
2019-10-25 19:00:00,0.43,20.86,98.3,0.29
2019-10-25 20:00:00,0.31,20.58,98.5,0.32
2019-10-25 21:00:00,0.18,20.45,98.5,0.35
2019-10-25 22:00:00,0.16,20.3,98.62,0.37
2019-10-25 23:00:00,0.2,20.22,98.73,0.4
2019-10-26 00:00:00,0.22,20.24,98.72,0.43
2019-10-26 01:00:00,0.26,20.31,98.71,0.43
2019-10-26 02:00:00,0.29,20.34,98.78,0.43
2019-10-26 03:00:00,0.31,20.35,98.79,0.42
2019-10-26 04:00:00,0.31,20.37,98.84,0.4
2019-10-26 05:00:00,0.26,20.39,98.79,0.4
2019-10-26 06:00:00,0.18,20.61,98.46,0.41
2019-10-26 07:00:00,0.17,21.37,96.82,0.54
2019-10-26 08:00:00,0.02,22.39,90.49,0.6
2019-10-26 09:00:00,0.02,23.75,80.6,0.61
2019-10-26 10:00:00,0.03,24.59,75.99,0.61
2019-10-26 11:00:00,0.05,25.12,73.6,0.61
2019-10-26 12:00:00,0.08,25.29,73.15,0.61
2019-10-26 13:00:00,0.1,25.14,73.84,0.6
2019-10-26 14:00:00,0.1,24.67,76.33,0.59
2019-10-26 15:00:00,0.09,23.97,80.68,0.55
2019-10-26 16:00:00,0.09,23.16,86.81,0.47
2019-10-26 17:00:00,0.07,22.25,93.65,0.32
2019-10-26 18:00:00,0.05,21.67,96.52,0.25
2019-10-26 19:00:00,0.04,21.38,97.07,0.23
2019-10-26 20:00:00,0.04,21.13,97.17,0.23
2019-10-26 21:00:00,0.04,20.87,97.08,0.27
2019-10-26 22:00:00,0.04,20.62,97.04,0.28
2019-10-26 23:00:00,0.04,20.34,97.46,0.26
2019-10-27 00:00:00,0.04,20.12,97.81,0.2
2019-10-27 01:00:00,0.04,19.89,97.44,0.16
2019-10-27 02:00:00,0.03,19.55,97.22,0.11
2019-10-27 03:00:00,0.02,19.19,96.82,0.09
2019-10-27 04:00:00,0.0,18.82,96.94,0.08
2019-10-27 05:00:00,0.0,18.48,97.07,0.08
2019-10-27 06:00:00,0.0,18.51,96.54,0.05
2019-10-27 07:00:00,0.0,19.22,91.88,0.2
2019-10-27 08:00:00,0.0,20.87,79.81,0.21
2019-10-27 09:00:00,0.0,22.92,69.11,0.22
2019-10-27 10:00:00,0.01,24.35,64.97,0.23
2019-10-27 11:00:00,0.01,25.29,63.11,0.24
2019-10-27 12:00:00,0.01,25.65,63.23,0.28
2019-10-27 13:00:00,0.02,25.46,65.44,0.34
2019-10-27 14:00:00,0.02,24.8,70.19,0.41
2019-10-27 15:00:00,0.02,24.05,76.36,0.42
2019-10-27 16:00:00,0.02,23.23,83.09,0.4
2019-10-27 17:00:00,0.02,22.3,90.03,0.32
2019-10-27 18:00:00,0.02,21.61,94.37,0.28
2019-10-27 19:00:00,0.02,21.28,95.73,0.28
2019-10-27 20:00:00,0.02,21.06,96.57,0.27
2019-10-27 21:00:00,0.03,20.87,97.12,0.27
2019-10-27 22:00:00,0.02,20.7,97.4,0.25
2019-10-27 23:00:00,0.02,20.55,97.63,0.25
2019-10-28 00:00:00,0.01,20.41,97.79,0.25
2019-10-28 01:00:00,0.01,20.3,97.59,0.31
2019-10-28 02:00:00,0.01,20.27,96.93,0.31
2019-10-28 03:00:00,0.01,20.23,96.18,0.29
2019-10-28 04:00:00,0.01,20.01,96.34,0.28
2019-10-28 05:00:00,0.01,19.62,97.43,0.15
2019-10-28 06:00:00,0.01,19.8,97.4,0.11
2019-10-28 07:00:00,0.01,20.82,94.76,0.25
2019-10-28 08:00:00,0.25,21.77,91.24,0.31
2019-10-28 09:00:00,0.16,22.69,83.15,0.35
2019-10-28 10:00:00,0.12,23.54,74.3,0.33
2019-10-28 11:00:00,0.14,24.37,68.59,0.31
2019-10-28 12:00:00,0.17,24.89,65.91,0.37
2019-10-28 13:00:00,0.26,24.99,66.63,0.42
2019-10-28 14:00:00,0.34,24.78,69.82,0.42
2019-10-28 15:00:00,0.25,24.23,75.2,0.39
2019-10-28 16:00:00,0.09,23.44,82.44,0.35
2019-10-28 17:00:00,0.02,22.42,90.6,0.21
2019-10-28 18:00:00,0.01,21.61,94.34,0.2
2019-10-28 19:00:00,0.01,21.22,95.13,0.23
2019-10-28 20:00:00,0.01,20.91,95.72,0.26
2019-10-28 21:00:00,0.02,20.62,96.32,0.28
2019-10-28 22:00:00,0.04,20.43,96.71,0.28
2019-10-28 23:00:00,0.08,20.27,96.16,0.32
2019-10-29 00:00:00,0.15,19.85,95.51,0.32
2019-10-29 01:00:00,0.18,19.37,95.78,0.33
2019-10-29 02:00:00,0.18,18.93,96.31,0.3
2019-10-29 03:00:00,0.17,18.54,97.09,0.26
2019-10-29 04:00:00,0.21,18.19,97.15,0.23
2019-10-29 05:00:00,0.25,17.86,97.31,0.23
2019-10-29 06:00:00,0.24,17.82,96.75,0.26
2019-10-29 07:00:00,0.15,18.54,94.4,0.42
2019-10-29 08:00:00,0.12,20.01,90.47,0.45
2019-10-29 09:00:00,0.1,21.76,84.3,0.5
2019-10-29 10:00:00,0.13,22.66,81.94,0.55
2019-10-29 11:00:00,0.16,22.76,81.21,0.59
2019-10-29 12:00:00,0.2,22.67,81.21,0.6
2019-10-29 13:00:00,0.22,22.67,81.24,0.61
2019-10-29 14:00:00,0.16,22.6,82.34,0.57
2019-10-29 15:00:00,0.13,22.31,85.21,0.5
2019-10-29 16:00:00,0.09,21.8,89.34,0.39
2019-10-29 17:00:00,0.19,21.05,93.65,0.27
2019-10-29 18:00:00,0.59,20.46,96.14,0.22
2019-10-29 19:00:00,1.46,20.17,96.96,0.21
2019-10-29 20:00:00,3.34,19.96,97.46,0.21
2019-10-29 21:00:00,5.23,19.81,97.75,0.22
2019-10-29 22:00:00,5.21,19.69,97.92,0.24
2019-10-29 23:00:00,3.92,19.62,97.97,0.26
2019-10-30 00:00:00,2.47,19.51,98.12,0.27
2019-10-30 01:00:00,2.26,19.4,98.32,0.28
2019-10-30 02:00:00,1.94,19.29,98.42,0.28
2019-10-30 03:00:00,1.68,19.16,98.68,0.27
2019-10-30 04:00:00,1.21,19.08,98.8,0.26
2019-10-30 05:00:00,0.66,19.05,98.92,0.25
2019-10-30 06:00:00,0.36,19.32,98.73,0.27
2019-10-30 07:00:00,0.51,20.16,97.63,0.41
2019-10-30 08:00:00,0.67,21.19,96.23,0.47
2019-10-30 09:00:00,1.96,22.22,91.97,0.52
2019-10-30 10:00:00,4.59,23.03,85.7,0.58
2019-10-30 11:00:00,5.91,23.58,82.72,0.61
2019-10-30 12:00:00,4.7,23.88,81.81,0.61
2019-10-30 13:00:00,2.24,23.97,81.98,0.59
2019-10-30 14:00:00,1.35,23.82,83.95,0.55
2019-10-30 15:00:00,1.12,23.41,88.18,0.54
2019-10-30 16:00:00,1.12,22.9,93.11,0.52
2019-10-30 17:00:00,1.03,22.29,96.71,0.4
2019-10-30 18:00:00,1.2,21.76,98.26,0.35
2019-10-30 19:00:00,2.02,21.53,98.79,0.34
2019-10-30 20:00:00,2.37,21.5,99.02,0.42
2019-10-30 21:00:00,1.99,21.49,98.89,0.54
2019-10-30 22:00:00,1.59,21.31,99.32,0.54
2019-10-30 23:00:00,1.61,21.44,99.06,0.44
2019-10-31 00:00:00,1.71,21.3,98.86,0.38
2019-10-31 01:00:00,1.96,21.01,98.79,0.35
2019-10-31 02:00:00,1.93,20.75,98.88,0.31
2019-10-31 03:00:00,1.9,20.71,98.85,0.35
2019-10-31 04:00:00,2.04,20.75,98.99,0.41
2019-10-31 05:00:00,2.03,20.9,98.92,0.47
2019-10-31 06:00:00,1.84,21.12,98.81,0.46
2019-10-31 07:00:00,1.59,21.57,98.03,0.56
2019-10-31 08:00:00,0.65,22.05,96.64,0.64
2019-10-31 09:00:00,0.71,22.57,92.93,0.8
2019-10-31 10:00:00,0.77,23.28,87.16,0.89
2019-10-31 11:00:00,0.83,23.76,84.61,0.9
2019-10-31 12:00:00,0.83,23.81,85.28,0.89
2019-10-31 13:00:00,0.82,23.59,87.8,0.88
2019-10-31 14:00:00,0.77,23.2,91.29,0.85
2019-10-31 15:00:00,0.8,22.9,93.91,0.77
2019-10-31 16:00:00,0.9,22.63,95.58,0.66
2019-10-31 17:00:00,1.0,21.98,96.42,0.51
2019-10-31 18:00:00,1.02,21.2,95.63,0.43
2019-10-31 19:00:00,1.01,20.5,95.86,0.37
2019-10-31 20:00:00,0.97,20.16,96.52,0.3
2019-10-31 21:00:00,0.97,19.97,96.93,0.24
2019-10-31 22:00:00,0.85,19.85,96.74,0.2
2019-10-31 23:00:00,0.64,19.75,96.4,0.16
2019-11-01 00:00:00,0.47,19.61,96.27,0.11
2019-11-01 01:00:00,0.31,19.47,96.38,0.06
2019-11-01 02:00:00,0.18,19.35,96.51,0.05
2019-11-01 03:00:00,0.08,19.26,96.29,0.05
2019-11-01 04:00:00,0.03,19.21,95.76,0.09
2019-11-01 05:00:00,0.01,19.2,95.23,0.12
2019-11-01 06:00:00,0.0,19.5,94.77,0.12
2019-11-01 07:00:00,0.0,20.72,95.23,0.16
2019-11-01 08:00:00,0.0,22.37,86.4,0.09
2019-11-01 09:00:00,0.0,24.42,69.81,0.1
2019-11-01 10:00:00,0.01,25.71,62.82,0.16
2019-11-01 11:00:00,0.01,26.47,59.83,0.23
2019-11-01 12:00:00,0.01,26.82,59.0,0.3
2019-11-01 13:00:00,0.01,26.75,59.98,0.35
2019-11-01 14:00:00,0.01,26.34,62.53,0.4
2019-11-01 15:00:00,0.01,25.55,68.44,0.4
2019-11-01 16:00:00,0.01,24.58,77.76,0.34
2019-11-01 17:00:00,0.05,23.22,89.01,0.23
2019-11-01 18:00:00,0.06,22.04,95.07,0.3
2019-11-01 19:00:00,0.04,21.82,92.72,0.49
2019-11-01 20:00:00,0.05,21.86,90.48,0.39
2019-11-01 21:00:00,0.13,21.71,90.37,0.21
2019-11-01 22:00:00,0.12,21.48,91.12,0.19
2019-11-01 23:00:00,0.18,21.23,92.03,0.23
2019-11-02 00:00:00,0.21,21.01,92.63,0.26
2019-11-02 01:00:00,0.26,20.78,93.27,0.31
2019-11-02 02:00:00,0.18,20.48,94.29,0.39
2019-11-02 03:00:00,0.14,20.14,95.42,0.43
2019-11-02 04:00:00,0.16,19.82,96.42,0.42
2019-11-02 05:00:00,0.13,19.62,96.86,0.38
2019-11-02 06:00:00,0.1,19.78,97.33,0.3
2019-11-02 07:00:00,0.07,20.93,96.68,0.26
2019-11-02 08:00:00,0.1,22.26,92.94,0.2
2019-11-02 09:00:00,0.16,24.15,81.64,0.15
2019-11-02 10:00:00,0.24,25.44,74.01,0.11
2019-11-02 11:00:00,0.22,26.05,71.27,0.12
2019-11-02 12:00:00,0.2,26.33,70.12,0.16
2019-11-02 13:00:00,0.21,26.3,70.36,0.19
2019-11-02 14:00:00,0.18,25.99,72.24,0.28
2019-11-02 15:00:00,0.2,25.24,78.45,0.36
2019-11-02 16:00:00,0.24,24.29,87.01,0.37
2019-11-02 17:00:00,0.2,23.45,94.82,0.31
2019-11-02 18:00:00,0.14,22.87,100.0,0.27
2019-11-02 19:00:00,0.12,22.65,94.83,0.26
2019-11-02 20:00:00,0.1,22.39,95.55,0.14
2019-11-02 21:00:00,0.12,22.18,95.5,0.07
2019-11-02 22:00:00,0.16,22.0,95.54,0.06
2019-11-02 23:00:00,0.19,21.81,95.78,0.1
2019-11-03 00:00:00,0.22,21.55,96.23,0.17
2019-11-03 01:00:00,0.24,21.28,96.61,0.25
2019-11-03 02:00:00,0.2,20.96,97.07,0.29
2019-11-03 03:00:00,0.19,20.65,97.49,0.29
2019-11-03 04:00:00,0.19,20.42,97.95,0.26
2019-11-03 05:00:00,0.15,20.21,98.32,0.27
2019-11-03 06:00:00,0.14,20.31,98.16,0.25
2019-11-03 07:00:00,0.19,21.23,96.97,0.31
2019-11-03 08:00:00,0.4,22.34,92.61,0.35
2019-11-03 09:00:00,0.38,23.88,82.1,0.36
2019-11-03 10:00:00,0.3,25.15,73.96,0.32
2019-11-03 11:00:00,0.25,25.97,69.42,0.27
2019-11-03 12:00:00,0.25,26.44,67.24,0.24
2019-11-03 13:00:00,0.32,26.5,67.2,0.24
2019-11-03 14:00:00,0.41,26.09,69.9,0.26
2019-11-03 15:00:00,0.46,25.37,75.68,0.26
2019-11-03 16:00:00,0.55,24.52,84.9,0.26
2019-11-03 17:00:00,0.55,23.62,91.38,0.26
2019-11-03 18:00:00,0.61,22.93,93.03,0.34
2019-11-03 19:00:00,0.59,22.3,95.15,0.42
2019-11-03 20:00:00,0.54,21.77,96.93,0.48
2019-11-03 21:00:00,0.55,21.4,97.79,0.53
2019-11-03 22:00:00,0.55,21.14,98.29,0.54
2019-11-03 23:00:00,0.56,21.02,98.22,0.54
2019-11-04 00:00:00,0.62,20.93,97.93,0.52
2019-11-04 01:00:00,0.62,20.83,97.75,0.54
2019-11-04 02:00:00,0.57,20.82,97.42,0.5
2019-11-04 03:00:00,0.61,20.83,97.04,0.36
2019-11-04 04:00:00,0.57,20.79,96.77,0.25
2019-11-04 05:00:00,0.46,20.65,96.54,0.24
2019-11-04 06:00:00,0.38,20.59,96.99,0.29
2019-11-04 07:00:00,0.34,21.42,97.74,0.25
2019-11-04 08:00:00,0.17,22.23,94.93,0.25
2019-11-04 09:00:00,0.2,23.52,84.68,0.27
2019-11-04 10:00:00,0.18,25.11,73.6,0.3
2019-11-04 11:00:00,0.14,26.19,68.39,0.32
2019-11-04 12:00:00,0.13,26.77,66.2,0.33
2019-11-04 13:00:00,0.13,26.91,65.89,0.37
2019-11-04 14:00:00,0.14,26.64,67.63,0.43
2019-11-04 15:00:00,0.16,25.9,72.54,0.47
2019-11-04 16:00:00,0.16,24.77,81.7,0.45
2019-11-04 17:00:00,0.12,23.54,91.86,0.32
2019-11-04 18:00:00,0.1,22.63,96.8,0.35
2019-11-04 19:00:00,0.09,22.33,96.2,0.42
2019-11-04 20:00:00,0.08,22.11,95.89,0.45
2019-11-04 21:00:00,0.07,21.88,95.9,0.46
2019-11-04 22:00:00,0.07,21.7,95.62,0.44
2019-11-04 23:00:00,0.06,21.52,95.54,0.42
2019-11-05 00:00:00,0.06,21.32,95.67,0.42
2019-11-05 01:00:00,0.06,21.1,96.08,0.41
2019-11-05 02:00:00,0.05,20.87,96.67,0.42
2019-11-05 03:00:00,0.04,20.61,97.37,0.44
2019-11-05 04:00:00,0.03,20.36,98.16,0.43
2019-11-05 05:00:00,0.02,20.05,98.8,0.43
2019-11-05 06:00:00,0.01,19.97,98.92,0.34
2019-11-05 07:00:00,0.01,21.16,97.08,0.23
2019-11-05 08:00:00,0.04,22.34,92.44,0.22
2019-11-05 09:00:00,0.04,23.66,84.39,0.21
2019-11-05 10:00:00,0.03,24.81,76.5,0.17
2019-11-05 11:00:00,0.03,25.55,71.11,0.11
2019-11-05 12:00:00,0.04,26.06,67.48,0.06
2019-11-05 13:00:00,0.05,26.32,66.31,0.09
2019-11-05 14:00:00,0.09,26.19,68.47,0.16
2019-11-05 15:00:00,0.16,25.71,73.72,0.21
2019-11-05 16:00:00,0.19,25.1,82.31,0.31
2019-11-05 17:00:00,0.23,24.11,87.81,0.33
2019-11-05 18:00:00,0.27,22.88,94.16,0.36
2019-11-05 19:00:00,0.36,22.19,96.07,0.39
2019-11-05 20:00:00,0.37,21.74,97.35,0.41
2019-11-05 21:00:00,0.46,21.37,98.33,0.44
2019-11-05 22:00:00,0.5,21.13,98.41,0.54
2019-11-05 23:00:00,0.53,20.9,98.63,0.59
2019-11-06 00:00:00,0.59,20.65,99.19,0.55
2019-11-06 01:00:00,0.66,20.46,99.67,0.42
2019-11-06 02:00:00,0.62,20.58,99.79,0.31
2019-11-06 03:00:00,0.59,20.75,99.62,0.3
2019-11-06 04:00:00,0.48,20.84,99.52,0.3
2019-11-06 05:00:00,0.38,20.84,99.45,0.3
2019-11-06 06:00:00,0.27,20.97,99.19,0.37
2019-11-06 07:00:00,0.21,22.18,98.38,0.32
2019-11-06 08:00:00,0.0,23.08,94.86,0.29
2019-11-06 09:00:00,0.0,24.68,80.87,0.22
2019-11-06 10:00:00,0.0,26.3,70.19,0.19
2019-11-06 11:00:00,0.0,27.15,66.4,0.26
2019-11-06 12:00:00,0.0,27.47,65.77,0.37
2019-11-06 13:00:00,0.0,27.22,67.98,0.46
2019-11-06 14:00:00,0.0,26.55,72.23,0.51
2019-11-06 15:00:00,0.01,25.57,78.86,0.52
2019-11-06 16:00:00,0.01,24.55,85.92,0.48
2019-11-06 17:00:00,0.01,23.53,92.82,0.35
2019-11-06 18:00:00,0.01,22.93,96.36,0.29
2019-11-06 19:00:00,0.01,22.7,97.21,0.27
2019-11-06 20:00:00,0.01,22.49,97.98,0.25
2019-11-06 21:00:00,0.01,22.34,98.35,0.25
2019-11-06 22:00:00,0.01,22.2,98.61,0.25
2019-11-06 23:00:00,0.01,22.09,98.73,0.25
2019-11-07 00:00:00,0.01,22.0,98.7,0.26
2019-11-07 01:00:00,0.01,21.91,98.4,0.26
2019-11-07 02:00:00,0.01,21.79,98.54,0.25
2019-11-07 03:00:00,0.01,21.71,98.28,0.22
2019-11-07 04:00:00,0.01,21.58,97.96,0.2
2019-11-07 05:00:00,0.01,21.36,97.73,0.18
2019-11-07 06:00:00,0.01,21.29,97.7,0.17
2019-11-07 07:00:00,0.01,22.0,94.01,0.23
2019-11-07 08:00:00,0.07,23.0,87.57,0.27
2019-11-07 09:00:00,0.11,24.26,81.13,0.29
2019-11-07 10:00:00,0.12,25.4,76.17,0.33
2019-11-07 11:00:00,0.16,26.11,73.63,0.39
2019-11-07 12:00:00,0.19,26.34,73.17,0.43
2019-11-07 13:00:00,0.21,25.97,75.17,0.48
2019-11-07 14:00:00,0.22,25.38,79.33,0.52
2019-11-07 15:00:00,0.23,24.79,83.98,0.53
2019-11-07 16:00:00,0.26,24.06,90.07,0.48
2019-11-07 17:00:00,0.28,23.3,96.08,0.32
2019-11-07 18:00:00,0.28,22.76,98.66,0.26
2019-11-07 19:00:00,0.3,22.5,99.23,0.28
2019-11-07 20:00:00,0.25,22.31,99.53,0.29
2019-11-07 21:00:00,0.27,22.14,99.67,0.28
2019-11-07 22:00:00,0.28,22.06,99.53,0.26
2019-11-07 23:00:00,0.28,22.1,99.29,0.27
2019-11-08 00:00:00,0.23,22.1,98.99,0.28
2019-11-08 01:00:00,0.21,21.96,98.88,0.29
2019-11-08 02:00:00,0.18,21.79,98.97,0.28
2019-11-08 03:00:00,0.14,21.58,98.82,0.26
2019-11-08 04:00:00,0.11,21.45,99.01,0.24
2019-11-08 05:00:00,0.06,21.34,99.23,0.23
2019-11-08 06:00:00,0.05,21.43,99.1,0.23
2019-11-08 07:00:00,0.05,22.14,97.72,0.34
2019-11-08 08:00:00,0.01,22.83,94.8,0.39
2019-11-08 09:00:00,0.01,24.06,86.13,0.39
2019-11-08 10:00:00,0.02,25.31,77.49,0.37
2019-11-08 11:00:00,0.02,26.04,72.96,0.36
2019-11-08 12:00:00,0.03,26.46,70.55,0.38
2019-11-08 13:00:00,0.03,26.49,70.29,0.41
2019-11-08 14:00:00,0.03,26.17,72.07,0.44
2019-11-08 15:00:00,0.04,25.53,77.28,0.44
2019-11-08 16:00:00,0.05,24.62,85.42,0.41
2019-11-08 17:00:00,0.05,23.61,93.14,0.3
2019-11-08 18:00:00,0.05,22.91,96.86,0.25
2019-11-08 19:00:00,0.04,22.59,97.38,0.25
2019-11-08 20:00:00,0.05,22.33,97.91,0.24
2019-11-08 21:00:00,0.05,22.08,98.32,0.24
2019-11-08 22:00:00,0.04,21.87,98.72,0.24
2019-11-08 23:00:00,0.05,21.73,98.83,0.24
2019-11-09 00:00:00,0.04,21.61,98.68,0.24
2019-11-09 01:00:00,0.05,21.48,98.64,0.24
2019-11-09 02:00:00,0.04,21.32,98.7,0.23
2019-11-09 03:00:00,0.03,21.14,98.97,0.24
2019-11-09 04:00:00,0.02,20.98,98.92,0.23
2019-11-09 05:00:00,0.02,20.8,99.03,0.23
2019-11-09 06:00:00,0.01,20.9,98.51,0.23
2019-11-09 07:00:00,0.02,21.83,94.81,0.3
2019-11-09 08:00:00,0.11,23.14,86.44,0.34
2019-11-09 09:00:00,0.11,24.89,75.71,0.31
2019-11-09 10:00:00,0.1,26.32,68.31,0.27
2019-11-09 11:00:00,0.11,27.23,64.65,0.25
2019-11-09 12:00:00,0.11,27.74,63.32,0.26
2019-11-09 13:00:00,0.11,27.71,64.2,0.3
2019-11-09 14:00:00,0.09,27.26,67.1,0.32
2019-11-09 15:00:00,0.08,26.36,74.1,0.34
2019-11-09 16:00:00,0.09,25.41,83.37,0.33
2019-11-09 17:00:00,0.08,24.34,92.09,0.27
2019-11-09 18:00:00,0.09,23.44,96.77,0.24
2019-11-09 19:00:00,0.11,22.94,97.99,0.26
2019-11-09 20:00:00,0.15,22.6,98.61,0.27
2019-11-09 21:00:00,0.14,22.33,98.91,0.28
2019-11-09 22:00:00,0.16,22.11,99.12,0.28
2019-11-09 23:00:00,0.16,21.93,99.16,0.26
2019-11-10 00:00:00,0.17,21.76,99.21,0.25
2019-11-10 01:00:00,0.16,21.64,99.25,0.25
2019-11-10 02:00:00,0.12,21.56,99.12,0.26
2019-11-10 03:00:00,0.12,21.47,98.91,0.32
2019-11-10 04:00:00,0.19,21.44,98.31,0.46
2019-11-10 05:00:00,0.26,21.5,97.61,0.53
2019-11-10 06:00:00,0.23,21.68,97.27,0.5
2019-11-10 07:00:00,0.2,22.47,97.72,0.29
2019-11-10 08:00:00,0.05,23.44,95.08,0.26
2019-11-10 09:00:00,0.06,25.0,83.77,0.26
2019-11-10 10:00:00,0.08,26.46,73.66,0.3
2019-11-10 11:00:00,0.1,27.09,70.07,0.4
2019-11-10 12:00:00,0.13,27.3,69.64,0.51
2019-11-10 13:00:00,0.15,26.47,75.02,0.58
2019-11-10 14:00:00,0.18,25.43,81.91,0.59
2019-11-10 15:00:00,0.24,24.53,88.11,0.56
2019-11-10 16:00:00,0.32,23.79,93.47,0.49
2019-11-10 17:00:00,0.47,23.32,96.43,0.4
2019-11-10 18:00:00,0.69,23.02,97.66,0.34
2019-11-10 19:00:00,0.95,22.81,98.12,0.32
2019-11-10 20:00:00,1.17,22.6,98.34,0.34
2019-11-10 21:00:00,1.11,22.33,98.66,0.36
2019-11-10 22:00:00,0.96,22.06,99.0,0.36
2019-11-10 23:00:00,0.89,21.93,99.13,0.34
2019-11-11 00:00:00,0.79,21.91,99.05,0.32
2019-11-11 01:00:00,0.55,21.82,99.08,0.27
2019-11-11 02:00:00,0.31,21.66,99.09,0.22
2019-11-11 03:00:00,0.15,21.46,98.96,0.2
2019-11-11 04:00:00,0.1,21.4,98.86,0.17
2019-11-11 05:00:00,0.08,21.34,98.49,0.13
2019-11-11 06:00:00,0.05,21.41,97.43,0.07
2019-11-11 07:00:00,0.04,21.94,97.12,0.09
2019-11-11 08:00:00,0.02,22.59,94.57,0.18
2019-11-11 09:00:00,0.01,23.84,83.98,0.24
2019-11-11 10:00:00,0.01,25.53,71.6,0.25
2019-11-11 11:00:00,0.02,26.43,67.06,0.24
2019-11-11 12:00:00,0.04,26.94,65.42,0.22
2019-11-11 13:00:00,0.06,27.16,65.06,0.19
2019-11-11 14:00:00,0.05,26.96,66.57,0.23
2019-11-11 15:00:00,0.05,26.02,72.85,0.31
2019-11-11 16:00:00,0.06,24.81,82.49,0.31
2019-11-11 17:00:00,0.06,23.68,90.81,0.24
2019-11-11 18:00:00,0.07,22.93,95.96,0.18
2019-11-11 19:00:00,0.09,22.64,97.23,0.16
2019-11-11 20:00:00,0.11,22.46,97.46,0.15
2019-11-11 21:00:00,0.14,22.3,97.71,0.15
2019-11-11 22:00:00,0.18,22.12,97.97,0.15
2019-11-11 23:00:00,0.22,21.91,98.35,0.18
2019-11-12 00:00:00,0.25,21.71,98.64,0.19
2019-11-12 01:00:00,0.28,21.45,98.9,0.19
2019-11-12 02:00:00,0.31,21.17,99.21,0.17
2019-11-12 03:00:00,0.31,20.94,99.35,0.16
2019-11-12 04:00:00,0.32,20.74,99.46,0.16
2019-11-12 05:00:00,0.32,20.73,99.37,0.13
2019-11-12 06:00:00,0.3,20.79,99.16,0.12
2019-11-12 07:00:00,0.27,21.12,98.6,0.14
2019-11-12 08:00:00,0.35,21.45,97.96,0.15
2019-11-12 09:00:00,0.21,21.97,96.81,0.18
2019-11-12 10:00:00,0.11,22.53,92.51,0.24
2019-11-12 11:00:00,0.05,23.44,84.78,0.29
2019-11-12 12:00:00,0.03,24.25,78.88,0.31
2019-11-12 13:00:00,0.02,24.66,75.91,0.3
2019-11-12 14:00:00,0.02,24.76,75.43,0.26
2019-11-12 15:00:00,0.02,24.56,78.13,0.19
2019-11-12 16:00:00,0.03,23.99,83.87,0.14
2019-11-12 17:00:00,0.02,23.07,91.66,0.13
2019-11-12 18:00:00,0.02,22.34,93.38,0.19
2019-11-12 19:00:00,0.03,22.0,93.8,0.21
2019-11-12 20:00:00,0.05,21.72,94.46,0.21
2019-11-12 21:00:00,0.07,21.47,94.95,0.22
2019-11-12 22:00:00,0.08,21.27,95.34,0.21
2019-11-12 23:00:00,0.06,21.14,95.53,0.21
2019-11-13 00:00:00,0.06,21.03,95.7,0.2
2019-11-13 01:00:00,0.03,20.89,96.0,0.19
2019-11-13 02:00:00,0.02,20.67,96.56,0.22
2019-11-13 03:00:00,0.02,20.43,96.97,0.24
2019-11-13 04:00:00,0.01,20.16,97.28,0.26
2019-11-13 05:00:00,0.01,19.84,97.71,0.27
2019-11-13 06:00:00,0.01,19.82,97.53,0.29
2019-11-13 07:00:00,0.01,20.83,94.25,0.42
2019-11-13 08:00:00,0.0,22.24,85.27,0.51
2019-11-13 09:00:00,0.0,23.82,74.94,0.52
2019-11-13 10:00:00,0.0,25.0,68.85,0.48
2019-11-13 11:00:00,0.0,25.87,65.23,0.43
2019-11-13 12:00:00,0.0,26.42,63.34,0.38
2019-11-13 13:00:00,0.0,26.59,63.63,0.34
2019-11-13 14:00:00,0.0,26.38,65.58,0.3
2019-11-13 15:00:00,0.0,25.81,70.22,0.25
2019-11-13 16:00:00,0.0,24.93,77.32,0.21
2019-11-13 17:00:00,0.0,23.64,86.66,0.12
2019-11-13 18:00:00,0.0,22.51,90.77,0.15
2019-11-13 19:00:00,0.0,21.91,92.38,0.2
2019-11-13 20:00:00,0.0,21.53,93.69,0.23
2019-11-13 21:00:00,0.0,21.25,94.28,0.27
2019-11-13 22:00:00,0.0,20.94,95.12,0.27
2019-11-13 23:00:00,0.0,20.66,95.77,0.26
2019-11-14 00:00:00,0.0,20.41,96.21,0.25
2019-11-14 01:00:00,0.0,20.15,96.65,0.23
2019-11-14 02:00:00,0.0,19.92,96.99,0.22
2019-11-14 03:00:00,0.0,19.76,96.99,0.21
2019-11-14 04:00:00,0.0,19.54,97.26,0.21
2019-11-14 05:00:00,0.0,19.34,97.48,0.23
2019-11-14 06:00:00,0.0,19.51,96.14,0.27
2019-11-14 07:00:00,0.0,21.03,89.31,0.39
2019-11-14 08:00:00,0.04,22.82,80.69,0.47
2019-11-14 09:00:00,0.04,24.44,74.09,0.48
2019-11-14 10:00:00,0.05,25.73,69.36,0.43
2019-11-14 11:00:00,0.08,26.65,66.63,0.34
2019-11-14 12:00:00,0.12,27.22,65.57,0.24
2019-11-14 13:00:00,0.15,27.45,65.59,0.13
2019-11-14 14:00:00,0.2,27.25,67.29,0.05
2019-11-14 15:00:00,0.23,26.62,72.15,0.09
2019-11-14 16:00:00,0.23,25.31,83.35,0.18
2019-11-14 17:00:00,0.22,23.89,89.51,0.27
2019-11-14 18:00:00,0.27,23.2,93.7,0.26
2019-11-14 19:00:00,0.31,22.84,94.68,0.19
2019-11-14 20:00:00,0.32,22.59,94.85,0.11
2019-11-14 21:00:00,0.32,22.26,95.73,0.09
2019-11-14 22:00:00,0.29,21.91,97.14,0.07
2019-11-14 23:00:00,0.31,21.65,98.03,0.07
2019-11-15 00:00:00,0.19,21.46,98.37,0.08
2019-11-15 01:00:00,0.12,21.29,98.53,0.1
2019-11-15 02:00:00,0.06,21.05,98.78,0.09
2019-11-15 03:00:00,0.05,20.8,98.81,0.12
2019-11-15 04:00:00,0.04,20.55,98.8,0.16
2019-11-15 05:00:00,0.04,20.31,98.74,0.22
2019-11-15 06:00:00,0.04,20.34,98.53,0.27
2019-11-15 07:00:00,0.04,21.23,96.74,0.38
2019-11-15 08:00:00,0.03,22.46,90.12,0.47
2019-11-15 09:00:00,0.04,24.52,77.83,0.5
2019-11-15 10:00:00,0.06,25.98,71.41,0.46
2019-11-15 11:00:00,0.05,26.95,67.78,0.38
2019-11-15 12:00:00,0.08,27.53,66.07,0.27
2019-11-15 13:00:00,0.11,27.71,66.17,0.15
2019-11-15 14:00:00,0.16,27.45,68.66,0.05
2019-11-15 15:00:00,0.17,26.46,76.2,0.1
2019-11-15 16:00:00,0.22,25.22,85.5,0.16
2019-11-15 17:00:00,0.25,24.1,93.22,0.2
2019-11-15 18:00:00,0.32,23.46,96.74,0.22
2019-11-15 19:00:00,0.35,23.17,97.59,0.22
2019-11-15 20:00:00,0.34,22.96,98.1,0.2
2019-11-15 21:00:00,0.34,22.76,98.47,0.17
2019-11-15 22:00:00,0.32,22.52,98.72,0.13
2019-11-15 23:00:00,0.28,22.14,98.94,0.09
2019-11-16 00:00:00,0.24,21.68,98.96,0.09
2019-11-16 01:00:00,0.3,21.26,99.04,0.08
2019-11-16 02:00:00,0.38,20.93,99.18,0.06
2019-11-16 03:00:00,0.35,20.73,99.21,0.09
2019-11-16 04:00:00,0.26,20.5,99.21,0.14
2019-11-16 05:00:00,0.23,20.25,99.19,0.18
2019-11-16 06:00:00,0.24,20.1,99.01,0.24
2019-11-16 07:00:00,0.18,20.5,97.94,0.34
2019-11-16 08:00:00,0.16,21.48,93.47,0.45
2019-11-16 09:00:00,0.08,23.34,80.66,0.47
2019-11-16 10:00:00,0.05,25.03,70.76,0.41
2019-11-16 11:00:00,0.04,26.13,66.89,0.31
2019-11-16 12:00:00,0.04,26.84,65.24,0.23
2019-11-16 13:00:00,0.05,27.17,64.99,0.2
2019-11-16 14:00:00,0.06,27.01,66.79,0.17
2019-11-16 15:00:00,0.1,26.26,72.69,0.16
2019-11-16 16:00:00,0.1,25.39,80.88,0.13
2019-11-16 17:00:00,0.13,24.22,90.28,0.12
2019-11-16 18:00:00,0.14,23.24,94.89,0.15
2019-11-16 19:00:00,0.17,22.76,95.76,0.13
2019-11-16 20:00:00,0.2,22.45,96.22,0.12
2019-11-16 21:00:00,0.24,22.2,96.37,0.1
2019-11-16 22:00:00,0.27,21.99,96.28,0.1
2019-11-16 23:00:00,0.27,21.74,96.36,0.12
2019-11-17 00:00:00,0.28,21.43,96.9,0.16
2019-11-17 01:00:00,0.23,21.11,97.83,0.15
2019-11-17 02:00:00,0.21,20.93,98.28,0.14
2019-11-17 03:00:00,0.15,20.66,98.6,0.14
2019-11-17 04:00:00,0.1,20.39,98.63,0.16
2019-11-17 05:00:00,0.06,20.17,98.6,0.17
2019-11-17 06:00:00,0.04,20.28,98.36,0.22
2019-11-17 07:00:00,0.04,21.24,96.68,0.3
2019-11-17 08:00:00,0.07,22.65,89.83,0.37
2019-11-17 09:00:00,0.04,24.66,76.37,0.37
2019-11-17 10:00:00,0.03,26.01,68.82,0.31
2019-11-17 11:00:00,0.02,26.91,64.86,0.23
2019-11-17 12:00:00,0.03,27.46,63.18,0.17
2019-11-17 13:00:00,0.05,27.53,63.87,0.16
2019-11-17 14:00:00,0.1,27.09,66.73,0.16
2019-11-17 15:00:00,0.14,26.4,74.0,0.14
2019-11-17 16:00:00,0.16,25.03,82.66,0.07
2019-11-17 17:00:00,0.22,24.02,87.25,0.01
2019-11-17 18:00:00,0.26,23.31,89.9,0.07
2019-11-17 19:00:00,0.27,22.82,91.52,0.13
2019-11-17 20:00:00,0.26,22.39,93.24,0.2
2019-11-17 21:00:00,0.24,21.96,94.62,0.24
2019-11-17 22:00:00,0.19,21.42,95.7,0.26
2019-11-17 23:00:00,0.18,20.89,96.56,0.26
2019-11-18 00:00:00,0.19,20.51,97.02,0.27
2019-11-18 01:00:00,0.16,20.17,97.53,0.28
2019-11-18 02:00:00,0.14,20.02,97.39,0.3
2019-11-18 03:00:00,0.13,19.91,97.36,0.31
2019-11-18 04:00:00,0.11,19.82,97.31,0.3
2019-11-18 05:00:00,0.08,19.69,97.45,0.31
2019-11-18 06:00:00,0.07,19.91,97.35,0.3
2019-11-18 07:00:00,0.06,21.17,96.46,0.29
2019-11-18 08:00:00,0.03,22.69,91.85,0.31
2019-11-18 09:00:00,0.03,24.91,77.93,0.34
2019-11-18 10:00:00,0.04,26.45,70.64,0.31
2019-11-18 11:00:00,0.05,27.37,67.5,0.24
2019-11-18 12:00:00,0.05,27.93,65.95,0.17
2019-11-18 13:00:00,0.07,28.04,66.12,0.11
2019-11-18 14:00:00,0.09,27.68,68.41,0.06
2019-11-18 15:00:00,0.1,26.9,75.37,0.08
2019-11-18 16:00:00,0.11,26.09,82.77,0.13
2019-11-18 17:00:00,0.11,24.97,88.85,0.21
2019-11-18 18:00:00,0.12,23.95,93.67,0.19
2019-11-18 19:00:00,0.13,23.37,95.54,0.26
2019-11-18 20:00:00,0.14,22.94,97.09,0.27
2019-11-18 21:00:00,0.16,22.6,98.05,0.23
2019-11-18 22:00:00,0.16,22.35,98.54,0.21
2019-11-18 23:00:00,0.14,22.14,98.73,0.19
2019-11-19 00:00:00,0.15,21.92,98.72,0.17
2019-11-19 01:00:00,0.13,21.7,98.7,0.15
2019-11-19 02:00:00,0.12,21.46,98.64,0.13
2019-11-19 03:00:00,0.09,21.15,99.02,0.13
2019-11-19 04:00:00,0.08,20.9,99.35,0.12
2019-11-19 05:00:00,0.07,20.66,99.57,0.14
2019-11-19 06:00:00,0.06,20.7,99.04,0.22
2019-11-19 07:00:00,0.05,21.54,96.81,0.34
2019-11-19 08:00:00,0.57,22.76,88.7,0.48
2019-11-19 09:00:00,0.39,24.46,75.7,0.52
2019-11-19 10:00:00,0.33,25.64,68.68,0.48
2019-11-19 11:00:00,0.28,26.42,65.33,0.42
2019-11-19 12:00:00,0.22,26.89,63.81,0.33
2019-11-19 13:00:00,0.14,27.07,63.46,0.24
2019-11-19 14:00:00,0.08,26.92,64.5,0.16
2019-11-19 15:00:00,0.1,26.4,68.44,0.12
2019-11-19 16:00:00,0.12,25.59,77.24,0.14
2019-11-19 17:00:00,0.18,24.31,85.27,0.15
2019-11-19 18:00:00,0.19,23.11,91.53,0.17
2019-11-19 19:00:00,0.22,22.59,89.6,0.21
2019-11-19 20:00:00,0.2,22.08,91.5,0.31
2019-11-19 21:00:00,0.24,21.43,94.27,0.43
2019-11-19 22:00:00,0.24,20.67,97.15,0.48
2019-11-19 23:00:00,0.23,20.19,98.35,0.49
2019-11-20 00:00:00,0.17,20.05,97.92,0.52
2019-11-20 01:00:00,0.14,19.83,98.0,0.45
2019-11-20 02:00:00,0.22,19.53,98.37,0.35
2019-11-20 03:00:00,0.46,19.25,98.65,0.26
2019-11-20 04:00:00,0.91,19.08,98.81,0.22
2019-11-20 05:00:00,2.1,19.06,98.72,0.21
2019-11-20 06:00:00,1.4,19.4,98.26,0.24
2019-11-20 07:00:00,1.03,20.71,96.68,0.31
2019-11-20 08:00:00,0.4,22.35,92.94,0.33
2019-11-20 09:00:00,0.3,24.38,81.45,0.33
2019-11-20 10:00:00,0.42,25.9,73.3,0.31
2019-11-20 11:00:00,0.69,26.64,70.14,0.25
2019-11-20 12:00:00,1.05,26.98,69.04,0.17
2019-11-20 13:00:00,1.25,26.98,69.35,0.11
2019-11-20 14:00:00,1.12,26.58,71.85,0.07
2019-11-20 15:00:00,1.19,25.76,78.87,0.1
2019-11-20 16:00:00,1.22,24.87,87.11,0.1
2019-11-20 17:00:00,1.12,23.82,93.58,0.13
2019-11-20 18:00:00,1.1,23.05,95.47,0.09
2019-11-20 19:00:00,1.12,22.6,96.75,0.08
2019-11-20 20:00:00,1.13,22.3,97.0,0.1
2019-11-20 21:00:00,1.15,22.05,96.79,0.16
2019-11-20 22:00:00,1.18,21.75,97.26,0.15
2019-11-20 23:00:00,0.89,21.54,97.56,0.18
2019-11-21 00:00:00,0.66,21.24,98.08,0.19
2019-11-21 01:00:00,0.48,20.97,98.3,0.23
2019-11-21 02:00:00,0.42,20.71,98.52,0.27
2019-11-21 03:00:00,0.32,20.41,98.76,0.28
2019-11-21 04:00:00,0.2,20.11,98.91,0.26
2019-11-21 05:00:00,0.11,19.96,98.69,0.27
2019-11-21 06:00:00,0.1,19.98,98.26,0.34
2019-11-21 07:00:00,0.06,20.72,96.51,0.49
2019-11-21 08:00:00,0.0,22.09,89.85,0.59
2019-11-21 09:00:00,0.0,24.13,76.33,0.62
2019-11-21 10:00:00,0.0,25.43,70.37,0.59
2019-11-21 11:00:00,0.01,26.28,67.85,0.52
2019-11-21 12:00:00,0.03,26.8,66.74,0.42
2019-11-21 13:00:00,0.07,26.95,66.73,0.3
2019-11-21 14:00:00,0.1,26.66,68.74,0.2
2019-11-21 15:00:00,0.13,26.04,73.35,0.11
2019-11-21 16:00:00,0.14,25.2,80.66,0.11
2019-11-21 17:00:00,0.13,23.94,90.24,0.1
2019-11-21 18:00:00,0.12,22.91,92.22,0.12
2019-11-21 19:00:00,0.09,22.25,93.33,0.21
2019-11-21 20:00:00,0.07,21.68,94.48,0.25
2019-11-21 21:00:00,0.05,21.18,95.29,0.25
2019-11-21 22:00:00,0.04,20.82,95.74,0.3
2019-11-21 23:00:00,0.03,20.4,96.87,0.34
2019-11-22 00:00:00,0.03,19.92,97.89,0.37
2019-11-22 01:00:00,0.03,19.47,99.1,0.34
2019-11-22 02:00:00,0.03,19.17,99.79,0.25
2019-11-22 03:00:00,0.03,19.11,99.69,0.14
2019-11-22 04:00:00,0.03,19.25,98.73,0.14
2019-11-22 05:00:00,0.04,19.26,98.21,0.14
2019-11-22 06:00:00,0.05,19.45,97.64,0.19
2019-11-22 07:00:00,0.06,20.35,95.67,0.31
2019-11-22 08:00:00,0.08,21.62,92.19,0.36
2019-11-22 09:00:00,0.12,23.07,83.94,0.4
2019-11-22 10:00:00,0.14,24.54,76.6,0.34
2019-11-22 11:00:00,0.21,25.58,72.51,0.25
2019-11-22 12:00:00,0.26,26.15,70.47,0.15
2019-11-22 13:00:00,0.25,26.27,70.12,0.06
2019-11-22 14:00:00,0.24,25.95,72.25,0.01
2019-11-22 15:00:00,0.23,25.05,78.99,0.05
2019-11-22 16:00:00,0.22,24.07,86.94,0.03
2019-11-22 17:00:00,0.18,23.16,93.15,0.05
2019-11-22 18:00:00,0.16,22.51,95.69,0.09
2019-11-22 19:00:00,0.15,22.03,97.12,0.12
2019-11-22 20:00:00,0.11,21.6,97.89,0.13
2019-11-22 21:00:00,0.08,21.32,97.73,0.16
2019-11-22 22:00:00,0.06,21.17,97.2,0.21
2019-11-22 23:00:00,0.04,21.19,96.72,0.23
2019-11-23 00:00:00,0.03,21.14,96.77,0.21
2019-11-23 01:00:00,0.03,20.98,97.42,0.19
2019-11-23 02:00:00,0.02,20.74,97.69,0.18
2019-11-23 03:00:00,0.02,20.45,97.79,0.21
2019-11-23 04:00:00,0.01,20.19,97.74,0.26
2019-11-23 05:00:00,0.01,19.96,97.24,0.31
2019-11-23 06:00:00,0.01,19.93,96.67,0.38
2019-11-23 07:00:00,0.02,20.58,93.97,0.53
2019-11-23 08:00:00,0.01,21.9,87.66,0.63
2019-11-23 09:00:00,0.02,23.68,78.94,0.72
2019-11-23 10:00:00,0.02,25.03,73.14,0.69
2019-11-23 11:00:00,0.03,25.87,69.78,0.62
2019-11-23 12:00:00,0.03,26.33,68.01,0.55
2019-11-23 13:00:00,0.04,26.4,67.84,0.46
2019-11-23 14:00:00,0.06,26.13,69.37,0.36
2019-11-23 15:00:00,0.06,25.49,73.66,0.26
2019-11-23 16:00:00,0.08,24.6,80.11,0.2
2019-11-23 17:00:00,0.09,23.27,89.3,0.1
2019-11-23 18:00:00,0.07,22.33,93.09,0.16
2019-11-23 19:00:00,0.05,21.99,93.56,0.21
2019-11-23 20:00:00,0.04,21.77,93.34,0.21
2019-11-23 21:00:00,0.02,21.57,93.12,0.19
2019-11-23 22:00:00,0.01,21.31,93.5,0.19
2019-11-23 23:00:00,0.01,20.88,95.21,0.28
2019-11-24 00:00:00,0.01,20.5,96.51,0.29
2019-11-24 01:00:00,0.01,20.18,97.18,0.27
2019-11-24 02:00:00,0.01,19.89,97.56,0.22
2019-11-24 03:00:00,0.01,19.7,97.55,0.22
2019-11-24 04:00:00,0.01,19.52,97.39,0.25
2019-11-24 05:00:00,0.01,19.35,97.31,0.26
2019-11-24 06:00:00,0.01,19.48,96.46,0.32
2019-11-24 07:00:00,0.01,20.58,92.12,0.49
2019-11-24 08:00:00,0.01,22.38,83.2,0.6
2019-11-24 09:00:00,0.01,24.1,75.08,0.59
2019-11-24 10:00:00,0.01,25.43,68.89,0.49
2019-11-24 11:00:00,0.01,26.39,64.3,0.37
2019-11-24 12:00:00,0.01,26.98,61.96,0.26
2019-11-24 13:00:00,0.03,27.14,62.43,0.19
2019-11-24 14:00:00,0.04,26.71,65.96,0.16
2019-11-24 15:00:00,0.08,26.08,71.88,0.15
2019-11-24 16:00:00,0.09,25.31,79.54,0.14
2019-11-24 17:00:00,0.11,24.04,89.15,0.09
2019-11-24 18:00:00,0.11,23.02,93.94,0.09
2019-11-24 19:00:00,0.11,22.59,95.17,0.1
2019-11-24 20:00:00,0.12,22.28,95.73,0.13
2019-11-24 21:00:00,0.11,21.96,96.13,0.16
2019-11-24 22:00:00,0.08,21.58,96.82,0.18
2019-11-24 23:00:00,0.06,21.2,97.18,0.2
2019-11-25 00:00:00,0.03,20.87,97.19,0.22
2019-11-25 01:00:00,0.03,20.55,96.65,0.27
2019-11-25 02:00:00,0.02,20.25,96.48,0.26
2019-11-25 03:00:00,0.02,20.06,96.44,0.25
2019-11-25 04:00:00,0.02,19.97,96.18,0.26
2019-11-25 05:00:00,0.02,19.87,96.16,0.27
2019-11-25 06:00:00,0.01,19.97,95.64,0.32
2019-11-25 07:00:00,0.01,20.77,92.41,0.45
2019-11-25 08:00:00,0.0,22.05,85.71,0.58
2019-11-25 09:00:00,0.0,23.26,79.27,0.61
2019-11-25 10:00:00,0.0,24.32,74.28,0.56
2019-11-25 11:00:00,0.0,25.36,70.01,0.46
2019-11-25 12:00:00,0.0,26.21,67.35,0.34
2019-11-25 13:00:00,0.01,26.8,66.27,0.23
2019-11-25 14:00:00,0.01,26.72,67.61,0.15
2019-11-25 15:00:00,0.01,26.11,72.33,0.08
2019-11-25 16:00:00,0.01,25.3,79.29,0.04
2019-11-25 17:00:00,0.01,24.19,86.47,0.03
2019-11-25 18:00:00,0.01,23.31,90.79,0.06
2019-11-25 19:00:00,0.01,22.83,93.22,0.11
2019-11-25 20:00:00,0.01,22.48,93.59,0.14
2019-11-25 21:00:00,0.0,22.04,94.26,0.14
2019-11-25 22:00:00,0.0,21.54,94.81,0.13
2019-11-25 23:00:00,0.0,21.09,95.07,0.12
2019-11-26 00:00:00,0.0,20.75,94.93,0.14
2019-11-26 01:00:00,0.0,20.48,94.77,0.17
2019-11-26 02:00:00,0.0,20.22,94.89,0.2
2019-11-26 03:00:00,0.0,20.01,95.0,0.22
2019-11-26 04:00:00,0.0,19.82,95.1,0.23
2019-11-26 05:00:00,0.0,19.64,95.21,0.24
2019-11-26 06:00:00,0.0,19.76,94.31,0.34
2019-11-26 07:00:00,0.0,20.91,88.38,0.55
2019-11-26 08:00:00,0.0,22.54,80.79,0.65
2019-11-26 09:00:00,0.0,24.07,74.82,0.66
2019-11-26 10:00:00,0.0,25.34,70.31,0.61
2019-11-26 11:00:00,0.01,26.19,67.48,0.55
2019-11-26 12:00:00,0.01,26.67,66.03,0.48
2019-11-26 13:00:00,0.01,26.77,66.03,0.43
2019-11-26 14:00:00,0.01,26.52,67.6,0.34
2019-11-26 15:00:00,0.01,25.98,71.13,0.21
2019-11-26 16:00:00,0.01,25.11,77.15,0.1
2019-11-26 17:00:00,0.01,23.77,86.53,0.01
2019-11-26 18:00:00,0.02,22.72,90.49,0.09
2019-11-26 19:00:00,0.02,22.16,91.85,0.18
2019-11-26 20:00:00,0.01,21.57,94.15,0.22
2019-11-26 21:00:00,0.01,21.01,95.38,0.25
2019-11-26 22:00:00,0.01,20.5,96.25,0.28
2019-11-26 23:00:00,0.0,20.06,96.91,0.25
2019-11-27 00:00:00,0.0,19.71,97.5,0.22
2019-11-27 01:00:00,0.01,19.64,97.39,0.21
2019-11-27 02:00:00,0.01,19.72,97.03,0.22
2019-11-27 03:00:00,0.01,19.67,97.17,0.22
2019-11-27 04:00:00,0.01,19.63,97.12,0.21
2019-11-27 05:00:00,0.01,19.53,97.4,0.21
2019-11-27 06:00:00,0.01,19.74,96.61,0.24
2019-11-27 07:00:00,0.01,21.07,91.79,0.35
2019-11-27 08:00:00,0.09,22.9,84.32,0.44
2019-11-27 09:00:00,0.07,24.54,77.21,0.5
2019-11-27 10:00:00,0.06,25.8,71.85,0.5
2019-11-27 11:00:00,0.04,26.68,68.31,0.49
2019-11-27 12:00:00,0.04,27.24,66.39,0.47
2019-11-27 13:00:00,0.02,27.43,66.27,0.42
2019-11-27 14:00:00,0.03,27.23,67.74,0.35
2019-11-27 15:00:00,0.04,26.67,71.38,0.28
2019-11-27 16:00:00,0.07,25.64,78.15,0.21
2019-11-27 17:00:00,0.1,24.07,88.53,0.08
2019-11-27 18:00:00,0.11,22.88,93.68,0.06
2019-11-27 19:00:00,0.2,22.37,94.77,0.1
2019-11-27 20:00:00,0.27,22.03,95.55,0.14
2019-11-27 21:00:00,0.25,21.77,96.11,0.18
2019-11-27 22:00:00,0.24,21.44,97.19,0.16
2019-11-27 23:00:00,0.22,21.26,97.77,0.13
2019-11-28 00:00:00,0.19,21.12,97.73,0.16
2019-11-28 01:00:00,0.14,20.92,97.68,0.17
2019-11-28 02:00:00,0.11,20.67,97.82,0.19
2019-11-28 03:00:00,0.1,20.45,97.81,0.19
2019-11-28 04:00:00,0.15,20.28,97.82,0.19
2019-11-28 05:00:00,0.22,20.23,97.63,0.17
2019-11-28 06:00:00,0.39,20.48,97.31,0.18
2019-11-28 07:00:00,0.6,21.34,96.01,0.25
2019-11-28 08:00:00,0.14,22.2,94.58,0.23
2019-11-28 09:00:00,0.13,23.0,92.03,0.27
2019-11-28 10:00:00,0.08,23.48,89.28,0.3
2019-11-28 11:00:00,0.05,24.32,84.55,0.39
2019-11-28 12:00:00,0.02,25.46,76.51,0.46
2019-11-28 13:00:00,0.02,25.88,71.79,0.44
2019-11-28 14:00:00,0.03,25.83,71.35,0.38
2019-11-28 15:00:00,0.04,25.46,74.34,0.29
2019-11-28 16:00:00,0.08,24.7,80.92,0.24
2019-11-28 17:00:00,0.12,23.43,90.18,0.17
2019-11-28 18:00:00,0.15,22.4,93.84,0.17
2019-11-28 19:00:00,0.19,21.95,95.13,0.16
2019-11-28 20:00:00,0.21,21.77,95.83,0.19
2019-11-28 21:00:00,0.22,21.48,96.68,0.2
2019-11-28 22:00:00,0.22,21.21,97.32,0.18
2019-11-28 23:00:00,0.2,21.04,97.76,0.17
2019-11-29 00:00:00,0.19,20.94,97.6,0.18
2019-11-29 01:00:00,0.16,20.74,97.61,0.19
2019-11-29 02:00:00,0.12,20.51,97.5,0.19
2019-11-29 03:00:00,0.08,20.27,97.43,0.18
2019-11-29 04:00:00,0.04,20.05,97.46,0.17
2019-11-29 05:00:00,0.02,19.91,97.39,0.18
2019-11-29 06:00:00,0.01,20.05,97.01,0.23
2019-11-29 07:00:00,0.01,20.93,95.17,0.34
2019-11-29 08:00:00,0.12,22.26,91.01,0.42
2019-11-29 09:00:00,0.14,23.91,82.36,0.52
2019-11-29 10:00:00,0.21,25.06,76.65,0.55
2019-11-29 11:00:00,0.28,25.76,74.06,0.55
2019-11-29 12:00:00,0.34,26.18,72.85,0.53
2019-11-29 13:00:00,0.38,26.27,73.2,0.48
2019-11-29 14:00:00,0.48,26.1,75.4,0.4
2019-11-29 15:00:00,0.63,25.49,80.73,0.31
2019-11-29 16:00:00,0.69,24.67,87.54,0.25
2019-11-29 17:00:00,0.67,23.71,93.54,0.11
2019-11-29 18:00:00,0.57,23.1,95.29,0.09
2019-11-29 19:00:00,0.44,22.74,96.09,0.09
2019-11-29 20:00:00,0.54,22.41,97.02,0.11
2019-11-29 21:00:00,0.68,22.09,97.51,0.12
2019-11-29 22:00:00,0.71,21.78,97.78,0.11
2019-11-29 23:00:00,0.46,21.51,97.8,0.13
2019-11-30 00:00:00,0.4,21.32,97.41,0.18
2019-11-30 01:00:00,0.3,21.08,97.57,0.26
2019-11-30 02:00:00,0.16,20.81,97.69,0.29
2019-11-30 03:00:00,0.09,20.54,97.62,0.27
2019-11-30 04:00:00,0.08,20.31,97.79,0.26
2019-11-30 05:00:00,0.08,20.16,97.77,0.23
2019-11-30 06:00:00,0.08,20.17,97.64,0.22
2019-11-30 07:00:00,0.09,20.81,96.19,0.35
2019-11-30 08:00:00,0.05,21.93,92.93,0.46
2019-11-30 09:00:00,0.09,23.29,86.3,0.51
2019-11-30 10:00:00,0.18,24.19,82.23,0.45
2019-11-30 11:00:00,0.4,24.66,81.08,0.4
2019-11-30 12:00:00,0.76,24.94,80.74,0.36
2019-11-30 13:00:00,0.87,24.9,82.03,0.29
2019-11-30 14:00:00,0.76,24.57,85.42,0.25
2019-11-30 15:00:00,0.68,24.09,89.72,0.26
2019-11-30 16:00:00,0.67,23.6,93.4,0.21
2019-11-30 17:00:00,0.68,23.03,96.05,0.14
2019-11-30 18:00:00,0.97,22.51,96.64,0.18
2019-11-30 19:00:00,1.33,22.14,96.99,0.24
2019-11-30 20:00:00,1.63,21.96,96.32,0.4
2019-11-30 21:00:00,1.71,21.87,95.73,0.46
2019-11-30 22:00:00,1.54,21.6,96.21,0.44
2019-11-30 23:00:00,1.08,21.19,97.29,0.39
2019-12-01 00:00:00,0.74,20.78,98.33,0.32
2019-12-01 01:00:00,0.51,20.54,98.88,0.24
2019-12-01 02:00:00,0.24,20.53,98.88,0.2
2019-12-01 03:00:00,0.08,20.46,98.68,0.19
2019-12-01 04:00:00,0.03,20.32,98.11,0.21
2019-12-01 05:00:00,0.03,20.12,97.74,0.25
2019-12-01 06:00:00,0.03,20.04,98.12,0.2
2019-12-01 07:00:00,0.05,20.77,97.2,0.3
2019-12-01 08:00:00,0.08,21.85,94.16,0.41
2019-12-01 09:00:00,0.1,23.08,87.65,0.48
2019-12-01 10:00:00,0.1,23.49,84.61,0.48
2019-12-01 11:00:00,0.08,23.48,85.15,0.45
2019-12-01 12:00:00,0.11,23.49,85.88,0.43
2019-12-01 13:00:00,0.19,23.41,87.94,0.43
2019-12-01 14:00:00,0.28,23.25,90.91,0.43
2019-12-01 15:00:00,0.32,23.11,93.43,0.46
2019-12-01 16:00:00,0.36,22.95,95.41,0.46
2019-12-01 17:00:00,0.42,22.52,97.51,0.39
2019-12-01 18:00:00,0.46,22.25,98.21,0.37
2019-12-01 19:00:00,0.42,22.11,98.41,0.39
2019-12-01 20:00:00,0.41,21.88,98.63,0.39
2019-12-01 21:00:00,0.51,21.61,98.87,0.38
2019-12-01 22:00:00,0.57,21.43,98.84,0.38
2019-12-01 23:00:00,0.57,21.22,98.76,0.38
2019-12-02 00:00:00,0.67,20.95,98.36,0.48
2019-12-02 01:00:00,0.73,20.6,98.57,0.45
2019-12-02 02:00:00,0.71,20.39,99.02,0.36
2019-12-02 03:00:00,0.67,20.31,98.94,0.36
2019-12-02 04:00:00,0.57,20.16,99.03,0.38
2019-12-02 05:00:00,0.45,19.97,98.93,0.41
2019-12-02 06:00:00,0.37,19.81,98.79,0.48
2019-12-02 07:00:00,0.4,20.06,97.86,0.62
2019-12-02 08:00:00,0.25,20.76,96.02,0.65
2019-12-02 09:00:00,0.25,21.92,90.72,0.63
2019-12-02 10:00:00,0.24,23.28,83.23,0.59
2019-12-02 11:00:00,0.25,24.16,79.02,0.48
2019-12-02 12:00:00,0.25,24.58,77.73,0.36
2019-12-02 13:00:00,0.26,24.64,78.47,0.26
2019-12-02 14:00:00,0.3,24.36,81.27,0.21
2019-12-02 15:00:00,0.34,23.88,86.06,0.17
2019-12-02 16:00:00,0.36,23.3,90.99,0.12
2019-12-02 17:00:00,0.4,22.59,95.43,0.07
2019-12-02 18:00:00,0.44,22.11,96.25,0.1
2019-12-02 19:00:00,0.45,21.91,96.45,0.12
2019-12-02 20:00:00,0.47,21.73,96.79,0.14
2019-12-02 21:00:00,0.44,21.43,97.68,0.15
2019-12-02 22:00:00,0.38,21.1,98.12,0.13
2019-12-02 23:00:00,0.34,20.77,98.11,0.17
2019-12-03 00:00:00,0.28,20.39,98.03,0.21
2019-12-03 01:00:00,0.21,19.99,98.14,0.23
2019-12-03 02:00:00,0.15,19.66,98.12,0.23
2019-12-03 03:00:00,0.11,19.38,98.0,0.22
2019-12-03 04:00:00,0.08,19.14,97.54,0.22
2019-12-03 05:00:00,0.05,19.03,97.16,0.21
2019-12-03 06:00:00,0.04,19.08,96.94,0.22
2019-12-03 07:00:00,0.04,19.64,95.64,0.31
2019-12-03 08:00:00,0.01,20.6,92.54,0.36
2019-12-03 09:00:00,0.02,22.31,84.7,0.41
2019-12-03 10:00:00,0.02,24.09,76.1,0.45
2019-12-03 11:00:00,0.04,25.3,71.9,0.42
2019-12-03 12:00:00,0.07,25.84,69.79,0.39
2019-12-03 13:00:00,0.09,25.74,70.57,0.34
2019-12-03 14:00:00,0.11,25.14,75.43,0.25
2019-12-03 15:00:00,0.13,24.39,82.58,0.17
2019-12-03 16:00:00,0.15,23.66,88.98,0.17
2019-12-03 17:00:00,0.16,22.87,94.65,0.06
2019-12-03 18:00:00,0.16,22.29,96.87,0.05
2019-12-03 19:00:00,0.13,22.05,97.22,0.06
2019-12-03 20:00:00,0.08,21.78,97.29,0.13
2019-12-03 21:00:00,0.06,21.44,97.41,0.14
2019-12-03 22:00:00,0.04,21.07,97.08,0.2
2019-12-03 23:00:00,0.03,20.68,97.39,0.27
2019-12-04 00:00:00,0.02,20.3,97.39,0.29
2019-12-04 01:00:00,0.02,19.98,97.05,0.3
2019-12-04 02:00:00,0.01,19.76,96.22,0.31
2019-12-04 03:00:00,0.01,19.56,95.68,0.25
2019-12-04 04:00:00,0.01,19.4,95.38,0.22
2019-12-04 05:00:00,0.01,19.31,95.33,0.22
2019-12-04 06:00:00,0.0,19.47,94.92,0.26
2019-12-04 07:00:00,0.0,20.57,90.89,0.4
2019-12-04 08:00:00,0.02,22.16,83.23,0.5
2019-12-04 09:00:00,0.03,23.47,76.26,0.51
2019-12-04 10:00:00,0.04,24.52,70.71,0.47
2019-12-04 11:00:00,0.03,25.32,66.63,0.4
2019-12-04 12:00:00,0.03,25.84,64.24,0.33
2019-12-04 13:00:00,0.05,26.0,64.2,0.26
2019-12-04 14:00:00,0.06,25.78,66.38,0.23
2019-12-04 15:00:00,0.09,25.26,71.53,0.2
2019-12-04 16:00:00,0.18,24.32,79.71,0.16
2019-12-04 17:00:00,0.21,22.97,88.62,0.08
2019-12-04 18:00:00,0.18,21.88,92.03,0.04
2019-12-04 19:00:00,0.11,21.26,93.88,0.08
2019-12-04 20:00:00,0.09,20.86,94.31,0.14
2019-12-04 21:00:00,0.07,20.43,95.03,0.22
2019-12-04 22:00:00,0.07,20.0,95.91,0.27
2019-12-04 23:00:00,0.07,19.66,96.16,0.32
2019-12-05 00:00:00,0.08,19.39,96.15,0.37
2019-12-05 01:00:00,0.08,19.21,96.04,0.41
2019-12-05 02:00:00,0.08,19.08,96.12,0.37
2019-12-05 03:00:00,0.06,19.02,96.2,0.33
2019-12-05 04:00:00,0.05,18.95,96.59,0.3
2019-12-05 05:00:00,0.05,18.89,96.81,0.3
2019-12-05 06:00:00,0.05,19.02,96.51,0.34
2019-12-05 07:00:00,0.04,19.95,93.56,0.51
2019-12-05 08:00:00,0.04,21.44,86.57,0.65
2019-12-05 09:00:00,0.04,23.07,78.49,0.71
2019-12-05 10:00:00,0.05,24.13,74.23,0.68
2019-12-05 11:00:00,0.06,24.86,71.56,0.62
2019-12-05 12:00:00,0.08,25.19,70.5,0.55
2019-12-05 13:00:00,0.08,25.2,70.81,0.49
2019-12-05 14:00:00,0.09,24.84,73.2,0.42
2019-12-05 15:00:00,0.12,24.26,77.78,0.37
2019-12-05 16:00:00,0.09,23.39,83.32,0.34
2019-12-05 17:00:00,0.06,22.15,89.34,0.22
2019-12-05 18:00:00,0.03,21.13,93.33,0.19
2019-12-05 19:00:00,0.02,20.62,94.8,0.22
2019-12-05 20:00:00,0.02,20.31,95.19,0.25
2019-12-05 21:00:00,0.01,20.0,95.58,0.28
2019-12-05 22:00:00,0.02,19.85,94.98,0.34
2019-12-05 23:00:00,0.02,19.6,94.87,0.35
2019-12-06 00:00:00,0.02,19.35,94.66,0.38
2019-12-06 01:00:00,0.01,19.09,94.48,0.39
2019-12-06 02:00:00,0.01,18.87,94.25,0.4
2019-12-06 03:00:00,0.01,18.69,94.08,0.41
2019-12-06 04:00:00,0.01,18.57,94.01,0.39
2019-12-06 05:00:00,0.01,18.47,94.11,0.4
2019-12-06 06:00:00,0.01,18.6,93.34,0.47
2019-12-06 07:00:00,0.01,19.56,89.14,0.66
2019-12-06 08:00:00,0.0,21.15,82.3,0.76
2019-12-06 09:00:00,0.0,22.72,76.42,0.79
2019-12-06 10:00:00,0.0,24.15,71.97,0.75
2019-12-06 11:00:00,0.0,25.07,69.26,0.65
2019-12-06 12:00:00,0.0,25.57,67.93,0.55
2019-12-06 13:00:00,0.01,25.71,67.98,0.48
2019-12-06 14:00:00,0.01,25.53,69.71,0.41
2019-12-06 15:00:00,0.01,25.04,73.2,0.34
2019-12-06 16:00:00,0.01,24.1,79.18,0.27
2019-12-06 17:00:00,0.01,22.76,86.59,0.18
2019-12-06 18:00:00,0.01,21.75,90.73,0.16
2019-12-06 19:00:00,0.01,21.27,92.17,0.17
2019-12-06 20:00:00,0.02,20.96,92.79,0.18
2019-12-06 21:00:00,0.03,20.63,93.67,0.18
2019-12-06 22:00:00,0.05,20.3,94.78,0.19
2019-12-06 23:00:00,0.06,20.01,95.77,0.2
2019-12-07 00:00:00,0.07,19.75,96.45,0.22
2019-12-07 01:00:00,0.06,19.54,96.86,0.22
2019-12-07 02:00:00,0.05,19.35,97.09,0.23
2019-12-07 03:00:00,0.03,19.19,97.24,0.23
2019-12-07 04:00:00,0.02,19.06,97.27,0.23
2019-12-07 05:00:00,0.02,18.96,97.21,0.24
2019-12-07 06:00:00,0.02,19.05,96.68,0.29
2019-12-07 07:00:00,0.01,19.81,93.83,0.45
2019-12-07 08:00:00,0.02,20.94,89.11,0.54
2019-12-07 09:00:00,0.03,22.23,83.76,0.57
2019-12-07 10:00:00,0.04,23.66,79.13,0.6
2019-12-07 11:00:00,0.05,24.82,74.95,0.58
2019-12-07 12:00:00,0.06,25.79,70.8,0.52
2019-12-07 13:00:00,0.06,26.22,69.6,0.41
2019-12-07 14:00:00,0.06,26.07,71.67,0.3
2019-12-07 15:00:00,0.07,25.48,76.35,0.2
2019-12-07 16:00:00,0.08,24.7,82.33,0.15
2019-12-07 17:00:00,0.09,23.47,89.58,0.08
2019-12-07 18:00:00,0.08,22.47,93.68,0.07
2019-12-07 19:00:00,0.06,21.84,95.01,0.09
2019-12-07 20:00:00,0.05,21.22,95.59,0.11
2019-12-07 21:00:00,0.03,20.64,95.75,0.16
2019-12-07 22:00:00,0.02,20.15,95.61,0.19
2019-12-07 23:00:00,0.01,19.72,95.27,0.22
2019-12-08 00:00:00,0.01,19.33,95.13,0.26
2019-12-08 01:00:00,0.01,19.0,95.24,0.28
2019-12-08 02:00:00,0.01,18.77,95.42,0.28
2019-12-08 03:00:00,0.01,18.58,95.67,0.28
2019-12-08 04:00:00,0.0,18.41,95.99,0.29
2019-12-08 05:00:00,0.0,18.28,96.13,0.29
2019-12-08 06:00:00,0.0,18.45,95.38,0.33
2019-12-08 07:00:00,0.0,19.79,89.72,0.53
2019-12-08 08:00:00,0.0,21.57,81.07,0.64
2019-12-08 09:00:00,0.0,23.15,73.74,0.65
2019-12-08 10:00:00,0.0,24.38,68.0,0.57
2019-12-08 11:00:00,0.0,25.24,64.5,0.47
2019-12-08 12:00:00,0.0,25.82,62.48,0.35
2019-12-08 13:00:00,0.0,26.12,61.86,0.23
2019-12-08 14:00:00,0.0,26.05,62.61,0.13
2019-12-08 15:00:00,0.0,25.54,65.93,0.07
2019-12-08 16:00:00,0.0,24.62,74.08,0.01
2019-12-08 17:00:00,0.0,23.21,85.23,0.04
2019-12-08 18:00:00,0.0,21.84,91.09,0.04
2019-12-08 19:00:00,0.0,21.14,92.06,0.07
2019-12-08 20:00:00,0.0,20.78,93.05,0.13
2019-12-08 21:00:00,0.0,20.33,94.25,0.17
2019-12-08 22:00:00,0.0,19.9,94.91,0.21
2019-12-08 23:00:00,0.0,19.44,95.59,0.25
2019-12-09 00:00:00,0.0,19.02,95.65,0.28
2019-12-09 01:00:00,0.0,18.61,95.24,0.31
2019-12-09 02:00:00,0.0,18.17,95.1,0.32
2019-12-09 03:00:00,0.0,17.8,95.3,0.3
2019-12-09 04:00:00,0.0,17.58,95.69,0.3
2019-12-09 05:00:00,0.0,17.46,96.09,0.3
2019-12-09 06:00:00,0.0,17.67,95.26,0.35
2019-12-09 07:00:00,0.0,19.16,89.37,0.57
2019-12-09 08:00:00,0.0,21.26,80.82,0.69
2019-12-09 09:00:00,0.0,23.04,72.92,0.72
2019-12-09 10:00:00,0.0,24.38,67.46,0.64
2019-12-09 11:00:00,0.0,25.33,64.15,0.55
2019-12-09 12:00:00,0.0,25.91,62.37,0.45
2019-12-09 13:00:00,0.0,26.12,62.08,0.35
2019-12-09 14:00:00,0.0,25.98,63.27,0.25
2019-12-09 15:00:00,0.0,25.48,66.34,0.17
2019-12-09 16:00:00,0.0,24.56,73.72,0.09
2019-12-09 17:00:00,0.0,22.93,84.83,0.05
2019-12-09 18:00:00,0.0,21.53,90.51,0.12
2019-12-09 19:00:00,0.0,20.84,92.4,0.14
2019-12-09 20:00:00,0.0,20.31,93.74,0.16
2019-12-09 21:00:00,0.0,19.89,94.57,0.15
2019-12-09 22:00:00,0.0,19.55,94.89,0.15
2019-12-09 23:00:00,0.0,19.24,95.19,0.18
2019-12-10 00:00:00,0.0,18.9,95.82,0.17
2019-12-10 01:00:00,0.0,18.63,96.28,0.17
2019-12-10 02:00:00,0.0,18.47,96.08,0.19
2019-12-10 03:00:00,0.0,18.35,95.47,0.22
2019-12-10 04:00:00,0.0,18.21,94.87,0.23
2019-12-10 05:00:00,0.0,18.04,94.73,0.24
2019-12-10 06:00:00,0.0,18.14,93.76,0.29
2019-12-10 07:00:00,0.0,19.44,87.35,0.45
2019-12-10 08:00:00,0.0,21.44,77.99,0.5
2019-12-10 09:00:00,0.0,23.33,70.13,0.48
2019-12-10 10:00:00,0.0,24.81,64.92,0.39
2019-12-10 11:00:00,0.0,25.9,61.84,0.28
2019-12-10 12:00:00,0.0,26.58,60.65,0.17
2019-12-10 13:00:00,0.0,26.72,61.56,0.08
2019-12-10 14:00:00,0.0,26.23,64.91,0.04
2019-12-10 15:00:00,0.0,25.51,69.93,0.06
2019-12-10 16:00:00,0.0,24.63,76.46,0.06
2019-12-10 17:00:00,0.0,23.33,86.97,0.08
2019-12-10 18:00:00,0.0,22.31,92.41,0.05
2019-12-10 19:00:00,0.0,21.76,93.5,0.05
2019-12-10 20:00:00,0.0,21.35,94.45,0.09
2019-12-10 21:00:00,0.0,21.02,95.04,0.11
2019-12-10 22:00:00,0.0,20.69,95.69,0.12
2019-12-10 23:00:00,0.0,20.38,96.38,0.16
2019-12-11 00:00:00,0.0,20.12,96.75,0.18
2019-12-11 01:00:00,0.0,19.92,96.66,0.19
2019-12-11 02:00:00,0.0,19.74,96.49,0.23
2019-12-11 03:00:00,0.0,19.61,96.11,0.23
2019-12-11 04:00:00,0.0,19.38,96.08,0.22
2019-12-11 05:00:00,0.0,19.09,96.43,0.22
2019-12-11 06:00:00,0.0,19.08,95.97,0.25
2019-12-11 07:00:00,0.0,20.24,90.63,0.28
2019-12-11 08:00:00,0.0,21.8,81.83,0.3
2019-12-11 09:00:00,0.0,23.35,75.09,0.26
2019-12-11 10:00:00,0.0,24.78,70.41,0.19
2019-12-11 11:00:00,0.0,25.87,66.71,0.12
2019-12-11 12:00:00,0.0,26.55,64.18,0.07
2019-12-11 13:00:00,0.0,26.76,63.66,0.05
2019-12-11 14:00:00,0.0,26.52,65.28,0.06
2019-12-11 15:00:00,0.0,25.68,71.0,0.07
2019-12-11 16:00:00,0.0,24.73,78.73,0.09
2019-12-11 17:00:00,0.0,23.53,88.05,0.15
2019-12-11 18:00:00,0.0,22.59,92.9,0.18
2019-12-11 19:00:00,0.0,22.11,93.64,0.22
2019-12-11 20:00:00,0.0,21.76,93.91,0.25
2019-12-11 21:00:00,0.0,21.41,94.88,0.25
2019-12-11 22:00:00,0.0,21.12,95.63,0.21
2019-12-11 23:00:00,0.0,20.85,96.18,0.15
2019-12-12 00:00:00,0.0,20.59,96.03,0.08
2019-12-12 01:00:00,0.0,20.27,96.6,0.11
2019-12-12 02:00:00,0.0,19.95,97.17,0.13
2019-12-12 03:00:00,0.0,19.75,96.87,0.13
2019-12-12 04:00:00,0.0,19.62,96.28,0.15
2019-12-12 05:00:00,0.0,19.48,96.03,0.16
2019-12-12 06:00:00,0.0,19.46,95.2,0.2
2019-12-12 07:00:00,0.0,20.15,91.67,0.23
2019-12-12 08:00:00,0.0,21.26,84.73,0.27
2019-12-12 09:00:00,0.0,22.27,79.21,0.32
2019-12-12 10:00:00,0.0,23.19,75.19,0.35
2019-12-12 11:00:00,0.0,24.0,72.02,0.34
2019-12-12 12:00:00,0.0,24.59,70.07,0.3
2019-12-12 13:00:00,0.0,24.85,69.67,0.26
2019-12-12 14:00:00,0.0,24.7,71.44,0.21
2019-12-12 15:00:00,0.0,24.23,76.03,0.14
2019-12-12 16:00:00,0.0,23.6,81.57,0.08
2019-12-12 17:00:00,0.0,22.71,88.41,0.01
2019-12-12 18:00:00,0.0,22.0,90.93,0.08
2019-12-12 19:00:00,0.0,21.53,91.88,0.09
2019-12-12 20:00:00,0.0,21.16,92.86,0.13
2019-12-12 21:00:00,0.0,20.82,94.11,0.18
2019-12-12 22:00:00,0.0,20.54,95.06,0.21
2019-12-12 23:00:00,0.0,20.28,96.19,0.24
2019-12-13 00:00:00,0.0,19.97,97.36,0.26
2019-12-13 01:00:00,0.0,19.65,98.41,0.25
2019-12-13 02:00:00,0.0,19.35,99.3,0.21
2019-12-13 03:00:00,0.0,19.15,99.42,0.16
2019-12-13 04:00:00,0.0,19.14,98.2,0.16
2019-12-13 05:00:00,0.0,19.1,97.33,0.16
2019-12-13 06:00:00,0.0,19.29,95.88,0.19
2019-12-13 07:00:00,0.0,20.73,89.06,0.33
2019-12-13 08:00:00,0.0,22.6,81.11,0.36
2019-12-13 09:00:00,0.01,24.37,74.05,0.34
2019-12-13 10:00:00,0.01,25.71,69.07,0.27
2019-12-13 11:00:00,0.01,26.7,65.84,0.17
2019-12-13 12:00:00,0.01,27.35,63.94,0.09
2019-12-13 13:00:00,0.01,27.58,63.85,0.09
2019-12-13 14:00:00,0.01,27.11,66.95,0.16
2019-12-13 15:00:00,0.01,26.07,73.58,0.18
2019-12-13 16:00:00,0.02,24.95,81.32,0.19
2019-12-13 17:00:00,0.04,23.82,89.22,0.19
2019-12-13 18:00:00,0.13,23.06,94.21,0.17
2019-12-13 19:00:00,0.25,22.68,96.07,0.11
2019-12-13 20:00:00,0.38,22.43,97.11,0.06
2019-12-13 21:00:00,0.44,22.21,97.86,0.03
2019-12-13 22:00:00,0.43,21.9,98.35,0.06
2019-12-13 23:00:00,0.34,21.5,98.44,0.09
2019-12-14 00:00:00,0.2,21.09,98.49,0.11
2019-12-14 01:00:00,0.1,20.78,98.53,0.15
2019-12-14 02:00:00,0.05,20.53,98.44,0.16
2019-12-14 03:00:00,0.03,20.3,98.31,0.17
2019-12-14 04:00:00,0.02,20.13,98.22,0.16
2019-12-14 05:00:00,0.01,20.03,98.03,0.14
2019-12-14 06:00:00,0.01,20.15,97.7,0.14
2019-12-14 07:00:00,0.0,21.15,95.25,0.19
2019-12-14 08:00:00,0.76,22.52,90.3,0.26
2019-12-14 09:00:00,0.63,23.95,83.07,0.28
2019-12-14 10:00:00,0.52,24.92,78.24,0.28
2019-12-14 11:00:00,0.93,25.38,77.22,0.27
2019-12-14 12:00:00,1.35,25.45,77.85,0.24
2019-12-14 13:00:00,1.72,25.31,79.55,0.21
2019-12-14 14:00:00,1.91,25.02,82.06,0.19
2019-12-14 15:00:00,1.67,24.55,86.11,0.15
2019-12-14 16:00:00,2.29,23.75,91.22,0.11
2019-12-14 17:00:00,1.75,22.83,95.45,0.08
2019-12-14 18:00:00,0.81,22.1,97.04,0.1
2019-12-14 19:00:00,0.39,21.58,97.28,0.15
2019-12-14 20:00:00,0.37,21.1,97.37,0.23
2019-12-14 21:00:00,0.31,20.61,97.22,0.3
2019-12-14 22:00:00,0.28,20.15,97.18,0.34
2019-12-14 23:00:00,0.23,19.71,97.31,0.36
2019-12-15 00:00:00,0.22,19.33,97.32,0.39
2019-12-15 01:00:00,0.26,19.02,97.39,0.4
2019-12-15 02:00:00,0.18,18.73,97.4,0.39
2019-12-15 03:00:00,0.13,18.47,97.47,0.37
2019-12-15 04:00:00,0.11,18.2,97.62,0.34
2019-12-15 05:00:00,0.12,18.0,97.69,0.33
2019-12-15 06:00:00,0.17,18.1,97.45,0.35
2019-12-15 07:00:00,0.15,19.0,95.69,0.52
2019-12-15 08:00:00,0.0,20.35,90.78,0.62
2019-12-15 09:00:00,0.0,22.23,80.56,0.67
2019-12-15 10:00:00,0.0,23.75,73.39,0.66
2019-12-15 11:00:00,0.0,24.82,69.13,0.63
2019-12-15 12:00:00,0.0,25.54,66.74,0.59
2019-12-15 13:00:00,0.0,25.87,66.21,0.54
2019-12-15 14:00:00,0.0,25.76,67.75,0.49
2019-12-15 15:00:00,0.0,25.25,70.64,0.42
2019-12-15 16:00:00,0.0,24.34,76.48,0.32
2019-12-15 17:00:00,0.0,22.71,86.98,0.16
2019-12-15 18:00:00,0.0,21.47,92.34,0.13
2019-12-15 19:00:00,0.0,20.91,94.53,0.16
2019-12-15 20:00:00,0.0,20.52,95.81,0.19
2019-12-15 21:00:00,0.0,20.21,96.65,0.19
2019-12-15 22:00:00,0.0,19.86,97.23,0.21
2019-12-15 23:00:00,0.0,19.43,98.01,0.22
2019-12-16 00:00:00,0.0,19.07,98.38,0.21
2019-12-16 01:00:00,0.0,18.81,97.95,0.19
2019-12-16 02:00:00,0.0,18.62,96.87,0.2
2019-12-16 03:00:00,0.0,18.36,96.47,0.2
2019-12-16 04:00:00,0.0,18.15,96.07,0.21
2019-12-16 05:00:00,0.0,18.01,95.61,0.21
2019-12-16 06:00:00,0.0,18.08,94.82,0.24
2019-12-16 07:00:00,0.0,19.11,90.18,0.41
2019-12-16 08:00:00,0.0,20.66,82.93,0.52
2019-12-16 09:00:00,0.0,22.28,76.25,0.57
2019-12-16 10:00:00,0.0,23.5,71.75,0.58
2019-12-16 11:00:00,0.0,24.36,68.75,0.57
2019-12-16 12:00:00,0.0,24.93,66.8,0.53
2019-12-16 13:00:00,0.0,25.17,66.3,0.47
2019-12-16 14:00:00,0.0,25.1,67.38,0.36
2019-12-16 15:00:00,0.0,24.72,69.73,0.28
2019-12-16 16:00:00,0.0,23.95,75.96,0.17
2019-12-16 17:00:00,0.0,22.47,87.84,0.06
2019-12-16 18:00:00,0.0,21.07,93.11,0.13
2019-12-16 19:00:00,0.0,20.31,96.07,0.18
2019-12-16 20:00:00,0.0,19.81,98.31,0.19
2019-12-16 21:00:00,0.0,19.58,98.76,0.19
2019-12-16 22:00:00,0.0,19.41,98.33,0.21
2019-12-16 23:00:00,0.0,19.22,98.06,0.21
2019-12-17 00:00:00,0.0,18.98,98.27,0.21
2019-12-17 01:00:00,0.0,18.8,98.36,0.2
2019-12-17 02:00:00,0.0,18.76,97.89,0.21
2019-12-17 03:00:00,0.0,18.64,97.96,0.23
2019-12-17 04:00:00,0.0,18.52,98.11,0.24
2019-12-17 05:00:00,0.0,18.47,98.07,0.25
2019-12-17 06:00:00,0.0,18.81,96.69,0.28
2019-12-17 07:00:00,0.0,20.38,90.49,0.46
2019-12-17 08:00:00,0.0,22.26,82.28,0.58
2019-12-17 09:00:00,0.0,23.94,74.96,0.61
2019-12-17 10:00:00,0.0,25.21,70.08,0.57
2019-12-17 11:00:00,0.0,26.05,67.34,0.5
2019-12-17 12:00:00,0.0,26.55,66.36,0.42
2019-12-17 13:00:00,0.01,26.6,67.36,0.34
2019-12-17 14:00:00,0.01,26.01,70.8,0.29
2019-12-17 15:00:00,0.01,25.21,75.47,0.24
2019-12-17 16:00:00,0.01,24.29,81.03,0.21
2019-12-17 17:00:00,0.0,23.07,88.07,0.12
2019-12-17 18:00:00,0.0,22.11,91.3,0.12
2019-12-17 19:00:00,0.0,21.57,91.32,0.19
2019-12-17 20:00:00,0.0,21.15,91.22,0.22
2019-12-17 21:00:00,0.0,20.7,91.62,0.25
2019-12-17 22:00:00,0.0,20.32,91.91,0.27
2019-12-17 23:00:00,0.0,19.99,92.25,0.3
2019-12-18 00:00:00,0.0,19.72,92.66,0.3
2019-12-18 01:00:00,0.0,19.47,93.13,0.29
2019-12-18 02:00:00,0.0,19.25,93.58,0.27
2019-12-18 03:00:00,0.0,19.0,94.31,0.26
2019-12-18 04:00:00,0.0,18.79,94.92,0.26
2019-12-18 05:00:00,0.0,18.65,95.32,0.26
2019-12-18 06:00:00,0.0,18.77,94.8,0.31
2019-12-18 07:00:00,0.0,20.03,89.43,0.52
2019-12-18 08:00:00,0.0,21.92,81.07,0.68
2019-12-18 09:00:00,0.0,23.64,74.5,0.74
2019-12-18 10:00:00,0.0,24.96,70.09,0.71
2019-12-18 11:00:00,0.0,25.85,67.42,0.66
2019-12-18 12:00:00,0.0,26.35,66.71,0.57
2019-12-18 13:00:00,0.0,26.51,67.3,0.47
2019-12-18 14:00:00,0.0,26.44,68.53,0.36
2019-12-18 15:00:00,0.0,25.89,72.46,0.26
2019-12-18 16:00:00,0.01,25.01,78.44,0.19
2019-12-18 17:00:00,0.01,23.62,87.24,0.08
2019-12-18 18:00:00,0.01,22.58,92.24,0.09
2019-12-18 19:00:00,0.01,22.16,93.44,0.13
2019-12-18 20:00:00,0.0,21.93,93.25,0.16
2019-12-18 21:00:00,0.0,21.71,92.93,0.18
2019-12-18 22:00:00,0.0,21.38,92.36,0.24
2019-12-18 23:00:00,0.0,20.97,92.1,0.3
2019-12-19 00:00:00,0.0,20.59,92.07,0.33
2019-12-19 01:00:00,0.0,20.28,91.96,0.35
2019-12-19 02:00:00,0.0,20.04,91.91,0.34
2019-12-19 03:00:00,0.0,19.84,92.25,0.31
2019-12-19 04:00:00,0.0,19.68,92.57,0.28
2019-12-19 05:00:00,0.0,19.53,92.99,0.26
2019-12-19 06:00:00,0.0,19.53,93.45,0.28
2019-12-19 07:00:00,0.0,20.53,89.51,0.47
2019-12-19 08:00:00,0.0,22.24,82.45,0.67
2019-12-19 09:00:00,0.0,24.0,75.73,0.76
2019-12-19 10:00:00,0.0,25.3,71.12,0.75
2019-12-19 11:00:00,0.0,26.06,68.61,0.69
2019-12-19 12:00:00,0.0,26.52,67.42,0.61
2019-12-19 13:00:00,0.0,26.69,67.19,0.53
2019-12-19 14:00:00,0.0,26.37,69.15,0.43
2019-12-19 15:00:00,0.0,25.79,72.97,0.32
2019-12-19 16:00:00,0.0,24.95,78.04,0.22
2019-12-19 17:00:00,0.0,23.59,85.59,0.09
2019-12-19 18:00:00,0.0,22.43,91.03,0.04
2019-12-19 19:00:00,0.0,21.78,93.44,0.06
2019-12-19 20:00:00,0.0,21.47,93.27,0.1
2019-12-19 21:00:00,0.0,21.21,92.74,0.14
2019-12-19 22:00:00,0.0,20.82,93.24,0.17
2019-12-19 23:00:00,0.0,20.44,93.51,0.2
2019-12-20 00:00:00,0.0,20.15,93.39,0.23
2019-12-20 01:00:00,0.0,19.88,93.29,0.25
2019-12-20 02:00:00,0.0,19.67,93.16,0.27
2019-12-20 03:00:00,0.0,19.5,92.97,0.26
2019-12-20 04:00:00,0.0,19.29,93.58,0.24
2019-12-20 05:00:00,0.0,19.13,94.1,0.25
2019-12-20 06:00:00,0.0,19.2,94.06,0.31
2019-12-20 07:00:00,0.0,20.2,90.04,0.48
2019-12-20 08:00:00,0.0,21.77,83.47,0.53
2019-12-20 09:00:00,0.0,23.37,77.2,0.5
2019-12-20 10:00:00,0.01,24.78,71.95,0.4
2019-12-20 11:00:00,0.03,25.79,68.35,0.28
2019-12-20 12:00:00,0.03,26.29,66.8,0.18
2019-12-20 13:00:00,0.04,26.33,67.09,0.13
2019-12-20 14:00:00,0.04,25.97,70.03,0.08
2019-12-20 15:00:00,0.04,25.35,74.93,0.06
2019-12-20 16:00:00,0.06,24.42,81.59,0.1
2019-12-20 17:00:00,0.05,23.3,89.95,0.14
2019-12-20 18:00:00,0.05,22.57,94.58,0.13
2019-12-20 19:00:00,0.06,22.22,95.93,0.1
2019-12-20 20:00:00,0.05,22.02,96.11,0.03
2019-12-20 21:00:00,0.04,21.81,95.96,0.03
2019-12-20 22:00:00,0.01,21.52,95.53,0.06
2019-12-20 23:00:00,0.0,21.14,94.98,0.1
2019-12-21 00:00:00,0.0,20.72,94.33,0.14
2019-12-21 01:00:00,0.0,20.35,93.98,0.17
2019-12-21 02:00:00,0.0,20.02,94.5,0.18
2019-12-21 03:00:00,0.0,19.8,94.47,0.22
2019-12-21 04:00:00,0.0,19.63,94.29,0.25
2019-12-21 05:00:00,0.0,19.48,94.18,0.26
2019-12-21 06:00:00,0.0,19.44,94.08,0.29
2019-12-21 07:00:00,0.0,19.98,91.24,0.43
2019-12-21 08:00:00,0.0,20.91,85.6,0.54
2019-12-21 09:00:00,0.0,21.98,80.6,0.56
2019-12-21 10:00:00,0.0,23.02,76.47,0.55
2019-12-21 11:00:00,0.0,23.75,73.81,0.51
2019-12-21 12:00:00,0.0,24.07,72.27,0.47
2019-12-21 13:00:00,0.0,23.98,72.24,0.43
2019-12-21 14:00:00,0.0,23.51,74.01,0.39
2019-12-21 15:00:00,0.0,22.77,77.35,0.36
2019-12-21 16:00:00,0.0,21.83,82.06,0.3
2019-12-21 17:00:00,0.0,20.83,87.39,0.22
2019-12-21 18:00:00,0.0,20.21,89.77,0.24
2019-12-21 19:00:00,0.0,19.85,91.3,0.27
2019-12-21 20:00:00,0.0,19.56,93.01,0.27
2019-12-21 21:00:00,0.0,19.47,93.87,0.26
2019-12-21 22:00:00,0.0,19.43,94.58,0.26
2019-12-21 23:00:00,0.0,19.41,94.98,0.26
2019-12-22 00:00:00,0.0,19.43,94.81,0.28
2019-12-22 01:00:00,0.0,19.36,94.75,0.28
2019-12-22 02:00:00,0.0,19.24,94.77,0.29
2019-12-22 03:00:00,0.0,19.1,94.87,0.3
2019-12-22 04:00:00,0.0,18.92,94.88,0.3
2019-12-22 05:00:00,0.0,18.74,94.71,0.31
2019-12-22 06:00:00,0.0,18.77,93.85,0.36
2019-12-22 07:00:00,0.0,19.92,87.57,0.53
2019-12-22 08:00:00,0.0,21.89,78.41,0.59
2019-12-22 09:00:00,0.0,23.94,71.48,0.51
2019-12-22 10:00:00,0.0,25.62,67.28,0.36
2019-12-22 11:00:00,0.0,26.78,64.77,0.22
2019-12-22 12:00:00,0.0,27.45,63.17,0.1
2019-12-22 13:00:00,0.0,27.69,62.43,0.02
2019-12-22 14:00:00,0.0,27.42,63.63,0.06
2019-12-22 15:00:00,0.0,26.72,67.93,0.11
2019-12-22 16:00:00,0.0,25.64,76.18,0.14
2019-12-22 17:00:00,0.0,24.19,87.11,0.18
2019-12-22 18:00:00,0.0,23.09,92.43,0.23
2019-12-22 19:00:00,0.0,22.55,93.72,0.23
2019-12-22 20:00:00,0.0,22.25,94.02,0.22
2019-12-22 21:00:00,0.0,21.97,94.3,0.2
2019-12-22 22:00:00,0.0,21.64,95.51,0.18
2019-12-22 23:00:00,0.0,21.32,96.19,0.18
2019-12-23 00:00:00,0.0,21.05,96.79,0.21
2019-12-23 01:00:00,0.0,20.88,96.3,0.21
2019-12-23 02:00:00,0.0,20.67,95.64,0.21
2019-12-23 03:00:00,0.0,20.36,95.52,0.22
2019-12-23 04:00:00,0.0,20.04,95.66,0.2
2019-12-23 05:00:00,0.0,19.7,96.15,0.16
2019-12-23 06:00:00,0.0,19.61,95.93,0.13
2019-12-23 07:00:00,0.0,20.73,89.53,0.22
2019-12-23 08:00:00,0.0,22.15,81.8,0.28
2019-12-23 09:00:00,0.0,23.56,76.52,0.3
2019-12-23 10:00:00,0.0,24.82,72.2,0.3
2019-12-23 11:00:00,0.0,25.92,68.09,0.27
2019-12-23 12:00:00,0.0,26.52,65.52,0.21
2019-12-23 13:00:00,0.0,26.62,64.94,0.16
2019-12-23 14:00:00,0.0,26.28,66.77,0.11
2019-12-23 15:00:00,0.0,25.68,71.86,0.05
2019-12-23 16:00:00,0.0,25.03,78.89,0.01
2019-12-23 17:00:00,0.0,23.93,85.35,0.07
2019-12-23 18:00:00,0.0,22.97,90.24,0.01
2019-12-23 19:00:00,0.0,22.58,90.21,0.09
2019-12-23 20:00:00,0.0,22.06,91.64,0.14
2019-12-23 21:00:00,0.0,21.53,92.87,0.16
2019-12-23 22:00:00,0.0,20.88,96.28,0.11
2019-12-23 23:00:00,0.0,20.45,98.35,0.08
2019-12-24 00:00:00,0.0,20.26,98.05,0.08
2019-12-24 01:00:00,0.0,20.08,97.14,0.07
2019-12-24 02:00:00,0.0,19.86,96.16,0.07
2019-12-24 03:00:00,0.0,19.52,96.16,0.07
2019-12-24 04:00:00,0.0,19.17,96.4,0.08
2019-12-24 05:00:00,0.0,18.87,96.46,0.07
2019-12-24 06:00:00,0.0,18.84,95.24,0.12
2019-12-24 07:00:00,0.0,19.95,89.16,0.18
2019-12-24 08:00:00,0.0,21.83,79.86,0.22
2019-12-24 09:00:00,0.0,23.72,71.47,0.17
2019-12-24 10:00:00,0.0,25.22,66.54,0.1
2019-12-24 11:00:00,0.01,26.14,64.48,0.03
2019-12-24 12:00:00,0.01,26.67,63.65,0.05
2019-12-24 13:00:00,0.01,26.8,64.31,0.12
2019-12-24 14:00:00,0.0,26.49,66.6,0.16
2019-12-24 15:00:00,0.0,25.77,71.49,0.18
2019-12-24 16:00:00,0.01,24.78,79.48,0.16
2019-12-24 17:00:00,0.01,23.63,88.98,0.14
2019-12-24 18:00:00,0.01,22.72,94.29,0.18
2019-12-24 19:00:00,0.02,22.28,95.0,0.16
2019-12-24 20:00:00,0.03,21.93,96.14,0.17
2019-12-24 21:00:00,0.05,21.63,97.06,0.19
2019-12-24 22:00:00,0.07,21.37,97.7,0.19
2019-12-24 23:00:00,0.08,21.23,97.8,0.21
2019-12-25 00:00:00,0.08,21.05,97.83,0.24
2019-12-25 01:00:00,0.06,20.79,97.78,0.25
2019-12-25 02:00:00,0.04,20.58,97.74,0.24
2019-12-25 03:00:00,0.02,20.35,97.92,0.25
2019-12-25 04:00:00,0.02,20.13,98.12,0.25
2019-12-25 05:00:00,0.01,19.85,98.68,0.23
2019-12-25 06:00:00,0.01,19.89,98.06,0.22
2019-12-25 07:00:00,0.01,21.06,94.25,0.33
2019-12-25 08:00:00,0.06,22.59,87.28,0.41
2019-12-25 09:00:00,0.09,24.26,79.53,0.44
2019-12-25 10:00:00,0.11,25.52,74.72,0.39
2019-12-25 11:00:00,0.13,26.6,70.41,0.3
2019-12-25 12:00:00,0.15,27.14,68.25,0.17
2019-12-25 13:00:00,0.14,27.05,69.24,0.04
2019-12-25 14:00:00,0.15,26.6,72.34,0.04
2019-12-25 15:00:00,0.14,25.87,77.65,0.09
2019-12-25 16:00:00,0.15,24.95,84.85,0.09
2019-12-25 17:00:00,0.14,23.87,91.77,0.11
2019-12-25 18:00:00,0.12,23.05,95.11,0.11
2019-12-25 19:00:00,0.09,22.65,96.09,0.11
2019-12-25 20:00:00,0.06,22.34,96.57,0.11
2019-12-25 21:00:00,0.04,21.99,96.94,0.13
2019-12-25 22:00:00,0.03,21.64,97.13,0.16
2019-12-25 23:00:00,0.02,21.3,97.46,0.19
2019-12-26 00:00:00,0.01,20.98,97.81,0.19
2019-12-26 01:00:00,0.01,20.69,98.06,0.17
2019-12-26 02:00:00,0.01,20.34,98.54,0.19
2019-12-26 03:00:00,0.01,19.98,98.74,0.22
2019-12-26 04:00:00,0.01,19.68,98.56,0.22
2019-12-26 05:00:00,0.01,19.33,98.68,0.21
2019-12-26 06:00:00,0.0,19.25,98.16,0.23
2019-12-26 07:00:00,0.0,20.31,94.45,0.33
2019-12-26 08:00:00,0.0,22.24,84.76,0.31
2019-12-26 09:00:00,0.0,24.63,72.9,0.18
2019-12-26 10:00:00,0.0,26.22,66.99,0.05
2019-12-26 11:00:00,0.0,27.2,64.04,0.08
2019-12-26 12:00:00,0.0,27.66,62.95,0.16
2019-12-26 13:00:00,0.0,27.65,63.4,0.19
2019-12-26 14:00:00,0.0,27.28,65.35,0.22
2019-12-26 15:00:00,0.0,26.56,69.78,0.22
2019-12-26 16:00:00,0.0,25.55,77.42,0.21
2019-12-26 17:00:00,0.0,24.27,88.79,0.18
2019-12-26 18:00:00,0.0,23.48,91.61,0.13
2019-12-26 19:00:00,0.0,23.08,91.54,0.09
2019-12-26 20:00:00,0.0,22.76,91.47,0.19
2019-12-26 21:00:00,0.0,22.5,92.28,0.17
2019-12-26 22:00:00,0.0,22.14,93.9,0.14
2019-12-26 23:00:00,0.0,21.78,94.64,0.14
2019-12-27 00:00:00,0.0,21.46,94.95,0.1
2019-12-27 01:00:00,0.0,21.06,96.36,0.2
2019-12-27 02:00:00,0.0,20.45,98.66,0.33
2019-12-27 03:00:00,0.0,19.94,100.0,0.27
2019-12-27 04:00:00,0.0,19.75,100.0,0.2
2019-12-27 05:00:00,0.0,19.72,98.97,0.24
2019-12-27 06:00:00,0.0,19.81,96.84,0.31
2019-12-27 07:00:00,0.0,20.91,90.55,0.34
2019-12-27 08:00:00,0.0,22.73,80.68,0.34
2019-12-27 09:00:00,0.0,24.59,72.64,0.26
2019-12-27 10:00:00,0.0,26.02,67.54,0.15
2019-12-27 11:00:00,0.0,26.98,64.59,0.07
2019-12-27 12:00:00,0.0,27.48,63.25,0.04
2019-12-27 13:00:00,0.0,27.57,63.37,0.08
2019-12-27 14:00:00,0.0,27.26,64.93,0.09
2019-12-27 15:00:00,0.0,26.58,69.17,0.08
2019-12-27 16:00:00,0.0,25.05,78.66,0.05
2019-12-27 17:00:00,0.0,23.95,83.34,0.06
2019-12-27 18:00:00,0.0,22.92,88.07,0.19
2019-12-27 19:00:00,0.0,22.18,91.82,0.24
2019-12-27 20:00:00,0.0,21.63,94.34,0.28
2019-12-27 21:00:00,0.0,21.13,96.42,0.27
2019-12-27 22:00:00,0.0,20.67,98.09,0.26
2019-12-27 23:00:00,0.0,20.27,99.03,0.24
2019-12-28 00:00:00,0.0,20.01,98.5,0.25
2019-12-28 01:00:00,0.0,19.74,97.42,0.26
2019-12-28 02:00:00,0.0,19.46,96.31,0.24
2019-12-28 03:00:00,0.0,19.13,95.87,0.23
2019-12-28 04:00:00,0.0,18.82,95.7,0.24
2019-12-28 05:00:00,0.0,18.56,95.47,0.26
2019-12-28 06:00:00,0.0,18.53,94.35,0.35
2019-12-28 07:00:00,0.0,19.79,87.42,0.5
2019-12-28 08:00:00,0.0,21.85,78.17,0.53
2019-12-28 09:00:00,0.0,23.8,70.33,0.49
2019-12-28 10:00:00,0.0,25.28,64.24,0.4
2019-12-28 11:00:00,0.0,26.29,60.4,0.31
2019-12-28 12:00:00,0.0,26.89,58.78,0.22
2019-12-28 13:00:00,0.0,27.12,58.54,0.14
2019-12-28 14:00:00,0.0,26.93,60.12,0.07
2019-12-28 15:00:00,0.0,26.35,64.35,0.02
2019-12-28 16:00:00,0.0,25.4,72.64,0.05
2019-12-28 17:00:00,0.0,23.8,83.63,0.1
2019-12-28 18:00:00,0.0,22.53,88.57,0.13
2019-12-28 19:00:00,0.0,21.98,90.13,0.16
2019-12-28 20:00:00,0.0,21.43,92.24,0.17
2019-12-28 21:00:00,0.0,20.87,94.57,0.19
2019-12-28 22:00:00,0.0,20.39,95.95,0.2
2019-12-28 23:00:00,0.0,19.99,96.29,0.2
2019-12-29 00:00:00,0.0,19.65,95.89,0.2
2019-12-29 01:00:00,0.0,19.32,95.44,0.21
2019-12-29 02:00:00,0.0,19.0,95.18,0.22
2019-12-29 03:00:00,0.0,18.73,95.1,0.23
2019-12-29 04:00:00,0.0,18.48,95.19,0.24
2019-12-29 05:00:00,0.0,18.27,95.27,0.25
2019-12-29 06:00:00,0.0,18.35,94.46,0.33
2019-12-29 07:00:00,0.0,19.68,88.25,0.53
2019-12-29 08:00:00,0.0,21.81,78.91,0.61
2019-12-29 09:00:00,0.0,23.74,70.68,0.55
2019-12-29 10:00:00,0.0,25.18,65.22,0.43
2019-12-29 11:00:00,0.0,26.22,62.25,0.28
2019-12-29 12:00:00,0.0,26.9,61.06,0.14
2019-12-29 13:00:00,0.0,27.17,61.18,0.03
2019-12-29 14:00:00,0.0,27.02,62.62,0.09
2019-12-29 15:00:00,0.0,26.43,66.71,0.11
2019-12-29 16:00:00,0.0,25.56,74.62,0.11
2019-12-29 17:00:00,0.0,24.27,83.56,0.13
2019-12-29 18:00:00,0.0,23.01,88.77,0.13
2019-12-29 19:00:00,0.0,22.4,90.8,0.09
2019-12-29 20:00:00,0.0,22.15,90.04,0.06
2019-12-29 21:00:00,0.0,21.7,91.7,0.08
2019-12-29 22:00:00,0.0,21.35,92.72,0.12
2019-12-29 23:00:00,0.0,20.96,93.91,0.13
2019-12-30 00:00:00,0.0,20.51,95.27,0.13
2019-12-30 01:00:00,0.0,20.11,95.9,0.15
2019-12-30 02:00:00,0.0,19.8,95.74,0.17
2019-12-30 03:00:00,0.0,19.61,94.18,0.18
2019-12-30 04:00:00,0.0,19.39,93.37,0.18
2019-12-30 05:00:00,0.0,19.13,93.49,0.19
2019-12-30 06:00:00,0.0,19.04,93.78,0.22
2019-12-30 07:00:00,0.0,20.15,87.3,0.39
2019-12-30 08:00:00,0.0,21.93,78.47,0.43
2019-12-30 09:00:00,0.0,23.73,70.7,0.37
2019-12-30 10:00:00,0.0,25.19,65.34,0.29
2019-12-30 11:00:00,0.0,26.26,62.21,0.21
2019-12-30 12:00:00,0.0,26.91,60.84,0.13
2019-12-30 13:00:00,0.0,27.13,60.86,0.07
2019-12-30 14:00:00,0.0,26.91,62.16,0.05
2019-12-30 15:00:00,0.0,26.29,66.14,0.05
2019-12-30 16:00:00,0.0,25.31,74.19,0.08
2019-12-30 17:00:00,0.0,23.83,84.69,0.13
2019-12-30 18:00:00,0.0,22.54,91.6,0.1
2019-12-30 19:00:00,0.0,21.95,93.15,0.07
2019-12-30 20:00:00,0.0,21.58,93.69,0.07
2019-12-30 21:00:00,0.0,21.23,94.46,0.11
2019-12-30 22:00:00,0.0,20.85,95.46,0.13
2019-12-30 23:00:00,0.0,20.48,96.35,0.13
2019-12-31 00:00:00,0.0,20.17,96.71,0.13
2019-12-31 01:00:00,0.0,19.87,97.12,0.13
2019-12-31 02:00:00,0.0,19.62,97.3,0.14
2019-12-31 03:00:00,0.0,19.4,97.54,0.14
2019-12-31 04:00:00,0.0,19.14,97.98,0.17
2019-12-31 05:00:00,0.0,18.94,97.66,0.17
2019-12-31 06:00:00,0.0,19.06,95.76,0.21
2019-12-31 07:00:00,0.0,20.45,88.24,0.31
2019-12-31 08:00:00,0.0,22.48,77.75,0.28
2019-12-31 09:00:00,0.0,24.31,69.31,0.18
2019-12-31 10:00:00,0.0,25.74,63.86,0.11
2019-12-31 11:00:00,0.0,26.75,60.69,0.04
2019-12-31 12:00:00,0.0,27.34,59.24,0.09
2019-12-31 13:00:00,0.0,27.5,59.22,0.16
2019-12-31 14:00:00,0.0,27.17,60.82,0.18
2019-12-31 15:00:00,0.0,26.43,65.15,0.19
2019-12-31 16:00:00,0.0,25.36,74.69,0.19
2019-12-31 17:00:00,0.0,24.02,84.51,0.16
2019-12-31 18:00:00,0.0,22.8,91.8,0.13
2019-12-31 19:00:00,0.0,22.07,93.52,0.13
2019-12-31 20:00:00,0.0,21.5,94.59,0.18
2019-12-31 21:00:00,0.0,21.06,94.96,0.25
2019-12-31 22:00:00,0.0,20.77,94.86,0.34
2019-12-31 23:00:00,0.0,20.41,96.69,0.36
